,id. ID de la réponse,Q111_SQ001. 1. Environnemen..  [Laboratoire néc.. ],Q111_SQ002. 1. Environnemen..  [Cadre clinique/.. ],Q111_SQ003. 1. Environnemen..  [Travail de « te.. ],Q111_SQ004. 1. Environnemen..  [Bibliothèque ou.. ],Q111_SQ005. 1. Environnemen..  [Sur un ordinate.. ],Q111_SQ006. 1. Environnemen..  [Sur un ordinate.. ],Q212_SQ001. 2. Le terme de ..  [Corpus],Q212_SQ002. 2. Le terme de ..  [Ressources],Q212_SQ003. 2. Le terme de ..  [Valeurs],Q212_SQ004. 2. Le terme de ..  [Sources],Q212_SQ005. 2. Le terme de ..  [Matériaux],Q212_SQ006. 2. Le terme de ..  [Mesures],Q212_SQ007. 2. Le terme de ..  [Statistiques],Q212_SQ008. 2. Le terme de ..  [Jeux de données.. ],Q212_SQ009. 2. Le terme de ..  [Base de données],Q212_SQ010. 2. Le terme de ..  [Pipeline],Q212_SQ011. 2. Le terme de ..  [Données brutes],Q212_SQ012. 2. Le terme de ..  [Données nettoyées],Q212_SQ013. 2. Le terme de ..  [Données négatives],Q112_SQ001. 3. Lesquelles d..  [Amélioration de.. ],Q112_SQ009. 3. Lesquelles d..  [Préparation d'é.. ],Q112_SQ002. 3. Lesquelles d..  [Standardisation.. ],Q112_SQ003. 3. Lesquelles d..  [Collecte de don.. ],Q112_SQ008. 3. Lesquelles d..  [Collecte de don.. ],Q112_SQ004. 3. Lesquelles d..  [Création d’une .. ],Q112_SQ005. 3. Lesquelles d..  [Automatisation .. ],Q112_SQ006. 3. Lesquelles d..  [Création d’arte.. ],Q112_SQ007. 3. Lesquelles d..  [Support à la re.. ],Q113. 4. Familiarité .. ,Q114_SQ001. 5. Quels mots r..  [Traçabilité],Q114_SQ002. 5. Quels mots r..  [Réplicabilité],Q114_SQ007. 5. Quels mots r..  [Reproductibilité],Q114_SQ003. 5. Quels mots r..  [Explicabilité],Q114_SQ004. 5. Quels mots r..  [Recherche ouverte],Q114_SQ005. 5. Quels mots r..  [Open scholarship],Q114_SQ006. 5. Quels mots r..  [Transparence],Q211_SQ001_0. 6. Etapes assoc..  [Collecter des d.. ][Échelle 1],Q211_SQ002_0. 6. Etapes assoc..  [Numériser des s.. ][Échelle 1],Q211_SQ003_0. 6. Etapes assoc..  [Constituer un c.. ][Échelle 1],Q211_SQ004_0. 6. Etapes assoc..  [Nettoyer des do.. ][Échelle 1],Q211_SQ005_0. 6. Etapes assoc..  [Structurer une .. ][Échelle 1],Q211_SQ006_0. 6. Etapes assoc..  [Analyser des do.. ][Échelle 1],Q211_SQ007_0. 6. Etapes assoc..  [Modéliser des d.. ][Échelle 1],Q211_SQ008_0. 6. Etapes assoc..  [Visualiser des .. ][Échelle 1],Q211_SQ009_0. 6. Etapes assoc..  [Qualifier/ décr.. ][Échelle 1],Q211_SQ011_0. 6. Etapes assoc..  [Sauvegarder et/.. ][Échelle 1],Q211_SQ013_0. 6. Etapes assoc..  [Vérifier les do.. ][Échelle 1],Q211_SQ015_0. 6. Etapes assoc..  [Mettre à dispos.. ][Échelle 1],Q211_SQ018_0. 6. Etapes assoc..  [Aider à la comp.. ][Échelle 1],Q211_SQ019_0. 6. Etapes assoc..  [Former d’autres.. ][Échelle 1],Q213_SQ001. 7. Sources de v..  [Terrain (fouill.. ],Q213_SQ002. 7. Sources de v..  [Instruments de .. ],Q213_SQ003. 7. Sources de v..  [Bases de donnée.. ],Q213_SQ004. 7. Sources de v..  [Bases de donnée.. ],Q213_SQ005. 7. Sources de v..  [Données/bases d.. ],Q213_SQ006. 7. Sources de v..  [Articles scient.. ],Q213_SQ007. 7. Sources de v..  [Sites web et ré.. ],Q213_SQ008. 7. Sources de v..  [Archives ou fon.. ],Q214_SQ001. 8. Données et r..  [Des fichiers de.. ],Q214_SQ002. 8. Données et r..  [Des fichiers de.. ],Q214_SQ003. 8. Données et r..  [Des normes pour.. ],Q214_SQ004. 8. Données et r..  [Des scripts de .. ],Q214_SQ005. 8. Données et r..  [Des logiciels d.. ],Q214_SQ006. 8. Données et r..  [Des notes diver.. ],Q214_SQ007. 8. Données et r..  [Des notes diver.. ],Q221_SQ001. 10. Dans quelle..  [Partage restrei.. ],Q221_SQ002. 10. Dans quelle..  [Partage en lign.. ],Q221_SQ003. 10. Dans quelle..  [Partage en lign.. ],Q221_SQ004. 10. Dans quelle..  [Partage en lign.. ],Q223_SQ001. 11. Avez-vous d..  [D'un comité édi.. ],Q223_SQ002. 11. Avez-vous d..  [D'un comité éth.. ],Q223_SQ003. 11. Avez-vous d..  [D'un financeur .. ],Q223_SQ004. 11. Avez-vous d..  [D'un partenaire.. ],Q223_SQ005. 11. Avez-vous d..  [Non],Q223_SQ006. 11. Avez-vous d..  [Non applicable],Q222_SQ001. 12. De quelles ..  [Par le biais d’.. ],Q222_SQ002. 12. De quelles ..  [Par un système .. ],Q222_SQ003. 12. De quelles ..  [Par mail],Q222_SQ004. 12. De quelles ..  [Par le biais d’.. ],Q222_SQ005. 12. De quelles ..  [Par le biais de.. ],Q222_SQ006. 12. De quelles ..  [Par le biais de.. ],Q222_SQ007. 12. De quelles ..  [Sur un site web],Q222_SQ008. 12. De quelles ..  [Par le biais de.. ],Q222_SQ009. 12. De quelles ..  [Par le bias de .. ],Q222_SQ010. 12. De quelles ..  [Par le biais d’.. ],Q222_SQ011. 12. De quelles ..  [Par le biais d’.. ],Q222_SQ012. 12. De quelles ..  [Par des platefo.. ],Q222_SQ013. 12. De quelles ..  [Je ne sais pas],Q222_SQ014. 12. De quelles ..  [Non applicable],"Q224_1. 13. Selon vous,..  [Classement 1]","Q224_2. 13. Selon vous,..  [Classement 2]","Q224_3. 13. Selon vous,..  [Classement 3]","Q224_4. 13. Selon vous,..  [Classement 4]","Q225. 14. Selon vous,.. ",Q226. 16. Dans quelle.. ,Q227_SQ001. 17. Outre les d..  [Cahier de labor.. ],Q227_SQ002. 17. Outre les d..  [Logiciels et sc.. ],Q227_SQ003. 17. Outre les d..  [Documentation d.. ],"Q227_SQ004. 17. Outre les d..  [Metadonnées, th.. ]",Q227_SQ005. 17. Outre les d..  [Protocole métho.. ],Q227_SQ006. 17. Outre les d..  [Billets de blog.. ],Q228_SQ001. 18. Actuellemen..  [Sur  un ordinat.. ],Q228_SQ002. 18. Actuellemen..  [Sur un ordinate.. ],Q228_SQ003. 18. Actuellemen..  [Sur des support.. ],Q228_SQ004. 18. Actuellemen..  [Sur un serveur .. ],Q228_SQ005. 18. Actuellemen..  [Sur un serveur .. ],Q228_SQ006. 18. Actuellemen..  [Sur un serveur .. ],Q228_SQ007. 18. Actuellemen..  [Sur un serveur .. ],Q228_SQ008. 18. Actuellemen..  [Sur un serveur .. ],Q228_SQ009. 18. Actuellemen..  [Sur un service .. ],Q228_SQ010. 18. Actuellemen..  [Sur un service .. ],Q228_SQ011. 18. Actuellemen..  [Non applicable],Q311. 20. Habituellem.. ,Q3121_SQ001. 21. De qui s'ag..  [Permanent de l'.. ],Q3121_SQ002. 21. De qui s'ag..  [Non-permanent d.. ],"Q3121_SQ003. 21. De qui s'ag..  [Ingénieur.e, te.. ]",Q3121_SQ004. 21. De qui s'ag..  [Personnel suppo.. ],Q3121_SQ005. 21. De qui s'ag..  [Personnel souti.. ],Q3121_SQ006. 21. De qui s'ag..  [Personnel souti.. ],Q3121_SQ007. 21. De qui s'ag..  [Personnel de su.. ],Q3121_SQ008. 21. De qui s'ag..  [Personnel de su.. ],Q3121_SQ009. 21. De qui s'ag..  [Personnel de su.. ],Q3121_SQ010. 21. De qui s'ag..  [Personnel de su.. ],Q3121_SQ011. 21. De qui s'ag..  [Collaboration i.. ],Q321. 22. Quel(s) sys.. ,Q322_SQ001. 22. Dans les 12..  [Logiciels de ty.. ],Q322_SQ002. 22. Dans les 12..  [Logiciels de ty.. ],Q322_SQ003. 22. Dans les 12..  [Logiciels/plate.. ],Q322_SQ004. 22. Dans les 12..  [Logiciels d’ana.. ],Q322_SQ005. 22. Dans les 12..  [Logiciels de tr.. ],Q322_SQ010. 22. Dans les 12..  [Logiciels de tr.. ],Q322_SQ006. 22. Dans les 12..  [Logiciels/plate.. ],Q322_SQ007. 22. Dans les 12..  [Solutions basée.. ],Q322_SQ008. 22. Dans les 12..  [Plateformes d’e.. ],Q322_SQ009. 22. Dans les 12..  [Non applicable],Q323_SQ001. 23. Comment ave..  [En cherchant pa.. ],Q323_SQ002. 23. Comment ave..  [Par les autres .. ],Q323_SQ003. 23. Comment ave..  [Par d’autres éq.. ],Q323_SQ004. 23. Comment ave..  [Par mon (ancien.. ],Q323_SQ005. 23. Comment ave..  [Via les réseaux.. ],Q323_SQ006. 23. Comment ave..  [Par une liste d.. ],Q323_SQ007. 23. Comment ave..  [Au cours d’une .. ],Q323_SQ008. 23. Comment ave..  [Au cours d’une .. ],Q323_SQ009. 23. Comment ave..  [Par des temps i.. ],Q323_SQ010. 23. Comment ave..  [Par une veille .. ],Q323_SQ012. 23. Comment ave..  [Non applicable],Q324_SQ001. 24. Comment vou..  [Par les autres .. ],Q324_SQ002. 24. Comment vou..  [Par d’autres éq.. ],Q324_SQ003. 24. Comment vou..  [Au cours d’un a.. ],Q324_SQ004. 24. Comment vou..  [Par des temps i.. ],Q324_SQ005. 24. Comment vou..  [Par des formati.. ],Q324_SQ006. 24. Comment vou..  [Par des formati.. ],Q324_SQ007. 24. Comment vou..  [Par de la forma.. ],Q324_SQ008. 24. Comment vou..  [Par des tutorie.. ],Q324_SQ009. 24. Comment vou..  [Par des ouvrage.. ],Q324_SQ010. 24. Comment vou..  [Non applicable],Q325_SQ001. 25. Quels types..  [Cahier de labor.. ],Q325_SQ002. 25. Quels types..  [Base de données.. ],Q325_SQ003. 25. Quels types..  [Dossiers partagés],Q325_SQ004. 25. Quels types..  [Outils de prise.. ],Q325_SQ005. 25. Quels types..  [Outils de parta.. ],"Q325_SQ006. 25. Quels types..  [Documentation, .. ]",Q325_SQ008. 25. Quels types..  [Outils de gesti.. ],Q325_SQ007. 25. Quels types..  [Je travaille es.. ],Q411. 28. Connaissez-.. ,Q412. 29. Dans quelle.. ,Q413. 30. Dans quelle.. ,Q414_SQ001. 31. Quels souti..  [Financier],Q414_SQ002. 31. Quels souti..  [Ressources huma.. ],Q414_SQ003. 31. Quels souti..  [Infrastructures.. ],Q414_SQ004. 31. Quels souti..  [Technique],Q414_SQ005. 31. Quels souti..  [Formation],Q414_SQ006. 31. Quels souti..  [Juridique],Q414_SQ007. 31. Quels souti..  [Ethique],Q414_SQ008. 31. Quels souti..  [Non applicable],Q421_SQ001. 32. À quelles é..  [Mise en place a.. ],Q421_SQ002. 32. À quelles é..  [Constitution de.. ],Q421_SQ003. 32. À quelles é..  [Traitement et a.. ],Q421_SQ004. 32. À quelles é..  [Stockage des do.. ],Q421_SQ005. 32. À quelles é..  [Mise à disposit.. ],Q421_SQ006. 32. À quelles é..  [Valorisation de.. ],Q421_SQ007. 32. À quelles é..  [Publication et .. ],Q421_SQ008. 32. À quelles é..  [Non applicable],Q423_SQ001. 34. Par qui sou..  [Des spécialiste.. ],Q423_SQ002. 34. Par qui sou..  [Des spécialiste.. ],Q423_SQ003. 34. Par qui sou..  [Un référent (pe.. ],Q423_SQ004. 34. Par qui sou..  [Une communauté .. ],Q423_SQ005. 34. Par qui sou..  [Une plateforme .. ],Q423_SQ006. 34. Par qui sou..  [Des formations .. ],Q423_SQ007. 34. Par qui sou..  [Des journées d’.. ],Q423_SQ008. 34. Par qui sou..  [Non applicable],Q511. 36. Depuis comb.. ,Q512. 37. Quel est le.. ,Q513_SQ001. 38. Quelle est ..  [Enseignement-su.. ],Q513_SQ002. 38. Quelle est ..  [Enseignement su.. ],"Q513_SQ003. 38. Quelle est ..  [Ingénieur.e, te.. ]","Q513_SQ005. 38. Quelle est ..  [Bibliothèques, .. ]",Q514. 39. Quel est vo.. ,"Q515_SQ001. 40. Lesquelles ..  [Droit, économie.. ]",Q515_SQ002. 40. Lesquelles ..  [Informatique et.. ],"Q515_SQ003. 40. Lesquelles ..  [Lettres, scienc.. ]",Q515_SQ004. 40. Lesquelles ..  [Mathématiques],Q515_SQ005. 40. Lesquelles ..  [Pluridisciplina.. ],Q515_SQ006. 40. Lesquelles ..  [Sciences de la .. ],Q515_SQ007. 40. Lesquelles ..  [Sciences de l’i.. ],Q515_SQ008. 40. Lesquelles ..  [Sciences de la .. ],Q515_SQ009. 40. Lesquelles ..  [Sciences de la .. ],Q516. 41. Quelle est .. ,Q517. 42. Vous êtes :
0,14,Oui,Non,Non,Non,Non,Oui,Oui,Non,Non,Non,Oui,Non,Non,Non,Non,Non,Non,Non,Non,Non,Oui,Non,Oui,Non,Non,Non,Non,Non,Peu,Oui,Non,Non,Non,Oui,Non,Non,M,1,2,3,P,,,,,,3,1,2,3,Oui,Non,Non,Non,Non,Non,Non,Non,Oui,Non,Non,Non,Non,Non,Non,Jamais,Parfois,Souvent,Toujours,Non,Oui,Non,Non,Non,Oui,Non,Non,Non,Oui,Non,Non,Non,Non,Non,Non,Non,Non,Oui,Non,"Un manque d’habitude de cette pratique dans les communautés de recherche (savoir faire, etc.)",Une volonté de valoriser le travail effectué avant un partage pour garder un avantage compétitif.,"Des barrières juridiques et économiques contraignant leurs partage (contrat de consortium, valorisation, exclusivité, droit d’auteur).",Des conditions éthiques limitant leur partage.,Non applicable,Jamais,Non,Non,Oui,Non,Non,Non,Non,Oui,Non,Non,Non,Non,Non,Non,Non,Non,Non,Nous sommes plus de 50 personnes,Oui,Non,Non,Non,Non,Non,Non,Non,Non,Non,Non,Autres Unix,Non,Non,Oui,Non,Non,Non,Non,Non,Non,Non,Non,Oui,Non,Non,Non,Non,Non,Non,Non,Non,Non,Oui,Non,Non,Non,Non,Non,Non,Non,Non,Non,Non,Non,Non,Non,Non,Non,Non,Oui,Non applicable,,,Non,Non,Non,Non,Oui,Non,Non,Non,Non,Non,Non,Non,Oui,Non,Non,Non,Non,Non,Non,Non,Oui,Non,Non,Non,Moins de cinq ans,,Non,Oui,Non,Non,En CDI,Non,Non,Oui,Non,Non,Non,Non,Non,Non,,
1,15,Oui,Non,Non,Non,Non,Non,Non,Non,Non,Non,Oui,Non,Non,Non,Non,Non,Non,Non,Non,Oui,Oui,Non,Non,Non,Non,Non,Non,Non,Pas du tout,Oui,Non,Oui,Non,Oui,Non,Oui,,,,,,,,,,,,,,,Non,Oui,Oui,Non,Non,Non,Non,Non,Non,Non,Oui,Non,Non,Non,Non,,,,,Non,Oui,Non,Non,Non,Non,Non,Non,Non,Oui,Non,Non,Non,Non,Non,Non,Non,Non,Non,Non,Une volonté de valoriser le travail effectué avant un partage pour garder un avantage compétitif.,Une peur de mésusage des données par les personnes les réutilisant.,Un doute sur la capacité de réutilisation des données par d’autres (contextualisation et documentation nécessaire).,"Des barrières juridiques et économiques contraignant leurs partage (contrat de consortium, valorisation, exclusivité, droit d’auteur).",Non,Jamais,Oui,Non,Non,Non,Non,Non,Oui,Non,Non,Non,Non,Non,Non,Non,Non,Non,Non,Nous sommes entre 6 et 10 personnes,Oui,Non,Non,Non,Non,Non,Non,Non,Non,Non,Non,Linux,Non,Non,Non,Oui,Non,Non,Non,Non,Non,Non,Non,Non,Non,Non,Oui,Non,Non,Non,Non,Non,Non,Non,Oui,Non,Non,Non,Non,Non,Non,Non,Non,Oui,Non,Non,Non,Non,Non,Non,Non,Non,,,Non,Non,Oui,Non,Non,Non,Non,Non,Non,Non,Non,Non,Non,Non,Oui,Non,Oui,Non,Non,Non,Non,Non,Non,Non,Moins de cinq ans,,Oui,Non,Non,Non,Fonctionnaire ou assimilé,Oui,Non,Non,Non,Non,Non,Non,Non,Non,,Autre
2,16,Non,Oui,Non,Non,Non,Non,Non,Oui,Non,Non,Non,Non,Non,Non,Non,Non,Non,Oui,Non,Non,Non,Non,Non,Oui,Non,Non,Non,Non,Pas du tout,Non,Non,Non,Non,Non,Oui,Non,,,,,,,,,,,,,,,Non,Non,Non,Non,Non,Non,Oui,Non,Non,Non,Oui,Non,Non,Non,Non,,,,,Non,Oui,Non,Non,Non,Non,Oui,Non,Non,Non,Non,Non,Non,Non,Non,Non,Non,Non,Non,Non,Une volonté de valoriser le travail effectué avant un partage pour garder un avantage compétitif.,Un doute sur la capacité de réutilisation des données par d’autres (contextualisation et documentation nécessaire).,,,Non applicable,Jamais,Non,Non,Oui,Non,Non,Non,Non,Non,Oui,Non,Non,Non,Non,Non,Non,Non,Non,Nous sommes entre 2 et 5 personnes,Non,Non,Non,Non,Non,Non,Non,Non,Non,Non,Oui,Autres Unix,Non,Non,Oui,Non,Non,Non,Non,Non,Non,Non,Non,Non,Non,Non,Non,Non,Non,Non,Non,Non,Oui,Non,Non,Non,Non,Non,Oui,Non,Non,Non,Non,Non,Non,Non,Non,Non,Non,Non,Oui,Non,,,Non,Non,Non,Oui,Non,Non,Non,Non,Oui,Non,Non,Non,Non,Non,Non,Non,Non,Oui,Non,Non,Non,Non,Non,Non,Cinq à dix ans,,Oui,Non,Non,Non,En CDI,Non,Non,Oui,Non,Non,Non,Non,Non,Non,,Un homme
3,29,Non,Non,Oui,Oui,Non,Oui,Oui,Non,Non,Oui,Oui,Non,Non,Non,Oui,Non,Non,Non,Non,Non,Non,Non,Oui,Non,Oui,Non,Non,Oui,Assez,Oui,Non,Non,Non,Non,Non,Non,1,M,1,M,M,1,,1,,M,M,,1,,Oui,Non,Oui,Non,Non,Oui,Oui,Oui,Oui,Non,Oui,Non,Non,Oui,Non,,,Toujours,,Non,Non,Non,Non,Oui,Non,Non,Non,Non,Non,Non,Non,Oui,Non,Non,Non,Non,Non,Non,Non,Un doute sur la capacité de réutilisation des données par d’autres (contextualisation et documentation nécessaire).,Une volonté de valoriser le travail effectué avant un partage pour garder un avantage compétitif.,,,Oui,Souvent,Non,Non,Non,Oui,Oui,Oui,Non,Non,Non,Non,Oui,Non,Non,Non,Non,Non,Non,Je travaille seul.e,,,,,,,,,,,,Windows,Non,Non,Non,Oui,Non,Non,Non,Non,Non,Non,Non,Oui,Non,Non,Non,Non,Non,Non,Non,Non,Non,Oui,Non,Non,Non,Non,Non,Non,Non,Non,Non,Non,Non,Oui,Oui,Non,Non,Oui,Non,Oui,Souvent,Plutôt satisfait,Non,Non,Non,Oui,Oui,Non,Non,Non,Non,Non,Non,Non,Non,Non,Non,Oui,Non,Non,Non,Non,Oui,Oui,Non,Non,Cinq à dix ans,autre,Non,Non,Non,Oui,Fonctionnaire ou assimilé,Non,Non,Oui,Non,Non,Non,Non,Non,Non,autre,Une femme
4,94,Non,Non,Oui,Oui,Oui,Oui,Oui,Non,Non,Oui,Non,Non,Non,Non,Oui,Non,Oui,Oui,Non,Oui,Non,Non,Oui,Non,Oui,Oui,Non,Non,Tout à fait,Oui,Non,Non,Oui,Oui,Oui,Oui,P,M,P,2,,P,M,1,1,M,3,,1,,Oui,Non,Non,Non,Non,Oui,Oui,Oui,Oui,Non,Oui,Oui,Oui,Oui,Oui,,,,,Non,Non,Non,Non,Oui,Non,Non,Non,Non,Non,Non,Non,Non,Non,Non,Non,Non,Non,Non,Oui,Un doute sur la capacité de réutilisation des données par d’autres (contextualisation et documentation nécessaire).,Une peur de mésusage des données par les personnes les réutilisant.,,,Non,Souvent,Non,Oui,Oui,Oui,Oui,Oui,Oui,Non,Oui,Non,Non,Non,Non,Non,Non,Non,Non,Je travaille seul.e,,,,,,,,,,,,Windows,Oui,Non,Oui,Oui,Non,Oui,Non,Non,Non,Non,Oui,Non,Non,Non,Non,Non,Non,Non,Non,Oui,Non,Non,Non,Non,Non,Oui,Non,Non,Oui,Non,Non,Non,Non,Non,Non,Non,Non,Non,Oui,Non,,,Non,Non,Non,Non,Non,Non,Non,Oui,Non,Non,Non,Non,Non,Oui,Oui,Non,Non,Non,Non,Non,Oui,Oui,Oui,Non,Plus de dix ans,,Non,Oui,Non,Non,Fonctionnaire ou assimilé,Non,Non,Oui,Non,Non,Non,Non,Non,Non,histoire,Une femme
5,97,Non,Non,Non,Non,Non,Oui,Non,Non,Non,Oui,Non,Non,Oui,Non,Non,Non,Non,Non,Non,Non,Non,Non,Non,Non,Oui,Non,Non,Non,Peu,Non,Non,Non,Oui,Non,Non,Non,,,,,,3,,,,2,2,M,,,Oui,Non,Oui,Non,Non,Oui,Non,Oui,Non,Non,Non,Non,Non,Non,Oui,,,,,Non,Non,Non,Non,Oui,Oui,Non,Non,Oui,Non,Non,Non,Non,Oui,Non,Non,Non,Non,Non,Non,Un doute sur la capacité de réutilisation des données par d’autres (contextualisation et documentation nécessaire).,"Un manque d’habitude de cette pratique dans les communautés de recherche (savoir faire, etc.)",Non applicable.,,Non applicable,Parfois,Non,Non,Non,Non,Non,Oui,Oui,Oui,Oui,Non,Non,Non,Non,Non,Non,Non,Oui,Nous sommes entre 2 et 5 personnes,Oui,Non,Non,Non,Non,Non,Non,Non,Non,Non,Oui,MacOS,Non,Non,Non,Non,Non,Non,Non,Non,Non,Oui,Oui,Non,Oui,Non,Non,Non,Non,Non,Non,Non,Non,Non,Non,Non,Oui,Non,Non,Non,Non,Non,Non,Non,Non,Oui,Non,Non,Non,Non,Oui,Non,,,Non,Oui,Non,Non,Non,Non,Non,Non,Non,Non,Non,Oui,Non,Non,Oui,Non,Oui,Non,Oui,Non,Non,Non,Non,Non,Plus de dix ans,autre,Non,Non,Non,Non,Autre (précisez en commentaire),Oui,Non,Oui,Non,Non,Non,Non,Non,Non,sociologie,Une femme
6,205,Non,Non,Non,Oui,Non,Oui,Oui,Non,Non,Oui,Non,Non,Non,Non,Non,Non,Non,Non,Non,Non,Non,Non,Non,Oui,Non,Non,Non,Non,Pas du tout,Non,Non,Non,Oui,Non,Non,Non,2,,1,,,,,,,M,,,,,Non,Non,Non,Non,Non,Non,Non,Oui,Non,Non,Non,Non,Non,Non,Oui,Parfois,Jamais,Jamais,Jamais,Non,Non,Non,Non,Oui,Non,Non,Non,Non,Non,Non,Non,Non,Non,Non,Non,Non,Non,Non,Oui,Une volonté de valoriser le travail effectué avant un partage pour garder un avantage compétitif.,"Un manque d’habitude de cette pratique dans les communautés de recherche (savoir faire, etc.)",La peur d’un renforcement d’inégalités entre des personnes produisant des données d’une part et celles les analysant et en tirant des publications d’autre part.,,Je ne sais pas,Parfois,Non,Non,Non,Non,Non,Oui,Oui,Non,Oui,Non,Non,Non,Non,Non,Non,Non,Non,Je travaille seul.e,,,,,,,,,,,,Windows,Non,Non,Non,Non,Non,Non,Non,Non,Non,Oui,Non,Non,Non,Non,Non,Non,Non,Non,Non,Non,Oui,Non,Non,Non,Non,Non,Non,Non,Non,Non,Oui,Non,Non,Non,Non,Non,Non,Non,Oui,Non,,,Non,Non,Non,Non,Non,Non,Non,Oui,Non,Non,Non,Non,Non,Non,Non,Oui,Non,Non,Non,Non,Non,Non,Non,Oui,Plus de dix ans,,Oui,Non,Non,Non,Fonctionnaire ou assimilé,Non,Non,Oui,Non,Non,Non,Non,Non,Non,,Un homme
7,213,Non,Non,Oui,Oui,Non,Oui,Oui,Oui,Non,Oui,Oui,Non,Oui,Non,Non,Non,Non,Non,Non,Oui,Non,Non,Non,Non,Oui,Non,Non,Non,Assez,Non,Oui,Non,Oui,Non,Non,Non,2,,1,,,2,,,,,2,,2,2,Oui,Non,Non,Non,Non,Oui,Non,Oui,Oui,Non,Non,Non,Oui,Non,Oui,Parfois,,,,Non,Non,Non,Non,Oui,Non,Non,Non,Oui,Non,Non,Non,Non,Non,Oui,Non,Non,Non,Non,Non,Un doute sur la capacité de réutilisation des données par d’autres (contextualisation et documentation nécessaire).,Une peur de mésusage des données par les personnes les réutilisant.,,,Non,Jamais,Non,Non,Non,Non,Non,Oui,Non,Oui,Oui,Non,Non,Non,Non,Non,Non,Non,Non,Nous sommes entre 6 et 10 personnes,Oui,Oui,Oui,Non,Oui,Non,Oui,Non,Non,Oui,Oui,Windows,Non,Non,Oui,Non,Oui,Non,Non,Non,Non,Non,Oui,Oui,Oui,Non,Non,Non,Non,Non,Non,Non,Non,Oui,Oui,Non,Non,Non,Non,Non,Non,Oui,Non,Non,Non,Oui,Oui,Oui,Non,Oui,Non,Non,,,Non,Non,Non,Non,Non,Non,Non,Oui,Non,Non,Non,Non,Non,Non,Non,Oui,Non,Non,Non,Non,Non,Non,Non,Oui,Plus de dix ans,école,Oui,Non,Non,Non,Fonctionnaire ou assimilé,Non,Non,Oui,Non,Non,Non,Non,Non,Non,sociologie,Une femme
8,223,Non,Non,Oui,Oui,Non,Oui,Non,Non,Non,Oui,Non,Non,Oui,Non,Non,Non,Oui,Non,Non,Non,Non,Non,Non,Oui,Oui,Non,Non,Non,Pas du tout,Oui,Non,Non,Oui,Oui,Non,Oui,M,,,,,,,,,,,,,,Oui,Non,Oui,Non,Non,Oui,Non,Oui,Oui,Non,Non,Non,Non,Oui,Oui,Jamais,,Toujours,,Non,Non,Non,Non,Non,Oui,Non,Non,Non,Non,Non,Non,Non,Non,Non,Non,Non,Non,Oui,Non,"Un manque d’habitude de cette pratique dans les communautés de recherche (savoir faire, etc.)",,,,Oui,Souvent,Oui,Non,Non,Non,Non,Non,Oui,Non,Non,Non,Non,Non,Non,Non,Non,Non,Non,Nous sommes entre 6 et 10 personnes,Oui,Oui,Non,Non,Oui,Non,Non,Non,Non,Non,Non,Windows,Non,Non,Non,Non,Non,Non,Non,Non,Non,Oui,Non,Non,Non,Non,Non,Non,Non,Non,Non,Non,Oui,Oui,Non,Oui,Non,Non,Non,Non,Non,Oui,Non,Non,Oui,Non,Non,Non,Non,Non,Oui,Oui,Souvent,Plutôt satisfait,Non,Non,Non,Non,Non,Non,Non,Oui,Non,Non,Oui,Non,Non,Non,Non,Non,Non,Oui,Non,Non,Non,Non,Oui,Non,Plus de dix ans,autre,Oui,Non,Non,Non,Fonctionnaire ou assimilé,Non,Non,Oui,Non,Non,Non,Non,Non,Non,histoire,Un homme
9,252,Non,Non,Oui,Oui,Non,Oui,Oui,Non,Non,Oui,Non,Non,Non,Non,Non,Non,Non,Non,Non,Non,Non,Non,Non,Non,Non,Non,Non,Non,Pas du tout,Non,Non,Non,Non,Non,Non,Non,,,1,,,1,,,,,1,,1,1,Oui,Non,Non,Non,Non,Oui,Non,Oui,Oui,Non,Non,Non,Non,Non,Oui,Non applicable,Non applicable,Non applicable,Non applicable,Non,Non,Non,Non,Oui,Non,Non,Non,Non,Non,Non,Non,Non,Non,Non,Non,Non,Non,Non,Oui,Non applicable.,,,,Je ne sais pas,Souvent,Non,Non,Non,Non,Non,Non,Oui,Non,Oui,Non,Non,Non,Non,Non,Non,Non,Non,Je travaille seul.e,,,,,,,,,,,,Windows,Oui,Non,Non,Non,Non,Non,Non,Non,Non,Non,Oui,Non,Non,Non,Non,Non,Non,Non,Non,Non,Non,Non,Non,Non,Non,Non,Non,Non,Non,Non,Oui,Non,Non,Non,Non,Non,Non,Non,Oui,Non applicable,,,Non,Non,Non,Non,Non,Non,Non,Oui,Non,Non,Non,Non,Non,Non,Non,Oui,Non,Non,Non,Non,Non,Non,Non,Oui,Plus de dix ans,autre,Oui,Non,Non,Non,Fonctionnaire ou assimilé,Non,Non,Oui,Non,Non,Non,Non,Non,Non,histoire,Une femme
10,280,Non,Non,Non,Oui,Non,Non,Non,Non,Non,Non,Non,Non,Non,Oui,Oui,Non,Oui,Oui,Oui,Non,Non,Non,Non,Non,Non,Non,Non,Oui,Assez,Oui,Oui,Non,Oui,Oui,Non,Oui,,,,,,,,,M,,,,M,M,Non,Non,Non,Non,Oui,Non,Non,Non,Non,Non,Oui,Non,Non,Non,Non,,,,Parfois,Oui,Non,Oui,Non,Non,Non,Non,Non,Non,Non,Non,Non,Non,Non,Non,Non,Non,Non,Non,Oui,"Un manque d’habitude de cette pratique dans les communautés de recherche (savoir faire, etc.)",Un temps trop important nécessaire à leur mise à disposition.,Des conditions éthiques limitant leur partage.,"Des barrières juridiques et économiques contraignant leurs partage (contrat de consortium, valorisation, exclusivité, droit d’auteur).",Non applicable,Non applicable,Non,Oui,Oui,Oui,Oui,Non,Non,Non,Non,Non,Non,Non,Non,Non,Non,Non,Oui,Nous sommes entre 2 et 5 personnes,Oui,Oui,Oui,Non,Non,Non,Non,Non,Non,Non,Non,Windows,Non,Non,Non,Non,Non,Non,Non,Non,Oui,Non,,,,,,,,,,,,,,,,,,,,,,Non,Non,Non,Non,Non,Non,Oui,Non,Oui,Souvent,Plutôt satisfait,Non,Non,Oui,Oui,Non,Non,Non,Non,Non,Non,Non,Oui,Non,Non,Non,Non,Oui,Non,Non,Non,Non,Non,Non,Non,Moins de cinq ans,,Non,Non,Non,Non,Fonctionnaire ou assimilé,Non,Non,Non,Non,Oui,Non,Non,Non,Non,,Une femme
11,321,Non,Non,Non,Oui,Non,Oui,Oui,Oui,Non,Oui,Non,Non,Non,Non,Oui,Non,Non,Non,Non,Non,Non,Non,Non,Non,Oui,Non,Non,Non,Assez,Non,Non,Non,Non,Non,Non,Non,2,,,,,P,,,,,,,,,Non,Non,Oui,Non,Non,Oui,Non,Oui,Non,Non,Non,Non,Non,Non,Oui,,,,Parfois,Non,Non,Non,Non,Non,Oui,Non,Non,Non,Non,Non,Non,Non,Non,Non,Non,Non,Non,Non,Oui,"Un manque d’habitude de cette pratique dans les communautés de recherche (savoir faire, etc.)",,,,Je ne sais pas,Parfois,Non,Non,Oui,Oui,Oui,Non,Oui,Non,Oui,Non,Non,Non,Non,Non,Non,Non,Non,Je travaille seul.e,,,,,,,,,,,,Windows,Non,Non,Non,Non,Non,Non,Non,Non,Non,Oui,Non,Oui,Non,Non,Non,Non,Non,Oui,Non,Non,Non,Non,Non,Non,Non,Non,Oui,Non,Oui,Non,Non,Non,Non,Oui,Non,Non,Non,Non,Oui,Oui,Parfois,,Non,Non,Non,Non,Non,Non,Non,Oui,Oui,Oui,Oui,Oui,Oui,Oui,Oui,Non,Oui,Non,Oui,Non,Non,Oui,Non,Non,Plus de dix ans,Université,Oui,Non,Non,Non,Fonctionnaire ou assimilé,Non,Non,Oui,Non,Non,Non,Non,Non,Non,autre,Une femme
12,335,Non,Non,Oui,Oui,Non,Oui,Oui,Oui,Non,Oui,Oui,Non,Non,Non,Oui,Non,Oui,Non,Non,Oui,Non,Non,Oui,Non,Oui,Non,Non,Non,Assez,Oui,Oui,Non,Oui,Oui,Non,Oui,3,,1,1,1,1,,,,1,1,,,M,Oui,Non,Non,Non,Non,Oui,Oui,Non,Oui,Non,Non,Non,Non,Oui,Oui,Jamais,Jamais,Jamais,Jamais,Non,Non,Non,Non,Non,Oui,Non,Non,Non,Non,Non,Non,Non,Non,Non,Non,Non,Non,Non,Oui,Non applicable.,,,,Non applicable,Parfois,Oui,Non,Non,Non,Non,Non,Oui,Non,Oui,Non,Non,Non,Non,Oui,Non,Non,Non,Je travaille seul.e,,,,,,,,,,,,Windows,Non,Non,Non,Non,Non,Non,Non,Non,Non,Oui,Non,Non,Non,Non,Non,Non,Non,Non,Non,Non,Oui,Non,Non,Non,Non,Non,Non,Non,Non,Non,Oui,Non,Non,Non,Non,Non,Non,Non,Oui,Non applicable,,,Non,Non,Non,Non,Non,Non,Non,Oui,Non,Non,Non,Non,Non,Non,Non,Oui,Non,Non,Non,Non,Non,Non,Non,Oui,Cinq à dix ans,Université,Non,Oui,Non,Non,En CDD,Non,Non,Oui,Non,Non,Non,Non,Non,Non,sociologie,Une femme
13,350,Non,Non,Non,Oui,Non,Oui,Oui,Oui,Non,Oui,Non,Non,Non,Non,Oui,Non,Non,Non,Non,Non,Non,Non,Oui,Non,Oui,Non,Non,Non,Peu,Oui,Non,Non,Oui,Oui,Oui,Oui,P,M,1,,M,1,,,,1,,,,M,Non,Non,Oui,Non,Non,Oui,Oui,Oui,Non,Non,Non,Non,Non,Oui,Oui,,Parfois,Parfois,,Non,Non,Non,Non,Oui,Non,Non,Non,Non,Non,Non,Non,Non,Non,Non,Non,Non,Non,Non,Oui,"Un manque d’habitude de cette pratique dans les communautés de recherche (savoir faire, etc.)",Une peur de mésusage des données par les personnes les réutilisant.,La peur d’un renforcement d’inégalités entre des personnes produisant des données d’une part et celles les analysant et en tirant des publications d’autre part.,Un doute sur la capacité de réutilisation des données par d’autres (contextualisation et documentation nécessaire).,Non applicable,Parfois,Non,Non,Non,Non,Non,Oui,Oui,Non,Non,Non,Oui,Non,Non,Non,Non,Non,Non,Je travaille seul.e,,,,,,,,,,,,Windows,Non,Non,Non,Non,Non,Non,Non,Non,Oui,Non,,,,,,,,,,,,,,,,,,,,,,Non,Non,Non,Non,Non,Non,Non,Oui,Oui,Parfois,Plutôt satisfait,Non,Non,Non,Non,Non,Non,Non,Oui,Oui,Oui,Oui,Non,Non,Non,Non,Non,Oui,Non,Oui,Oui,Non,Non,Oui,Non,Plus de dix ans,Université,Oui,Non,Non,Non,Fonctionnaire ou assimilé,Non,Non,Oui,Non,Non,Non,Non,Non,Non,autre,Une femme
14,401,Non,Non,Non,Oui,Oui,Oui,Non,Non,Non,Oui,Non,Non,Non,Non,Non,Non,Non,Non,Non,Non,Non,Non,Oui,Non,Non,Oui,Oui,Oui,Assez,Oui,Non,Oui,Non,Oui,Non,Oui,,,,,,,,,M,M,,,,,Non,Non,Non,Non,Non,Non,Non,Oui,Oui,Non,Non,Oui,Non,Non,Non,,,,,Non,Non,Non,Non,Oui,Non,Non,Non,Non,Non,Non,Non,Non,Non,Non,Oui,Non,Non,Non,Non,"Un manque d’habitude de cette pratique dans les communautés de recherche (savoir faire, etc.)",La peur d’un renforcement d’inégalités entre des personnes produisant des données d’une part et celles les analysant et en tirant des publications d’autre part.,"Des barrières juridiques et économiques contraignant leurs partage (contrat de consortium, valorisation, exclusivité, droit d’auteur).",Une mauvaise qualité des données en l’état.,Oui,Non applicable,Non,Oui,Oui,Oui,Oui,Non,Oui,Non,Oui,Non,Non,Oui,Non,Non,Non,Non,Non,Je travaille seul.e,,,,,,,,,,,,Linux,Non,Non,Non,Non,Non,Non,Non,Non,Non,Non,Oui,Non,Non,Non,Non,Non,Non,Non,Non,Non,Non,Non,Non,Non,Non,Non,Non,Non,Oui,Oui,Non,Non,Non,Oui,Oui,Non,Non,Non,Oui,Oui,Jamais,,Non,Non,Non,Non,Non,Non,Non,Oui,Non,Non,Non,Non,Non,Non,Non,Oui,Non,Non,Non,Oui,Non,Non,Oui,Non,Moins de cinq ans,Université,Non,Oui,Non,Non,Autre (précisez en commentaire),Non,Non,Oui,Non,Non,Non,Non,Non,Non,histoire,Un homme
15,426,Non,Non,Non,Oui,Oui,Non,Oui,Oui,Non,Oui,Oui,Non,Non,Non,Oui,Non,Non,Non,Non,Oui,Non,Non,Oui,Non,Non,Non,Non,Non,Pas du tout,Non,Oui,Non,Non,Oui,Non,Non,1,1,2,M,P,2,M,M,M,M,M,M,M,M,Non,Non,Non,Non,Non,Oui,Oui,Oui,Oui,Non,Non,Non,Oui,Non,Non,Non applicable,Non applicable,Non applicable,Non applicable,Non,Non,Non,Non,Oui,Non,Non,Non,Non,Non,Non,Non,Non,Non,Non,Non,Non,Non,Non,Oui,Non applicable.,,,,Non applicable,Non applicable,Non,Oui,Oui,Non,Oui,Oui,Non,Non,Non,Non,Non,Non,Non,Non,Non,Non,Oui,Je travaille seul.e,,,,,,,,,,,,MacOS,Oui,Non,Non,Non,Non,Non,Non,Non,Non,Non,Oui,Oui,Non,Non,Non,Non,Non,Non,Non,Non,Non,Non,Non,Oui,Non,Oui,Oui,Oui,Non,Non,Non,Non,Non,Non,Non,Non,Non,Non,Oui,Oui,Parfois,Plutôt insatisfait,Non,Non,Non,Oui,Oui,Non,Non,Non,Oui,Oui,Oui,Non,Oui,Oui,Non,Non,Oui,Non,Oui,Non,Oui,Non,Oui,Non,Moins de cinq ans,,Non,Oui,Non,Non,Autre (précisez en commentaire),Oui,Non,Oui,Non,Non,Non,Non,Non,Non,autre,Un homme
16,453,Non,Non,Oui,Oui,Non,Oui,Oui,Non,Non,Oui,Non,Non,Non,Non,Non,Non,Oui,Non,Non,Non,Non,Non,Oui,Oui,Oui,Non,Non,Non,Peu,Non,Non,Oui,Non,Oui,Non,Non,M,M,M,,M,2,2,1,1,M,M,M,M,M,Oui,Non,Non,Non,Non,Oui,Non,Oui,Oui,Non,Non,Non,Non,Oui,Oui,Parfois,,,,Non,Non,Non,Non,Oui,Non,Oui,Oui,Oui,Non,Oui,Oui,Non,Non,Non,Non,Non,Non,Non,Non,Un doute sur la capacité de réutilisation des données par d’autres (contextualisation et documentation nécessaire).,"Un manque d’habitude de cette pratique dans les communautés de recherche (savoir faire, etc.)",Un temps trop important nécessaire à leur mise à disposition.,"Une perspective de mise à disposition qui vient limiter, freiner le travail interprétatif possible.",Non applicable,Parfois,Non,Non,Non,Oui,Oui,Oui,Oui,Non,Oui,Non,Non,Non,Non,Non,Non,Non,Non,Nous sommes entre 2 et 5 personnes,Oui,Non,Non,Non,Non,Non,Non,Non,Non,Non,Non,MacOS,Non,Non,Non,Non,Non,Non,Non,Non,Non,Oui,Non,Non,Non,Non,Non,Non,Oui,Non,Non,Non,Non,Non,Non,Non,Non,Non,Non,Non,Oui,Non,Non,Non,Non,Non,Non,Non,Non,Non,Oui,Non,,,Non,Non,Non,Non,Non,Non,Non,Oui,Non,Non,Non,Non,Non,Non,Non,Oui,Non,Non,Non,Non,Non,Oui,Oui,Non,Plus de dix ans,autre,Oui,Oui,Non,Non,Fonctionnaire ou assimilé,Non,Non,Oui,Non,Non,Non,Non,Non,Non,autre,Un homme
17,456,Non,Non,Oui,Oui,Non,Oui,Oui,Oui,Non,Non,Non,Non,Non,Non,Non,Non,Non,Non,Non,Non,Non,Non,Non,Non,Non,Non,Non,Oui,Pas du tout,Non,Non,Non,Non,Oui,Non,Non,P,1,P,,,P,,P,2,3,2,,2,,Non,Non,Oui,Non,Oui,Oui,Non,Oui,Oui,Non,Non,Non,Non,Oui,Oui,,,,,Non,Non,Non,Non,Oui,Non,Non,Non,Oui,Non,Non,Non,Non,Non,Non,Non,Non,Non,Non,Non,Une peur de mésusage des données par les personnes les réutilisant.,Un temps trop important nécessaire à leur mise à disposition.,"Des barrières juridiques et économiques contraignant leurs partage (contrat de consortium, valorisation, exclusivité, droit d’auteur).",,Je ne sais pas,Je ne sais pas,Non,Non,Non,Oui,Non,Non,Oui,Non,Oui,Non,Non,Non,Non,Non,Non,Non,Non,Je travaille seul.e,,,,,,,,,,,,MacOS,Non,Non,Non,Non,Non,Non,Non,Non,Non,Oui,Oui,Non,Non,Non,Non,Non,Non,Non,Oui,Non,Non,Non,Non,Non,Non,Non,Non,Non,Oui,Non,Non,Non,Non,Non,Non,Non,Non,Non,Oui,Non applicable,,,Non,Non,Non,Non,Non,Non,Non,Oui,Non,Non,Non,Non,Non,Non,Non,Oui,Non,Non,Non,Non,Non,Non,Non,Oui,Moins de cinq ans,,Non,Oui,Non,Non,Fonctionnaire ou assimilé,Non,Non,Oui,Non,Non,Non,Non,Non,Non,autre,Une femme
18,461,Non,Non,Oui,Oui,Oui,Oui,Oui,Oui,Non,Oui,Oui,Non,Non,Non,Oui,Non,Oui,Non,Non,Non,Non,Non,Oui,Non,Oui,Non,Oui,Non,Assez,Oui,Non,Non,Oui,Oui,Non,Oui,1,,1,,,3,,2,M,M,,,1,,Oui,Non,Non,Non,Oui,Oui,Non,Oui,Oui,Non,Non,Non,Non,Oui,Oui,,,,Parfois,Oui,Non,Non,Non,Non,Non,Non,Oui,Non,Non,Non,Non,Oui,Oui,Non,Non,Oui,Non,Non,Non,La peur d’un renforcement d’inégalités entre des personnes produisant des données d’une part et celles les analysant et en tirant des publications d’autre part.,"Des barrières juridiques et économiques contraignant leurs partage (contrat de consortium, valorisation, exclusivité, droit d’auteur).",Des conditions éthiques limitant leur partage.,Un temps trop important nécessaire à leur mise à disposition.,Oui,Toujours,Non,Non,Non,Oui,Oui,Non,Oui,Non,Oui,Non,Non,Non,Non,Non,Non,Non,Non,Je travaille seul.e,,,,,,,,,,,,Windows,Oui,Non,Non,Non,Non,Oui,Non,Non,Non,Non,Oui,Oui,Oui,Oui,Non,Non,Non,Non,Non,Non,Non,Oui,Oui,Oui,Oui,Oui,Oui,Non,Oui,Non,Non,Non,Non,Non,Non,Non,Non,Non,Oui,Non,,,Oui,Non,Non,Non,Non,Non,Non,Non,Oui,Non,Non,Non,Non,Non,Non,Non,Non,Non,Oui,Non,Non,Non,Oui,Non,Plus de dix ans,autre,Non,Oui,Non,Non,Autre (précisez en commentaire),Non,Non,Oui,Non,Oui,Non,Non,Non,Non,autre,Un homme
19,474,Non,Non,Non,Oui,Oui,Oui,Oui,Oui,Non,Non,Non,Non,Non,Non,Oui,Non,Non,Non,Non,Non,Non,Non,Non,Non,Oui,Non,Non,Non,Peu,Non,Non,Non,Non,Oui,Oui,Oui,2,,2,,,,,2,,3,P,,,,Non,Non,Oui,Non,Oui,Oui,Oui,Non,Oui,Non,Non,Non,Non,Oui,Non,,Toujours,,,Non,Non,Non,Non,Oui,Non,Non,Non,Non,Non,Non,Oui,Oui,Non,Non,Non,Non,Non,Non,Non,"Des barrières juridiques et économiques contraignant leurs partage (contrat de consortium, valorisation, exclusivité, droit d’auteur).",Des conditions éthiques limitant leur partage.,Une mauvaise qualité des données en l’état.,Une peur de mésusage des données par les personnes les réutilisant.,Oui,Souvent,Non,Non,Oui,Non,Non,Oui,Non,Non,Oui,Non,Non,Non,Non,Non,Non,Non,Non,Je travaille seul.e,,,,,,,,,,,,Windows,Non,Non,Oui,Non,Non,Oui,Non,Non,Non,Non,Oui,Non,Non,Non,Non,Non,Oui,Non,Non,Non,Non,Non,Non,Non,Non,Non,Non,Non,Oui,Oui,Non,Non,Non,Non,Non,Non,Non,Non,Oui,Oui,Toujours,Très satisfait,Non,Oui,Non,Non,Non,Non,Non,Non,Non,Oui,Non,Non,Oui,Non,Non,Non,Non,Oui,Oui,Non,Non,Non,Non,Non,Cinq à dix ans,autre,Non,Non,Non,Non,Autre (précisez en commentaire),Non,Non,Oui,Non,Non,Non,Non,Non,Non,autre,Un homme
20,491,Non,Non,Non,Oui,Non,Oui,Oui,Oui,Non,Non,Oui,Non,Non,Oui,Oui,Non,Oui,Non,Non,Non,Non,Oui,Non,Non,Non,Oui,Non,Oui,Tout à fait,Non,Non,Oui,Oui,Oui,Non,Non,,,,1,M,1,,,,,,2,1,1,Oui,Non,Non,Non,Non,Non,Non,Non,Oui,Non,Oui,Oui,Non,Non,Non,,,,Toujours,Non,Non,Non,Non,Non,Oui,Non,Non,Non,Non,Non,Non,Oui,Non,Non,Non,Oui,Non,Non,Non,"Un manque d’habitude de cette pratique dans les communautés de recherche (savoir faire, etc.)",Une volonté de valoriser le travail effectué avant un partage pour garder un avantage compétitif.,Un temps trop important nécessaire à leur mise à disposition.,Une peur de mésusage des données par les personnes les réutilisant.,Non applicable,Parfois,Non,Oui,Oui,Oui,Oui,Oui,Non,Non,Non,Non,Non,Non,Oui,Non,Non,Non,Non,Nous sommes entre 2 et 5 personnes,Oui,Oui,Oui,Non,Non,Non,Non,Non,Non,Non,Non,MacOS,Oui,Non,Non,Non,Non,Non,Non,Oui,Oui,Non,,,,,,,,,,,,,,,,,,,,,,Non,Non,Oui,Oui,Oui,Non,Non,Non,Non applicable,,,Oui,Oui,Non,Non,Non,Oui,Oui,Non,Oui,Non,Non,Non,Non,Non,Non,Non,Oui,Non,Non,Non,Non,Non,Oui,Non,Plus de dix ans,CNRS,Non,Non,Oui,Non,Fonctionnaire ou assimilé,Non,Oui,Non,Non,Non,Non,Non,Non,Non,autre,Une femme
21,521,Non,Non,Non,Oui,Oui,Oui,Non,Non,Non,Oui,Non,Non,Non,Non,Non,Non,Non,Non,Non,Non,Non,Non,Non,Non,Oui,Non,Non,Non,Tout à fait,Non,Oui,Non,Oui,Oui,Non,Oui,,,,,,,P,,,,,,,,Non,Non,Oui,Non,Oui,Oui,Non,Non,Non,Non,Non,Non,Non,Oui,Non,,,,Toujours,Non,Non,Non,Oui,Non,Non,Non,Non,Non,Non,Non,Non,Oui,Non,Non,Non,Non,Non,Non,Non,"Des barrières juridiques et économiques contraignant leurs partage (contrat de consortium, valorisation, exclusivité, droit d’auteur).",Une volonté de valoriser le travail effectué avant un partage pour garder un avantage compétitif.,"Un manque d’habitude de cette pratique dans les communautés de recherche (savoir faire, etc.)",Un doute sur la capacité de réutilisation des données par d’autres (contextualisation et documentation nécessaire).,Oui,Toujours,Non,Oui,Oui,Non,Non,Non,Oui,Oui,Oui,Non,Non,Non,Non,Non,Non,Non,Non,Nous sommes entre 2 et 5 personnes,Oui,Oui,Non,Non,Non,Non,Non,Non,Non,Non,Non,MacOS,Non,Non,Non,Non,Non,Non,Non,Non,Non,Oui,Oui,Oui,Oui,Non,Non,Non,Non,Non,Non,Non,Non,Non,Non,Non,Non,Non,Non,Non,Oui,Non,Non,Oui,Non,Oui,Oui,Non,Non,Non,Non,Non,,,Non,Non,Non,Non,Non,Non,Non,Oui,Non,Non,Non,Non,Non,Non,Non,Oui,Non,Non,Non,Non,Non,Non,Non,Oui,Plus de dix ans,CNRS,Oui,Non,Non,Non,Fonctionnaire ou assimilé,Non,Non,Non,Oui,Non,Non,Non,Oui,Oui,physique ,Un homme
22,525,Non,Non,Non,Oui,Oui,Oui,Oui,Oui,Non,Oui,Non,Non,Non,Non,Oui,Non,Non,Non,Non,Non,Non,Non,Oui,Oui,Non,Non,Non,Non,Peu,Non,Non,Non,Non,Oui,Oui,Non,3,,2,M,M,2,M,,,,,,,,Non,Non,Oui,Non,Non,Oui,Oui,Oui,Oui,Non,Non,Non,Non,Oui,Non,,,,,Non,Non,Non,Non,Oui,Non,Non,Non,Non,Non,Non,Non,Non,Non,Non,Non,Non,Non,Non,Oui,"Un manque d’habitude de cette pratique dans les communautés de recherche (savoir faire, etc.)","Des barrières juridiques et économiques contraignant leurs partage (contrat de consortium, valorisation, exclusivité, droit d’auteur).",Un doute sur la capacité de réutilisation des données par d’autres (contextualisation et documentation nécessaire).,,Oui,Souvent,Non,Non,Oui,Non,Non,Oui,Oui,Oui,Non,Non,Oui,Non,Non,Oui,Non,Non,Non,Je travaille seul.e,,,,,,,,,,,,Windows,Oui,Non,Oui,Oui,Non,Oui,Non,Non,Non,Non,Non,Oui,Non,Non,Non,Non,Oui,Oui,Non,Non,Non,Oui,Non,Oui,Non,Non,Non,Non,Oui,Non,Non,Non,Oui,Oui,Non,Non,Non,Non,Oui,Oui,Souvent,Très satisfait,Non,Non,Non,Non,Non,Non,Non,Oui,Non,Oui,Oui,Non,Non,Non,Non,Non,Non,Non,Oui,Non,Non,Non,Oui,Non,Cinq à dix ans,Université,Non,Oui,Non,Non,En CDD,Non,Non,Oui,Non,Non,Non,Non,Non,Non,histoire,Un homme
23,578,Non,Non,Non,Oui,Non,Oui,Oui,Oui,Non,Oui,Non,Non,Non,Non,Oui,Non,Non,Non,Non,Non,Non,Non,Oui,Non,Non,Non,Non,Non,Peu,Oui,Non,Non,Oui,Non,Non,Oui,P,,,,,3,,,,M,,,,,Non,Non,Oui,Non,Non,Oui,Non,Oui,Non,Non,Non,Non,Non,Oui,Oui,,,,,Non,Non,Non,Non,Oui,Non,Non,Non,Non,Non,Non,Non,Non,Non,Non,Non,Non,Non,Non,Oui,"Un manque d’habitude de cette pratique dans les communautés de recherche (savoir faire, etc.)",Un temps trop important nécessaire à leur mise à disposition.,Une volonté de valoriser le travail effectué avant un partage pour garder un avantage compétitif.,La peur d’un renforcement d’inégalités entre des personnes produisant des données d’une part et celles les analysant et en tirant des publications d’autre part.,Je ne sais pas,Parfois,Non,Non,Non,Non,Non,Oui,Oui,Non,Oui,Non,Non,Non,Non,Non,Non,Non,Non,Je travaille seul.e,,,,,,,,,,,,MacOS,Oui,Non,Oui,Non,Non,Non,Non,Non,Non,Non,Oui,Non,Non,Non,Non,Non,Non,Non,Non,Non,Non,Non,Non,Non,Non,Non,Non,Non,Oui,Oui,Non,Non,Non,Non,Non,Non,Non,Non,Oui,Non,,,Non,Non,Non,Non,Non,Non,Non,Oui,Non,Oui,Oui,Oui,Non,Non,Oui,Non,Oui,Non,Non,Oui,Oui,Non,Non,Non,Cinq à dix ans,autre,Non,Non,Non,Non,Fonctionnaire ou assimilé,Non,Non,Oui,Non,Non,Non,Non,Non,Non,histoire,Une femme
24,583,Non,Non,Oui,Oui,Non,Oui,Oui,Non,Non,Oui,Non,Non,Non,Non,Non,Non,Non,Non,Non,Non,Non,Non,Oui,Non,Oui,Non,Non,Non,Tout à fait,Non,Non,Non,Non,Oui,Non,Oui,3,M,P,M,M,P,,,2,3,P,2,3,P,Oui,Non,Non,Non,Non,Oui,Oui,Oui,Oui,Non,Oui,Non,Non,Oui,Oui,Souvent,,,,Non,Non,Non,Non,Oui,Non,Oui,Non,Oui,Non,Non,Non,Non,Non,Non,Non,Non,Non,Non,Non,Non applicable.,,,,Oui,Non applicable,Oui,Non,Non,Non,Non,Oui,Oui,Non,Oui,Non,Non,Non,Non,Non,Non,Non,Non,Je travaille seul.e,,,,,,,,,,,,MacOS,Oui,Non,Non,Non,Non,Oui,Non,Non,Non,Non,Oui,Non,Non,Non,Non,Non,Non,Non,Non,Oui,Non,Non,Non,Non,Non,Non,Non,Non,Oui,Oui,Non,Non,Non,Non,Oui,Non,Oui,Non,Oui,Non,,,Oui,Non,Non,Non,Non,Non,Non,Non,Non,Oui,Non,Oui,Oui,Non,Non,Non,Non,Non,Non,Non,Non,Non,Non,Oui,Plus de dix ans,Université,Oui,Non,Non,Non,Fonctionnaire ou assimilé,Non,Non,Oui,Non,Non,Non,Non,Non,Non,histoire,Un homme
25,588,Non,Non,Non,Oui,Oui,Oui,Oui,Non,Non,Oui,Oui,Non,Non,Non,Oui,Non,Non,Non,Non,Non,Non,Non,Oui,Non,Oui,Non,Non,Oui,Pas du tout,Oui,Non,Non,Oui,Non,Non,Non,P,,P,,3,P,,P,,P,,2,P,,Non,Non,Non,Non,Non,Non,Non,Oui,Oui,Non,Non,Non,Non,Oui,Non,,,Parfois,,Non,Non,Non,Non,Oui,Non,Non,Non,Non,Non,Non,Non,Oui,Non,Non,Non,Non,Non,Non,Non,Une volonté de valoriser le travail effectué avant un partage pour garder un avantage compétitif.,Une peur de mésusage des données par les personnes les réutilisant.,,,Oui,Souvent,Non,Non,Oui,Non,Non,Non,Oui,Non,Oui,Non,Non,Non,Non,Non,Non,Non,Non,Je travaille seul.e,,,,,,,,,,,,Windows,Oui,Non,Non,Non,Non,Non,Non,Non,Non,Non,Non,Oui,Non,Non,Non,Non,Non,Non,Non,Non,Non,Non,Non,Non,Non,Non,Non,Non,Non,Non,Oui,Non,Non,Non,Non,Non,Non,Non,Oui,Non applicable,,,Oui,Non,Non,Non,Non,Oui,Non,Non,Non,Non,Oui,Non,Oui,Oui,Non,Non,Non,Oui,Oui,Non,Non,Non,Non,Non,Plus de dix ans,,Oui,Non,Non,Non,Fonctionnaire ou assimilé,Non,Non,Oui,Non,Non,Non,Non,Non,Non,histoire,Une femme
26,599,Non,Non,Non,Non,Non,Oui,Oui,Non,Non,Oui,Oui,Non,Non,Non,Non,Non,Non,Non,Non,Non,Non,Non,Non,Non,Oui,Non,Non,Non,Pas du tout,Non,Non,Non,Oui,Non,Non,Non,,,3,,,3,,,,,,,,,Oui,Non,Oui,Non,Non,Oui,Non,Oui,Oui,Non,Non,Non,Non,Oui,Oui,Parfois,,Parfois,,Non,Non,Non,Non,Oui,Non,Non,Non,Non,Non,Non,Non,Non,Non,Non,Non,Non,Non,Non,Oui,Des conditions éthiques limitant leur partage.,"Une perspective de mise à disposition qui vient limiter, freiner le travail interprétatif possible.",Une volonté de valoriser le travail effectué avant un partage pour garder un avantage compétitif.,Une peur de mésusage des données par les personnes les réutilisant.,Non applicable,Non applicable,Oui,Non,Non,Non,Oui,Non,Oui,Non,Non,Non,Non,Non,Non,Non,Non,Non,Non,Je travaille seul.e,,,,,,,,,,,,Windows,Non,Non,Non,Non,Non,Non,Non,Non,Non,Oui,Non,Non,Non,Non,Non,Non,Non,Non,Non,Non,Oui,Non,Non,Non,Non,Non,Non,Non,Non,Non,Oui,Non,Non,Non,Non,Non,Non,Non,Oui,Non applicable,,,Non,Non,Non,Non,Non,Non,Non,Oui,Non,Non,Non,Non,Non,Non,Non,Oui,Non,Non,Non,Non,Non,Non,Non,Oui,Plus de dix ans,autre,Oui,Non,Non,Non,Fonctionnaire ou assimilé,Non,Non,Oui,Non,Non,Non,Non,Non,Non,histoire,
27,607,Non,Non,Non,Oui,Non,Non,Non,Oui,Non,Oui,Non,Non,Oui,Non,Non,Non,Non,Non,Non,Oui,Non,Non,Non,Non,Oui,Non,Non,Oui,Peu,Oui,Non,Non,Oui,Oui,Non,Non,P,M,M,,M,2,,,1,M,,,1,,Non,Non,Oui,Non,Non,Oui,Oui,Oui,Oui,Non,Non,Non,Non,Oui,Oui,Parfois,,,,Non,Non,Non,Non,Non,Oui,Non,Non,Oui,Non,Non,Non,Non,Non,Non,Non,Non,Non,Non,Non,"Un manque d’habitude de cette pratique dans les communautés de recherche (savoir faire, etc.)",Un doute sur la capacité de réutilisation des données par d’autres (contextualisation et documentation nécessaire).,Une mauvaise qualité des données en l’état.,Un temps trop important nécessaire à leur mise à disposition.,Non,Parfois,Non,Oui,Oui,Non,Non,Oui,Oui,Non,Non,Non,Oui,Non,Non,Non,Non,Non,Non,Je travaille seul.e,,,,,,,,,,,,Windows,Oui,Non,Non,Non,Non,Non,Non,Non,Non,Non,Oui,Non,Non,Oui,Non,Non,Non,Non,Non,Non,Non,Non,Non,Non,Non,Non,Non,Non,Oui,Non,Non,Non,Non,Non,Non,Non,Non,Non,Oui,Oui,Parfois,Plutôt satisfait,Non,Non,Non,Non,Non,Non,Non,Oui,Non,Non,Oui,Non,Non,Non,Non,Non,Non,Oui,Non,Non,Non,Oui,Oui,Non,Moins de cinq ans,Université,Non,Oui,Non,Non,Autre (précisez en commentaire),Non,Non,Oui,Non,Non,Non,Non,Non,Non,histoire,Un homme
28,622,Non,Non,Non,Oui,Non,Oui,Oui,Oui,Non,Oui,Non,Non,Non,Non,Oui,Non,Non,Non,Non,Non,Non,Non,Non,Non,Oui,Non,Non,Oui,Peu,Non,Non,Non,Oui,Oui,Oui,Oui,2,,3,,M,,,,,,,,M,,Non,Non,Non,Oui,Non,Oui,Oui,Oui,Oui,Non,Non,Non,Non,Non,Non,,,,,Non,Non,Non,Non,Oui,Non,Non,Non,Non,Non,Non,Non,Non,Non,Non,Non,Non,Non,Non,Oui,"Un manque d’habitude de cette pratique dans les communautés de recherche (savoir faire, etc.)","Une perspective de mise à disposition qui vient limiter, freiner le travail interprétatif possible.",La peur d’un renforcement d’inégalités entre des personnes produisant des données d’une part et celles les analysant et en tirant des publications d’autre part.,,Je ne sais pas,Je ne sais pas,Oui,Non,Non,Non,Non,Oui,Non,Non,Non,Non,Oui,Non,Non,Oui,Non,Non,Non,Je travaille seul.e,,,,,,,,,,,,MacOS,Oui,Non,Non,Non,Non,Non,Non,Non,Non,Non,Oui,Non,Non,Non,Non,Non,Non,Non,Non,Non,Oui,Non,Non,Non,Non,Non,Non,Non,Non,Non,Oui,Non,Non,Oui,Non,Non,Non,Non,Oui,Oui,Jamais,,Non,Non,Non,Oui,Oui,Non,Non,Non,Oui,Oui,Non,Oui,Oui,Non,Oui,Non,Oui,Non,Oui,Non,Non,Oui,Non,Non,Plus de dix ans,Université,Oui,Non,Non,Non,Fonctionnaire ou assimilé,Non,Non,Oui,Non,Non,Non,Non,Non,Non,,Une femme
29,728,Non,Non,Non,Oui,Oui,Oui,Oui,Non,Non,Non,Non,Non,Oui,Oui,Oui,Non,Oui,Oui,Non,Oui,Non,Non,Oui,Non,Non,Non,Non,Oui,Peu,Oui,Non,Non,Non,Oui,Non,Oui,1,1,1,M,M,1,,M,M,M,M,,,,Non,Non,Non,Non,Oui,Non,Oui,Oui,Non,Oui,Non,Non,Non,Non,Non,,,Toujours,,Non,Non,Non,Non,Oui,Non,Non,Non,Non,Non,Non,Non,Oui,Non,Non,Non,Non,Oui,Non,Non,Une volonté de valoriser le travail effectué avant un partage pour garder un avantage compétitif.,Un temps trop important nécessaire à leur mise à disposition.,Une mauvaise qualité des données en l’état.,,Oui,Parfois,Non,Non,Oui,Oui,Non,Oui,Non,Non,Oui,Non,Non,Non,Non,Non,Oui,Non,Non,Nous sommes entre 2 et 5 personnes,Oui,Non,Oui,Non,Non,Non,Non,Oui,Non,Non,Non,Windows,Oui,Non,Oui,Oui,Non,Non,Non,Non,Non,Non,Oui,Oui,Non,Non,Non,Non,Non,Non,Non,Non,Non,Oui,Non,Oui,Non,Non,Non,Non,Non,Non,Non,Non,Non,Non,Non,Non,Non,Non,Oui,Oui,Jamais,,Non,Non,Non,Non,Non,Non,Non,Oui,Non,Non,Non,Non,Non,Non,Non,Oui,Non,Non,Oui,Non,Non,Non,Non,Non,Plus de dix ans,école,Oui,Non,Non,Non,Fonctionnaire ou assimilé,Non,Non,Oui,Non,Non,Non,Non,Non,Non,histoire,Une femme
30,729,Oui,Non,Non,Non,Oui,Oui,Non,Oui,Non,Oui,Non,Oui,Non,Non,Oui,Non,Oui,Non,Non,Non,Non,Non,Non,Non,Non,Non,Non,Oui,Pas du tout,Oui,Oui,Oui,Oui,Non,Non,Non,,M,,,P,1,,,,,,,,,Non,Non,Oui,Non,Non,Non,Non,Non,Oui,Non,Non,Non,Non,Oui,Non,,,,,Non,Non,Non,Non,Non,Oui,Non,Non,Non,Non,Non,Non,Non,Non,Non,Non,Non,Non,Non,Oui,Une volonté de valoriser le travail effectué avant un partage pour garder un avantage compétitif.,Une peur de mésusage des données par les personnes les réutilisant.,,,Non applicable,Non applicable,Non,Non,Non,Non,Non,Oui,Non,Oui,Oui,Non,Non,Non,Non,Non,Non,Non,Non,Nous sommes entre 2 et 5 personnes,Non,Non,Oui,Non,Non,Non,Non,Non,Non,Non,Non,Windows,Oui,Non,Non,Non,Non,Non,Non,Non,Non,Non,Non,Non,Non,Non,Non,Non,Non,Non,Non,Non,Oui,Non,Non,Non,Non,Non,Non,Non,Non,Non,Oui,Non,Non,Oui,Non,Non,Non,Oui,Non,Non applicable,,,Non,Non,Non,Non,Non,Non,Non,Oui,Non,Non,Non,Non,Non,Non,Non,Oui,Non,Non,Non,Non,Non,Non,Non,Oui,Moins de cinq ans,organisme,Non,Non,Oui,Non,En CDD,Non,Non,Non,Non,Non,Non,Oui,Non,Non,autre,
31,804,Non,Non,Oui,Non,Non,Non,Oui,Oui,Non,Non,Oui,Non,Non,Oui,Oui,Non,Non,Non,Non,Non,Non,Non,Non,Non,Oui,Non,Non,Non,Assez,Oui,Oui,Non,Non,Non,Non,Oui,,,,,,,,,,,,,,,Non,Non,Non,Non,Non,Non,Non,Oui,Oui,Non,Non,Non,Non,Non,Non,,,,,Non,Oui,Non,Non,Non,Non,Non,Non,Non,Non,Oui,Non,Non,Non,Non,Non,Non,Non,Non,Non,"Un manque d’habitude de cette pratique dans les communautés de recherche (savoir faire, etc.)",Une volonté de valoriser le travail effectué avant un partage pour garder un avantage compétitif.,Une peur de mésusage des données par les personnes les réutilisant.,"Des barrières juridiques et économiques contraignant leurs partage (contrat de consortium, valorisation, exclusivité, droit d’auteur).",Oui,Parfois,Oui,Non,Non,Non,Non,Non,Oui,Non,Non,Non,Non,Non,Non,Non,Non,Non,Non,Nous sommes entre 6 et 10 personnes,Non,Non,Non,Non,Non,Non,Non,Non,Oui,Non,Non,MacOS,Non,Non,Non,Oui,Non,Non,Non,Non,Non,Non,Non,Non,Non,Non,Oui,Non,Non,Non,Non,Non,Non,Non,Non,Non,Non,Oui,Non,Non,Non,Non,Non,Non,Non,Non,Oui,Non,Non,Non,Non,Non,,,Oui,Non,Non,Non,Non,Non,Non,Non,Non,Non,Non,Oui,Non,Non,Non,Non,Oui,Non,Non,Non,Non,Non,Non,Non,Moins de cinq ans,,Non,Oui,Non,Non,Travailleur/travailleuse indépendante,Non,Non,Non,Non,Non,Non,Non,Oui,Non,,Un homme
32,871,Non,Non,Oui,Oui,Oui,Oui,Oui,Oui,Non,Oui,Oui,Non,Oui,Non,Oui,Non,Non,Non,Non,Non,Non,Non,Non,Non,Non,Non,Non,Oui,Peu,Non,Non,Non,Oui,Non,Non,Non,1,,1,,,2,,,,1,1,,,,Oui,Non,Oui,Oui,Non,Oui,Non,Oui,Oui,Non,Non,Non,Oui,Oui,Oui,Souvent,,Souvent,,Oui,Non,Oui,Non,Non,Non,Oui,Non,Oui,Non,Non,Oui,Non,Non,Oui,Non,Non,Non,Non,Non,"Un manque d’habitude de cette pratique dans les communautés de recherche (savoir faire, etc.)","Une perspective de mise à disposition qui vient limiter, freiner le travail interprétatif possible.",,,Je ne sais pas,Parfois,Non,Non,Oui,Non,Oui,Non,Oui,Oui,Oui,Non,Oui,Non,Non,Non,Non,Non,Non,Nous sommes entre 6 et 10 personnes,Oui,Oui,Oui,Non,Oui,Non,Non,Non,Non,Non,Oui,Windows,Oui,Non,Oui,Oui,Oui,Non,Non,Non,Non,Non,Non,Oui,Non,Non,Non,Non,Non,Non,Non,Non,Non,Oui,Oui,Non,Non,Non,Non,Non,Non,Non,Non,Non,Non,Oui,Non,Non,Non,Non,Non,Non applicable,,,Oui,Non,Non,Non,Non,Non,Non,Non,Non,Non,Non,Non,Non,Non,Non,Oui,Non,Non,Non,Non,Non,Non,Non,Oui,Plus de dix ans,,Non,Oui,Non,Non,En CDD,Non,Non,Oui,Non,Non,Non,Non,Non,Non,,Une femme
33,880,Non,Non,Oui,Oui,Oui,Oui,Oui,Oui,Non,Oui,Non,Non,Oui,Oui,Oui,Non,Oui,Oui,Non,Oui,Non,Non,Non,Non,Oui,Non,Non,Non,Tout à fait,Non,Non,Non,Oui,Oui,Non,Non,M,,,,,,,,,,,,,,Non,Non,Non,Non,Non,Oui,Oui,Oui,Oui,Non,Non,Non,Non,Non,Non,,,,,Non,Non,Non,Non,Non,Oui,Non,Non,Non,Non,Non,Non,Non,Non,Non,Non,Non,Non,Non,Oui,Non applicable.,,,,Non applicable,Non applicable,Non,Non,Non,Non,Non,Oui,Non,Non,Non,Non,Non,Non,Non,Non,Non,Non,Oui,Nous sommes entre 2 et 5 personnes,Oui,Non,Non,Non,Non,Non,Non,Non,Non,Non,Non,Windows,Oui,Non,Non,Non,Non,Non,Non,Non,Non,Non,Non,Non,Non,Non,Non,Non,Non,Non,Non,Non,Oui,Oui,Non,Non,Non,Non,Non,Non,Non,Non,Non,Non,Non,Oui,Non,Non,Non,Non,Non,Oui,Jamais,,Non,Non,Non,Non,Non,Non,Non,Oui,Non,Non,Non,Non,Non,Non,Non,Oui,Non,Non,Non,Non,Non,Non,Non,Oui,Plus de dix ans,Université,Oui,Non,Non,Non,Fonctionnaire ou assimilé,Non,Non,Oui,Non,Non,Non,Non,Non,Non,sociologie,Une femme
34,891,Oui,Non,Non,Non,Oui,Oui,Non,Non,Non,Oui,Non,Oui,Non,Non,Non,Non,Non,Non,Non,Non,Non,Non,Non,Non,Non,Oui,Non,Non,Assez,Non,Oui,Oui,Oui,Oui,Non,Non,,,M,,,1,,M,,M,,,M,,Non,Oui,Non,Non,Non,Oui,Non,Non,Oui,Non,Non,Oui,Oui,Oui,Non,Souvent,Non applicable,Non applicable,Non applicable,Non,Non,Non,Non,Oui,Non,Non,Non,Non,Oui,Non,Non,Non,Non,Oui,Non,Non,Oui,Non,Non,Une volonté de valoriser le travail effectué avant un partage pour garder un avantage compétitif.,,,,Oui,Parfois,Non,Oui,Oui,Non,Non,Non,Non,Non,Non,Oui,Non,Non,Non,Non,Non,Non,Non,Nous sommes entre 6 et 10 personnes,Oui,Oui,Oui,Non,Non,Non,Non,Non,Non,Non,Non,Linux,Non,Non,Non,Non,Non,Non,Non,Oui,Non,Non,Oui,Oui,Non,Non,Non,Non,Non,Non,Non,Oui,Non,Non,Non,Non,Non,Non,Non,Non,Oui,Non,Non,Non,Non,Non,Non,Oui,Oui,Non,Non,Non applicable,,,Non,Non,Non,Non,Non,Non,Non,Oui,Non,Non,Non,Non,Non,Non,Non,Oui,Non,Non,Non,Non,Non,Non,Non,Oui,Moins de cinq ans,autre,Non,Non,Oui,Non,En CDD,Non,Oui,Non,Non,Non,Non,Oui,Non,Non,autre,Un homme
35,929,Oui,Non,Non,Non,Non,Non,Non,Oui,Oui,Oui,Oui,Oui,Oui,Oui,Oui,Non,Oui,Oui,Oui,Oui,Oui,Oui,Non,Non,Non,Non,Non,Oui,Assez,Oui,Oui,Oui,Oui,Oui,Non,Non,3,3,P,P,3,P,,3,P,1,3,,P,,Non,Non,Oui,Oui,Oui,Oui,Oui,Oui,Oui,Non,Non,Non,Non,Oui,Oui,Parfois,Parfois,Parfois,,Non,Non,Non,Non,Non,Oui,Non,Non,Non,Non,Non,Non,Non,Non,Non,Non,Non,Non,Non,Oui,"Une perspective de mise à disposition qui vient limiter, freiner le travail interprétatif possible.",Un doute sur la capacité de réutilisation des données par d’autres (contextualisation et documentation nécessaire).,Une peur de mésusage des données par les personnes les réutilisant.,"Des barrières juridiques et économiques contraignant leurs partage (contrat de consortium, valorisation, exclusivité, droit d’auteur).",Oui,Non applicable,Oui,Non,Non,Non,Non,Non,Non,Oui,Non,Non,Oui,Non,Non,Non,Non,Non,Non,Nous sommes entre 6 et 10 personnes,Non,Non,Oui,Non,Non,Non,Non,Non,Non,Non,Non,Windows,Non,Non,Non,Non,Non,Non,Non,Non,Non,Oui,Non,Non,Non,Non,Non,Non,Non,Non,Non,Non,Oui,Non,Non,Non,Non,Non,Non,Non,Non,Non,Oui,Oui,Oui,Non,Non,Non,Non,Non,Non,Oui,Souvent,,Non,Non,Non,Non,Non,Non,Non,Oui,Non,Non,Non,Non,Non,Non,Non,Oui,Oui,Oui,Non,Non,Non,Oui,Oui,Non,Moins de cinq ans,,Non,Oui,Non,Non,Autre (précisez en commentaire),Non,Non,Non,Non,Non,Non,Non,Non,Oui,,Un homme
36,1049,Non,Non,Non,Non,Non,Oui,Oui,Oui,Non,Oui,Non,Non,Non,Non,Oui,Non,Non,Non,Non,Non,Non,Non,Non,Non,Oui,Non,Non,Oui,Peu,Oui,Non,Oui,Oui,Oui,Oui,Oui,1,M,M,,,2,,,,1,,,,,Non,Non,Oui,Oui,Non,Oui,Oui,Oui,Oui,Non,Non,Non,Non,Non,Non,,,Toujours,,Non,Non,Non,Non,Non,Oui,Non,Non,Non,Non,Non,Non,Oui,Non,Non,Non,Non,Non,Non,Non,"Un manque d’habitude de cette pratique dans les communautés de recherche (savoir faire, etc.)",Un doute sur la capacité de réutilisation des données par d’autres (contextualisation et documentation nécessaire).,"Des barrières juridiques et économiques contraignant leurs partage (contrat de consortium, valorisation, exclusivité, droit d’auteur).",Une peur de mésusage des données par les personnes les réutilisant.,Oui,Souvent,Non,Non,Non,Non,Non,Oui,Non,Oui,Oui,Non,Non,Non,Oui,Non,Non,Non,Non,Nous sommes entre 2 et 5 personnes,Oui,Non,Oui,Non,Non,Non,Non,Non,Non,Non,Non,Windows,Oui,Non,Non,Non,Non,Oui,Non,Non,Non,Non,Oui,Oui,Non,Non,Non,Non,Non,Non,Non,Non,Non,Oui,Non,Non,Non,Non,Non,Non,Oui,Non,Non,Non,Oui,Oui,Non,Non,Non,Non,Oui,Non applicable,,,Non,Non,Non,Non,Non,Non,Non,Oui,Non,Non,Non,Non,Non,Non,Non,Oui,Non,Non,Non,Non,Non,Non,Non,Oui,Plus de dix ans,Université,Oui,Non,Non,Non,En CDI,Non,Non,Oui,Non,Non,Non,Non,Non,Non,autre,Un homme
37,1063,Non,Non,Oui,Oui,Non,Oui,Oui,Oui,Non,Oui,Oui,Non,Non,Non,Oui,Non,Non,Non,Non,Non,Non,Non,Oui,Non,Oui,Non,Non,Non,Pas du tout,Non,Non,Non,Non,Non,Non,Oui,3,M,3,,1,3,,,,1,,,,M,Oui,Non,Oui,Oui,Non,Oui,Non,Oui,Non,Non,Non,Non,Non,Non,Oui,,,,,Non,Non,Non,Non,Oui,Non,Non,Non,Non,Non,Non,Non,Non,Non,Non,Non,Non,Non,Non,Oui,Non applicable.,,,,Non applicable,Souvent,Non,Non,Non,Non,Non,Non,Oui,Non,Oui,Non,Non,Non,Non,Non,Non,Non,Non,Je travaille seul.e,,,,,,,,,,,,Windows,Non,Non,Non,Non,Non,Non,Non,Non,Non,Oui,Oui,Non,Non,Non,Non,Non,Non,Non,Non,Non,Non,Non,Non,Non,Non,Non,Non,Non,Oui,Oui,Non,Non,Non,Non,Non,Non,Non,Non,Oui,Non,,,Non,Non,Non,Non,Non,Non,Non,Oui,Non,Non,Non,Non,Non,Non,Non,Oui,Non,Non,Non,Non,Non,Non,Non,Oui,Plus de dix ans,autre,Oui,Non,Non,Non,Fonctionnaire ou assimilé,Non,Non,Oui,Non,Non,Non,Non,Non,Non,autre,Une femme
38,1065,Non,Non,Non,Non,Non,Oui,Oui,Non,Non,Oui,Oui,Non,Non,Non,Non,Non,Non,Non,Non,Non,Non,Non,Non,Non,Non,Non,Non,Oui,Assez,Oui,Non,Oui,Oui,Non,Non,Oui,,,,,,M,,M,,,,,M,,Non,Non,Non,Non,Non,Non,Non,Oui,Oui,Non,Non,Non,Non,Non,Non,Toujours,,Souvent,,Non,Non,Oui,Non,Non,Oui,Non,Non,Non,Non,Non,Non,Oui,Oui,Non,Non,Non,Non,Non,Non,Un doute sur la capacité de réutilisation des données par d’autres (contextualisation et documentation nécessaire).,La peur d’un renforcement d’inégalités entre des personnes produisant des données d’une part et celles les analysant et en tirant des publications d’autre part.,Une peur de mésusage des données par les personnes les réutilisant.,Une mauvaise qualité des données en l’état.,Oui,Parfois,Non,Non,Non,Non,Non,Oui,Oui,Non,Oui,Non,Non,Non,Non,Non,Non,Non,Non,Nous sommes entre 6 et 10 personnes,Oui,Non,Non,Non,Non,Non,Non,Non,Non,Non,Oui,MacOS,Non,Non,Non,Non,Non,Non,Non,Non,Non,Oui,Non,Non,Non,Non,Non,Non,Non,Non,Non,Non,Oui,Non,Non,Non,Non,Non,Non,Non,Non,Non,Oui,Non,Oui,Oui,Non,Non,Non,Non,Non,Non applicable,,,Oui,Non,Non,Non,Non,Non,Non,Non,Non,Non,Non,Non,Non,Non,Non,Oui,Oui,Non,Non,Non,Non,Non,Oui,Non,Moins de cinq ans,Université,Non,Non,Non,Non,Travailleur/travailleuse indépendante,Non,Non,Oui,Non,Non,Non,Non,Non,Non,autre,Une femme
39,1073,Non,Non,Non,Oui,Non,Non,Oui,Oui,Non,Non,Non,Non,Non,Oui,Non,Non,Oui,Oui,Non,Non,Non,Non,Non,Non,Non,Non,Non,Oui,Peu,Oui,Non,Non,Oui,Oui,Non,Oui,M,,M,,,,,,,,,,,M,Non,Non,Oui,Oui,Non,Oui,Non,Oui,Non,Non,Oui,Non,Non,Non,Non,Non applicable,Non applicable,Non applicable,Non applicable,Non,Non,Non,Non,Non,Oui,Non,Non,Non,Non,Non,Non,Non,Non,Non,Non,Non,Non,Non,Oui,Une volonté de valoriser le travail effectué avant un partage pour garder un avantage compétitif.,"Des barrières juridiques et économiques contraignant leurs partage (contrat de consortium, valorisation, exclusivité, droit d’auteur).",Un temps trop important nécessaire à leur mise à disposition.,Une peur de mésusage des données par les personnes les réutilisant.,Non applicable,Non applicable,Oui,Non,Non,Non,Non,Oui,Non,Non,Non,Non,Non,Non,Non,Non,Non,Non,Oui,Nous sommes entre 6 et 10 personnes,Oui,Oui,Non,Oui,Oui,Oui,Oui,Non,Non,Non,Non,Windows,Non,Non,Non,Non,Non,Non,Non,Non,Non,Oui,Non,Non,Non,Non,Non,Non,Non,Non,Non,Non,Oui,Non,Non,Oui,Non,Non,Oui,Oui,Oui,Non,Non,Non,Non,Oui,Oui,Non,Oui,Non,Non,Non,,,Non,Non,Non,Oui,Oui,Oui,Non,Non,Non,Non,Non,Non,Non,Non,Non,Oui,Oui,Non,Non,Non,Oui,Oui,Oui,Non,Plus de dix ans,Université,Non,Non,Non,Oui,Fonctionnaire ou assimilé,Non,Non,Non,Non,Oui,Non,Non,Non,Non,autre,
40,1097,Non,Non,Non,Oui,Oui,Oui,Oui,Non,Non,Oui,Non,Non,Oui,Non,Non,Non,Oui,Non,Non,Non,Non,Non,Non,Oui,Oui,Non,Non,Oui,Pas du tout,Non,Non,Non,Oui,Non,Non,Non,P,M,P,,3,3,,,,,P,,,P,Non,Non,Oui,Non,Non,Oui,Oui,Non,Oui,Non,Non,Non,Non,Oui,Non,Jamais,Jamais,Jamais,Jamais,Non,Non,Non,Non,Non,Oui,Non,Non,Non,Non,Non,Non,Non,Non,Non,Non,Non,Non,Non,Oui,Non applicable.,,,,Non applicable,Non applicable,Oui,Non,Non,Oui,Non,Non,Oui,Non,Oui,Non,Oui,Non,Non,Non,Non,Non,Non,Je travaille seul.e,,,,,,,,,,,,Windows,Oui,Non,Non,Non,Non,Non,Non,Non,Non,Non,Oui,Non,Non,Non,Non,Non,Non,Non,Non,Non,Non,Non,Non,Non,Non,Non,Non,Non,Non,Non,Oui,Non,Non,Non,Non,Non,Non,Non,Oui,Non,,,Non,Non,Non,Non,Non,Non,Non,Oui,Non,Non,Non,Non,Non,Non,Non,Oui,Non,Non,Non,Non,Non,Non,Non,Oui,Moins de cinq ans,,Non,Oui,Non,Non,En CDD,Non,Non,Oui,Non,Non,Non,Non,Non,Non,,Une femme
41,1122,Non,Non,Non,Oui,Non,Oui,Oui,Oui,Non,Non,Non,Non,Non,Non,Oui,Non,Non,Non,Non,Non,Non,Non,Oui,Non,Non,Non,Non,Non,Pas du tout,Non,Non,Non,Non,Non,Non,Non,,,2,,,3,,,,,,,,,Non,Non,Oui,Oui,Non,Oui,Non,Oui,Oui,Non,Non,Non,Non,Non,Non,,,,,Non,Non,Non,Non,Oui,Non,Non,Non,Non,Non,Non,Non,Non,Non,Non,Non,Non,Non,Non,Oui,"Un manque d’habitude de cette pratique dans les communautés de recherche (savoir faire, etc.)",Un temps trop important nécessaire à leur mise à disposition.,,,Non applicable,Souvent,Non,Non,Oui,Non,Non,Non,Oui,Non,Oui,Non,Non,Non,Non,Non,Non,Non,Non,Je travaille seul.e,,,,,,,,,,,,MacOS,Non,Non,Non,Non,Non,Non,Non,Non,Non,Oui,Non,Non,Non,Non,Non,Non,Non,Non,Non,Non,Oui,Non,Non,Non,Non,Non,Non,Non,Non,Non,Oui,Non,Non,Non,Non,Non,Non,Non,Oui,Non applicable,,,Non,Non,Non,Non,Non,Non,Non,Oui,Non,Non,Non,Non,Non,Non,Non,Oui,Non,Oui,Non,Non,Non,Oui,Non,Non,Plus de dix ans,autre,Oui,Non,Non,Non,Fonctionnaire ou assimilé,Oui,Non,Non,Non,Non,Non,Non,Non,Non,autre,Un homme
42,1125,Oui,Non,Oui,Non,Oui,Oui,Non,Oui,Non,Non,Non,Non,Non,Non,Non,Non,Non,Non,Non,Oui,Non,Oui,Oui,Oui,Non,Non,Non,Oui,Assez,Oui,Non,Non,Oui,Non,Non,Oui,P,P,P,,,3,,3,,P,P,P,P,,Non,Non,Non,Non,Non,Non,Non,Non,Oui,Non,Non,Oui,Oui,Non,Non,,,,,Non,Non,Non,Non,Oui,Non,Non,Oui,Oui,Oui,Non,Non,Non,Non,Non,Non,Non,Non,Non,Non,Non applicable.,,,,Je ne sais pas,Non applicable,Oui,Non,Oui,Oui,Oui,Oui,Non,Oui,Non,Oui,Oui,Non,Non,Non,Non,Non,Non,Nous sommes entre 6 et 10 personnes,Non,Non,Non,Non,Oui,Non,Non,Non,Oui,Non,Non,Windows,Oui,Non,Oui,Non,Non,Non,Non,Non,Oui,Non,,,,,,,,,,,,,,,,,,,,,,Non,Oui,Non,Non,Non,Non,Oui,Oui,Oui,Souvent,Plutôt satisfait,Non,Non,Non,Non,Oui,Non,Non,Non,Non,Non,Non,Non,Non,Non,Non,Oui,Non,Non,Non,Non,Non,Non,Non,Oui,Moins de cinq ans,école,Non,Non,Non,Non,En CDD,Non,Non,Non,Non,Non,Oui,Oui,Non,Non,,Une femme
43,1126,Non,Non,Non,Non,Non,Oui,Non,Oui,Non,Oui,Non,Non,Oui,Non,Oui,Non,Non,Non,Non,Oui,Non,Oui,Non,Oui,Oui,Non,Non,Oui,Pas du tout,Non,Non,Non,Non,Oui,Non,Oui,,,,,,,,,,M,M,M,M,M,Oui,Oui,Oui,Oui,Oui,Oui,Oui,Oui,Non,Non,Non,Non,Non,Oui,Non,Non applicable,Non applicable,Non applicable,Toujours,Non,Non,Non,Non,Non,Oui,Non,Oui,Oui,Oui,Non,Oui,Oui,Non,Non,Non,Non,Non,Non,Non,Un temps trop important nécessaire à leur mise à disposition.,"Un manque d’habitude de cette pratique dans les communautés de recherche (savoir faire, etc.)","Des barrières juridiques et économiques contraignant leurs partage (contrat de consortium, valorisation, exclusivité, droit d’auteur).",Des conditions éthiques limitant leur partage.,Je ne sais pas,Non applicable,Oui,Oui,Oui,Oui,Oui,Oui,Non,Non,Non,Non,Non,Non,Non,Non,Non,Non,Oui,Nous sommes entre 11 et 20 personnes,Non,Non,Non,Non,Non,Non,Non,Non,Non,Non,Non,Windows,Non,Non,Non,Non,Non,Non,Non,Non,Non,Oui,Non,Non,Non,Non,Non,Non,Non,Non,Non,Non,Oui,Non,Non,Non,Non,Non,Non,Non,Non,Non,Oui,Non,Oui,Oui,Oui,Non,Non,Non,Non,Oui,Souvent,"Ni satisfait, ni insatisfait",Non,Non,Non,Non,Non,Non,Non,Oui,Non,Non,Non,Non,Non,Oui,Oui,Non,Oui,Non,Non,Oui,Oui,Oui,Oui,Non,Moins de cinq ans,Université,Non,Non,Non,Non,En CDD,Non,Non,Non,Non,Oui,Non,Non,Non,Non,,Une femme
44,1161,Non,Non,Non,Oui,Non,Oui,Oui,Oui,Non,Oui,Non,Non,Non,Oui,Oui,Non,Non,Non,Non,Non,Non,Non,Oui,Non,Oui,Non,Non,Non,Pas du tout,Oui,Non,Oui,Oui,Non,Non,Oui,M,1,,M,M,3,,,1,M,,,,,Non,Non,Oui,Non,Non,Oui,Oui,Oui,Oui,Non,Non,Non,Non,Non,Non,,,,Toujours,Non,Non,Non,Non,Oui,Non,Non,Oui,Oui,Non,Non,Non,Non,Non,Non,Non,Non,Non,Non,Oui,Un temps trop important nécessaire à leur mise à disposition.,"Un manque d’habitude de cette pratique dans les communautés de recherche (savoir faire, etc.)",,,Oui,Souvent,Non,Non,Non,Oui,Non,Non,Non,Oui,Non,Oui,Non,Non,Non,Non,Non,Non,Non,Nous sommes entre 2 et 5 personnes,Oui,Non,Non,Non,Non,Non,Oui,Non,Non,Non,Non,Windows,Oui,Non,Non,Non,Non,Oui,Non,Non,Non,Non,Non,Oui,Non,Non,Non,Non,Non,Non,Non,Non,Non,Oui,Non,Non,Non,Non,Non,Non,Non,Non,Non,Non,Non,Non,Non,Non,Non,Non,Oui,Oui,Souvent,Plutôt satisfait,Non,Non,Non,Non,Oui,Non,Non,Non,Oui,Oui,Oui,Oui,Oui,Oui,Oui,Non,Non,Non,Non,Non,Non,Oui,Oui,Non,Moins de cinq ans,Université,Non,Non,Non,Oui,Fonctionnaire ou assimilé,Non,Oui,Oui,Non,Non,Non,Non,Non,Non,autre,Une femme
45,1166,Non,Non,Non,Oui,Non,Non,Non,Non,Non,Non,Non,Non,Non,Non,Non,Non,Non,Non,Non,Non,Non,Non,Non,Non,Non,Non,Non,Oui,Peu,Oui,Non,Oui,Non,Oui,Non,Oui,,,,,,,,,,,,,M,M,Non,Non,Non,Non,Non,Non,Non,Non,Non,Non,Non,Non,Non,Non,Non,,,,,Non,Non,Non,Non,Oui,Non,Non,Non,Non,Non,Non,Non,Non,Non,Non,Non,Non,Non,Non,Oui,"Un manque d’habitude de cette pratique dans les communautés de recherche (savoir faire, etc.)",Un doute sur la capacité de réutilisation des données par d’autres (contextualisation et documentation nécessaire).,Une mauvaise qualité des données en l’état.,"Des barrières juridiques et économiques contraignant leurs partage (contrat de consortium, valorisation, exclusivité, droit d’auteur).",Non applicable,Non applicable,Oui,Oui,Oui,Oui,Oui,Oui,Non,Non,Non,Non,Non,Non,Non,Non,Non,Non,Oui,Je travaille seul.e,,,,,,,,,,,,Windows,Non,Non,Non,Non,Non,Non,Non,Non,Non,Oui,Non,Non,Non,Non,Non,Non,Non,Non,Non,Non,Oui,Non,Non,Non,Non,Non,Non,Non,Non,Non,Oui,Non,Non,Non,Non,Non,Non,Non,Oui,Oui,Parfois,Plutôt insatisfait,Non,Oui,Oui,Oui,Oui,Non,Non,Non,Oui,Oui,Oui,Oui,Oui,Oui,Oui,Non,Oui,Oui,Non,Oui,Oui,Oui,Oui,Non,Moins de cinq ans,Université,Non,Non,Oui,Oui,Fonctionnaire ou assimilé,Non,Non,Non,Non,Oui,Non,Non,Non,Non,,Une femme
46,1192,Non,Non,Non,Oui,Non,Oui,Oui,Oui,Non,Oui,Non,Non,Non,Non,Non,Non,Non,Non,Non,Non,Non,Non,Oui,Non,Oui,Non,Non,Oui,Pas du tout,Non,Non,Non,Oui,Oui,Non,Non,,,,,,,,,,,,,,,Oui,Non,Oui,Oui,Oui,Oui,Oui,Oui,Oui,Non,Non,Non,Non,Oui,Oui,Non applicable,Non applicable,Non applicable,Non applicable,Non,Non,Non,Non,Non,Oui,Oui,Oui,Oui,Non,Oui,Non,Non,Non,Non,Non,Oui,Non,Non,Non,Un temps trop important nécessaire à leur mise à disposition.,"Un manque d’habitude de cette pratique dans les communautés de recherche (savoir faire, etc.)",,,Oui,Toujours,Non,Non,Non,Non,Non,Non,Oui,Non,Oui,Non,Non,Non,Non,Non,Non,Non,Non,Nous sommes entre 2 et 5 personnes,Oui,Oui,Oui,Non,Oui,Non,Oui,Oui,Non,Non,Oui,Windows,Non,Non,Non,Non,Non,Non,Non,Non,Non,Oui,Non,Non,Non,Non,Non,Non,Non,Non,Non,Non,Oui,Non,Non,Non,Non,Non,Non,Non,Non,Non,Oui,Non,Non,Oui,Non,Non,Non,Non,Non,Non applicable,,,Non,Non,Non,Non,Non,Non,Non,Oui,Non,Non,Non,Non,Oui,Non,Oui,Non,Non,Non,Oui,Non,Non,Non,Non,Non,Plus de dix ans,Université,Oui,Non,Non,Non,Fonctionnaire ou assimilé,Non,Non,Oui,Non,Non,Non,Non,Non,Non,autre,Une femme
47,24,Non,Non,Oui,Oui,Non,Oui,Oui,Oui,Non,Oui,Oui,Non,Non,Non,Non,Non,Non,Non,Non,Non,Non,Non,Oui,Non,Oui,Non,Non,Non,Pas du tout,Oui,Non,Non,Non,Oui,Non,Oui,1,M,1,,,,,,,,,,,,Oui,Non,Oui,Non,Non,Oui,Non,Oui,Oui,Non,Non,Non,Non,Oui,Oui,Parfois,Parfois,Jamais,Jamais,Non,Non,Non,Non,Oui,Non,Oui,Non,Oui,Oui,Non,Non,Non,Non,Oui,Non,Non,Non,Non,Non,"Un manque d’habitude de cette pratique dans les communautés de recherche (savoir faire, etc.)",,,,Je ne sais pas,Parfois,Oui,Non,Non,Non,Non,Non,Oui,Non,Oui,Non,Non,Non,Non,Non,Non,Non,Non,Nous sommes entre 2 et 5 personnes,Oui,Oui,Non,Non,Non,Non,Non,Non,Non,Non,Non,MacOS,Non,Non,Non,Non,Non,Oui,Non,Non,Non,Non,Oui,Non,Non,Non,Non,Non,Non,Non,Non,Non,Non,Non,Non,Non,Non,Non,Non,Non,Oui,Non,Non,Non,Non,Oui,Non,Non,Non,Non,Non,Oui,Parfois,"Ni satisfait, ni insatisfait",Oui,Non,Non,Non,Non,Non,Non,Non,Non,Non,Non,Oui,Non,Non,Non,Non,Oui,Non,Non,Oui,Non,Non,Non,Non,Plus de dix ans,autre,Oui,Non,Non,Non,Fonctionnaire ou assimilé,Non,Non,Oui,Non,Non,Non,Non,Non,Non,autre,Une femme
48,68,Non,Non,Oui,Non,Non,Oui,Oui,Non,Non,Non,Oui,Non,Non,Non,Non,Non,Non,Non,Non,Non,Non,Non,Non,Oui,Oui,Non,Non,Non,Pas du tout,Oui,Non,Non,Oui,Oui,Non,Oui,1,M,1,M,P,3,M,,1,2,M,M,M,M,Oui,Non,Non,Non,Non,Oui,Non,Non,Non,Non,Non,Non,Non,Oui,Non,Jamais,Jamais,Jamais,Jamais,Non,Non,Non,Non,Oui,Non,Non,Non,Non,Non,Non,Non,Non,Non,Non,Non,Non,Non,Non,Oui,"Un manque d’habitude de cette pratique dans les communautés de recherche (savoir faire, etc.)",Une mauvaise qualité des données en l’état.,Un temps trop important nécessaire à leur mise à disposition.,La peur d’un renforcement d’inégalités entre des personnes produisant des données d’une part et celles les analysant et en tirant des publications d’autre part.,Non,Parfois,Oui,Oui,Non,Non,Oui,Non,Oui,Non,Non,Non,Non,Non,Non,Non,Non,Non,Non,Nous sommes entre 2 et 5 personnes,Oui,Non,Non,Non,Non,Non,Non,Non,Non,Non,Non,MacOS,Oui,Non,Non,Non,Non,Non,Non,Non,Non,Non,Oui,Non,Non,Non,Non,Non,Non,Non,Non,Non,Non,Non,Non,Non,Non,Non,Non,Non,Oui,Non,Non,Non,Non,Non,Non,Non,Non,Non,Oui,Non,,,Non,Non,Non,Non,Oui,Non,Non,Non,Oui,Oui,Oui,Oui,Oui,Non,Oui,Non,Non,Non,Oui,Oui,Oui,Oui,Oui,Non,Moins de cinq ans,Université,Non,Oui,Non,Non,Contrat doctoral,Non,Non,Oui,Non,Non,Non,Non,Non,Non,sociologie,Une femme
49,73,Non,Non,Oui,Oui,Oui,Oui,Oui,Non,Non,Oui,Oui,Non,Oui,Oui,Oui,Non,Non,Non,Non,Non,Non,Non,Oui,Non,Oui,Non,Non,Non,Tout à fait,Non,Non,Non,Oui,Non,Non,Non,2,,,1,M,2,,M,M,M,M,M,,M,Oui,Non,Oui,Oui,Non,Non,Oui,Non,Oui,Non,Non,Non,Oui,Non,Non,Souvent,Jamais,Jamais,Jamais,Non,Non,Non,Non,Oui,Non,Non,Non,Non,Oui,Oui,Non,Non,Non,Non,Non,Non,Non,Non,Non,Un temps trop important nécessaire à leur mise à disposition.,Une peur de mésusage des données par les personnes les réutilisant.,La peur d’un renforcement d’inégalités entre des personnes produisant des données d’une part et celles les analysant et en tirant des publications d’autre part.,,Non,Parfois,Non,Oui,Non,Non,Oui,Non,Non,Non,Non,Non,Oui,Non,Non,Non,Non,Non,Non,Je travaille seul.e,,,,,,,,,,,,Windows,Oui,Non,Non,Non,Oui,Non,Non,Non,Non,Non,Non,Non,Non,Non,Non,Non,Oui,Non,Non,Non,Non,Non,Non,Non,Non,Non,Non,Non,Oui,Non,Non,Non,Oui,Oui,Oui,Non,Non,Non,Non,Non,,,Oui,Oui,Oui,Non,Non,Non,Non,Non,Non,Oui,Non,Oui,Non,Non,Non,Non,Non,Non,Oui,Non,Non,Non,Non,Non,Plus de dix ans,CNRS,Oui,Non,Non,Non,Fonctionnaire ou assimilé,Non,Non,Oui,Non,Non,Non,Non,Non,Non,sociologie,Un homme
50,81,Non,Non,Oui,Oui,Non,Oui,Non,Non,Non,Non,Non,Non,Oui,Oui,Oui,Non,Non,Non,Non,Non,Non,Non,Oui,Non,Oui,Non,Non,Non,Assez,Non,Non,Non,Non,Non,Non,Oui,1,,1,M,1,2,,M,M,M,M,,,,Non,Non,Oui,Non,Oui,Oui,Non,Non,Oui,Non,Non,Non,Non,Oui,Non,Parfois,Parfois,Jamais,Jamais,Non,Non,Non,Non,Oui,Non,Non,Oui,Non,Non,Non,Non,Non,Non,Non,Non,Non,Non,Non,Non,Une volonté de valoriser le travail effectué avant un partage pour garder un avantage compétitif.,Un doute sur la capacité de réutilisation des données par d’autres (contextualisation et documentation nécessaire).,Des conditions éthiques limitant leur partage.,Un temps trop important nécessaire à leur mise à disposition.,Je ne sais pas,Souvent,Non,Non,Oui,Non,Oui,Non,Non,Non,Oui,Non,Non,Non,Non,Non,Non,Non,Non,Nous sommes entre 6 et 10 personnes,Oui,Oui,Non,Non,Non,Non,Non,Non,Non,Non,Non,Windows,Oui,Non,Non,Non,Oui,Non,Non,Non,Non,Non,Non,Oui,Oui,Non,Non,Non,Non,Non,Non,Non,Non,Oui,Non,Non,Non,Non,Oui,Non,Non,Non,Non,Non,Non,Oui,Oui,Non,Non,Non,Non,Oui,Parfois,,Non,Non,Non,Oui,Non,Oui,Non,Non,Non,Non,Non,Oui,Oui,Non,Non,Non,Non,Oui,Oui,Non,Non,Non,Non,Non,Cinq à dix ans,CNRS,Oui,Non,Non,Non,Fonctionnaire ou assimilé,Non,Non,Oui,Non,Non,Non,Non,Non,Non,autre,Une femme
51,87,Non,Non,Oui,Oui,Non,Oui,Oui,Oui,Oui,Oui,Oui,Non,Non,Oui,Oui,Non,Oui,Non,Non,Non,Non,Non,Oui,Non,Oui,Non,Non,Non,Assez,Non,Oui,Non,Non,Non,Non,Oui,1,,1,,,3,3,,,M,M,,M,M,Oui,Non,Oui,Oui,Oui,Oui,Non,Non,Oui,Non,Non,Non,Non,Oui,Oui,Parfois,Jamais,Jamais,Jamais,Non,Non,Non,Non,Oui,Non,Non,Non,Non,Non,Non,Non,Non,Non,Non,Non,Non,Non,Non,Oui,Un doute sur la capacité de réutilisation des données par d’autres (contextualisation et documentation nécessaire).,Une peur de mésusage des données par les personnes les réutilisant.,Un temps trop important nécessaire à leur mise à disposition.,Des conditions éthiques limitant leur partage.,Non,Parfois,Oui,Non,Non,Non,Oui,Oui,Oui,Non,Oui,Non,Non,Non,Non,Non,Non,Non,Non,Nous sommes entre 2 et 5 personnes,Non,Oui,Oui,Non,Non,Non,Non,Non,Non,Non,Non,Windows,Oui,Non,Non,Non,Oui,Non,Oui,Non,Non,Non,Non,Oui,Oui,Non,Non,Non,Non,Non,Oui,Non,Non,Non,Non,Non,Oui,Non,Non,Non,Non,Non,Non,Non,Non,Oui,Oui,Non,Non,Non,Non,Oui,Jamais,Très insatisfait,Oui,Oui,Non,Non,Oui,Oui,Oui,Non,Oui,Oui,Non,Oui,Oui,Oui,Non,Non,Non,Non,Non,Non,Non,Non,Non,Oui,Plus de dix ans,autre,Oui,Non,Non,Non,Fonctionnaire ou assimilé,Oui,Non,Non,Non,Non,Non,Non,Non,Non,autre,Une femme
52,92,Non,Non,Oui,Oui,Non,Oui,Oui,Non,Non,Oui,Oui,Non,Non,Non,Non,Non,Non,Non,Non,Non,Non,Non,Oui,Non,Oui,Non,Non,Non,Peu,Oui,Non,Non,Oui,Non,Non,Oui,3,1,1,,,,,,,M,,,,,Oui,Non,Non,Non,Non,Oui,Oui,Oui,Oui,Non,Non,Non,Non,Oui,Non,Jamais,Jamais,Jamais,Jamais,Non,Non,Non,Non,Oui,Non,Non,Non,Non,Non,Non,Non,Non,Non,Non,Non,Non,Non,Non,Oui,Une volonté de valoriser le travail effectué avant un partage pour garder un avantage compétitif.,Une peur de mésusage des données par les personnes les réutilisant.,Des conditions éthiques limitant leur partage.,,Oui,Parfois,Non,Non,Non,Non,Oui,Oui,Oui,Non,Oui,Non,Non,Non,Non,Non,Non,Non,Non,Je travaille seul.e,,,,,,,,,,,,MacOS,Oui,Non,Non,Non,Non,Non,Non,Non,Non,Non,Non,Non,Non,Non,Non,Non,Non,Non,Non,Non,Oui,Non,Non,Non,Non,Non,Non,Non,Oui,Non,Non,Non,Non,Oui,Non,Non,Non,Non,Oui,Non,,,Non,Non,Non,Non,Oui,Non,Non,Non,Non,Oui,Oui,Oui,Non,Non,Non,Non,Non,Non,Non,Non,Non,Non,Non,Oui,Moins de cinq ans,Université,Non,Oui,Non,Non,Contrat doctoral,Non,Non,Oui,Non,Non,Non,Non,Non,Non,histoire,Un homme
53,114,Non,Non,Non,Oui,Non,Oui,Oui,Non,Non,Oui,Oui,Non,Oui,Non,Oui,Non,Non,Non,Non,Oui,Non,Non,Oui,Non,Oui,Non,Non,Oui,Tout à fait,Non,Oui,Oui,Oui,Non,Non,Non,P,1,M,1,M,1,M,M,M,M,M,M,M,M,Non,Non,Oui,Oui,Non,Oui,Non,Oui,Oui,Non,Non,Non,Non,Oui,Non,Parfois,Jamais,Jamais,Jamais,Oui,Non,Non,Non,Non,Non,Non,Non,Oui,Non,Non,Non,Non,Non,Non,Non,Non,Non,Non,Oui,Une volonté de valoriser le travail effectué avant un partage pour garder un avantage compétitif.,Un temps trop important nécessaire à leur mise à disposition.,,,Oui,Souvent,Non,Non,Oui,Non,Oui,Non,Oui,Non,Oui,Non,Non,Non,Non,Non,Non,Non,Non,Je travaille seul.e,,,,,,,,,,,,Windows,Oui,Non,Oui,Non,Non,Oui,Non,Non,Non,Non,Oui,Oui,Non,Non,Non,Non,Oui,Non,Non,Non,Non,Non,Non,Oui,Non,Non,Non,Oui,Oui,Oui,Non,Non,Non,Non,Non,Non,Non,Non,Oui,Oui,Parfois,,Non,Non,Non,Non,Oui,Non,Non,Non,Oui,Non,Non,Non,Oui,Oui,Non,Non,Oui,Non,Non,Non,Oui,Oui,Non,Non,Plus de dix ans,Université,Non,Non,Non,Oui,Fonctionnaire ou assimilé,Non,Non,Oui,Non,Non,Non,Non,Non,Non,histoire,Un homme
54,115,Non,Non,Non,Oui,Oui,Oui,Oui,Non,Non,Oui,Non,Non,Oui,Oui,Oui,Non,Non,Non,Non,Non,Non,Non,Oui,Oui,Oui,Non,Non,Non,Pas du tout,Oui,Non,Non,Oui,Non,Non,Non,1,1,1,1,1,1,,,,,,,,,Non,Non,Oui,Non,Non,Oui,Non,Oui,Oui,Non,Non,Non,Non,Oui,Oui,Souvent,Jamais,Parfois,Jamais,Non,Non,Non,Non,Oui,Non,Non,Non,Non,Non,Non,Non,Non,Non,Non,Non,Non,Non,Non,Oui,"Un manque d’habitude de cette pratique dans les communautés de recherche (savoir faire, etc.)",Un doute sur la capacité de réutilisation des données par d’autres (contextualisation et documentation nécessaire).,La peur d’un renforcement d’inégalités entre des personnes produisant des données d’une part et celles les analysant et en tirant des publications d’autre part.,"Des barrières juridiques et économiques contraignant leurs partage (contrat de consortium, valorisation, exclusivité, droit d’auteur).",Oui,Parfois,Non,Non,Non,Non,Oui,Non,Oui,Non,Oui,Non,Non,Non,Non,Non,Non,Non,Non,Je travaille seul.e,,,,,,,,,,,,Windows,Oui,Non,Oui,Oui,Oui,Non,Non,Oui,Non,Non,Oui,Oui,Oui,Non,Non,Non,Oui,Non,Oui,Non,Non,Non,Non,Oui,Non,Non,Oui,Oui,Oui,Oui,Non,Non,Non,Non,Non,Non,Non,Non,Oui,Oui,Parfois,Plutôt satisfait,Non,Non,Non,Non,Non,Non,Non,Oui,Non,Oui,Oui,Non,Non,Non,Non,Non,Oui,Oui,Oui,Non,Non,Oui,Oui,Non,Plus de dix ans,Université,Oui,Non,Non,Non,Fonctionnaire ou assimilé,Non,Non,Oui,Non,Non,Non,Non,Non,Non,histoire,Un homme
55,119,Non,Non,Oui,Oui,Non,Oui,Non,Non,Non,Oui,Oui,Non,Non,Non,Oui,Non,Non,Non,Non,Non,Non,Non,Oui,Oui,Non,Non,Non,Non,Peu,Non,Non,Non,Oui,Oui,Non,Oui,3,M,,,M,3,,,,,,,,,Oui,Non,Non,Non,Non,Non,Oui,Oui,Non,Non,Non,Non,Non,Oui,Non,Parfois,Jamais,Jamais,Jamais,Oui,Non,Non,Non,Non,Non,Non,Non,Non,Non,Non,Oui,Non,Non,Non,Non,Non,Non,Non,Non,"Un manque d’habitude de cette pratique dans les communautés de recherche (savoir faire, etc.)",Un doute sur la capacité de réutilisation des données par d’autres (contextualisation et documentation nécessaire).,,,Je ne sais pas,Parfois,Oui,Non,Non,Non,Non,Oui,Oui,Non,Oui,Non,Non,Non,Non,Non,Non,Non,Non,Nous sommes entre 2 et 5 personnes,Oui,Non,Non,Non,Non,Non,Non,Non,Non,Non,Non,MacOS,Oui,Non,Non,Non,Non,Non,Non,Non,Non,Non,Non,Oui,Non,Non,Non,Non,Non,Non,Non,Non,Non,Oui,Non,Non,Non,Non,Non,Non,Non,Non,Non,Non,Non,Oui,Non,Non,Non,Non,Non,Non,,,Non,Oui,Non,Oui,Oui,Non,Non,Non,Non,Non,Oui,Non,Non,Non,Non,Non,Non,Non,Oui,Non,Non,Non,Oui,Non,Cinq à dix ans,autre,Oui,Non,Non,Non,Fonctionnaire ou assimilé,Non,Non,Oui,Non,Non,Non,Non,Non,Non,,
56,132,Non,Non,Oui,Oui,Non,Oui,Non,Non,Non,Oui,Non,Non,Oui,Non,Oui,Non,Non,Non,Non,Non,Non,Non,Non,Non,Non,Non,Non,Oui,Assez,Oui,Non,Non,Oui,Oui,Non,Non,,,M,,,,,,M,1,,,M,P,Oui,Non,Non,Oui,Oui,Oui,Oui,Oui,Oui,Non,Oui,Non,Non,Oui,Oui,Parfois,Jamais,Jamais,Jamais,Non,Non,Non,Non,Oui,Non,Non,Non,Non,Non,Non,Non,Non,Non,Non,Non,Non,Non,Non,Oui,Un doute sur la capacité de réutilisation des données par d’autres (contextualisation et documentation nécessaire).,Une peur de mésusage des données par les personnes les réutilisant.,"Un manque d’habitude de cette pratique dans les communautés de recherche (savoir faire, etc.)",Un temps trop important nécessaire à leur mise à disposition.,Non,Parfois,Oui,Oui,Oui,Oui,Oui,Oui,Oui,Oui,Non,Non,Non,Non,Non,Oui,Non,Non,Non,Nous sommes entre 2 et 5 personnes,Oui,Oui,Oui,Non,Non,Oui,Non,Non,Non,Non,Non,MacOS,Oui,Non,Non,Non,Non,Non,Non,Non,Non,Non,Non,Non,Non,Non,Non,Non,Non,Non,Non,Non,Oui,Oui,Non,Non,Oui,Non,Oui,Non,Non,Non,Non,Non,Non,Oui,Oui,Non,Non,Non,Non,Oui,Souvent,Plutôt insatisfait,Oui,Non,Oui,Oui,Non,Oui,Oui,Non,Oui,Non,Non,Oui,Oui,Non,Non,Non,Oui,Non,Oui,Non,Non,Non,Oui,Non,Plus de dix ans,CNRS,Non,Non,Oui,Non,Fonctionnaire ou assimilé,Non,Non,Oui,Non,Non,Non,Non,Non,Non,sociologie,Une femme
57,135,Non,Non,Oui,Oui,Oui,Oui,Oui,Non,Non,Oui,Oui,Non,Oui,Non,Oui,Non,Non,Non,Non,Oui,Non,Non,Oui,Non,Oui,Non,Non,Oui,Assez,Oui,Non,Non,Oui,Oui,Non,Non,2,M,1,M,M,1,M,M,M,M,M,M,1,1,Oui,Non,Oui,Oui,Non,Oui,Oui,Oui,Oui,Non,Non,Non,Non,Oui,Oui,Souvent,Jamais,Jamais,Jamais,Non,Non,Oui,Non,Non,Non,Non,Non,Non,Non,Non,Non,Non,Non,Non,Non,Non,Non,Non,Oui,Un doute sur la capacité de réutilisation des données par d’autres (contextualisation et documentation nécessaire).,Des conditions éthiques limitant leur partage.,,,Non,Parfois,Non,Oui,Non,Non,Non,Oui,Non,Oui,Oui,Non,Non,Non,Non,Non,Non,Non,Non,Nous sommes entre 2 et 5 personnes,Oui,Non,Non,Non,Non,Non,Non,Non,Non,Non,Non,MacOS,Oui,Non,Non,Non,Non,Non,Non,Oui,Non,Non,Non,Oui,Oui,Non,Non,Non,Non,Non,Non,Non,Non,Oui,Oui,Non,Non,Non,Oui,Non,Oui,Non,Non,Non,Non,Oui,Oui,Non,Non,Non,Non,Oui,Parfois,Plutôt insatisfait,Non,Non,Non,Oui,Oui,Non,Oui,Non,Oui,Non,Non,Oui,Oui,Non,Non,Non,Oui,Non,Oui,Non,Non,Non,Non,Non,Plus de dix ans,,Oui,Non,Non,Non,Fonctionnaire ou assimilé,Non,Non,Oui,Non,Non,Non,Non,Non,Non,sociologie,Une femme
58,137,Non,Non,Oui,Oui,Oui,Oui,Oui,Non,Non,Oui,Oui,Oui,Oui,Oui,Oui,Non,Oui,Oui,Non,Non,Non,Non,Oui,Oui,Oui,Non,Non,Non,Assez,Non,Non,Non,Oui,Non,Non,Non,2,1,1,1,M,2,M,M,M,M,M,M,1,M,Oui,Non,Oui,Non,Oui,Non,Non,Non,Oui,Non,Non,Oui,Oui,Oui,Oui,Parfois,Jamais,Parfois,Parfois,Non,Non,Non,Non,Oui,Non,Non,Non,Non,Non,Oui,Non,Non,Non,Non,Non,Non,Non,Non,Non,La peur d’un renforcement d’inégalités entre des personnes produisant des données d’une part et celles les analysant et en tirant des publications d’autre part.,Un doute sur la capacité de réutilisation des données par d’autres (contextualisation et documentation nécessaire).,Une peur de mésusage des données par les personnes les réutilisant.,Un temps trop important nécessaire à leur mise à disposition.,Oui,Parfois,Non,Non,Non,Oui,Oui,Non,Oui,Non,Non,Oui,Non,Non,Non,Non,Non,Non,Non,Nous sommes entre 2 et 5 personnes,Oui,Oui,Oui,Non,Non,Non,Non,Non,Non,Oui,Non,Windows,Oui,Non,Oui,Non,Non,Oui,Non,Oui,Non,Non,Non,Non,Oui,Non,Non,Non,Non,Non,Non,Non,Non,Oui,Oui,Non,Oui,Non,Non,Non,Non,Non,Non,Non,Non,Oui,Non,Non,Non,Non,Non,Oui,Parfois,Plutôt satisfait,Non,Oui,Oui,Non,Non,Non,Oui,Non,Non,Non,Non,Oui,Oui,Oui,Oui,Non,Non,Non,Non,Oui,Oui,Oui,Non,Non,Plus de dix ans,autre,Oui,Non,Non,Non,Fonctionnaire ou assimilé,Non,Non,Oui,Non,Non,Non,Non,Non,Non,géographie,Une femme
59,142,Non,Non,Oui,Oui,Non,Oui,Oui,Non,Non,Oui,Oui,Oui,Oui,Oui,Oui,Non,Non,Non,Non,Non,Non,Non,Non,Non,Non,Non,Non,Oui,Assez,Non,Non,Non,Oui,Non,Non,Non,2,M,P,,1,P,1,M,2,,M,,,M,Oui,Non,Oui,Non,Oui,Oui,Oui,Non,Oui,Non,Non,Non,Non,Non,Oui,Parfois,Parfois,Parfois,Jamais,Non,Non,Non,Non,Oui,Non,Non,Oui,Oui,Non,Non,Non,Non,Oui,Non,Non,Non,Non,Non,Non,Une volonté de valoriser le travail effectué avant un partage pour garder un avantage compétitif.,La peur d’un renforcement d’inégalités entre des personnes produisant des données d’une part et celles les analysant et en tirant des publications d’autre part.,Un temps trop important nécessaire à leur mise à disposition.,Une peur de mésusage des données par les personnes les réutilisant.,Oui,Souvent,Non,Non,Non,Non,Non,Non,Oui,Oui,Non,Oui,Oui,Non,Non,Non,Non,Non,Non,Nous sommes entre 2 et 5 personnes,Oui,Non,Non,Non,Non,Non,Non,Non,Non,Non,Oui,MacOS,Oui,Non,Non,Non,Non,Oui,Non,Non,Non,Non,Oui,Non,Non,Non,Non,Non,Non,Non,Non,Non,Non,Non,Non,Non,Non,Non,Non,Non,Oui,Non,Non,Non,Oui,Oui,Non,Non,Non,Non,Non,Oui,Parfois,Très insatisfait,Non,Oui,Oui,Oui,Non,Non,Non,Non,Non,Non,Non,Non,Non,Non,Non,Oui,Oui,Oui,Non,Non,Non,Non,Non,Non,Moins de cinq ans,CNRS,Oui,Non,Non,Non,En CDI,Non,Non,Oui,Non,Non,Non,Non,Non,Non,,Une femme
60,161,Non,Non,Oui,Oui,Non,Oui,Oui,Non,Non,Oui,Oui,Non,Non,Non,Oui,Non,Non,Non,Non,Non,Non,Non,Oui,Non,Oui,Non,Non,Non,Peu,Non,Non,Non,Oui,Oui,Non,Non,2,M,1,,M,3,,,M,,M,,1,1,Oui,Non,Oui,Oui,Oui,Oui,Oui,Oui,Oui,Non,Non,Non,Oui,Oui,Oui,Toujours,Parfois,Jamais,Jamais,Non,Non,Non,Non,Oui,Non,Non,Non,Non,Non,Non,Non,Non,Non,Non,Non,Non,Non,Non,Oui,"Un manque d’habitude de cette pratique dans les communautés de recherche (savoir faire, etc.)",Une peur de mésusage des données par les personnes les réutilisant.,Des conditions éthiques limitant leur partage.,"Des barrières juridiques et économiques contraignant leurs partage (contrat de consortium, valorisation, exclusivité, droit d’auteur).",Oui,Parfois,Non,Oui,Non,Oui,Non,Oui,Oui,Oui,Oui,Non,Non,Non,Non,Non,Non,Non,Non,Nous sommes entre 6 et 10 personnes,Oui,Oui,Non,Non,Non,Non,Non,Non,Non,Non,Non,MacOS,Oui,Non,Non,Non,Non,Non,Non,Non,Non,Non,Non,Non,Non,Non,Non,Non,Non,Non,Non,Non,Oui,Oui,Oui,Non,Oui,Non,Non,Non,Oui,Oui,Non,Non,Non,Oui,Oui,Non,Oui,Non,Non,Oui,Jamais,,Non,Non,Non,Non,Non,Non,Non,Oui,Non,Oui,Oui,Oui,Non,Non,Non,Non,Non,Non,Oui,Non,Non,Oui,Oui,Non,Plus de dix ans,Université,Oui,Non,Non,Non,Fonctionnaire ou assimilé,Non,Non,Oui,Non,Non,Non,Non,Non,Non,sociologie,Une femme
61,172,Non,Non,Oui,Oui,Non,Oui,Non,Non,Non,Oui,Oui,Non,Non,Non,Non,Non,Non,Non,Non,Non,Non,Non,Oui,Non,Oui,Non,Non,Non,Pas du tout,Non,Non,Non,Oui,Non,Non,Non,1,,,,,2,,,1,,,,,,Oui,Non,Non,Non,Non,Non,Non,Non,Oui,Non,Non,Non,Non,Non,Non,Jamais,Jamais,Jamais,Jamais,Non,Non,Non,Non,Oui,Non,Non,Non,Non,Non,Non,Non,Non,Non,Non,Non,Non,Non,Non,Oui,Des conditions éthiques limitant leur partage.,Une peur de mésusage des données par les personnes les réutilisant.,Une volonté de valoriser le travail effectué avant un partage pour garder un avantage compétitif.,La peur d’un renforcement d’inégalités entre des personnes produisant des données d’une part et celles les analysant et en tirant des publications d’autre part.,Oui,Jamais,Non,Oui,Oui,Oui,Oui,Oui,Oui,Non,Non,Non,Oui,Non,Non,Oui,Non,Non,Non,Nous sommes entre 2 et 5 personnes,Oui,Non,Non,Non,Non,Non,Non,Non,Non,Non,Non,Windows,Oui,Non,Non,Non,Non,Non,Non,Non,Non,Non,Oui,Non,Non,Non,Non,Non,Non,Non,Non,Non,Non,Oui,Oui,Non,Non,Non,Non,Non,Non,Non,Non,Non,Non,Oui,Non,Non,Non,Non,Non,Oui,Jamais,,Non,Non,Non,Non,Non,Non,Non,Oui,Non,Non,Non,Non,Non,Oui,Oui,Non,Oui,Oui,Non,Non,Non,Non,Non,Non,Plus de dix ans,Université,Oui,Non,Non,Non,Fonctionnaire ou assimilé,Non,Non,Oui,Non,Non,Non,Non,Non,Non,,Une femme
62,173,Non,Non,Oui,Oui,Non,Oui,Oui,Non,Non,Oui,Oui,Non,Non,Non,Oui,Non,Oui,Non,Non,Non,Non,Non,Non,Non,Non,Non,Non,Oui,Peu,Non,Non,Non,Oui,Non,Non,Oui,2,,1,,,3,,,2,M,M,,,,Non,Non,Oui,Oui,Non,Oui,Oui,Oui,Oui,Non,Non,Non,Oui,Oui,Oui,Jamais,Jamais,Jamais,Jamais,Non,Non,Non,Non,Non,Oui,Non,Non,Non,Non,Non,Non,Non,Non,Non,Non,Non,Non,Non,Oui,Une volonté de valoriser le travail effectué avant un partage pour garder un avantage compétitif.,Une peur de mésusage des données par les personnes les réutilisant.,Un temps trop important nécessaire à leur mise à disposition.,Une mauvaise qualité des données en l’état.,Je ne sais pas,Parfois,Non,Oui,Non,Non,Oui,Oui,Oui,Non,Non,Non,Non,Non,Non,Non,Oui,Non,Non,Je travaille seul.e,,,,,,,,,,,,Windows,Oui,Non,Oui,Non,Non,Non,Non,Non,Oui,Non,,,,,,,,,,,,,,,,,,,,,,Non,Non,Non,Non,Non,Non,Non,Oui,Non applicable,,,Non,Oui,Non,Non,Non,Non,Non,Non,Oui,Oui,Oui,Oui,Oui,Oui,Oui,Non,Non,Non,Oui,Non,Non,Oui,Oui,Non,Moins de cinq ans,Université,Non,Oui,Non,Non,Autre (précisez en commentaire),Non,Non,Oui,Non,Non,Non,Non,Non,Non,sociologie,Une femme
63,180,Non,Non,Oui,Oui,Non,Oui,Non,Non,Non,Non,Oui,Non,Oui,Non,Oui,Non,Non,Non,Non,Non,Non,Non,Oui,Non,Non,Non,Non,Non,Assez,Non,Non,Non,Non,Non,Non,Non,P,M,1,1,M,3,M,M,M,1,1,M,M,M,Oui,Non,Non,Non,Non,Oui,Oui,Oui,Oui,Non,Non,Non,Oui,Oui,Oui,Parfois,Jamais,Jamais,Jamais,Non,Non,Non,Non,Oui,Non,Non,Non,Non,Non,Non,Non,Non,Non,Non,Non,Non,Non,Non,Oui,La peur d’un renforcement d’inégalités entre des personnes produisant des données d’une part et celles les analysant et en tirant des publications d’autre part.,,,,Oui,Jamais,Non,Oui,Oui,Oui,Oui,Non,Oui,Non,Oui,Oui,Non,Non,Non,Non,Non,Non,Non,Nous sommes entre 6 et 10 personnes,Oui,Oui,Non,Non,Non,Non,Non,Non,Non,Non,Non,MacOS,Oui,Non,Non,Non,Oui,Non,Non,Non,Non,Non,Non,Oui,Non,Non,Non,Non,Non,Oui,Oui,Non,Non,Oui,Non,Oui,Oui,Oui,Non,Non,Non,Oui,Non,Non,Oui,Oui,Oui,Non,Non,Non,Non,Oui,Parfois,Très insatisfait,Oui,Non,Non,Non,Non,Non,Non,Non,Non,Non,Oui,Oui,Oui,Non,Non,Non,Oui,Non,Oui,Non,Non,Non,Non,Non,Cinq à dix ans,ne souhaite pas le dire,Non,Oui,Non,Non,Autre (précisez en commentaire),Non,Non,Oui,Non,Non,Non,Non,Non,Non,sociologie,Une femme
64,182,Non,Non,Oui,Oui,Non,Oui,Oui,Non,Non,Non,Non,Non,Oui,Non,Oui,Non,Oui,Non,Non,Non,Non,Non,Oui,Non,Oui,Non,Non,Non,Assez,Oui,Non,Non,Oui,Non,Non,Oui,2,M,2,M,M,2,M,,M,,M,,M,,Oui,Non,Non,Non,Oui,Non,Non,Oui,Oui,Non,Non,Non,Non,Oui,Oui,Parfois,Jamais,Jamais,Jamais,Non,Non,Non,Non,Oui,Non,Non,Non,Non,Non,Non,Non,Non,Non,Non,Non,Non,Non,Non,Oui,Un doute sur la capacité de réutilisation des données par d’autres (contextualisation et documentation nécessaire).,Une peur de mésusage des données par les personnes les réutilisant.,"Un manque d’habitude de cette pratique dans les communautés de recherche (savoir faire, etc.)",,Je ne sais pas,Parfois,Non,Non,Non,Non,Oui,Non,Oui,Non,Oui,Non,Non,Non,Non,Non,Non,Non,Non,Nous sommes entre 2 et 5 personnes,Oui,Oui,Non,Non,Non,Non,Non,Non,Non,Non,Non,Windows,Oui,Non,Non,Non,Non,Non,Non,Non,Non,Non,Oui,Oui,Non,Non,Non,Oui,Non,Non,Non,Non,Non,Oui,Non,Oui,Non,Non,Non,Non,Oui,Non,Non,Non,Non,Oui,Non,Non,Non,Non,Non,Oui,Parfois,"Ni satisfait, ni insatisfait",Non,Oui,Non,Oui,Non,Oui,Non,Non,Oui,Oui,Oui,Oui,Oui,Non,Oui,Non,Non,Non,Oui,Non,Oui,Non,Oui,Non,Plus de dix ans,école,Oui,Non,Non,Non,En CDI,Non,Non,Oui,Non,Non,Non,Non,Non,Non,sociologie,Un homme
65,188,Non,Non,Oui,Oui,Non,Oui,Oui,Non,Non,Non,Oui,Non,Oui,Non,Oui,Non,Non,Non,Non,Non,Non,Non,Oui,Non,Oui,Non,Oui,Non,Tout à fait,Non,Non,Non,Non,Non,Non,Non,P,M,2,,2,3,2,1,2,M,2,,1,2,Oui,Oui,Oui,Oui,Non,Oui,Oui,Oui,Oui,Non,Non,Non,Non,Non,Oui,Parfois,Parfois,Jamais,Jamais,Non,Non,Non,Non,Oui,Non,Non,Oui,Oui,Non,Non,Non,Non,Non,Non,Non,Non,Non,Non,Non,Un temps trop important nécessaire à leur mise à disposition.,Des conditions éthiques limitant leur partage.,"Des barrières juridiques et économiques contraignant leurs partage (contrat de consortium, valorisation, exclusivité, droit d’auteur).",Un doute sur la capacité de réutilisation des données par d’autres (contextualisation et documentation nécessaire).,Non,Souvent,Oui,Non,Non,Non,Oui,Oui,Oui,Non,Oui,Non,Non,Non,Non,Non,Non,Non,Non,Nous sommes entre 2 et 5 personnes,Oui,Oui,Oui,Non,Oui,Non,Non,Non,Non,Non,Oui,MacOS,Oui,Non,Non,Non,Non,Non,Non,Non,Oui,Non,,,,,,,,,,,,,,,,,,,,,,Non,Non,Non,Non,Non,Non,Non,Oui,Oui,Jamais,,Oui,Non,Non,Non,Non,Non,Non,Non,Non,Non,Non,Oui,Non,Non,Oui,Non,Non,Non,Non,Non,Non,Non,Non,Oui,Cinq à dix ans,autre,Non,Oui,Non,Non,En CDD,Non,Non,Non,Non,Non,Non,Non,Non,Non,autre,Autre
66,190,Non,Non,Oui,Non,Non,Oui,Oui,Non,Non,Oui,Oui,Non,Non,Non,Non,Non,Non,Non,Non,Non,Non,Non,Non,Oui,Non,Non,Non,Non,Assez,Non,Oui,Non,Oui,Non,Non,Non,2,,2,,,2,,,,M,,,,1,Non,Non,Non,Non,Non,Oui,Oui,Oui,Oui,Non,Non,Non,Non,Non,Oui,Parfois,Jamais,Jamais,Jamais,Non,Non,Non,Non,Oui,Non,Oui,Oui,Non,Non,Non,Non,Non,Non,Non,Non,Non,Non,Non,Non,Des conditions éthiques limitant leur partage.,Un doute sur la capacité de réutilisation des données par d’autres (contextualisation et documentation nécessaire).,Une peur de mésusage des données par les personnes les réutilisant.,,Oui,Parfois,Non,Non,Non,Oui,Non,Non,Non,Non,Non,Oui,Non,Non,Non,Non,Non,Non,Non,Nous sommes entre 6 et 10 personnes,Oui,Oui,Oui,Non,Non,Non,Non,Non,Non,Non,Oui,Windows,Oui,Non,Non,Non,Non,Non,Non,Non,Non,Non,Oui,Non,Oui,Non,Non,Non,Oui,Non,Non,Non,Non,Non,Non,Non,Non,Oui,Oui,Non,Oui,Non,Non,Non,Non,Oui,Non,Non,Oui,Non,Non,Oui,Parfois,Plutôt insatisfait,Non,Oui,Non,Non,Oui,Non,Oui,Non,Non,Oui,Non,Non,Non,Non,Non,Non,Non,Non,Oui,Non,Non,Non,Oui,Non,Plus de dix ans,école,Oui,Non,Non,Non,Fonctionnaire ou assimilé,Non,Non,Oui,Non,Non,Non,Non,Non,Non,sociologie,Un homme
67,192,Non,Non,Oui,Non,Non,Oui,Oui,Oui,Non,Oui,Oui,Non,Non,Non,Non,Non,Non,Non,Non,Non,Non,Non,Oui,Oui,Oui,Non,Non,Non,Assez,Non,Non,Oui,Oui,Non,Non,Non,1,M,1,M,,M,,,M,1,1,M,M,M,Oui,Non,Non,Non,Non,Oui,Oui,Non,Oui,Non,Non,Non,Oui,Oui,Oui,Souvent,Jamais,Jamais,Jamais,Non,Non,Non,Non,Oui,Non,Non,Non,Non,Non,Non,Non,Non,Non,Non,Non,Non,Non,Non,Oui,Des conditions éthiques limitant leur partage.,Une peur de mésusage des données par les personnes les réutilisant.,Un doute sur la capacité de réutilisation des données par d’autres (contextualisation et documentation nécessaire).,La peur d’un renforcement d’inégalités entre des personnes produisant des données d’une part et celles les analysant et en tirant des publications d’autre part.,Je ne sais pas,Jamais,Non,Non,Non,Oui,Oui,Non,Non,Oui,Non,Oui,Oui,Non,Non,Non,Non,Non,Non,Nous sommes entre 2 et 5 personnes,Oui,Oui,Oui,Non,Non,Non,Non,Non,Non,Non,Non,Windows,Non,Non,Non,Non,Non,Non,Non,Non,Non,Oui,Non,Non,Non,Non,Non,Non,Non,Non,Non,Non,Oui,Non,Non,Non,Non,Non,Non,Non,Non,Non,Oui,Non,Non,Oui,Oui,Non,Non,Oui,Non,Oui,Souvent,Plutôt insatisfait,Non,Non,Non,Non,Non,Non,Non,Oui,Non,Non,Non,Non,Non,Non,Non,Oui,Non,Non,Non,Non,Non,Non,Non,Oui,Plus de dix ans,école,Non,Non,Oui,Non,Fonctionnaire ou assimilé,Non,Non,Oui,Non,Non,Non,Non,Non,Non,sociologie,Un homme
68,209,Non,Non,Oui,Oui,Non,Oui,Oui,Non,Non,Oui,Oui,Non,Oui,Non,Oui,Non,Non,Non,Non,Oui,Non,Non,Non,Non,Non,Non,Non,Non,Peu,Non,Non,Oui,Non,Non,Non,Oui,3,,1,,,1,,,,,,,,,Oui,Non,Oui,Non,Non,Oui,Non,Oui,Oui,Non,Non,Non,Non,Non,Non,Parfois,Jamais,Jamais,Jamais,Non,Non,Non,Non,Oui,Non,Non,Non,Non,Non,Non,Non,Non,Non,Oui,Non,Non,Non,Non,Non,Un temps trop important nécessaire à leur mise à disposition.,Une mauvaise qualité des données en l’état.,Un doute sur la capacité de réutilisation des données par d’autres (contextualisation et documentation nécessaire).,"Un manque d’habitude de cette pratique dans les communautés de recherche (savoir faire, etc.)",Non,Parfois,Non,Non,Non,Non,Oui,Non,Non,Oui,Non,Non,Oui,Non,Non,Non,Non,Non,Non,Je travaille seul.e,,,,,,,,,,,,Windows,Oui,Non,Non,Non,Non,Non,Non,Oui,Non,Non,Non,Non,Non,Non,Non,Non,Oui,Oui,Oui,Non,Non,Oui,Non,Oui,Oui,Non,Oui,Non,Oui,Non,Non,Non,Non,Oui,Oui,Non,Non,Non,Oui,Oui,Parfois,Plutôt satisfait,Non,Non,Non,Non,Non,Non,Non,Oui,Non,Oui,Oui,Non,Non,Non,Non,Non,Non,Non,Oui,Non,Non,Non,Non,Non,Plus de dix ans,,Oui,Non,Non,Non,Fonctionnaire ou assimilé,Non,Non,Oui,Non,Non,Non,Non,Non,Non,sociologie,Un homme
69,211,Non,Non,Oui,Oui,Non,Oui,Oui,Non,Non,Oui,Oui,Non,Non,Non,Non,Non,Non,Non,Non,Non,Non,Non,Oui,Non,Oui,Non,Non,Non,Pas du tout,Non,Non,Non,Non,Non,Non,Non,1,,,1,,3,,,,M,M,,M,,Oui,Non,Non,Non,Non,Oui,Oui,Non,Oui,Non,Non,Non,Non,Non,Oui,Parfois,Jamais,Jamais,Jamais,Non,Non,Non,Non,Oui,Non,Non,Non,Non,Non,Non,Non,Non,Non,Non,Non,Non,Non,Oui,Non,Des conditions éthiques limitant leur partage.,Un doute sur la capacité de réutilisation des données par d’autres (contextualisation et documentation nécessaire).,Une peur de mésusage des données par les personnes les réutilisant.,,Non,Souvent,Non,Non,Non,Non,Non,Oui,Oui,Non,Oui,Non,Non,Non,Non,Oui,Non,Non,Non,Je travaille seul.e,,,,,,,,,,,,Windows,Non,Non,Non,Non,Non,Non,Non,Non,Non,Oui,Non,Non,Non,Non,Non,Non,Non,Non,Non,Non,Oui,Non,Non,Non,Non,Non,Non,Non,Non,Non,Oui,Non,Non,Oui,Oui,Non,Non,Non,Non,Non,,,Non,Non,Non,Non,Non,Non,Non,Oui,Non,Non,Non,Non,Non,Non,Non,Oui,Non,Non,Non,Non,Non,Non,Non,Oui,Plus de dix ans,CNRS,Oui,Non,Non,Non,Fonctionnaire ou assimilé,Non,Non,Oui,Non,Non,Non,Non,Non,Non,autre,Une femme
70,212,Non,Non,Oui,Oui,Non,Oui,Oui,Oui,Non,Oui,Oui,Non,Oui,Non,Non,Non,Non,Non,Non,Non,Non,Non,Oui,Non,Oui,Non,Non,Oui,Assez,Non,Non,Non,Non,Non,Non,Oui,2,M,1,,,2,,,,M,,,M,,Oui,Non,Non,Non,Non,Oui,Non,Oui,Oui,Non,Non,Non,Non,Oui,Oui,Souvent,Jamais,Jamais,Jamais,Non,Non,Non,Non,Oui,Non,Non,Oui,Oui,Non,Non,Non,Non,Oui,Oui,Non,Non,Non,Non,Non,Des conditions éthiques limitant leur partage.,Un doute sur la capacité de réutilisation des données par d’autres (contextualisation et documentation nécessaire).,Une peur de mésusage des données par les personnes les réutilisant.,Une volonté de valoriser le travail effectué avant un partage pour garder un avantage compétitif.,Non applicable,Je ne sais pas,Non,Non,Non,Non,Non,Oui,Non,Oui,Oui,Non,Non,Non,Non,Non,Non,Non,Non,Nous sommes entre 2 et 5 personnes,Oui,Oui,Non,Non,Oui,Non,Non,Non,Non,Non,Non,MacOS,Oui,Non,Non,Non,Non,Non,Non,Non,Non,Non,Non,Non,Non,Non,Non,Non,Non,Non,Non,Non,Oui,Non,Non,Non,Non,Oui,Non,Oui,Non,Non,Non,Non,Non,Oui,Non,Non,Non,Non,Non,Oui,Parfois,"Ni satisfait, ni insatisfait",Non,Non,Non,Non,Non,Oui,Non,Non,Non,Oui,Non,Non,Non,Non,Non,Non,Oui,Non,Non,Non,Non,Oui,Oui,Non,Plus de dix ans,Université,Oui,Non,Non,Non,Fonctionnaire ou assimilé,Non,Non,Oui,Non,Non,Non,Non,Non,Non,sociologie,Une femme
71,227,Non,Non,Oui,Oui,Oui,Oui,Oui,Non,Non,Oui,Non,Non,Non,Non,Non,Non,Non,Non,Non,Non,Non,Non,Oui,Non,Oui,Non,Non,Non,Tout à fait,Oui,Non,Non,Oui,Non,Non,Non,1,M,1,M,M,1,M,M,M,,,,,,Oui,Non,Oui,Oui,Oui,Oui,Oui,Non,Oui,Non,Non,Oui,Non,Non,Oui,Souvent,Jamais,Parfois,Jamais,Non,Non,Non,Non,Oui,Non,Non,Oui,Non,Oui,Non,Non,Oui,Non,Oui,Non,Oui,Non,Non,Non,Un doute sur la capacité de réutilisation des données par d’autres (contextualisation et documentation nécessaire).,Des conditions éthiques limitant leur partage.,Un temps trop important nécessaire à leur mise à disposition.,"Des barrières juridiques et économiques contraignant leurs partage (contrat de consortium, valorisation, exclusivité, droit d’auteur).",Non,Parfois,Non,Non,Non,Oui,Oui,Non,Oui,Non,Non,Non,Oui,Non,Non,Non,Non,Oui,Non,Nous sommes entre 2 et 5 personnes,Non,Oui,Non,Non,Non,Non,Non,Non,Non,Non,Non,Windows,Non,Non,Non,Oui,Oui,Non,Non,Non,Non,Non,Non,Oui,Non,Non,Non,Non,Oui,Non,Oui,Oui,Non,Oui,Non,Non,Non,Non,Oui,Non,Oui,Non,Non,Non,Non,Oui,Non,Non,Non,Non,Non,Oui,Parfois,Plutôt satisfait,Non,Non,Non,Non,Non,Non,Non,Oui,Non,Non,Non,Non,Non,Non,Non,Oui,Oui,Non,Oui,Non,Non,Non,Non,Non,Plus de dix ans,école,Oui,Non,Non,Non,Fonctionnaire ou assimilé,Non,Non,Oui,Non,Non,Non,Non,Non,Non,autre,Une femme
72,231,Non,Non,Non,Oui,Non,Oui,Non,Non,Non,Oui,Non,Non,Non,Non,Non,Non,Non,Non,Non,Non,Non,Non,Oui,Non,Oui,Non,Non,Non,Pas du tout,Non,Non,Oui,Non,Non,Non,Oui,1,,2,,,,,,,,,,,P,Non,Non,Non,Non,Non,Non,Non,Oui,Non,Non,Non,Non,Non,Non,Non,Jamais,Jamais,Jamais,Jamais,Non,Non,Non,Non,Oui,Non,Non,Non,Non,Non,Non,Non,Non,Non,Non,Non,Non,Non,Non,Oui,Non applicable.,,,,Oui,Parfois,Non,Non,Non,Non,Non,Oui,Oui,Non,Non,Non,Non,Non,Non,Non,Non,Non,Non,Je travaille seul.e,,,,,,,,,,,,Windows,Non,Non,Non,Non,Non,Non,Non,Non,Non,Oui,Non,Non,Non,Non,Non,Non,Non,Non,Non,Non,Oui,Non,Non,Non,Non,Non,Non,Non,Non,Non,Oui,Non,Non,Non,Non,Non,Non,Non,Oui,Oui,Jamais,,Oui,Non,Non,Non,Non,Non,Non,Non,Non,Non,Non,Oui,Non,Non,Oui,Non,Non,Non,Non,Oui,Non,Non,Non,Non,Plus de dix ans,autre,Oui,Non,Non,Non,Fonctionnaire ou assimilé,Non,Non,Oui,Non,Non,Non,Non,Non,Non,histoire,Un homme
73,238,Non,Non,Non,Oui,Non,Oui,Oui,Non,Non,Oui,Oui,Non,Oui,Non,Oui,Non,Non,Non,Non,Non,Non,Non,Oui,Non,Oui,Non,Non,Non,Peu,Oui,Non,Non,Oui,Oui,Non,Oui,1,1,1,,,3,,,3,M,M,,,,Non,Non,Non,Oui,Oui,Oui,Oui,Oui,Oui,Non,Non,Non,Non,Oui,Oui,Parfois,Jamais,Jamais,Jamais,Non,Non,Non,Non,Oui,Non,Non,Non,Non,Non,Non,Non,Non,Non,Non,Non,Non,Non,Non,Oui,"Un manque d’habitude de cette pratique dans les communautés de recherche (savoir faire, etc.)",Un temps trop important nécessaire à leur mise à disposition.,Une volonté de valoriser le travail effectué avant un partage pour garder un avantage compétitif.,,Je ne sais pas,Parfois,Oui,Non,Non,Non,Non,Oui,Oui,Oui,Oui,Non,Non,Non,Non,Oui,Non,Non,Non,Je travaille seul.e,,,,,,,,,,,,MacOS,Oui,Non,Non,Non,Non,Non,Non,Non,Non,Non,Oui,Non,Non,Non,Non,Non,Non,Non,Non,Non,Non,Non,Non,Non,Oui,Non,Non,Non,Oui,Non,Non,Non,Non,Oui,Non,Non,Non,Non,Oui,Non,,,Non,Non,Non,Non,Oui,Non,Non,Non,Non,Non,Oui,Non,Non,Non,Non,Non,Oui,Non,Non,Oui,Non,Non,Non,Non,Plus de dix ans,Université,Oui,Non,Non,Non,Fonctionnaire ou assimilé,Non,Non,Oui,Non,Non,Non,Non,Non,Non,histoire,Une femme
74,239,Non,Non,Non,Non,Oui,Oui,Non,Non,Non,Non,Non,Non,Oui,Oui,Oui,Non,Non,Non,Non,Non,Non,Non,Non,Non,Oui,Non,Non,Non,Peu,Non,Non,Non,Oui,Non,Non,Oui,,,,1,,P,1,1,M,,M,,,,Non,Non,Oui,Non,Non,Non,Non,Non,Oui,Oui,Non,Oui,Non,Oui,Oui,Parfois,Jamais,Jamais,Jamais,Non,Non,Non,Non,Oui,Non,Non,Non,Non,Non,Non,Non,Non,Non,Non,Non,Non,Non,Non,Oui,"Un manque d’habitude de cette pratique dans les communautés de recherche (savoir faire, etc.)",Une peur de mésusage des données par les personnes les réutilisant.,Un doute sur la capacité de réutilisation des données par d’autres (contextualisation et documentation nécessaire).,,Je ne sais pas,Toujours,Non,Non,Oui,Non,Non,Non,Oui,Oui,Non,Non,Oui,Non,Non,Non,Non,Non,Non,Je travaille seul.e,,,,,,,,,,,,Windows,Non,Non,Non,Non,Oui,Non,Non,Oui,Non,Non,Non,Non,Non,Non,Non,Non,Oui,Non,Non,Non,Non,Non,Non,Non,Non,Non,Non,Oui,Oui,Oui,Non,Non,Non,Non,Non,Non,Non,Non,Oui,Oui,Jamais,,Non,Non,Non,Non,Non,Non,Non,Oui,Non,Oui,Non,Oui,Oui,Oui,Oui,Non,Oui,Non,Oui,Non,Non,Oui,Non,Non,Moins de cinq ans,organisme,Non,Oui,Non,Non,Contrat doctoral,Non,Non,Oui,Non,Non,Non,Non,Non,Non,sociologie,Une femme
75,240,Non,Non,Oui,Non,Oui,Oui,Oui,Non,Non,Oui,Oui,Oui,Oui,Oui,Oui,Non,Oui,Oui,Non,Oui,Non,Non,Oui,Non,Oui,Non,Non,Non,Tout à fait,Oui,Non,Oui,Oui,Non,Non,Oui,1,,,1,2,2,,M,M,M,1,,M,M,Oui,Non,Oui,Oui,Oui,Oui,Oui,Oui,Oui,Oui,Non,Oui,Oui,Oui,Oui,Parfois,Jamais,Jamais,Jamais,Non,Non,Non,Non,Oui,Non,Non,Non,Oui,Non,Non,Non,Non,Non,Non,Non,Non,Non,Non,Non,Une volonté de valoriser le travail effectué avant un partage pour garder un avantage compétitif.,"Des barrières juridiques et économiques contraignant leurs partage (contrat de consortium, valorisation, exclusivité, droit d’auteur).",Un temps trop important nécessaire à leur mise à disposition.,La peur d’un renforcement d’inégalités entre des personnes produisant des données d’une part et celles les analysant et en tirant des publications d’autre part.,Non,Souvent,Non,Oui,Oui,Oui,Oui,Oui,Oui,Oui,Oui,Non,Non,Non,Non,Non,Non,Non,Non,Je travaille seul.e,,,,,,,,,,,,Windows,Oui,Non,Non,Non,Oui,Non,Non,Oui,Non,Non,Non,Oui,Non,Non,Non,Non,Oui,Non,Non,Non,Non,Non,Non,Non,Non,Non,Oui,Non,Oui,Oui,Non,Non,Non,Oui,Oui,Non,Non,Non,Non,Oui,Parfois,Plutôt satisfait,Oui,Oui,Non,Oui,Non,Non,Non,Non,Non,Oui,Non,Non,Non,Non,Non,Non,Non,Non,Non,Oui,Oui,Non,Non,Non,Plus de dix ans,autre,Oui,Non,Non,Non,Fonctionnaire ou assimilé,Non,Non,Oui,Non,Non,Non,Non,Non,Non,sociologie,Un homme
76,266,Non,Non,Oui,Non,Oui,Oui,Oui,Non,Non,Non,Oui,Non,Non,Oui,Oui,Non,Non,Non,Non,Oui,Non,Non,Non,Non,Oui,Non,Non,Non,Tout à fait,Non,Oui,Non,Non,Non,Non,Oui,2,M,M,1,1,1,1,M,M,M,1,M,M,M,Oui,Non,Oui,Non,Non,Non,Non,Non,Oui,Non,Non,Oui,Non,Oui,Oui,Parfois,Jamais,Jamais,Jamais,Non,Non,Non,Non,Oui,Non,Oui,Non,Non,Non,Non,Non,Non,Non,Non,Non,Non,Non,Non,Non,Une volonté de valoriser le travail effectué avant un partage pour garder un avantage compétitif.,"Un manque d’habitude de cette pratique dans les communautés de recherche (savoir faire, etc.)",,,Oui,Souvent,Non,Oui,Oui,Non,Oui,Non,Oui,Non,Oui,Non,Non,Non,Oui,Non,Non,Non,Non,Je travaille seul.e,,,,,,,,,,,,MacOS,Oui,Non,Non,Non,Oui,Non,Non,Oui,Non,Non,Non,Non,Non,Non,Non,Non,Oui,Non,Non,Non,Non,Non,Non,Non,Non,Oui,Oui,Non,Oui,Non,Non,Non,Non,Oui,Non,Non,Non,Non,Oui,Oui,Parfois,Plutôt satisfait,Oui,Non,Non,Non,Non,Non,Non,Non,Oui,Oui,Non,Oui,Non,Non,Non,Non,Non,Non,Oui,Non,Non,Non,Oui,Non,Moins de cinq ans,école,Non,Oui,Non,Non,Contrat doctoral,Non,Non,Oui,Non,Non,Non,Non,Non,Non,sociologie,Autre
77,274,Non,Non,Non,Oui,Oui,Oui,Oui,Non,Non,Oui,Non,Non,Non,Non,Non,Non,Non,Non,Non,Non,Non,Non,Oui,Non,Oui,Non,Oui,Non,Tout à fait,Non,Non,Oui,Non,Non,Non,Non,1,M,M,1,M,3,3,M,M,M,1,M,M,M,Non,Non,Oui,Non,Non,Non,Non,Oui,Oui,Oui,Non,Oui,Oui,Non,Non,Souvent,Jamais,Jamais,Parfois,Non,Non,Non,Non,Oui,Non,Non,Non,Non,Non,Non,Non,Non,Non,Non,Non,Non,Non,Non,Oui,Une peur de mésusage des données par les personnes les réutilisant.,Une volonté de valoriser le travail effectué avant un partage pour garder un avantage compétitif.,"Un manque d’habitude de cette pratique dans les communautés de recherche (savoir faire, etc.)",,Oui,Parfois,Non,Non,Oui,Oui,Non,Non,Oui,Non,Non,Non,Oui,Oui,Non,Non,Non,Non,Non,Je travaille seul.e,,,,,,,,,,,,Linux,Oui,Non,Non,Non,Non,Non,Non,Oui,Oui,Non,,,,,,,,,,,,,,,,,,,,,,Non,Non,Non,Non,Non,Non,Non,Oui,Oui,Parfois,Plutôt satisfait,Non,Non,Non,Non,Non,Non,Non,Oui,Non,Non,Non,Non,Non,Non,Non,Oui,Non,Non,Non,Non,Non,Non,Non,Oui,Plus de dix ans,Université,Non,Oui,Non,Non,Travailleur/travailleuse indépendante,Oui,Non,Oui,Oui,Oui,Non,Non,Non,Non,autre,Un homme
78,298,Non,Non,Oui,Non,Non,Non,Oui,Non,Non,Non,Oui,Non,Non,Non,Non,Non,Non,Non,Non,Non,Non,Non,Oui,Non,Oui,Non,Non,Non,Peu,Oui,Oui,Non,Oui,Non,Non,Oui,3,,,,,2,1,,M,M,M,,M,M,Oui,Non,Non,Non,Oui,Non,Oui,Oui,Oui,Non,Oui,Non,Non,Oui,Non,Parfois,Jamais,Jamais,Jamais,Oui,Non,Oui,Non,Non,Non,Non,Non,Non,Non,Non,Non,Non,Non,Non,Non,Oui,Non,Non,Non,Des conditions éthiques limitant leur partage.,Une peur de mésusage des données par les personnes les réutilisant.,Un doute sur la capacité de réutilisation des données par d’autres (contextualisation et documentation nécessaire).,Une volonté de valoriser le travail effectué avant un partage pour garder un avantage compétitif.,Non,Parfois,Non,Non,Non,Non,Oui,Non,Non,Non,Non,Non,Non,Oui,Non,Non,Non,Non,Non,Nous sommes entre 6 et 10 personnes,Oui,Oui,Oui,Oui,Non,Oui,Oui,Non,Non,Non,Non,Windows,Oui,Non,Non,Non,Non,Oui,Non,Non,Oui,Non,,,,,,,,,,,,,,,,,,,,,,Non,Non,Oui,Non,Non,Non,Non,Non,Oui,Parfois,"Ni satisfait, ni insatisfait",Non,Oui,Non,Non,Non,Oui,Oui,Non,Non,Oui,Non,Oui,Non,Non,Non,Non,Oui,Oui,Non,Non,Oui,Oui,Non,Non,Plus de dix ans,,Oui,Non,Non,Non,Fonctionnaire ou assimilé,Non,Non,Oui,Non,Non,Non,Non,Non,Non,sociologie,Une femme
79,312,Non,Non,Oui,Oui,Non,Oui,Oui,Non,Non,Oui,Oui,Non,Oui,Non,Oui,Non,Non,Non,Non,Non,Non,Non,Oui,Non,Oui,Non,Non,Non,Assez,Oui,Non,Non,Oui,Oui,Non,Non,2,,1,,,2,,,,,,,3,2,Non,Non,Oui,Oui,Non,Oui,Oui,Non,Oui,Non,Non,Non,Non,Oui,Non,Parfois,Jamais,Jamais,Jamais,Non,Non,Non,Non,Oui,Non,Non,Non,Non,Non,Non,Non,Non,Oui,Oui,Non,Non,Non,Non,Non,Un doute sur la capacité de réutilisation des données par d’autres (contextualisation et documentation nécessaire).,Un temps trop important nécessaire à leur mise à disposition.,"Un manque d’habitude de cette pratique dans les communautés de recherche (savoir faire, etc.)",,Je ne sais pas,Parfois,Non,Oui,Non,Non,Non,Oui,Oui,Non,Non,Non,Oui,Non,Non,Oui,Non,Non,Non,Nous sommes entre 2 et 5 personnes,Oui,Oui,Oui,Non,Non,Non,Non,Non,Non,Non,Non,MacOS,Oui,Non,Non,Non,Non,Non,Non,Non,Non,Non,Oui,Oui,Oui,Non,Oui,Non,Non,Non,Oui,Non,Non,Oui,Non,Non,Oui,Non,Non,Non,Non,Non,Non,Non,Non,Oui,Non,Non,Non,Non,Non,Oui,Parfois,Plutôt satisfait,Non,Non,Non,Non,Non,Non,Non,Oui,Non,Oui,Oui,Oui,Non,Non,Non,Non,Oui,Non,Oui,Non,Non,Non,Oui,Non,Plus de dix ans,Université,Oui,Non,Non,Non,Fonctionnaire ou assimilé,Non,Non,Oui,Non,Non,Non,Non,Non,Non,sociologie,Un homme
80,322,Non,Non,Oui,Non,Non,Oui,Oui,Non,Non,Non,Oui,Non,Non,Non,Non,Non,Non,Non,Non,Non,Non,Non,Oui,Non,Oui,Non,Non,Oui,Assez,Non,Non,Non,Oui,Non,Non,Non,2,,1,,,1,,,,1,,,1,,Oui,Non,Non,Non,Non,Oui,Non,Oui,Oui,Non,Non,Non,Non,Oui,Oui,Parfois,Parfois,Jamais,Jamais,Non,Non,Non,Non,Oui,Non,Non,Non,Non,Non,Non,Non,Non,Non,Non,Non,Non,Non,Non,Oui,"Un manque d’habitude de cette pratique dans les communautés de recherche (savoir faire, etc.)",Un temps trop important nécessaire à leur mise à disposition.,"Une perspective de mise à disposition qui vient limiter, freiner le travail interprétatif possible.",,Non,Jamais,Non,Non,Non,Non,Non,Oui,Non,Oui,Oui,Non,Non,Non,Non,Non,Non,Non,Non,Nous sommes entre 2 et 5 personnes,Oui,Oui,Non,Non,Non,Non,Non,Non,Non,Non,Non,MacOS,Oui,Non,Non,Non,Non,Non,Non,Non,Non,Non,Oui,Non,Non,Non,Non,Non,Non,Non,Non,Non,Non,Non,Non,Non,Oui,Non,Non,Non,Non,Non,Non,Non,Non,Oui,Oui,Non,Non,Non,Non,Oui,Parfois,"Ni satisfait, ni insatisfait",Non,Oui,Non,Non,Non,Non,Non,Non,Oui,Oui,Non,Oui,Non,Non,Non,Non,Oui,Non,Oui,Non,Non,Non,Non,Non,Plus de dix ans,CNRS,Oui,Non,Non,Non,Fonctionnaire ou assimilé,Non,Non,Oui,Non,Non,Non,Non,Non,Non,,Une femme
81,330,Non,Non,Non,Oui,Non,Oui,Oui,Non,Non,Oui,Non,Non,Oui,Non,Oui,Non,Non,Non,Non,Non,Non,Non,Oui,Oui,Non,Non,Non,Non,Peu,Oui,Non,Non,Oui,Non,Non,Non,1,,,,,2,,,,M,,,,M,Non,Non,Non,Non,Oui,Oui,Oui,Oui,Oui,Non,Non,Non,Non,Oui,Non,Parfois,Jamais,Parfois,Jamais,Non,Non,Non,Non,Oui,Non,Non,Oui,Oui,Non,Non,Non,Oui,Non,Non,Non,Non,Non,Non,Non,Un temps trop important nécessaire à leur mise à disposition.,"Un manque d’habitude de cette pratique dans les communautés de recherche (savoir faire, etc.)",Une mauvaise qualité des données en l’état.,,Oui,Souvent,Non,Non,Oui,Oui,Oui,Oui,Oui,Oui,Oui,Non,Non,Non,Non,Non,Non,Non,Non,Je travaille seul.e,,,,,,,,,,,,Windows,Oui,Non,Non,Non,Non,Non,Non,Non,Non,Non,Oui,Non,Non,Non,Non,Non,Non,Non,Non,Non,Non,Non,Non,Non,Non,Non,Non,Non,Non,Non,Oui,Non,Non,Oui,Non,Non,Non,Non,Oui,Oui,Parfois,"Ni satisfait, ni insatisfait",Non,Non,Non,Non,Non,Non,Non,Oui,Non,Non,Oui,Non,Non,Non,Non,Non,Oui,Non,Oui,Non,Non,Non,Non,Non,Plus de dix ans,CNRS,Oui,Non,Non,Non,Fonctionnaire ou assimilé,Non,Non,Oui,Non,Non,Non,Non,Non,Non,histoire,Un homme
82,332,Non,Non,Oui,Oui,Non,Oui,Non,Non,Non,Non,Oui,Non,Non,Non,Non,Non,Oui,Non,Non,Non,Non,Non,Non,Oui,Oui,Non,Non,Non,Assez,Oui,Non,Non,Oui,Oui,Non,Oui,M,,,,,,,,,,,,,1,Oui,Non,Non,Non,Non,Oui,Oui,Non,Oui,Non,Non,Non,Non,Oui,Oui,Jamais,Jamais,Jamais,Jamais,Non,Non,Non,Non,Oui,Non,Non,Non,Non,Non,Non,Non,Non,Non,Non,Non,Non,Non,Non,Oui,Des conditions éthiques limitant leur partage.,"Des barrières juridiques et économiques contraignant leurs partage (contrat de consortium, valorisation, exclusivité, droit d’auteur).",Une volonté de valoriser le travail effectué avant un partage pour garder un avantage compétitif.,Une mauvaise qualité des données en l’état.,Je ne sais pas,Jamais,Oui,Non,Non,Non,Oui,Non,Non,Oui,Oui,Oui,Non,Non,Non,Non,Non,Non,Non,Nous sommes entre 2 et 5 personnes,Oui,Oui,Oui,Non,Non,Non,Non,Non,Non,Non,Non,Windows,Oui,Non,Non,Oui,Non,Non,Non,Non,Non,Non,Oui,Oui,Non,Non,Non,Non,Non,Non,Non,Non,Non,Oui,Non,Non,Non,Non,Non,Non,Non,Non,Non,Non,Non,Oui,Oui,Oui,Non,Oui,Non,Oui,Souvent,Très satisfait,Non,Oui,Oui,Oui,Non,Non,Non,Non,Non,Non,Non,Oui,Non,Non,Non,Non,Oui,Oui,Oui,Oui,Non,Non,Non,Non,Plus de dix ans,école,Oui,Non,Non,Non,Fonctionnaire ou assimilé,Non,Non,Oui,Non,Non,Non,Non,Non,Non,sociologie,Une femme
83,343,Non,Non,Oui,Oui,Non,Oui,Oui,Oui,Non,Non,Oui,Non,Oui,Non,Oui,Non,Non,Non,Non,Non,Non,Non,Oui,Non,Oui,Non,Non,Non,Peu,Non,Non,Non,Oui,Non,Non,Oui,1,,1,,,1,,,,,M,,M,2,Oui,Non,Oui,Non,Oui,Oui,Non,Non,Non,Non,Oui,Non,Non,Oui,Non,Souvent,,Parfois,Non applicable,Non,Non,Non,Non,Oui,Non,Non,Non,Non,Non,Non,Non,Non,Oui,Non,Non,Non,Non,Non,Non,Une volonté de valoriser le travail effectué avant un partage pour garder un avantage compétitif.,Une peur de mésusage des données par les personnes les réutilisant.,Des conditions éthiques limitant leur partage.,"Des barrières juridiques et économiques contraignant leurs partage (contrat de consortium, valorisation, exclusivité, droit d’auteur).",Non,Jamais,Oui,Non,Oui,Non,Oui,Non,Non,Oui,Non,Oui,Non,Non,Non,Non,Non,Non,Non,Nous sommes entre 2 et 5 personnes,Oui,Oui,Oui,Non,Non,Non,Non,Non,Non,Non,Oui,Windows,Non,Non,Non,Non,Non,Non,Non,Non,Non,Oui,Non,Non,Non,Non,Non,Non,Non,Non,Non,Non,Oui,Non,Non,Non,Non,Non,Non,Non,Non,Non,Oui,Non,Non,Oui,Non,Non,Non,Non,Non,Oui,Parfois,"Ni satisfait, ni insatisfait",Non,Oui,Non,Non,Non,Non,Non,Non,Non,Non,Oui,Non,Non,Non,Non,Non,Oui,Non,Oui,Non,Non,Non,Non,Non,Plus de dix ans,école,Oui,Non,Non,Non,Fonctionnaire ou assimilé,Non,Non,Oui,Non,Non,Non,Non,Non,Non,sociologie,Une femme
84,347,Non,Non,Oui,Oui,Non,Oui,Oui,Non,Non,Oui,Oui,Non,Non,Non,Non,Non,Oui,Non,Non,Non,Non,Non,Non,Non,Oui,Non,Non,Non,Peu,Non,Non,Non,Non,Non,Non,Oui,2,,3,,,P,,,,,,,3,,Oui,Non,Non,Non,Non,Oui,Oui,Oui,Oui,Non,Non,Non,Non,Non,Oui,Non applicable,Non applicable,Non applicable,Non applicable,Non,Non,Oui,Non,Non,Non,Non,Non,Non,Non,Non,Non,Non,Non,Non,Non,Non,Non,Non,Oui,Un doute sur la capacité de réutilisation des données par d’autres (contextualisation et documentation nécessaire).,Une peur de mésusage des données par les personnes les réutilisant.,Des conditions éthiques limitant leur partage.,Un temps trop important nécessaire à leur mise à disposition.,Non,Jamais,Non,Non,Non,Non,Non,Oui,Non,Non,Oui,Non,Non,Non,Non,Non,Non,Non,Non,Nous sommes entre 11 et 20 personnes,Oui,Oui,Non,Non,Non,Non,Non,Non,Non,Non,Non,Windows,Non,Non,Non,Non,Non,Non,Non,Non,Non,Oui,Non,Non,Non,Non,Non,Non,Non,Non,Non,Non,Oui,Non,Non,Non,Non,Non,Non,Non,Non,Non,Oui,Non,Non,Oui,Non,Non,Non,Non,Non,Oui,Parfois,Plutôt insatisfait,Non,Non,Non,Oui,Oui,Non,Oui,Non,Oui,Oui,Non,Non,Non,Non,Oui,Non,Oui,Non,Non,Non,Non,Non,Non,Non,Plus de dix ans,CNRS,Oui,Non,Non,Non,Fonctionnaire ou assimilé,Non,Non,Oui,Non,Non,Non,Non,Non,Non,sociologie,Un homme
85,363,Non,Non,Oui,Non,Non,Oui,Oui,Non,Non,Non,Oui,Non,Non,Non,Non,Non,Non,Non,Non,Non,Non,Non,Oui,Non,Oui,Non,Non,Non,Peu,Oui,Non,Non,Oui,Oui,Non,Oui,2,,,,,2,,,,,,,,M,Oui,Non,Non,Non,Oui,Oui,Oui,Non,Oui,Non,Non,Non,Non,Oui,Non,Parfois,Jamais,Jamais,Jamais,Non,Non,Non,Non,Oui,Non,Non,Non,Oui,Non,Non,Non,Non,Non,Non,Non,Non,Non,Non,Non,Des conditions éthiques limitant leur partage.,Un doute sur la capacité de réutilisation des données par d’autres (contextualisation et documentation nécessaire).,"Une perspective de mise à disposition qui vient limiter, freiner le travail interprétatif possible.","Un manque d’habitude de cette pratique dans les communautés de recherche (savoir faire, etc.)",Non,Jamais,Oui,Non,Non,Non,Oui,Oui,Non,Oui,Oui,Non,Non,Non,Non,Non,Non,Non,Non,Nous sommes entre 2 et 5 personnes,Oui,Oui,Non,Non,Non,Non,Non,Non,Non,Non,Non,MacOS,Oui,Non,Non,Non,Non,Non,Non,Non,Oui,Non,,,,,,,,,,,,,,,,,,,,,,Non,Non,Oui,Oui,Non,Non,Non,Non,Oui,Parfois,Très satisfait,Non,Non,Non,Non,Non,Non,Non,Oui,Non,Non,Non,Non,Non,Non,Non,Oui,Non,Non,Oui,Non,Non,Non,Non,Non,Plus de dix ans,école,Oui,Non,Non,Non,Fonctionnaire ou assimilé,Non,Non,Oui,Non,Non,Non,Non,Non,Non,sociologie,Une femme
86,372,Non,Non,Oui,Oui,Non,Oui,Oui,Non,Non,Oui,Non,Non,Non,Non,Oui,Non,Non,Non,Non,Non,Non,Non,Non,Oui,Oui,Non,Non,Non,Pas du tout,Non,Non,Non,Oui,Non,Non,Oui,1,,1,M,M,M,M,M,M,M,M,,,,Oui,Non,Oui,Oui,Non,Oui,Non,Oui,Oui,Non,Non,Non,Non,Oui,Oui,Jamais,Jamais,Jamais,Jamais,Non,Non,Non,Non,Oui,Oui,Non,Non,Non,Non,Non,Non,Non,Non,Non,Non,Non,Non,Non,Oui,Un doute sur la capacité de réutilisation des données par d’autres (contextualisation et documentation nécessaire).,"Une perspective de mise à disposition qui vient limiter, freiner le travail interprétatif possible.",La peur d’un renforcement d’inégalités entre des personnes produisant des données d’une part et celles les analysant et en tirant des publications d’autre part.,"Des barrières juridiques et économiques contraignant leurs partage (contrat de consortium, valorisation, exclusivité, droit d’auteur).",Je ne sais pas,Jamais,Non,Oui,Non,Oui,Oui,Oui,Oui,Non,Oui,Non,Oui,Non,Non,Non,Non,Non,Non,Je travaille seul.e,,,,,,,,,,,,MacOS,Oui,Non,Oui,Non,Non,Non,Non,Non,Non,Non,Oui,Oui,Non,Non,Non,Non,Oui,Oui,Oui,Non,Non,Oui,Non,Oui,Non,Oui,Oui,Non,Oui,Non,Non,Non,Non,Non,Oui,Non,Non,Non,Oui,Oui,Jamais,Plutôt insatisfait,Oui,Non,Non,Oui,Non,Non,Non,Non,Oui,Non,Non,Non,Non,Non,Non,Non,Oui,Non,Oui,Non,Non,Non,Non,Non,Moins de cinq ans,,Non,Oui,Non,Non,Autre (précisez en commentaire),Non,Non,Oui,Non,Non,Non,Non,Non,Non,histoire,Une femme
87,373,Non,Non,Oui,Oui,Non,Oui,Oui,Non,Non,Oui,Oui,Non,Non,Non,Non,Non,Non,Non,Non,Oui,Non,Non,Oui,Oui,Non,Non,Non,Oui,Assez,Oui,Non,Oui,Oui,Non,Non,Non,2,M,1,M,M,1,M,M,M,1,M,2,1,1,Oui,Non,Oui,Oui,Non,Oui,Oui,Oui,Oui,Non,Non,Non,Non,Oui,Oui,Souvent,Jamais,Parfois,Jamais,Non,Non,Non,Non,Oui,Non,Non,Non,Non,Non,Non,Non,Non,Non,Oui,Non,Non,Non,Non,Non,Un temps trop important nécessaire à leur mise à disposition.,"Des barrières juridiques et économiques contraignant leurs partage (contrat de consortium, valorisation, exclusivité, droit d’auteur).",Une mauvaise qualité des données en l’état.,,Je ne sais pas,Parfois,Non,Non,Non,Non,Oui,Non,Non,Oui,Oui,Non,Oui,Non,Non,Non,Non,Oui,Non,Nous sommes entre 2 et 5 personnes,Oui,Non,Oui,Non,Non,Non,Non,Non,Non,Non,Non,MacOS,Oui,Non,Non,Non,Non,Non,Non,Non,Non,Oui,Oui,Oui,Non,Non,Non,Non,Non,Oui,Oui,Non,Non,Non,Non,Oui,Non,Non,Non,Non,Oui,Non,Non,Non,Non,Non,Non,Non,Non,Non,Oui,Oui,Parfois,Plutôt insatisfait,Non,Non,Non,Non,Non,Non,Non,Oui,Non,Oui,Non,Non,Non,Non,Non,Non,Oui,Non,Oui,Oui,Oui,Oui,Oui,Non,Plus de dix ans,,Non,Non,Oui,Non,Fonctionnaire ou assimilé,Non,Non,Oui,Non,Non,Non,Non,Non,Non,,
88,388,Non,Non,Non,Oui,Oui,Oui,Oui,Non,Non,Oui,Oui,Non,Oui,Non,Oui,Non,Oui,Oui,Non,Non,Non,Non,Oui,Non,Non,Non,Non,Non,Peu,Oui,Non,Non,Non,Non,Non,Oui,2,M,,M,M,1,,M,,1,,,,,Non,Non,Non,Non,Non,Non,Non,Oui,Oui,Non,Non,Non,Non,Non,Oui,Jamais,Jamais,Jamais,Jamais,Non,Non,Non,Non,Oui,Non,Non,Oui,Oui,Non,Non,Non,Non,Oui,Non,Non,Non,Non,Non,Non,Une peur de mésusage des données par les personnes les réutilisant.,Un doute sur la capacité de réutilisation des données par d’autres (contextualisation et documentation nécessaire).,Une mauvaise qualité des données en l’état.,,Oui,Parfois,Non,Oui,Non,Oui,Oui,Non,Oui,Non,Oui,Non,Non,Non,Non,Non,Non,Non,Non,Je travaille seul.e,,,,,,,,,,,,Linux,Oui,Non,Non,Oui,Non,Oui,Non,Oui,Non,Non,Oui,Non,Oui,Non,Non,Non,Non,Non,Non,Non,Non,Non,Non,Non,Oui,Non,Non,Non,Oui,Oui,Non,Non,Non,Non,Non,Non,Non,Non,Oui,Oui,Parfois,"Ni satisfait, ni insatisfait",Oui,Oui,Non,Non,Oui,Non,Non,Non,Non,Oui,Oui,Non,Non,Non,Non,Non,Oui,Non,Non,Non,Non,Non,Oui,Non,Plus de dix ans,autre,Oui,Non,Non,Non,Fonctionnaire ou assimilé,Non,Non,Oui,Non,Non,Non,Non,Non,Non,histoire,Un homme
89,399,Non,Non,Oui,Oui,Oui,Oui,Oui,Non,Non,Oui,Oui,Non,Oui,Oui,Oui,Non,Oui,Oui,Non,Oui,Non,Non,Oui,Non,Oui,Oui,Non,Non,Peu,Oui,Non,Oui,Non,Oui,Non,Oui,M,M,M,M,M,M,,M,M,M,M,,,M,Oui,Non,Oui,Non,Oui,Non,Non,Oui,Oui,Non,Non,Oui,Oui,Oui,Oui,Parfois,Jamais,Jamais,Jamais,Non,Non,Non,Non,Oui,Non,Oui,Non,Oui,Oui,Non,Non,Non,Non,Non,Non,Non,Non,Non,Non,Un temps trop important nécessaire à leur mise à disposition.,"Des barrières juridiques et économiques contraignant leurs partage (contrat de consortium, valorisation, exclusivité, droit d’auteur).",,,Oui,Parfois,Non,Oui,Oui,Oui,Non,Non,Non,Oui,Oui,Non,Oui,Non,Non,Non,Non,Non,Non,Je travaille seul.e,,,,,,,,,,,,Windows,Oui,Non,Non,Oui,Non,Oui,Non,Oui,Oui,Non,,,,,,,,,,,,,,,,,,,,,,Non,Non,Oui,Oui,Non,Non,Non,Non,Oui,Parfois,Très satisfait,Oui,Oui,Non,Non,Non,Non,Non,Non,Non,Non,Non,Non,Non,Non,Non,Oui,Non,Non,Non,Non,Non,Non,Non,Oui,Plus de dix ans,Université,Oui,Non,Non,Non,Fonctionnaire ou assimilé,Non,Non,Oui,Non,Non,Non,Non,Non,Non,sociologie,Un homme
90,430,Non,Non,Oui,Oui,Non,Oui,Oui,Non,Non,Oui,Non,Non,Oui,Non,Non,Non,Non,Non,Non,Non,Non,Non,Oui,Non,Non,Non,Non,Oui,Tout à fait,Non,Non,Non,Oui,Non,Non,Oui,3,,3,,,3,,,,,,,M,M,Oui,Non,Non,Non,Non,Oui,Non,Oui,Non,Non,Non,Non,Non,Non,Oui,Toujours,Souvent,,,Non,Non,Oui,Non,Non,Non,Non,Non,Non,Non,Non,Non,Non,Oui,Non,Non,Non,Non,Non,Non,"Un manque d’habitude de cette pratique dans les communautés de recherche (savoir faire, etc.)",Un doute sur la capacité de réutilisation des données par d’autres (contextualisation et documentation nécessaire).,Une volonté de valoriser le travail effectué avant un partage pour garder un avantage compétitif.,,Je ne sais pas,Parfois,Non,Non,Non,Non,Oui,Non,Non,Oui,Oui,Non,Non,Non,Non,Non,Non,Non,Non,Nous sommes entre 2 et 5 personnes,Oui,Oui,Non,Non,Non,Non,Non,Non,Non,Non,Oui,Windows,Non,Non,Non,Non,Non,Non,Non,Non,Non,Oui,Non,Non,Non,Non,Non,Non,Non,Non,Oui,Non,Non,Non,Non,Non,Non,Oui,Non,Non,Non,Oui,Non,Non,Non,Oui,Non,Non,Non,Non,Non,Oui,Souvent,Très satisfait,Non,Non,Non,Non,Non,Non,Non,Oui,Non,Non,Non,Non,Non,Non,Non,Oui,Oui,Non,Oui,Non,Non,Non,Non,Non,Plus de dix ans,CNRS,Oui,Non,Non,Non,Fonctionnaire ou assimilé,Oui,Non,Non,Non,Non,Non,Non,Non,Non,autre,Une femme
91,436,Non,Non,Oui,Non,Non,Oui,Oui,Oui,Non,Oui,Non,Oui,Oui,Non,Oui,Non,Oui,Non,Non,Non,Non,Non,Non,Oui,Oui,Non,Non,Oui,Assez,Oui,Oui,Oui,Oui,Non,Non,Oui,M,M,P,,,1,,,,,M,,,,Oui,Non,Oui,Oui,Oui,Oui,Oui,Non,Oui,Non,Non,Non,Oui,Non,Oui,Parfois,Jamais,Jamais,,Non,Non,Non,Non,Oui,Non,Non,Oui,Oui,Non,Non,Non,Non,Non,Non,Non,Non,Non,Non,Non,La peur d’un renforcement d’inégalités entre des personnes produisant des données d’une part et celles les analysant et en tirant des publications d’autre part.,Un doute sur la capacité de réutilisation des données par d’autres (contextualisation et documentation nécessaire).,Une peur de mésusage des données par les personnes les réutilisant.,,Je ne sais pas,Jamais,Non,Oui,Non,Non,Oui,Non,Oui,Non,Oui,Non,Non,Non,Non,Non,Non,Non,Non,Nous sommes entre 2 et 5 personnes,Oui,Oui,Non,Non,Non,Non,Non,Non,Non,Non,Non,MacOS,Oui,Non,Non,Non,Oui,Non,Non,Non,Non,Non,Oui,Non,Non,Non,Non,Non,Non,Non,Non,Non,Non,Oui,Non,Non,Non,Non,Non,Non,Oui,Oui,Non,Non,Non,Oui,Non,Non,Non,Non,Oui,Oui,Parfois,Plutôt satisfait,Non,Non,Non,Non,Non,Non,Non,Oui,Non,Non,Oui,Non,Non,Non,Non,Non,Oui,Non,Non,Non,Non,Non,Non,Non,Plus de dix ans,,Oui,Non,Non,Non,Fonctionnaire ou assimilé,Non,Non,Non,Non,Oui,Non,Non,Non,Non,,Une femme
92,441,Non,Non,Oui,Oui,Non,Oui,Oui,Non,Non,Oui,Oui,Non,Oui,Non,Non,Non,Non,Non,Non,Non,Non,Non,Oui,Non,Oui,Non,Non,Non,Assez,Oui,Non,Non,Oui,Non,Non,Non,2,M,1,,,,,,M,M,,M,,,Oui,Non,Non,Oui,Non,Non,Oui,Oui,Oui,Non,Non,Non,Non,Oui,Non,Parfois,Jamais,Jamais,Jamais,Oui,Non,Non,Non,Non,Non,Non,Non,Non,Non,Non,Oui,Non,Non,Non,Non,Non,Non,Non,Non,Des conditions éthiques limitant leur partage.,Une volonté de valoriser le travail effectué avant un partage pour garder un avantage compétitif.,Un temps trop important nécessaire à leur mise à disposition.,,Non,Jamais,Non,Non,Non,Non,Oui,Non,Non,Oui,Oui,Non,Non,Non,Non,Oui,Non,Non,Non,Nous sommes entre 2 et 5 personnes,Oui,Non,Non,Non,Non,Non,Non,Non,Non,Non,Non,MacOS,Oui,Non,Non,Non,Non,Non,Non,Non,Non,Non,Oui,Non,Non,Non,Non,Non,Non,Non,Non,Non,Non,Non,Non,Non,Non,Non,Non,Non,Non,Non,Non,Non,Non,Oui,Oui,Non,Non,Non,Non,Non,,,Non,Non,Non,Non,Non,Non,Non,Oui,Non,Non,Non,Non,Non,Non,Oui,Non,Non,Non,Non,Non,Non,Non,Oui,Non,Plus de dix ans,école,Oui,Non,Non,Non,Fonctionnaire ou assimilé,Non,Non,Oui,Non,Non,Non,Non,Non,Non,sociologie,Un homme
93,448,Non,Non,Oui,Non,Oui,Oui,Oui,Non,Non,Oui,Non,Non,Non,Non,Non,Non,Non,Non,Non,Non,Non,Non,Non,Oui,Oui,Non,Non,Non,Peu,Non,Oui,Non,Oui,Non,Non,Non,M,,3,M,,3,,,,,M,,,,Oui,Non,Non,Oui,Non,Oui,Non,Non,Oui,Non,Non,Non,Non,Non,Non,Jamais,Jamais,Jamais,Jamais,Non,Non,Non,Non,Oui,Non,Non,Non,Non,Non,Non,Non,Non,Non,Non,Non,Non,Non,Non,Oui,Un doute sur la capacité de réutilisation des données par d’autres (contextualisation et documentation nécessaire).,Une mauvaise qualité des données en l’état.,,,Non,Jamais,Non,Non,Non,Non,Oui,Non,Oui,Non,Oui,Non,Non,Non,Non,Non,Non,Non,Non,Nous sommes entre 2 et 5 personnes,Oui,Non,Non,Non,Non,Non,Non,Non,Non,Non,Non,Windows,Non,Non,Non,Non,Oui,Non,Non,Non,Non,Non,Oui,Oui,Oui,Non,Non,Non,Non,Non,Non,Non,Non,Non,Non,Non,Non,Non,Non,Non,Oui,Oui,Non,Non,Non,Non,Non,Non,Oui,Non,Non,Oui,Jamais,,Non,Non,Non,Non,Non,Non,Non,Oui,Non,Non,Oui,Non,Oui,Non,Non,Non,Non,Oui,Non,Non,Non,Non,Non,Non,Plus de dix ans,école,Oui,Non,Non,Non,Autre (précisez en commentaire),Non,Non,Oui,Non,Non,Non,Non,Non,Non,psychologie,Un homme
94,462,Non,Non,Non,Oui,Non,Oui,Oui,Oui,Non,Oui,Oui,Oui,Oui,Oui,Oui,Oui,Oui,Oui,Oui,Non,Non,Non,Non,Non,Oui,Non,Non,Non,Peu,Non,Non,Non,Oui,Oui,Non,Non,3,,P,,,P,,,,2,3,,,,Non,Non,Non,Non,Non,Non,Non,Oui,Non,Non,Non,Non,Non,Oui,Oui,Jamais,Jamais,Jamais,Jamais,Non,Non,Non,Non,Non,Oui,Non,Non,Non,Non,Non,Non,Non,Non,Non,Non,Non,Non,Non,Oui,Un doute sur la capacité de réutilisation des données par d’autres (contextualisation et documentation nécessaire).,Une volonté de valoriser le travail effectué avant un partage pour garder un avantage compétitif.,,,Non,Parfois,Non,Non,Non,Oui,Non,Non,Oui,Non,Oui,Non,Non,Non,Non,Non,Non,Non,Non,Nous sommes entre 2 et 5 personnes,Oui,Non,Non,Non,Oui,Non,Non,Non,Non,Non,Non,MacOS,Non,Non,Oui,Non,Non,Non,Non,Non,Non,Non,Non,Non,Non,Non,Non,Non,Non,Non,Oui,Non,Non,Non,Non,Non,Oui,Non,Non,Non,Non,Non,Non,Non,Non,Non,Non,Non,Non,Non,Oui,Non,,,Non,Oui,Non,Non,Non,Non,Non,Non,Non,Non,Oui,Oui,Non,Non,Non,Non,Oui,Non,Non,Non,Non,Non,Non,Non,Plus de dix ans,Université,Oui,Non,Non,Non,Fonctionnaire ou assimilé,Non,Non,Oui,Non,Non,Non,Non,Non,Non,autre,Un homme
95,470,Non,Non,Oui,Oui,Oui,Oui,Oui,Non,Non,Oui,Non,Non,Oui,Oui,Oui,Non,Oui,Oui,Non,Oui,Non,Non,Oui,Non,Oui,Non,Non,Non,Assez,Non,Non,Non,Non,Non,Non,Non,1,,1,M,1,2,M,1,M,M,M,M,2,2,Oui,Non,Oui,Non,Oui,Oui,Oui,Oui,Oui,Non,Non,Non,Non,Oui,Oui,Parfois,Jamais,Jamais,Jamais,Non,Non,Non,Non,Oui,Non,Non,Non,Non,Non,Non,Non,Non,Non,Non,Non,Non,Non,Non,Oui,Un doute sur la capacité de réutilisation des données par d’autres (contextualisation et documentation nécessaire).,"Un manque d’habitude de cette pratique dans les communautés de recherche (savoir faire, etc.)",Une mauvaise qualité des données en l’état.,Un temps trop important nécessaire à leur mise à disposition.,Non,Jamais,Oui,Oui,Non,Non,Non,Non,Oui,Oui,Non,Non,Non,Non,Non,Non,Non,Non,Non,Nous sommes entre 2 et 5 personnes,Oui,Oui,Oui,Non,Non,Non,Non,Non,Non,Non,Non,MacOS,Oui,Non,Non,Non,Oui,Non,Non,Oui,Non,Non,Non,Non,Non,Non,Non,Non,Non,Non,Non,Non,Oui,Oui,Non,Non,Oui,Non,Non,Non,Non,Non,Non,Non,Non,Oui,Oui,Non,Non,Non,Non,Oui,Parfois,Plutôt insatisfait,Non,Non,Oui,Oui,Non,Non,Non,Non,Non,Non,Oui,Non,Non,Non,Non,Non,Oui,Non,Non,Non,Non,Non,Non,Non,Plus de dix ans,autre,Oui,Non,Non,Non,Fonctionnaire ou assimilé,Non,Oui,Oui,Non,Non,Non,Non,Non,Non,histoire,Un homme
96,475,Non,Non,Oui,Oui,Oui,Oui,Oui,Non,Non,Oui,Oui,Non,Oui,Non,Non,Non,Non,Non,Non,Non,Non,Non,Oui,Non,Oui,Non,Non,Non,Assez,Non,Non,Oui,Non,Non,Non,Non,P,1,M,M,M,1,M,M,M,M,M,M,,,Oui,Non,Non,Non,Non,Non,Non,Non,Oui,Non,Non,Oui,Non,Non,Non,Parfois,Jamais,Jamais,Jamais,Non,Non,Non,Non,Oui,Non,Oui,Non,Non,Non,Non,Non,Non,Non,Non,Non,Non,Non,Non,Non,Des conditions éthiques limitant leur partage.,"Des barrières juridiques et économiques contraignant leurs partage (contrat de consortium, valorisation, exclusivité, droit d’auteur).",Non applicable.,,Oui,Parfois,Oui,Non,Non,Non,Non,Non,Non,Oui,Non,Non,Non,Non,Non,Non,Non,Non,Non,Nous sommes entre 2 et 5 personnes,Oui,Oui,Non,Non,Non,Non,Non,Non,Non,Non,Non,Linux,Oui,Non,Non,Non,Oui,Non,Non,Oui,Non,Non,Oui,Oui,Non,Non,Non,Non,Non,Non,Non,Non,Non,Oui,Non,Non,Non,Non,Non,Oui,Non,Non,Non,Non,Non,Oui,Non,Non,Non,Non,Non,Oui,Parfois,Très insatisfait,Oui,Oui,Non,Non,Non,Oui,Non,Non,Non,Non,Non,Non,Oui,Non,Non,Non,Non,Non,Non,Non,Non,Non,Non,Non,Plus de dix ans,CNRS,Oui,Non,Non,Non,Fonctionnaire ou assimilé,Non,Non,Oui,Non,Non,Non,Non,Non,Non,sociologie,Un homme
97,487,Non,Non,Oui,Oui,Oui,Oui,Oui,Non,Non,Oui,Oui,Oui,Oui,Non,Oui,Non,Non,Non,Non,Non,Non,Non,Oui,Oui,Oui,Non,Non,Oui,Peu,Oui,Non,Non,Oui,Non,Non,Non,1,,1,,,1,,,,M,,,,M,Oui,Non,Oui,Non,Non,Oui,Non,Oui,Oui,Non,Non,Non,Non,Oui,Oui,Souvent,Parfois,Parfois,Jamais,Non,Non,Oui,Non,Non,Non,Non,Non,Non,Non,Non,Non,Non,Non,Non,Non,Non,Non,Oui,Non,Un temps trop important nécessaire à leur mise à disposition.,Un doute sur la capacité de réutilisation des données par d’autres (contextualisation et documentation nécessaire).,La peur d’un renforcement d’inégalités entre des personnes produisant des données d’une part et celles les analysant et en tirant des publications d’autre part.,,Non,Souvent,Oui,Non,Non,Non,Non,Non,Non,Oui,Oui,Non,Non,Non,Non,Non,Non,Non,Non,Nous sommes entre 6 et 10 personnes,Non,Oui,Non,Non,Non,Non,Non,Non,Non,Non,Non,Windows,Oui,Non,Non,Oui,Non,Oui,Non,Non,Non,Non,Non,Oui,Oui,Non,Non,Non,Non,Non,Non,Non,Non,Oui,Non,Non,Non,Non,Non,Non,Non,Non,Non,Non,Non,Oui,Non,Non,Non,Non,Non,Oui,Parfois,Plutôt satisfait,Non,Non,Oui,Oui,Non,Non,Non,Non,Non,Non,Non,Oui,Oui,Non,Non,Non,Oui,Non,Oui,Oui,Non,Non,Non,Non,Plus de dix ans,école,Oui,Non,Non,Non,Fonctionnaire ou assimilé,Non,Non,Oui,Non,Non,Non,Non,Non,Non,autre,Un homme
98,496,Non,Non,Oui,Non,Non,Oui,Non,Oui,Non,Oui,Oui,Non,Non,Non,Non,Non,Oui,Non,Non,Oui,Non,Non,Oui,Non,Oui,Non,Non,Non,Assez,Oui,Non,Non,Oui,Non,Non,Non,1,,2,M,,2,M,,,M,,,,,Oui,Non,Non,Non,Non,Non,Non,Non,Oui,Non,Non,Non,Non,Oui,Oui,Jamais,Jamais,Jamais,Jamais,Non,Non,Non,Non,Oui,Non,Non,Non,Non,Non,Non,Non,Non,Non,Non,Non,Non,Non,Non,Oui,"Un manque d’habitude de cette pratique dans les communautés de recherche (savoir faire, etc.)",Un doute sur la capacité de réutilisation des données par d’autres (contextualisation et documentation nécessaire).,Une peur de mésusage des données par les personnes les réutilisant.,Des conditions éthiques limitant leur partage.,Je ne sais pas,Jamais,Oui,Oui,Oui,Oui,Oui,Non,Oui,Non,Oui,Non,Non,Non,Non,Oui,Non,Non,Non,Je travaille seul.e,,,,,,,,,,,,Windows,Oui,Non,Non,Non,Non,Non,Non,Non,Non,Non,Oui,Non,Non,Oui,Non,Non,Oui,Non,Non,Non,Non,Non,Non,Non,Non,Non,Non,Non,Non,Non,Oui,Non,Non,Non,Non,Non,Non,Non,Oui,Non,,,Non,Non,Non,Non,Non,Non,Non,Oui,Non,Non,Non,Oui,Non,Non,Oui,Non,Oui,Oui,Oui,Non,Oui,Oui,Non,Non,Cinq à dix ans,autre,Non,Oui,Non,Non,Autre (précisez en commentaire),Non,Non,Oui,Non,Non,Non,Non,Non,Non,autre,Un homme
99,502,Non,Non,Oui,Oui,Non,Oui,Oui,Non,Non,Oui,Oui,Non,Non,Non,Oui,Non,Non,Non,Non,Non,Non,Non,Oui,Non,Non,Non,Non,Non,Peu,Oui,Oui,Non,Oui,Oui,Non,Oui,2,M,2,1,1,2,M,M,M,1,M,M,2,M,Oui,Non,Non,Oui,Non,Non,Non,Non,Non,Non,Non,Non,Non,Oui,Oui,Parfois,Parfois,Jamais,Jamais,Non,Non,Non,Non,Oui,Non,Non,Non,Non,Non,Non,Non,Non,Non,Non,Non,Non,Non,Non,Oui,Une volonté de valoriser le travail effectué avant un partage pour garder un avantage compétitif.,Une peur de mésusage des données par les personnes les réutilisant.,Un doute sur la capacité de réutilisation des données par d’autres (contextualisation et documentation nécessaire).,Des conditions éthiques limitant leur partage.,Je ne sais pas,Parfois,Non,Non,Non,Non,Oui,Oui,Oui,Non,Non,Non,Non,Non,Non,Non,Non,Non,Non,Je travaille seul.e,,,,,,,,,,,,MacOS,Oui,Non,Non,Non,Non,Non,Non,Non,Non,Non,Oui,Non,Non,Non,Non,Non,Non,Non,Non,Non,Non,Oui,Oui,Non,Non,Non,Non,Non,Non,Non,Non,Oui,Non,Oui,Oui,Non,Non,Non,Non,Non,,,Non,Non,Oui,Oui,Non,Non,Non,Non,Oui,Oui,Oui,Non,Oui,Oui,Non,Non,Oui,Non,Non,Non,Non,Oui,Non,Non,Moins de cinq ans,,Non,Oui,Non,Non,Contrat doctoral,Non,Non,Oui,Non,Non,Non,Non,Non,Non,autre,Une femme
100,504,Oui,Non,Oui,Oui,Non,Oui,Oui,Non,Non,Non,Non,Non,Non,Non,Non,Non,Non,Non,Non,Non,Non,Non,Oui,Oui,Non,Non,Non,Oui,Pas du tout,Non,Non,Non,Oui,Oui,Non,Oui,1,,,,,2,,,,M,1,M,1,M,Oui,Oui,Non,Non,Non,Oui,Non,Non,Non,Non,Non,Non,Non,Oui,Oui,Parfois,Jamais,Jamais,Jamais,Non,Non,Non,Non,Oui,Non,Oui,Oui,Oui,Non,Non,Non,Non,Oui,Non,Non,Non,Non,Non,Non,La peur d’un renforcement d’inégalités entre des personnes produisant des données d’une part et celles les analysant et en tirant des publications d’autre part.,Un temps trop important nécessaire à leur mise à disposition.,Un doute sur la capacité de réutilisation des données par d’autres (contextualisation et documentation nécessaire).,"Un manque d’habitude de cette pratique dans les communautés de recherche (savoir faire, etc.)",Je ne sais pas,Parfois,Non,Non,Non,Non,Oui,Oui,Oui,Non,Oui,Non,Non,Non,Non,Non,Non,Non,Non,Nous sommes entre 2 et 5 personnes,Oui,Oui,Non,Non,Non,Non,Non,Non,Non,Non,Oui,Windows,Oui,Non,Oui,Non,Non,Oui,Non,Non,Non,Non,Oui,Oui,Oui,Non,Non,Non,Oui,Oui,Oui,Non,Non,Non,Non,Non,Oui,Non,Non,Non,Oui,Non,Non,Non,Non,Non,Oui,Non,Non,Non,Non,Non,,,Oui,Non,Non,Non,Non,Non,Non,Non,Non,Non,Non,Non,Oui,Non,Oui,Non,Oui,Non,Oui,Non,Non,Non,Non,Non,Moins de cinq ans,Université,Non,Oui,Non,Non,Autre (précisez en commentaire),Non,Non,Oui,Non,Non,Non,Non,Non,Non,archéologie,Une femme
101,527,Non,Non,Oui,Oui,Non,Oui,Oui,Oui,Non,Oui,Oui,Non,Non,Non,Non,Non,Non,Non,Non,Non,Non,Non,Non,Oui,Non,Non,Non,Non,Pas du tout,Oui,Non,Non,Non,Non,Non,Non,2,M,P,,2,3,,,,2,,,,,Oui,Non,Non,Non,Non,Oui,Oui,Non,Oui,Non,Non,Non,Non,Non,Oui,Parfois,Jamais,Jamais,Jamais,Non,Non,Non,Non,Oui,Non,Non,Oui,Oui,Non,Non,Non,Non,Oui,Non,Non,Non,Non,Non,Non,Des conditions éthiques limitant leur partage.,Une peur de mésusage des données par les personnes les réutilisant.,Une volonté de valoriser le travail effectué avant un partage pour garder un avantage compétitif.,"Des barrières juridiques et économiques contraignant leurs partage (contrat de consortium, valorisation, exclusivité, droit d’auteur).",Je ne sais pas,Parfois,Non,Non,Non,Oui,Oui,Oui,Oui,Non,Oui,Non,Non,Non,Non,Non,Non,Non,Non,Nous sommes entre 2 et 5 personnes,Oui,Non,Non,Non,Non,Non,Non,Non,Non,Non,Non,Windows,Oui,Non,Non,Non,Non,Non,Non,Non,Non,Non,Non,Non,Non,Non,Non,Non,Non,Non,Oui,Non,Oui,Non,Non,Non,Non,Non,Non,Non,Oui,Non,Non,Non,Non,Non,Non,Non,Non,Non,Oui,Non,,,Oui,Oui,Non,Non,Non,Non,Non,Non,Non,Non,Oui,Oui,Non,Non,Non,Non,Oui,Non,Non,Non,Non,Non,Non,Non,Moins de cinq ans,Université,Non,Oui,Non,Non,Autre (précisez en commentaire),Non,Non,Oui,Non,Non,Non,Non,Non,Non,autre,Une femme
102,528,Non,Non,Oui,Oui,Non,Oui,Oui,Non,Non,Oui,Non,Non,Non,Non,Non,Non,Non,Non,Non,Non,Non,Non,Oui,Non,Non,Non,Non,Non,Peu,Non,Non,Non,Oui,Oui,Non,Oui,3,M,1,,,3,,,,M,,,,,Oui,Non,Non,Non,Non,Oui,Oui,Non,Non,Non,Non,Non,Non,Oui,Oui,Jamais,Jamais,Jamais,Jamais,Non,Non,Non,Non,Oui,Non,Non,Non,Non,Non,Non,Non,Non,Non,Non,Non,Non,Non,Non,Oui,Des conditions éthiques limitant leur partage.,Une mauvaise qualité des données en l’état.,Un temps trop important nécessaire à leur mise à disposition.,Un doute sur la capacité de réutilisation des données par d’autres (contextualisation et documentation nécessaire).,Je ne sais pas,Parfois,Oui,Non,Non,Non,Non,Oui,Oui,Non,Oui,Non,Non,Non,Non,Non,Non,Non,Non,Nous sommes entre 2 et 5 personnes,Oui,Oui,Non,Non,Non,Non,Non,Non,Non,Non,Non,Windows,Oui,Non,Non,Non,Non,Non,Non,Non,Non,Non,Oui,Oui,Non,Non,Non,Non,Non,Non,Non,Non,Non,Non,Non,Non,Non,Non,Non,Non,Oui,Non,Non,Non,Non,Oui,Non,Non,Non,Non,Non,Oui,Parfois,Très satisfait,Non,Non,Non,Non,Non,Non,Non,Oui,Oui,Oui,Non,Oui,Oui,Non,Non,Non,Non,Non,Oui,Non,Non,Oui,Oui,Non,Cinq à dix ans,,Non,Oui,Non,Non,En CDD,Non,Non,Oui,Non,Non,Non,Non,Non,Non,sociologie,Une femme
103,572,Non,Non,Non,Oui,Non,Oui,Oui,Non,Non,Oui,Non,Non,Non,Non,Non,Non,Non,Non,Non,Non,Non,Non,Non,Non,Oui,Non,Non,Non,Pas du tout,Non,Non,Non,Non,Non,Non,Non,2,M,2,M,,P,,,,M,,2,,,Non,Non,Non,Non,Non,Non,Non,Oui,Non,Non,Non,Non,Non,Non,Non,Souvent,Jamais,Jamais,Jamais,Non,Non,Non,Non,Oui,Non,Oui,Non,Non,Non,Non,Non,Non,Non,Non,Non,Non,Non,Non,Non,La peur d’un renforcement d’inégalités entre des personnes produisant des données d’une part et celles les analysant et en tirant des publications d’autre part.,Un doute sur la capacité de réutilisation des données par d’autres (contextualisation et documentation nécessaire).,Une peur de mésusage des données par les personnes les réutilisant.,,Oui,Je ne sais pas,Non,Non,Non,Non,Non,Non,Oui,Non,Oui,Non,Non,Non,Non,Non,Non,Non,Non,Je travaille seul.e,,,,,,,,,,,,Windows,Non,Non,Non,Non,Non,Oui,Non,Non,Non,Non,Non,Non,Non,Non,Non,Non,Non,Non,Non,Non,Oui,Non,Non,Non,Non,Non,Non,Non,Non,Non,Oui,Non,Non,Oui,Non,Non,Non,Non,Non,Oui,Parfois,"Ni satisfait, ni insatisfait",Non,Non,Non,Non,Non,Non,Non,Oui,Non,Non,Non,Non,Non,Non,Non,Oui,Non,Non,Non,Non,Non,Non,Non,Oui,Plus de dix ans,autre,Non,Oui,Non,Non,Autre (précisez en commentaire),Non,Non,Oui,Non,Non,Non,Non,Non,Non,autre,Un homme
104,575,Non,Non,Oui,Non,Non,Oui,Oui,Non,Non,Oui,Oui,Non,Non,Non,Non,Non,Non,Non,Non,Non,Non,Non,Oui,Non,Oui,Non,Non,Non,Peu,Oui,Non,Non,Oui,Non,Non,Non,3,,,2,,P,,,,M,,,,,Oui,Non,Non,Non,Non,Non,Non,Non,Oui,Non,Non,Non,Non,Oui,Oui,Jamais,Jamais,Jamais,Jamais,Non,Non,Non,Non,Oui,Non,Non,Non,Non,Non,Non,Non,Non,Non,Non,Non,Non,Non,Non,Oui,Des conditions éthiques limitant leur partage.,Un doute sur la capacité de réutilisation des données par d’autres (contextualisation et documentation nécessaire).,"Un manque d’habitude de cette pratique dans les communautés de recherche (savoir faire, etc.)",Une peur de mésusage des données par les personnes les réutilisant.,Oui,Jamais,Non,Non,Oui,Oui,Oui,Non,Oui,Oui,Oui,Non,Oui,Non,Non,Oui,Non,Non,Non,Je travaille seul.e,,,,,,,,,,,,MacOS,Oui,Non,Non,Non,Non,Non,Non,Non,Non,Non,Non,Non,Non,Non,Non,Non,Non,Non,Non,Non,Oui,Non,Non,Non,Non,Non,Non,Non,Oui,Non,Oui,Non,Non,Oui,Oui,Non,Non,Non,Non,Non,,,Non,Non,Non,Non,Non,Non,Non,Oui,Non,Non,Non,Non,Non,Non,Non,Oui,Non,Non,Non,Oui,Non,Oui,Oui,Non,Cinq à dix ans,école,Non,Oui,Non,Non,En CDD,Non,Non,Oui,Non,Non,Non,Non,Non,Non,sociologie,Un homme
105,585,Non,Non,Non,Oui,Non,Oui,Non,Non,Non,Oui,Non,Non,Non,Non,Non,Non,Non,Non,Non,Non,Non,Non,Non,Non,Oui,Non,Non,Non,Assez,Non,Non,Non,Oui,Non,Non,Non,1,,M,,M,1,,,,,,,M,,Non,Non,Non,Non,Non,Oui,Non,Oui,Oui,Non,Non,Non,Non,Non,Non,Parfois,Jamais,Jamais,Jamais,Non,Non,Non,Non,Oui,Non,Non,Oui,Non,Non,Non,Non,Non,Non,Non,Non,Non,Non,Non,Oui,Un doute sur la capacité de réutilisation des données par d’autres (contextualisation et documentation nécessaire).,Une mauvaise qualité des données en l’état.,,,Non,Parfois,Non,Non,Non,Oui,Non,Oui,Oui,Non,Non,Non,Non,Non,Non,Non,Non,Non,Non,Nous sommes entre 2 et 5 personnes,Oui,Oui,Non,Non,Non,Non,Non,Non,Non,Non,Non,Windows,Oui,Non,Non,Non,Non,Non,Non,Non,Non,Non,Non,Non,Non,Non,Non,Non,Non,Non,Non,Non,Oui,Non,Non,Non,Non,Non,Non,Non,Oui,Non,Non,Non,Non,Non,Oui,Non,Non,Non,Non,Oui,Jamais,,Non,Non,Oui,Non,Non,Non,Non,Non,Non,Non,Non,Oui,Oui,Non,Non,Non,Oui,Non,Oui,Non,Non,Oui,Non,Non,Cinq à dix ans,autre,Non,Oui,Non,Non,Fonctionnaire ou assimilé,Non,Non,Oui,Non,Non,Non,Non,Non,Non,histoire,Une femme
106,589,Non,Non,Oui,Non,Non,Oui,Oui,Non,Non,Non,Non,Non,Non,Non,Non,Non,Non,Non,Non,Non,Non,Non,Oui,Non,Non,Non,Non,Non,Pas du tout,Oui,Non,Non,Non,Non,Non,Non,2,,,,,2,,,,,,,,,Oui,Non,Non,Non,Non,Oui,Non,Non,Non,Non,Non,Non,Non,Non,Oui,Jamais,Jamais,Jamais,Jamais,Non,Non,Non,Non,Oui,Non,Non,Non,Non,Non,Non,Non,Non,Non,Non,Non,Non,Non,Non,Oui,Non applicable.,,,,Non,Souvent,Non,Non,Non,Non,Oui,Non,Oui,Oui,Oui,Non,Non,Non,Non,Non,Non,Non,Non,Nous sommes entre 2 et 5 personnes,Oui,Non,Non,Non,Non,Non,Non,Non,Non,Non,Oui,Windows,Non,Non,Non,Non,Non,Non,Non,Non,Oui,Non,,,,,,,,,,,,,,,,,,,,,,Non,Non,Oui,Non,Non,Non,Non,Non,Non,,,Non,Non,Non,Non,Non,Non,Non,Oui,Non,Non,Non,Non,Non,Non,Non,Oui,Non,Non,Non,Non,Non,Non,Non,Oui,Plus de dix ans,autre,Oui,Non,Non,Non,Fonctionnaire ou assimilé,Non,Non,Oui,Non,Non,Non,Non,Non,Non,autre,Une femme
107,591,Non,Non,Non,Oui,Non,Oui,Oui,Oui,Non,Oui,Non,Non,Non,Non,Non,Non,Non,Non,Non,Non,Non,Non,Non,Non,Non,Non,Non,Non,Peu,Non,Non,Non,Non,Non,Non,Non,3,M,3,,,P,,,,M,M,,,M,Non,Non,Oui,Non,Non,Oui,Non,Oui,Oui,Non,Non,Non,Non,Non,Oui,Parfois,Jamais,Jamais,Jamais,Non,Non,Non,Non,Oui,Oui,Oui,Oui,Oui,Oui,Oui,Non,Oui,Oui,Oui,Non,Non,Non,Non,Non,Non applicable.,,,,Non,Parfois,Non,Non,Non,Oui,Non,Non,Oui,Non,Oui,Non,Non,Non,Non,Oui,Non,Non,Non,Je travaille seul.e,,,,,,,,,,,,MacOS,Oui,Non,Non,Non,Non,Oui,Non,Non,Non,Non,Oui,Non,Non,Non,Non,Non,Non,Non,Non,Non,Non,Non,Non,Non,Non,Non,Non,Non,Oui,Non,Non,Non,Non,Oui,Non,Non,Non,Non,Oui,Non,,,Oui,Oui,Non,Non,Non,Non,Non,Non,Non,Non,Non,Non,Oui,Non,Non,Non,Non,Oui,Non,Non,Non,Non,Non,Non,Plus de dix ans,autre,Oui,Non,Non,Non,Fonctionnaire ou assimilé,Non,Non,Oui,Non,Non,Non,Non,Non,Non,autre,Une femme
108,592,Non,Non,Non,Oui,Non,Oui,Oui,Oui,Oui,Oui,Non,Non,Oui,Non,Oui,Non,Non,Non,Non,Oui,Non,Non,Non,Non,Oui,Non,Oui,Non,Peu,Oui,Non,Non,Oui,Oui,Non,Oui,M,M,M,,M,1,M,M,M,M,M,M,1,M,Non,Non,Non,Non,Non,Non,Non,Oui,Oui,Non,Non,Non,Oui,Non,Oui,Jamais,Jamais,Toujours,Jamais,Non,Non,Non,Non,Oui,Non,Non,Non,Non,Non,Non,Non,Oui,Non,Non,Non,Non,Non,Non,Non,"Un manque d’habitude de cette pratique dans les communautés de recherche (savoir faire, etc.)",Un doute sur la capacité de réutilisation des données par d’autres (contextualisation et documentation nécessaire).,Une peur de mésusage des données par les personnes les réutilisant.,La peur d’un renforcement d’inégalités entre des personnes produisant des données d’une part et celles les analysant et en tirant des publications d’autre part.,Je ne sais pas,Parfois,Oui,Oui,Oui,Oui,Oui,Oui,Oui,Oui,Oui,Non,Non,Oui,Oui,Non,Non,Non,Non,Je travaille seul.e,,,,,,,,,,,,Windows,Oui,Non,Oui,Oui,Non,Oui,Non,Non,Non,Non,Oui,Non,Oui,Non,Non,Non,Non,Oui,Non,Non,Non,Non,Oui,Non,Non,Oui,Oui,Non,Oui,Oui,Non,Non,Oui,Non,Non,Non,Non,Non,Oui,Oui,Parfois,Plutôt satisfait,Non,Non,Non,Non,Non,Non,Non,Oui,Non,Non,Oui,Non,Non,Non,Non,Non,Oui,Non,Non,Non,Non,Non,Oui,Non,Moins de cinq ans,autre,Oui,Non,Non,Non,Fonctionnaire ou assimilé,Non,Non,Oui,Non,Non,Non,Non,Non,Non,histoire,Un homme
109,598,Non,Non,Oui,Oui,Oui,Oui,Oui,Non,Non,Oui,Oui,Non,Oui,Non,Oui,Non,Oui,Oui,Non,Non,Non,Non,Non,Oui,Oui,Non,Non,Non,Tout à fait,Oui,Non,Oui,Non,Non,Non,Oui,1,M,M,M,M,1,,M,M,M,M,,M,1,Oui,Non,Non,Non,Non,Non,Oui,Oui,Oui,Non,Non,Oui,Non,Oui,Oui,Parfois,Jamais,Jamais,Jamais,Non,Non,Non,Non,Oui,Non,Non,Non,Oui,Non,Non,Non,Non,Oui,Non,Non,Non,Non,Non,Non,Une volonté de valoriser le travail effectué avant un partage pour garder un avantage compétitif.,"Un manque d’habitude de cette pratique dans les communautés de recherche (savoir faire, etc.)",Un temps trop important nécessaire à leur mise à disposition.,Une peur de mésusage des données par les personnes les réutilisant.,Non,Souvent,Non,Non,Oui,Non,Oui,Non,Non,Oui,Oui,Non,Non,Non,Non,Non,Non,Non,Non,Nous sommes entre 6 et 10 personnes,Oui,Oui,Non,Non,Non,Non,Non,Non,Non,Non,Non,Windows,Oui,Non,Non,Non,Oui,Non,Non,Oui,Non,Non,Non,Oui,Non,Non,Non,Non,Oui,Non,Non,Oui,Non,Non,Non,Non,Non,Oui,Oui,Non,Oui,Non,Non,Non,Non,Oui,Oui,Non,Non,Non,Non,Oui,Parfois,Plutôt satisfait,Non,Non,Non,Oui,Non,Non,Non,Non,Non,Oui,Non,Oui,Oui,Non,Non,Non,Oui,Non,Non,Non,Oui,Non,Non,Non,Plus de dix ans,,Oui,Non,Non,Non,Fonctionnaire ou assimilé,Non,Non,Oui,Non,Non,Non,Non,Non,Non,sociologie,Une femme
110,601,Non,Non,Oui,Oui,Non,Oui,Non,Non,Non,Oui,Oui,Non,Non,Non,Non,Non,Non,Non,Non,Non,Non,Non,Oui,Non,Oui,Non,Non,Non,Assez,Oui,Non,Non,Oui,Non,Non,Oui,2,M,1,M,M,2,M,M,M,M,M,M,M,M,Oui,Non,Non,Non,Non,Oui,Oui,Oui,Oui,Non,Non,Non,Non,Oui,Non,Parfois,Jamais,Jamais,Jamais,Non,Non,Non,Non,Oui,Non,Non,Non,Oui,Non,Non,Non,Non,Non,Non,Non,Non,Non,Non,Non,Des conditions éthiques limitant leur partage.,"Un manque d’habitude de cette pratique dans les communautés de recherche (savoir faire, etc.)",Une volonté de valoriser le travail effectué avant un partage pour garder un avantage compétitif.,Un doute sur la capacité de réutilisation des données par d’autres (contextualisation et documentation nécessaire).,Je ne sais pas,Jamais,Non,Non,Non,Non,Non,Oui,Oui,Oui,Non,Non,Non,Non,Non,Non,Non,Non,Non,Nous sommes entre 6 et 10 personnes,Oui,Oui,Oui,Non,Non,Non,Non,Non,Non,Non,Non,Windows,Non,Non,Non,Non,Non,Non,Non,Non,Non,Oui,Non,Non,Non,Non,Non,Non,Non,Non,Non,Non,Oui,Non,Non,Non,Non,Non,Non,Non,Non,Non,Oui,Non,Non,Oui,Non,Non,Non,Oui,Non,Non,,,Non,Non,Non,Non,Non,Non,Non,Oui,Non,Non,Non,Non,Non,Non,Non,Oui,Oui,Non,Oui,Non,Non,Non,Non,Non,Plus de dix ans,CNRS,Oui,Non,Non,Non,Fonctionnaire ou assimilé,Non,Non,Oui,Non,Non,Non,Non,Non,Non,sociologie,Un homme
111,616,Non,Non,Non,Oui,Non,Oui,Oui,Oui,Non,Oui,Oui,Non,Non,Non,Oui,Non,Oui,Oui,Non,Non,Non,Non,Non,Non,Oui,Non,Non,Non,Assez,Non,Non,Non,Oui,Oui,Oui,Oui,P,2,2,M,M,P,,1,M,2,P,M,,,Oui,Non,Non,Non,Non,Oui,Oui,Oui,Oui,Non,Non,Non,Non,Oui,Oui,Toujours,Jamais,Jamais,Parfois,Non,Non,Non,Non,Oui,Non,Oui,Oui,Oui,Non,Non,Non,Oui,Non,Non,Non,Non,Non,Non,Non,Un doute sur la capacité de réutilisation des données par d’autres (contextualisation et documentation nécessaire).,,,,Je ne sais pas,Parfois,Non,Non,Non,Oui,Non,Non,Non,Oui,Oui,Oui,Non,Non,Non,Non,Non,Non,Non,Je travaille seul.e,,,,,,,,,,,,MacOS,Oui,Non,Non,Non,Non,Oui,Non,Non,Non,Non,Oui,Oui,Non,Non,Non,Non,Non,Non,Non,Non,Non,Non,Non,Non,Non,Non,Non,Non,Oui,Non,Non,Non,Non,Non,Oui,Non,Non,Oui,Non,Oui,Parfois,"Ni satisfait, ni insatisfait",Non,Non,Non,Non,Non,Non,Non,Oui,Non,Non,Non,Non,Non,Non,Non,Oui,Oui,Non,Oui,Non,Non,Oui,Oui,Non,Moins de cinq ans,Université,Oui,Non,Non,Non,Fonctionnaire ou assimilé,Non,Non,Oui,Non,Non,Non,Non,Non,Non,autre,Une femme
112,623,Non,Non,Oui,Oui,Non,Oui,Oui,Non,Non,Oui,Non,Non,Non,Non,Oui,Non,Non,Non,Non,Oui,Non,Non,Oui,Non,Oui,Non,Non,Non,Assez,Oui,Oui,Non,Non,Oui,Non,Non,1,,,1,,P,,,,,,,,,Oui,Non,Non,Non,Oui,Oui,Non,Oui,Oui,Non,Non,Non,Non,Oui,Oui,Parfois,Jamais,Parfois,Jamais,Non,Non,Oui,Non,Non,Non,Non,Oui,Non,Non,Non,Non,Non,Non,Non,Non,Non,Non,Non,Non,"Un manque d’habitude de cette pratique dans les communautés de recherche (savoir faire, etc.)",La peur d’un renforcement d’inégalités entre des personnes produisant des données d’une part et celles les analysant et en tirant des publications d’autre part.,Une volonté de valoriser le travail effectué avant un partage pour garder un avantage compétitif.,,Je ne sais pas,Parfois,Non,Non,Non,Non,Oui,Non,Oui,Non,Oui,Non,Non,Non,Oui,Non,Non,Non,Non,Nous sommes entre 2 et 5 personnes,Non,Oui,Non,Non,Non,Non,Non,Non,Non,Non,Non,Windows,Oui,Non,Non,Non,Non,Non,Non,Non,Non,Non,Non,Oui,Non,Non,Non,Non,Non,Non,Non,Non,Non,Oui,Oui,Oui,Oui,Non,Non,Non,Non,Non,Non,Non,Non,Oui,Oui,Non,Non,Non,Non,Oui,Parfois,"Ni satisfait, ni insatisfait",Non,Non,Oui,Non,Oui,Non,Non,Non,Oui,Non,Non,Oui,Non,Non,Non,Non,Oui,Non,Oui,Non,Non,Non,Non,Non,Cinq à dix ans,,Non,Oui,Non,Non,En CDD,Non,Non,Oui,Non,Non,Non,Non,Non,Non,histoire,Un homme
113,643,Non,Non,Oui,Oui,Non,Oui,Oui,Oui,Non,Oui,Oui,Non,Oui,Non,Oui,Non,Oui,Non,Non,Non,Non,Non,Oui,Non,Oui,Non,Non,Oui,Peu,Non,Non,Oui,Oui,Oui,Non,Oui,1,1,1,,M,1,,,,M,,M,M,M,Oui,Non,Oui,Non,Non,Oui,Oui,Oui,Non,Non,Non,Non,Non,Oui,Oui,Parfois,Parfois,Souvent,Jamais,Non,Non,Non,Non,Non,Oui,Non,Non,Non,Non,Non,Non,Non,Non,Non,Non,Non,Non,Non,Oui,Non applicable.,,,,Non applicable,Parfois,Oui,Oui,Non,Non,Oui,Oui,Oui,Non,Oui,Non,Non,Non,Non,Oui,Non,Non,Non,Je travaille seul.e,,,,,,,,,,,,Windows,Oui,Non,Non,Non,Non,Non,Non,Non,Non,Non,Oui,Oui,Oui,Oui,Non,Oui,Oui,Non,Oui,Non,Non,Oui,Non,Non,Oui,Oui,Non,Non,Non,Non,Non,Non,Non,Oui,Oui,Non,Non,Non,Oui,Oui,Jamais,"Ni satisfait, ni insatisfait",Non,Non,Non,Non,Non,Non,Non,Oui,Oui,Oui,Oui,Non,Non,Non,Non,Non,Oui,Non,Oui,Non,Non,Oui,Non,Non,Moins de cinq ans,autre,Non,Oui,Non,Non,Contrat doctoral,Oui,Non,Oui,Non,Non,Non,Non,Non,Non,sociologie,Un homme
114,651,Oui,Non,Non,Non,Non,Oui,Non,Non,Oui,Non,Non,Non,Non,Non,Non,Non,Non,Non,Non,Non,Non,Non,Non,Non,Oui,Non,Non,Non,Assez,Non,Non,Oui,Non,Oui,Non,Non,1,1,,,,,,2,,,,,2,,Non,Oui,Oui,Oui,Non,Oui,Oui,Non,Oui,Non,Non,Non,Non,Non,Oui,Jamais,Jamais,Jamais,Jamais,Non,Non,Non,Non,Oui,Non,Non,Non,Non,Non,Non,Non,Non,Non,Non,Non,Non,Non,Non,Oui,"Un manque d’habitude de cette pratique dans les communautés de recherche (savoir faire, etc.)",,,,Je ne sais pas,Parfois,Non,Non,Oui,Non,Non,Non,Non,Oui,Non,Non,Non,Non,Non,Non,Non,Non,Non,Nous sommes entre 2 et 5 personnes,Oui,Oui,Non,Non,Non,Non,Non,Non,Non,Non,Non,Windows,Oui,Non,Non,Non,Non,Non,Non,Non,Non,Non,Non,Non,Non,Non,Non,Non,Non,Non,Non,Non,Oui,Non,Non,Non,Non,Non,Non,Non,Non,Non,Oui,Non,Non,Oui,Non,Non,Non,Non,Non,Non,,,Non,Non,Non,Non,Non,Non,Non,Oui,Non,Non,Non,Non,Non,Non,Non,Oui,Non,Non,Non,Non,Non,Non,Non,Oui,Plus de dix ans,autre,Oui,Non,Non,Non,Fonctionnaire ou assimilé,Non,Non,Non,Non,Non,Non,Oui,Non,Non,autre,Un homme
115,736,Non,Oui,Oui,Oui,Oui,Oui,Oui,Non,Non,Non,Non,Oui,Oui,Oui,Non,Non,Oui,Non,Non,Oui,Non,Non,Oui,Oui,Oui,Non,Non,Non,Assez,Non,Non,Oui,Non,Non,Oui,Oui,2,,3,M,M,2,1,,,M,M,,M,M,Oui,Non,Non,Non,Non,Non,Non,Non,Oui,Non,Non,Non,Oui,Oui,Oui,Parfois,Jamais,Jamais,Jamais,Non,Non,Non,Non,Oui,Non,Oui,Non,Non,Non,Non,Non,Non,Non,Non,Non,Non,Non,Non,Non,Des conditions éthiques limitant leur partage.,Un doute sur la capacité de réutilisation des données par d’autres (contextualisation et documentation nécessaire).,Une volonté de valoriser le travail effectué avant un partage pour garder un avantage compétitif.,"Une perspective de mise à disposition qui vient limiter, freiner le travail interprétatif possible.",Oui,Jamais,Non,Non,Non,Non,Oui,Oui,Non,Oui,Oui,Non,Non,Non,Non,Non,Non,Non,Non,Nous sommes entre 2 et 5 personnes,Oui,Oui,Non,Non,Non,Non,Non,Non,Non,Non,Non,Windows,Oui,Non,Non,Non,Oui,Non,Non,Non,Non,Non,Non,Oui,Non,Non,Non,Non,Oui,Non,Non,Non,Non,Non,Oui,Non,Non,Oui,Non,Non,Oui,Non,Non,Non,Non,Oui,Non,Non,Non,Non,Oui,Oui,Parfois,,Non,Non,Non,Non,Oui,Non,Non,Non,Non,Non,Non,Oui,Non,Non,Non,Non,Non,Non,Non,Non,Oui,Non,Oui,Non,Moins de cinq ans,,Oui,Non,Non,Non,Fonctionnaire ou assimilé,Non,Non,Oui,Non,Non,Non,Non,Non,Non,psychologie,Une femme
116,786,Non,Non,Oui,Oui,Oui,Oui,Oui,Non,Non,Oui,Non,Non,Non,Non,Oui,Non,Non,Non,Non,Non,Non,Non,Oui,Non,Oui,Non,Oui,Non,Peu,Non,Non,Non,Non,Non,Non,Non,2,M,1,2,M,M,,M,M,M,M,,,M,Non,Non,Non,Non,Non,Non,Oui,Oui,Oui,Non,Non,Non,Non,Oui,Non,Parfois,Jamais,Jamais,Jamais,Non,Non,Oui,Non,Non,Non,Oui,Oui,Non,Non,Non,Oui,Non,Non,Non,Non,Non,Non,Non,Non,Un doute sur la capacité de réutilisation des données par d’autres (contextualisation et documentation nécessaire).,Un temps trop important nécessaire à leur mise à disposition.,,,Non,Je ne sais pas,Non,Non,Oui,Oui,Oui,Non,Oui,Non,Oui,Non,Non,Non,Non,Non,Non,Non,Non,Nous sommes entre 2 et 5 personnes,Oui,Oui,Non,Non,Non,Non,Non,Non,Non,Oui,Oui,MacOS,Oui,Non,Non,Oui,Non,Non,Non,Non,Non,Non,Non,Non,Oui,Non,Non,Non,Non,Non,Non,Non,Non,Non,Oui,Non,Oui,Non,Non,Non,Non,Non,Non,Non,Non,Oui,Non,Non,Non,Non,Non,Oui,Parfois,Plutôt insatisfait,Oui,Oui,Non,Non,Oui,Non,Non,Non,Non,Oui,Oui,Non,Oui,Non,Non,Non,Oui,Non,Oui,Non,Non,Non,Non,Non,Plus de dix ans,Université,Oui,Non,Non,Non,Fonctionnaire ou assimilé,Non,Non,Oui,Non,Non,Non,Non,Non,Non,autre,Un homme
117,798,Non,Non,Oui,Oui,Non,Oui,Oui,Oui,Non,Non,Non,Non,Non,Non,Non,Non,Non,Non,Non,Non,Non,Non,Non,Non,Non,Non,Non,Oui,Pas du tout,Non,Non,Non,Non,Oui,Non,Non,1,1,1,,,,,,1,,,,1,,Oui,Non,Oui,Oui,Non,Oui,Oui,Oui,Oui,Non,Non,Non,Non,Oui,Oui,Jamais,Jamais,Jamais,Jamais,Non,Non,Non,Non,Oui,Non,Non,Non,Non,Non,Non,Non,Non,Non,Non,Non,Non,Non,Oui,Non,"Un manque d’habitude de cette pratique dans les communautés de recherche (savoir faire, etc.)",Une peur de mésusage des données par les personnes les réutilisant.,Une mauvaise qualité des données en l’état.,,Je ne sais pas,Je ne sais pas,Oui,Non,Non,Non,Oui,Oui,Oui,Non,Oui,Non,Non,Non,Non,Non,Non,Non,Non,Je travaille seul.e,,,,,,,,,,,,MacOS,Non,Non,Non,Non,Non,Oui,Non,Non,Non,Non,Oui,Non,Non,Non,Non,Non,Non,Non,Non,Non,Non,Non,Non,Non,Non,Oui,Oui,Oui,Oui,Non,Non,Non,Non,Non,Non,Non,Non,Non,Oui,Non,,,Oui,Non,Non,Non,Non,Non,Non,Non,Oui,Non,Non,Non,Non,Oui,Oui,Non,Oui,Non,Non,Non,Oui,Non,Oui,Non,Moins de cinq ans,,Non,Oui,Non,Non,Travailleur/travailleuse indépendante,Non,Non,Oui,Non,Non,Non,Non,Non,Non,autre,Un homme
118,799,Non,Non,Non,Non,Non,Oui,Oui,Non,Non,Non,Oui,Non,Non,Non,Oui,Non,Oui,Oui,Non,Oui,Non,Non,Non,Non,Oui,Non,Non,Non,Tout à fait,Oui,Non,Oui,Oui,Oui,Non,Oui,M,,2,1,3,P,,3,2,1,1,,,,Non,Non,Non,Non,Non,Non,Oui,Non,Oui,Non,Non,Non,Oui,Oui,Oui,Toujours,Jamais,Jamais,Jamais,Non,Non,Oui,Non,Oui,Non,Non,Non,Non,Oui,Non,Non,Non,Non,Non,Non,Non,Non,Non,Non,Des conditions éthiques limitant leur partage.,Une peur de mésusage des données par les personnes les réutilisant.,,,Oui,Parfois,Non,Oui,Oui,Non,Oui,Non,Oui,Oui,Non,Non,Non,Non,Oui,Non,Non,Non,Non,Nous sommes entre 2 et 5 personnes,Oui,Oui,Non,Non,Non,Non,Non,Non,Non,Non,Non,Linux,Non,Non,Non,Non,Oui,Non,Non,Non,Non,Non,Non,Non,Non,Non,Non,Non,Oui,Non,Oui,Non,Non,Non,Non,Oui,Non,Oui,Oui,Non,Oui,Non,Non,Non,Non,Oui,Non,Non,Non,Non,Oui,Oui,Jamais,,Non,Non,Oui,Oui,Non,Non,Non,Non,Oui,Non,Non,Oui,Non,Non,Non,Non,Oui,Non,Oui,Non,Non,Non,Non,Non,Cinq à dix ans,Université,Non,Oui,Non,Non,En CDD,Non,Non,Oui,Non,Non,Non,Non,Non,Non,autre,Une femme
119,801,Non,Non,Oui,Oui,Non,Oui,Oui,Non,Non,Oui,Oui,Non,Oui,Non,Oui,Non,Non,Non,Non,Oui,Non,Non,Oui,Non,Oui,Non,Non,Non,Peu,Oui,Non,Non,Oui,Non,Non,Oui,2,,M,,,1,,,,M,,M,,M,Oui,Non,Non,Non,Oui,Oui,Non,Non,Oui,Non,Non,Non,Non,Oui,Oui,Souvent,Jamais,Jamais,Jamais,Non,Non,Non,Non,Oui,Non,Non,Non,Oui,Non,Non,Non,Non,Oui,Non,Non,Non,Non,Non,Non,"Un manque d’habitude de cette pratique dans les communautés de recherche (savoir faire, etc.)",Un doute sur la capacité de réutilisation des données par d’autres (contextualisation et documentation nécessaire).,Un temps trop important nécessaire à leur mise à disposition.,,Je ne sais pas,Souvent,Oui,Oui,Non,Non,Oui,Oui,Oui,Oui,Non,Non,Oui,Non,Non,Oui,Non,Non,Non,Nous sommes entre 6 et 10 personnes,Oui,Oui,Non,Non,Non,Non,Non,Non,Non,Non,Non,MacOS,Oui,Non,Non,Non,Non,Non,Non,Non,Oui,Non,,,,,,,,,,,,,,,,,,,,,,Non,Non,Oui,Oui,Non,Oui,Non,Non,Oui,Parfois,Très satisfait,Non,Non,Non,Non,Non,Non,Non,Oui,Non,Oui,Oui,Non,Non,Non,Oui,Non,Non,Non,Oui,Non,Non,Non,Non,Non,Plus de dix ans,autre,Oui,Non,Non,Non,Fonctionnaire ou assimilé,Non,Non,Oui,Non,Non,Non,Non,Non,Non,sociologie,Un homme
120,810,Non,Non,Oui,Oui,Oui,Oui,Non,Non,Non,Oui,Non,Non,Non,Non,Non,Non,Oui,Non,Non,Non,Non,Non,Oui,Non,Oui,Non,Non,Non,Tout à fait,Oui,Non,Oui,Oui,Non,Non,Oui,1,M,1,,1,3,,,,,,,,,Oui,Non,Non,Non,Non,Oui,Non,Oui,Oui,Non,Non,Non,Non,Non,Oui,Parfois,Jamais,Jamais,Jamais,Non,Non,Non,Non,Oui,Non,Non,Non,Non,Non,Non,Non,Non,Non,Non,Non,Non,Non,Non,Oui,"Des barrières juridiques et économiques contraignant leurs partage (contrat de consortium, valorisation, exclusivité, droit d’auteur).",Une peur de mésusage des données par les personnes les réutilisant.,Un doute sur la capacité de réutilisation des données par d’autres (contextualisation et documentation nécessaire).,Une volonté de valoriser le travail effectué avant un partage pour garder un avantage compétitif.,Non,Parfois,Non,Non,Non,Non,Non,Non,Non,Oui,Non,Non,Oui,Non,Non,Non,Non,Non,Non,Nous sommes entre 2 et 5 personnes,Oui,Non,Non,Non,Non,Non,Non,Non,Non,Non,Non,Windows,Oui,Non,Non,Non,Non,Non,Non,Non,Non,Non,Non,Non,Non,Non,Non,Non,Non,Non,Non,Non,Non,Oui,Non,Non,Non,Non,Non,Non,Oui,Oui,Non,Non,Non,Oui,Non,Non,Non,Non,Non,Oui,Jamais,,Non,Non,Non,Non,Non,Non,Non,Oui,Non,Non,Non,Non,Non,Non,Non,Oui,Non,Non,Non,Non,Non,Non,Non,Oui,Plus de dix ans,Université,Oui,Non,Non,Non,Fonctionnaire ou assimilé,Oui,Non,Non,Non,Non,Non,Non,Non,Non,autre,Une femme
121,821,Non,Non,Non,Oui,Non,Oui,Oui,Oui,Non,Oui,Non,Non,Non,Non,Oui,Non,Non,Non,Non,Non,Non,Non,Oui,Non,Oui,Non,Non,Oui,Peu,Non,Non,Non,Oui,Oui,Non,Non,P,1,P,,,3,,,M,3,3,1,,,Oui,Non,Oui,Non,Non,Oui,Oui,Oui,Oui,Non,Non,Non,Non,Non,Non,Parfois,Jamais,Jamais,Jamais,Non,Non,Non,Non,Oui,Non,Non,Non,Oui,Non,Non,Non,Non,Non,Non,Non,Non,Non,Non,Non,Un temps trop important nécessaire à leur mise à disposition.,Une volonté de valoriser le travail effectué avant un partage pour garder un avantage compétitif.,"Un manque d’habitude de cette pratique dans les communautés de recherche (savoir faire, etc.)",Une peur de mésusage des données par les personnes les réutilisant.,Oui,Souvent,Non,Non,Oui,Non,Non,Non,Oui,Non,Oui,Non,Non,Non,Non,Non,Non,Non,Non,Je travaille seul.e,,,,,,,,,,,,MacOS,Non,Non,Non,Non,Non,Non,Non,Non,Non,Oui,Non,Non,Non,Non,Non,Non,Non,Non,Non,Non,Oui,Non,Non,Non,Non,Non,Non,Non,Non,Non,Oui,Non,Non,Non,Non,Non,Non,Non,Oui,Non,,,Oui,Non,Oui,Non,Non,Non,Non,Non,Non,Non,Non,Non,Non,Non,Oui,Non,Oui,Non,Oui,Non,Oui,Non,Non,Non,Plus de dix ans,Université,Oui,Non,Non,Non,Fonctionnaire ou assimilé,Non,Non,Oui,Non,Non,Non,Non,Non,Non,autre,Un homme
122,827,Non,Non,Oui,Oui,Non,Oui,Oui,Oui,Non,Oui,Oui,Non,Oui,Non,Oui,Non,Oui,Oui,Non,Non,Non,Non,Oui,Oui,Oui,Non,Non,Oui,Tout à fait,Oui,Non,Non,Non,Non,Non,Non,P,M,1,1,1,3,,,M,M,M,M,2,2,Oui,Non,Oui,Oui,Non,Oui,Oui,Oui,Oui,Non,Non,Non,Oui,Oui,Oui,Parfois,Jamais,Jamais,Jamais,Non,Non,Oui,Non,Non,Non,Oui,Non,Non,Non,Non,Non,Non,Non,Oui,Non,Non,Non,Non,Non,Une peur de mésusage des données par les personnes les réutilisant.,Des conditions éthiques limitant leur partage.,Un doute sur la capacité de réutilisation des données par d’autres (contextualisation et documentation nécessaire).,La peur d’un renforcement d’inégalités entre des personnes produisant des données d’une part et celles les analysant et en tirant des publications d’autre part.,Non,Jamais,Non,Non,Non,Non,Oui,Oui,Non,Oui,Oui,Non,Oui,Non,Non,Non,Non,Non,Non,Nous sommes entre 6 et 10 personnes,Oui,Oui,Oui,Non,Oui,Non,Non,Non,Non,Non,Non,Windows,Oui,Non,Non,Non,Oui,Non,Non,Non,Non,Non,Oui,Oui,Non,Non,Non,Non,Non,Non,Non,Non,Non,Non,Non,Oui,Oui,Non,Oui,Non,Non,Non,Non,Non,Non,Oui,Oui,Non,Non,Non,Non,Oui,Parfois,Plutôt insatisfait,Oui,Oui,Non,Non,Non,Non,Non,Non,Non,Oui,Oui,Non,Non,Non,Oui,Non,Oui,Oui,Oui,Non,Non,Oui,Non,Non,Plus de dix ans,Université,Oui,Non,Non,Non,Fonctionnaire ou assimilé,Non,Non,Oui,Non,Non,Non,Non,Non,Non,sociologie,Une femme
123,831,Non,Non,Non,Oui,Non,Oui,Oui,Non,Non,Oui,Oui,Non,Non,Non,Oui,Non,Non,Non,Non,Oui,Non,Non,Non,Non,Non,Non,Non,Non,Pas du tout,Oui,Non,Non,Oui,Non,Non,Non,P,2,P,,1,2,,,,1,,M,,,Non,Non,Non,Non,Non,Non,Non,Oui,Oui,Non,Non,Non,Non,Oui,Non,Souvent,Jamais,Jamais,Jamais,Non,Non,Non,Non,Oui,Non,Non,Non,Non,Non,Non,Non,Non,Non,Non,Non,Non,Non,Non,Oui,Une mauvaise qualité des données en l’état.,"Un manque d’habitude de cette pratique dans les communautés de recherche (savoir faire, etc.)",Une volonté de valoriser le travail effectué avant un partage pour garder un avantage compétitif.,Une peur de mésusage des données par les personnes les réutilisant.,Non,Parfois,Oui,Non,Oui,Non,Non,Oui,Oui,Non,Oui,Non,Non,Non,Non,Non,Non,Non,Non,Je travaille seul.e,,,,,,,,,,,,Windows,Oui,Non,Oui,Non,Non,Oui,Non,Non,Non,Non,Oui,Non,Non,Non,Non,Non,Non,Non,Non,Non,Non,Non,Non,Non,Non,Non,Non,Non,Oui,Non,Non,Non,Non,Non,Non,Non,Non,Non,Oui,Non,,,Oui,Non,Non,Non,Non,Non,Non,Non,Non,Non,Oui,Non,Non,Non,Non,Non,Oui,Non,Oui,Non,Non,Non,Non,Non,Cinq à dix ans,Université,Non,Oui,Non,Non,Contrat doctoral,Non,Non,Oui,Non,Non,Non,Non,Non,Non,histoire,Un homme
124,926,Non,Non,Non,Oui,Non,Oui,Oui,Non,Non,Non,Non,Non,Non,Non,Oui,Non,Oui,Oui,Non,Non,Non,Non,Oui,Non,Oui,Non,Non,Non,Peu,Oui,Non,Non,Oui,Non,Non,Oui,,,1,,,3,3,,,M,,,1,M,Non,Non,Oui,Oui,Non,Non,Oui,Oui,Oui,Non,Oui,Non,Non,Oui,Non,Parfois,Jamais,Jamais,Jamais,Non,Non,Non,Non,Oui,Non,Oui,Oui,Oui,Non,Non,Non,Non,Non,Non,Non,Non,Non,Non,Non,"Un manque d’habitude de cette pratique dans les communautés de recherche (savoir faire, etc.)",La peur d’un renforcement d’inégalités entre des personnes produisant des données d’une part et celles les analysant et en tirant des publications d’autre part.,"Des barrières juridiques et économiques contraignant leurs partage (contrat de consortium, valorisation, exclusivité, droit d’auteur).",,Oui,Non applicable,Non,Oui,Non,Non,Non,Non,Oui,Non,Non,Oui,Non,Non,Non,Non,Non,Non,Non,Nous sommes entre 6 et 10 personnes,Oui,Non,Oui,Non,Non,Non,Oui,Non,Non,Non,Non,Windows,Oui,Non,Non,Non,Non,Non,Non,Non,Non,Non,Non,Non,Non,Non,Non,Non,Non,Non,Non,Non,Oui,Oui,Non,Non,Oui,Non,Non,Non,Oui,Non,Non,Non,Non,Oui,Oui,Non,Oui,Non,Non,Non applicable,,,Non,Oui,Non,Non,Non,Non,Non,Non,Non,Oui,Oui,Non,Non,Non,Non,Non,Non,Non,Non,Non,Non,Non,Oui,Non,Plus de dix ans,Université,Oui,Non,Non,Non,Fonctionnaire ou assimilé,Non,Non,Oui,Non,Non,Non,Non,Non,Non,linguistique,Une femme
125,944,Non,Non,Oui,Non,Non,Non,Non,Oui,Non,Oui,Oui,Non,Non,Non,Non,Non,Non,Non,Non,Non,Non,Non,Oui,Non,Oui,Non,Non,Non,Pas du tout,Oui,Non,Non,Non,Non,Non,Non,1,,,,,M,,,,,,,,,Oui,Non,Non,Non,Non,Non,Non,Non,Non,Non,Non,Non,Non,Non,Oui,Jamais,Jamais,Jamais,Jamais,Non,Non,Non,Non,Oui,Non,Non,Non,Non,Non,Non,Non,Non,Non,Non,Non,Non,Non,Non,Oui,Un doute sur la capacité de réutilisation des données par d’autres (contextualisation et documentation nécessaire).,Une peur de mésusage des données par les personnes les réutilisant.,Des conditions éthiques limitant leur partage.,"Des barrières juridiques et économiques contraignant leurs partage (contrat de consortium, valorisation, exclusivité, droit d’auteur).",Je ne sais pas,Jamais,Oui,Non,Non,Non,Non,Non,Non,Non,Oui,Non,Non,Non,Non,Non,Non,Non,Non,Nous sommes entre 6 et 10 personnes,Oui,Non,Non,Non,Non,Non,Non,Non,Non,Non,Non,MacOS,Non,Non,Non,Non,Non,Non,Non,Non,Non,Oui,Non,Oui,Non,Non,Non,Non,Non,Non,Non,Non,Non,Non,Non,Non,Non,Non,Non,Non,Non,Non,Oui,Non,Non,Oui,Non,Non,Non,Non,Non,Oui,Jamais,,Non,Oui,Non,Non,Oui,Non,Oui,Non,Oui,Non,Non,Non,Non,Non,Non,Non,Oui,Non,Non,Non,Non,Non,Oui,Non,Plus de dix ans,autre,Oui,Non,Non,Non,Fonctionnaire ou assimilé,Non,Non,Oui,Non,Non,Non,Non,Non,Non,autre,Un homme
126,976,Non,Oui,Non,Non,Oui,Non,Oui,Non,Non,Non,Non,Non,Oui,Non,Oui,Non,Oui,Oui,Non,Non,Non,Non,Non,Oui,Non,Non,Non,Oui,Assez,Non,Oui,Oui,Oui,Non,Non,Non,2,,2,1,1,3,1,1,M,,,,1,,Oui,Non,Non,Non,Non,Non,Non,Non,Oui,Non,Non,Non,Oui,Non,Non,Toujours,Jamais,Jamais,Jamais,Non,Non,Non,Non,Oui,Non,Oui,Non,Oui,Non,Non,Non,Non,Non,Non,Non,Non,Non,Non,Non,Une peur de mésusage des données par les personnes les réutilisant.,Un doute sur la capacité de réutilisation des données par d’autres (contextualisation et documentation nécessaire).,Une volonté de valoriser le travail effectué avant un partage pour garder un avantage compétitif.,Des conditions éthiques limitant leur partage.,Non,Jamais,Non,Oui,Oui,Non,Oui,Oui,Oui,Non,Oui,Non,Non,Non,Non,Non,Non,Non,Non,Je travaille seul.e,,,,,,,,,,,,Windows,Oui,Non,Non,Non,Oui,Non,Non,Non,Non,Non,Non,Oui,Non,Non,Non,Non,Non,Non,Oui,Non,Non,Oui,Non,Non,Non,Non,Oui,Non,Oui,Non,Non,Non,Non,Non,Non,Non,Non,Non,Oui,Oui,Parfois,Plutôt insatisfait,Non,Non,Non,Non,Oui,Non,Non,Non,Non,Non,Oui,Non,Non,Non,Non,Non,Oui,Non,Oui,Non,Non,Non,Non,Non,Moins de cinq ans,Université,Non,Oui,Non,Non,En CDD,Non,Non,Oui,Non,Non,Non,Non,Non,Non,psychologie,Une femme
127,1064,Non,Non,Oui,Non,Non,Oui,Non,Oui,Non,Non,Non,Non,Non,Non,Non,Non,Non,Non,Non,Non,Non,Non,Non,Non,Oui,Non,Non,Oui,Assez,Non,Non,Non,Non,Oui,Non,Non,M,M,M,M,M,1,M,M,M,1,M,M,2,2,Oui,Non,Non,Non,Non,Oui,Non,Oui,Oui,Non,Non,Non,Non,Non,Oui,Parfois,Jamais,Jamais,Jamais,Oui,Non,Non,Non,Non,Non,Non,Oui,Non,Non,Non,Non,Non,Oui,Non,Non,Non,Non,Non,Non,Un doute sur la capacité de réutilisation des données par d’autres (contextualisation et documentation nécessaire).,Des conditions éthiques limitant leur partage.,"Une perspective de mise à disposition qui vient limiter, freiner le travail interprétatif possible.",,Non,Jamais,Non,Non,Non,Non,Non,Non,Non,Oui,Oui,Non,Non,Non,Non,Non,Non,Non,Non,Nous sommes entre 2 et 5 personnes,Oui,Oui,Non,Non,Non,Non,Non,Non,Non,Non,Oui,Windows,Non,Non,Non,Non,Non,Non,Non,Non,Non,Oui,Non,Non,Non,Non,Non,Non,Non,Non,Non,Non,Oui,Oui,Non,Non,Non,Non,Non,Non,Non,Non,Non,Non,Non,Oui,Oui,Non,Non,Non,Non,Non applicable,,,Non,Non,Non,Non,Non,Non,Non,Oui,Non,Non,Non,Oui,Non,Non,Oui,Non,Oui,Non,Non,Non,Non,Non,Oui,Non,Plus de dix ans,Université,Oui,Non,Non,Non,Fonctionnaire ou assimilé,Non,Non,Oui,Non,Non,Non,Non,Non,Non,linguistique,Une femme
128,1092,Non,Non,Oui,Non,Non,Oui,Non,Non,Non,Non,Oui,Non,Non,Oui,Non,Non,Oui,Non,Non,Non,Non,Non,Oui,Non,Oui,Non,Non,Non,Assez,Non,Non,Non,Oui,Non,Non,Oui,3,,2,,,1,,,1,M,M,,,,Oui,Non,Non,Non,Non,Non,Non,Non,Oui,Non,Non,Non,Non,Oui,Oui,Jamais,Jamais,Jamais,Jamais,Non,Non,Non,Oui,Oui,Non,Non,Non,Non,Non,Non,Non,Non,Non,Non,Non,Non,Non,Non,Oui,Des conditions éthiques limitant leur partage.,"Un manque d’habitude de cette pratique dans les communautés de recherche (savoir faire, etc.)",,,Non,Parfois,Oui,Non,Non,Non,Oui,Oui,Non,Oui,Non,Non,Non,Non,Non,Oui,Non,Non,Non,Nous sommes entre 2 et 5 personnes,Oui,Oui,Non,Non,Non,Non,Non,Non,Non,Non,Non,MacOS,Oui,Non,Non,Oui,Oui,Non,Non,Non,Non,Non,Non,Oui,Non,Non,Non,Non,Non,Oui,Oui,Non,Non,Non,Non,Non,Non,Non,Non,Non,Non,Non,Non,Non,Non,Oui,Non,Non,Non,Non,Non,Non,,,Non,Oui,Non,Non,Oui,Non,Oui,Non,Oui,Non,Non,Non,Non,Oui,Oui,Non,Oui,Oui,Non,Non,Non,Non,Non,Non,Plus de dix ans,autre,Oui,Non,Non,Non,Fonctionnaire ou assimilé,Oui,Non,Non,Non,Non,Non,Non,Non,Non,autre,Une femme
129,1144,Non,Non,Non,Oui,Non,Oui,Non,Oui,Non,Oui,Non,Non,Non,Non,Oui,Non,Non,Non,Non,Non,Non,Non,Non,Oui,Oui,Non,Non,Non,Pas du tout,Non,Non,Non,Oui,Non,Non,Oui,,,2,,,,,,,,,,,,Non,Non,Non,Non,Non,Oui,Oui,Oui,Non,Non,Non,Non,Non,Non,Oui,Jamais,Jamais,Jamais,Jamais,Oui,Non,Non,Non,Non,Non,Non,Non,Non,Non,Non,Non,Non,Non,Non,Non,Non,Non,Oui,Non,Non applicable.,"Un manque d’habitude de cette pratique dans les communautés de recherche (savoir faire, etc.)","Des barrières juridiques et économiques contraignant leurs partage (contrat de consortium, valorisation, exclusivité, droit d’auteur).",,Non,Je ne sais pas,Non,Non,Non,Non,Non,Oui,Oui,Non,Oui,Non,Non,Non,Non,Non,Non,Non,Non,Je travaille seul.e,,,,,,,,,,,,Windows,Non,Non,Non,Non,Non,Non,Non,Non,Non,Oui,Non,Non,Non,Non,Non,Non,Non,Non,Non,Non,Oui,Non,Non,Non,Oui,Non,Non,Non,Non,Non,Non,Non,Oui,Non,Non,Non,Non,Non,Oui,Oui,Parfois,Plutôt satisfait,Non,Non,Non,Non,Oui,Non,Non,Non,Non,Non,Non,Non,Non,Non,Non,Oui,Non,Non,Non,Non,Non,Oui,Non,Non,Plus de dix ans,Université,Oui,Non,Non,Non,Fonctionnaire ou assimilé,Oui,Non,Non,Non,Non,Non,Non,Non,Non,autre,Une femme
130,1152,Non,Non,Oui,Oui,Non,Oui,Oui,Non,Non,Non,Non,Non,Non,Non,Oui,Non,Non,Non,Non,Non,Non,Non,Oui,Oui,Non,Non,Non,Non,Assez,Non,Oui,Non,Oui,Non,Non,Oui,2,M,P,1,P,3,,3,1,M,,,,,Oui,Non,Oui,Non,Non,Oui,Non,Non,Oui,Non,Non,Non,Oui,Non,Oui,Jamais,Jamais,Jamais,Jamais,Non,Non,Non,Non,Oui,Non,Non,Non,Non,Non,Non,Non,Non,Non,Non,Non,Non,Non,Non,Oui,Non applicable.,,,,Oui,Je ne sais pas,Non,Non,Non,Non,Oui,Non,Oui,Non,Oui,Non,Non,Non,Non,Non,Non,Non,Non,Je travaille seul.e,,,,,,,,,,,,MacOS,Oui,Non,Non,Non,Non,Non,Non,Non,Non,Non,Non,Non,Non,Non,Non,Non,Non,Non,Oui,Non,Non,Non,Non,Non,Non,Oui,Non,Non,Oui,Non,Non,Non,Non,Non,Non,Non,Non,Non,Oui,Oui,Souvent,Très satisfait,Oui,Non,Non,Non,Non,Non,Non,Non,Non,Non,Oui,Non,Non,Non,Non,Non,Non,Non,Oui,Non,Non,Oui,Non,Non,Cinq à dix ans,autre,Non,Oui,Non,Non,Autre (précisez en commentaire),Non,Non,Oui,Non,Non,Non,Non,Non,Non,linguistique,Une femme
131,1155,Non,Non,Oui,Oui,Oui,Oui,Oui,Non,Non,Oui,Oui,Non,Non,Oui,Oui,Non,Non,Non,Non,Non,Non,Non,Oui,Non,Oui,Non,Non,Non,Peu,Non,Non,Non,Oui,Non,Non,Oui,2,M,1,M,1,M,,,,M,1,,M,,Oui,Non,Non,Non,Non,Oui,Oui,Oui,Oui,Non,Non,Non,Oui,Oui,Non,Toujours,Jamais,Jamais,Jamais,Non,Non,Non,Non,Oui,Non,Non,Non,Non,Non,Non,Non,Non,Non,Non,Non,Non,Non,Non,Oui,"Un manque d’habitude de cette pratique dans les communautés de recherche (savoir faire, etc.)",Une volonté de valoriser le travail effectué avant un partage pour garder un avantage compétitif.,Un doute sur la capacité de réutilisation des données par d’autres (contextualisation et documentation nécessaire).,Des conditions éthiques limitant leur partage.,Oui,Parfois,Non,Oui,Non,Non,Oui,Non,Oui,Non,Oui,Oui,Non,Oui,Non,Non,Non,Oui,Non,Nous sommes entre 2 et 5 personnes,Oui,Oui,Non,Non,Non,Non,Non,Non,Non,Non,Non,MacOS,Oui,Non,Non,Non,Oui,Non,Non,Non,Non,Non,Non,Oui,Non,Non,Non,Non,Oui,Non,Non,Non,Non,Oui,Non,Non,Non,Oui,Oui,Non,Non,Non,Non,Non,Non,Oui,Oui,Non,Non,Non,Non,Oui,Parfois,Plutôt satisfait,Oui,Non,Non,Non,Non,Non,Non,Non,Non,Non,Oui,Oui,Oui,Non,Oui,Non,Oui,Non,Non,Non,Non,Oui,Oui,Non,Plus de dix ans,autre,Non,Oui,Non,Non,En CDD,Non,Non,Oui,Non,Non,Non,Non,Non,Non,autre,Un homme
132,1158,Non,Non,Oui,Non,Non,Oui,Oui,Non,Non,Non,Non,Non,Non,Non,Non,Non,Non,Non,Non,Non,Non,Non,Oui,Non,Oui,Non,Non,Non,Tout à fait,Non,Non,Oui,Oui,Oui,Non,Oui,1,,,M,,2,,,,M,,M,M,,Oui,Non,Non,Non,Non,Oui,Oui,Oui,Oui,Non,Non,Non,Non,Oui,Oui,Parfois,Parfois,Parfois,Parfois,Non,Non,Non,Non,Oui,Non,Oui,Non,Non,Oui,Non,Non,Oui,Non,Oui,Non,Non,Non,Non,Non,Des conditions éthiques limitant leur partage.,Une mauvaise qualité des données en l’état.,Un doute sur la capacité de réutilisation des données par d’autres (contextualisation et documentation nécessaire).,"Un manque d’habitude de cette pratique dans les communautés de recherche (savoir faire, etc.)",Oui,Jamais,Non,Non,Non,Oui,Non,Non,Non,Oui,Oui,Non,Non,Non,Non,Non,Non,Non,Non,Je travaille seul.e,,,,,,,,,,,,MacOS,Oui,Non,Non,Non,Non,Non,Non,Non,Non,Non,Oui,Non,Non,Non,Non,Non,Non,Non,Non,Non,Non,Oui,Non,Non,Oui,Non,Oui,Non,Oui,Oui,Non,Non,Non,Oui,Oui,Non,Non,Non,Non,Oui,Jamais,,Non,Oui,Non,Non,Non,Non,Non,Non,Non,Non,Oui,Oui,Oui,Non,Non,Non,Oui,Non,Oui,Non,Non,Non,Non,Non,Cinq à dix ans,Université,Oui,Non,Non,Non,Fonctionnaire ou assimilé,Non,Non,Oui,Non,Non,Non,Non,Non,Non,autre,Un homme
133,1160,Non,Non,Oui,Oui,Non,Oui,Non,Non,Non,Oui,Oui,Non,Oui,Non,Oui,Non,Non,Non,Non,Non,Non,Non,Oui,Non,Non,Non,Non,Non,Assez,Oui,Non,Non,Oui,Non,Non,Oui,3,,,1,,3,,,,M,M,,,,Oui,Non,Non,Non,Oui,Non,Non,Non,Oui,Non,Non,Non,Oui,Oui,Oui,Parfois,Jamais,Jamais,Jamais,Non,Non,Non,Non,Oui,Non,Non,Non,Oui,Oui,Non,Non,Non,Non,Non,Non,Non,Non,Non,Non,Des conditions éthiques limitant leur partage.,Un doute sur la capacité de réutilisation des données par d’autres (contextualisation et documentation nécessaire).,La peur d’un renforcement d’inégalités entre des personnes produisant des données d’une part et celles les analysant et en tirant des publications d’autre part.,"Un manque d’habitude de cette pratique dans les communautés de recherche (savoir faire, etc.)",Non,Jamais,Non,Non,Non,Oui,Oui,Oui,Oui,Non,Non,Non,Oui,Oui,Oui,Non,Non,Non,Non,Nous sommes entre 6 et 10 personnes,Oui,Oui,Oui,Non,Non,Non,Non,Non,Non,Non,Non,Windows,Oui,Non,Non,Non,Non,Non,Non,Oui,Non,Non,Non,Oui,Non,Non,Non,Non,Non,Non,Non,Non,Non,Oui,Non,Non,Non,Non,Non,Non,Non,Non,Non,Non,Non,Oui,Oui,Non,Non,Non,Non,Oui,Parfois,Plutôt satisfait,Non,Non,Non,Non,Oui,Non,Non,Non,Oui,Non,Non,Non,Non,Non,Oui,Non,Oui,Non,Oui,Non,Non,Non,Non,Non,Plus de dix ans,école,Oui,Non,Non,Non,Fonctionnaire ou assimilé,Non,Non,Oui,Non,Non,Non,Non,Non,Non,sociologie,Une femme
134,1163,Non,Non,Oui,Oui,Non,Oui,Non,Non,Non,Oui,Non,Non,Oui,Non,Non,Non,Non,Non,Non,Non,Non,Non,Oui,Non,Oui,Non,Non,Non,Assez,Non,Non,Non,Oui,Non,Non,Oui,P,M,3,2,,2,,M,M,M,,,M,M,Oui,Non,Oui,Non,Non,Oui,Oui,Oui,Oui,Non,Non,Non,Oui,Oui,Oui,Parfois,Jamais,Jamais,Jamais,Non,Non,Non,Non,Oui,Non,Non,Non,Non,Non,Non,Non,Non,Non,Non,Non,Non,Non,Non,Oui,"Un manque d’habitude de cette pratique dans les communautés de recherche (savoir faire, etc.)",Une peur de mésusage des données par les personnes les réutilisant.,Une volonté de valoriser le travail effectué avant un partage pour garder un avantage compétitif.,Des conditions éthiques limitant leur partage.,Je ne sais pas,Parfois,Non,Oui,Non,Oui,Oui,Non,Oui,Non,Oui,Non,Non,Oui,Non,Oui,Non,Non,Non,Je travaille seul.e,,,,,,,,,,,,Windows,Oui,Non,Non,Oui,Oui,Non,Non,Non,Non,Non,Non,Oui,Non,Oui,Non,Non,Oui,Oui,Oui,Non,Non,Oui,Non,Oui,Oui,Non,Oui,Oui,Oui,Non,Non,Non,Non,Oui,Oui,Non,Non,Non,Non,Non,,,Non,Non,Non,Oui,Oui,Non,Non,Non,Oui,Oui,Oui,Non,Non,Non,Non,Non,Oui,Non,Oui,Non,Oui,Non,Oui,Non,Moins de cinq ans,,Non,Oui,Non,Non,Autre (précisez en commentaire),Non,Non,Oui,Non,Non,Non,Non,Non,Non,géographie,Une femme
135,1164,Non,Non,Non,Oui,Non,Oui,Non,Oui,Non,Oui,Non,Non,Non,Non,Non,Non,Non,Non,Non,Non,Non,Non,Non,Non,Oui,Non,Non,Non,Pas du tout,Non,Non,Non,Non,Oui,Non,Non,P,P,P,M,M,P,M,P,M,P,1,M,M,M,Non,Non,Oui,Oui,Non,Oui,Non,Oui,Oui,Non,Non,Non,Non,Oui,Oui,Parfois,Jamais,Jamais,Jamais,Non,Non,Non,Non,Oui,Non,Non,Non,Oui,Non,Non,Non,Non,Non,Non,Non,Non,Non,Non,Non,"Un manque d’habitude de cette pratique dans les communautés de recherche (savoir faire, etc.)","Des barrières juridiques et économiques contraignant leurs partage (contrat de consortium, valorisation, exclusivité, droit d’auteur).",,,Je ne sais pas,Toujours,Non,Non,Non,Non,Oui,Oui,Oui,Non,Non,Non,Non,Non,Non,Non,Non,Non,Non,Je travaille seul.e,,,,,,,,,,,,Windows,Oui,Non,Non,Non,Non,Non,Non,Non,Non,Non,Oui,Non,Non,Non,Non,Non,Non,Non,Non,Non,Non,Non,Non,Non,Non,Non,Non,Non,Oui,Non,Non,Non,Non,Non,Non,Non,Non,Non,Oui,Non,,,Non,Non,Non,Non,Non,Non,Non,Oui,Non,Oui,Non,Oui,Non,Non,Non,Non,Oui,Non,Non,Non,Non,Non,Non,Non,Moins de cinq ans,autre,Non,Oui,Non,Non,Contrat doctoral,Oui,Non,Non,Non,Non,Non,Non,Non,Non,autre,Une femme
136,1165,Oui,Non,Non,Non,Oui,Oui,Non,Non,Oui,Oui,Oui,Oui,Oui,Non,Non,Non,Oui,Non,Non,Non,Non,Non,Non,Non,Non,Non,Non,Oui,Peu,Non,Oui,Non,Oui,Non,Non,Oui,,,,,,,,,,,,,,,Non,Oui,Oui,Non,Non,Oui,Oui,Non,Non,Non,Non,Non,Non,Non,Oui,Souvent,Jamais,Jamais,Jamais,Non,Non,Non,Non,Oui,Non,Oui,Non,Oui,Non,Non,Non,Non,Non,Non,Non,Non,Non,Non,Non,"Des barrières juridiques et économiques contraignant leurs partage (contrat de consortium, valorisation, exclusivité, droit d’auteur).","Une perspective de mise à disposition qui vient limiter, freiner le travail interprétatif possible.",,,Non,Je ne sais pas,Oui,Non,Non,Non,Non,Non,Oui,Non,Oui,Non,Non,Non,Non,Non,Non,Non,Non,Nous sommes entre 2 et 5 personnes,Oui,Non,Oui,Oui,Non,Non,Non,Non,Non,Non,Non,Windows,Non,Oui,Non,Non,Non,Non,Non,Non,Non,Non,Non,Oui,Non,Non,Non,Non,Non,Non,Non,Non,Non,Oui,Non,Non,Oui,Non,Non,Non,Non,Non,Non,Oui,Non,Oui,Non,Non,Non,Non,Non,Non,,,Non,Oui,Oui,Oui,Oui,Oui,Oui,Non,Non,Non,Non,Non,Non,Non,Non,Oui,Non,Non,Oui,Non,Non,Non,Non,Non,Plus de dix ans,CNRS,Non,Non,Oui,Non,Fonctionnaire ou assimilé,Non,Non,Non,Non,Non,Non,Oui,Non,Non,,Un homme
137,1174,Oui,Non,Non,Oui,Oui,Oui,Non,Oui,Non,Non,Oui,Oui,Non,Non,Oui,Non,Oui,Non,Non,Oui,Oui,Oui,Non,Oui,Non,Non,Non,Oui,Tout à fait,Oui,Oui,Oui,Non,Oui,Oui,Oui,1,,,,,1,,,,M,1,,,,Non,Non,Oui,Oui,Non,Oui,Oui,Non,Oui,Non,Non,Non,Non,Non,Non,Jamais,Jamais,Jamais,Jamais,Non,Non,Non,Non,Oui,Non,Non,Non,Non,Non,Non,Non,Non,Non,Non,Non,Non,Non,Oui,Non,"Un manque d’habitude de cette pratique dans les communautés de recherche (savoir faire, etc.)",Une mauvaise qualité des données en l’état.,Un temps trop important nécessaire à leur mise à disposition.,Un doute sur la capacité de réutilisation des données par d’autres (contextualisation et documentation nécessaire).,Je ne sais pas,Jamais,Oui,Non,Non,Non,Non,Non,Non,Oui,Non,Non,Non,Non,Non,Non,Non,Non,Non,Nous sommes entre 2 et 5 personnes,Oui,Oui,Oui,Non,Non,Non,Non,Non,Non,Non,Non,Windows,Oui,Non,Non,Non,Non,Non,Non,Non,Non,Non,Oui,Non,Non,Non,Non,Non,Non,Non,Non,Non,Non,Oui,Non,Non,Non,Non,Non,Non,Non,Non,Non,Non,Non,Oui,Non,Non,Non,Non,Non,Oui,Parfois,"Ni satisfait, ni insatisfait",Non,Oui,Non,Non,Non,Non,Non,Non,Non,Non,Non,Oui,Non,Non,Non,Non,Oui,Non,Oui,Non,Non,Non,Oui,Non,Plus de dix ans,CNRS,Oui,Non,Non,Non,Fonctionnaire ou assimilé,Non,Non,Non,Non,Non,Non,Non,Non,Oui,chimie,Une femme
138,1182,Non,Non,Oui,Non,Non,Oui,Non,Non,Non,Non,Oui,Non,Non,Non,Non,Non,Non,Non,Non,Non,Non,Non,Oui,Non,Oui,Non,Non,Non,Assez,Non,Non,Non,Non,Non,Non,Non,1,,M,,,M,,,,,,,,,Oui,Non,Oui,Non,Non,Non,Oui,Non,Non,Non,Non,Non,Non,Oui,Oui,,Jamais,Jamais,Jamais,Non,Non,Non,Non,Oui,Non,Non,Non,Non,Non,Non,Non,Non,Non,Non,Non,Non,Non,Non,Oui,Des conditions éthiques limitant leur partage.,Un temps trop important nécessaire à leur mise à disposition.,"Un manque d’habitude de cette pratique dans les communautés de recherche (savoir faire, etc.)",,Non applicable,Jamais,Oui,Non,Non,Non,Non,Oui,Oui,Oui,Oui,Non,Non,Non,Non,Non,Non,Non,Oui,Nous sommes entre 2 et 5 personnes,Oui,Oui,Non,Non,Non,Non,Non,Non,Non,Non,Non,Windows,Oui,Non,Non,Non,Non,Non,Non,Non,Non,Non,Oui,Non,Non,Non,Non,Non,Non,Non,Non,Non,Non,Non,Non,Non,Oui,Non,Non,Non,Oui,Non,Non,Non,Non,Oui,Oui,Non,Non,Non,Non,Non,,,Non,Non,Non,Oui,Non,Non,Non,Non,Non,Non,Non,Oui,Oui,Non,Oui,Non,Oui,Non,Oui,Non,Non,Non,Oui,Non,Cinq à dix ans,Université,Oui,Non,Non,Non,Fonctionnaire ou assimilé,Non,Non,Oui,Non,Non,Non,Non,Non,Non,sociologie,Une femme
139,1183,Non,Non,Non,Oui,Non,Non,Oui,Non,Non,Oui,Oui,Non,Non,Non,Non,Non,Non,Non,Non,Non,Non,Non,Oui,Non,Oui,Non,Non,Non,Pas du tout,Non,Non,Non,Oui,Oui,Non,Non,P,2,3,,1,2,,,,M,,2,2,,Non,Non,Oui,Non,Oui,Oui,Non,Oui,Oui,Non,Non,Non,Non,Oui,Oui,Toujours,Jamais,Parfois,Jamais,Oui,Non,Non,Non,Non,Non,Non,Oui,Oui,Non,Non,Non,Non,Non,Non,Non,Non,Non,Non,Non,Une volonté de valoriser le travail effectué avant un partage pour garder un avantage compétitif.,"Des barrières juridiques et économiques contraignant leurs partage (contrat de consortium, valorisation, exclusivité, droit d’auteur).","Un manque d’habitude de cette pratique dans les communautés de recherche (savoir faire, etc.)",Une mauvaise qualité des données en l’état.,Je ne sais pas,Parfois,Oui,Non,Non,Non,Non,Non,Oui,Non,Oui,Non,Non,Non,Non,Non,Non,Non,Non,Je travaille seul.e,,,,,,,,,,,,MacOS,Oui,Non,Non,Non,Non,Oui,Non,Non,Non,Non,Oui,Non,Non,Non,Non,Non,Oui,Oui,Non,Non,Non,Non,Non,Non,Non,Non,Non,Non,Oui,Non,Non,Non,Non,Non,Non,Non,Non,Non,Oui,Non applicable,,,Non,Non,Non,Non,Oui,Non,Non,Non,Non,Non,Non,Non,Non,Oui,Oui,Non,Oui,Non,Oui,Non,Non,Oui,Non,Non,Moins de cinq ans,,Non,Oui,Non,Non,Contrat doctoral,Non,Non,Oui,Non,Non,Non,Non,Non,Non,,Une femme
140,1190,Non,Non,Oui,Oui,Non,Oui,Oui,Non,Non,Oui,Oui,Non,Non,Non,Non,Non,Non,Non,Non,Non,Non,Non,Oui,Non,Oui,Non,Non,Non,Tout à fait,Non,Non,Non,Oui,Non,Non,Non,3,,2,1,1,3,,,,1,1,,2,2,Oui,Non,Non,Non,Oui,Oui,Oui,Oui,Oui,Non,Non,Non,Non,Oui,Oui,Parfois,Jamais,Jamais,Jamais,Non,Non,Non,Non,Oui,Non,Non,Non,Oui,Non,Non,Non,Non,Non,Oui,Non,Non,Non,Non,Non,Des conditions éthiques limitant leur partage.,Un doute sur la capacité de réutilisation des données par d’autres (contextualisation et documentation nécessaire).,"Une perspective de mise à disposition qui vient limiter, freiner le travail interprétatif possible.",Un temps trop important nécessaire à leur mise à disposition.,Oui,Parfois,Non,Non,Non,Non,Oui,Oui,Oui,Non,Oui,Non,Oui,Non,Non,Non,Non,Non,Non,Je travaille seul.e,,,,,,,,,,,,Windows,Oui,Non,Non,Oui,Oui,Non,Non,Non,Non,Non,Non,Non,Non,Non,Non,Non,Oui,Non,Oui,Non,Non,Non,Non,Non,Oui,Non,Oui,Non,Oui,Non,Non,Non,Non,Oui,Oui,Non,Non,Non,Non,Oui,Jamais,Plutôt satisfait,Non,Oui,Non,Non,Non,Non,Non,Non,Non,Non,Non,Non,Oui,Non,Oui,Non,Non,Non,Oui,Non,Oui,Oui,Oui,Non,Cinq à dix ans,autre,Oui,Non,Non,Non,En CDD,Non,Non,Oui,Non,Non,Non,Non,Non,Non,sociologie,Une femme
141,21,Non,Non,Non,Oui,Non,Oui,Oui,Oui,Non,Oui,Non,Non,Oui,Non,Oui,Non,Non,Non,Non,Non,Non,Non,Non,Non,Oui,Non,Non,Non,Assez,Non,Non,Non,Oui,Oui,Non,Oui,2,M,2,,M,2,,M,M,M,2,,M,M,Oui,Non,Oui,Oui,Non,Oui,Oui,Non,Oui,Non,Non,Non,Non,Oui,Non,,,,,Non,Non,Non,Non,Non,Oui,Non,Oui,Oui,Non,Non,Non,Non,Oui,Non,Non,Non,Non,Non,Non,"Un manque d’habitude de cette pratique dans les communautés de recherche (savoir faire, etc.)",Un temps trop important nécessaire à leur mise à disposition.,Une mauvaise qualité des données en l’état.,"Des barrières juridiques et économiques contraignant leurs partage (contrat de consortium, valorisation, exclusivité, droit d’auteur).",Je ne sais pas,Toujours,Non,Non,Non,Non,Oui,Non,Oui,Oui,Oui,Non,Non,Non,Non,Non,Non,Non,Non,Nous sommes entre 6 et 10 personnes,Oui,Oui,Non,Non,Oui,Non,Non,Non,Non,Non,Oui,Windows,Oui,Non,Oui,Non,Non,Non,Non,Non,Non,Non,Oui,Oui,Non,Non,Non,Non,Non,Non,Oui,Non,Non,Oui,Non,Non,Non,Non,Non,Non,Non,Oui,Non,Non,Oui,Oui,Non,Non,Non,Non,Oui,Oui,Parfois,Plutôt satisfait,Non,Oui,Non,Non,Non,Non,Non,Non,Non,Oui,Non,Oui,Non,Non,Non,Non,Oui,Non,Non,Non,Non,Oui,Oui,Non,Plus de dix ans,Université,Oui,Non,Non,Non,Fonctionnaire ou assimilé,Non,Non,Oui,Non,Non,Non,Non,Non,Non,histoire,Un homme
142,35,Non,Non,Oui,Oui,Oui,Oui,Oui,Oui,Non,Oui,Oui,Non,Non,Non,Oui,Non,Oui,Non,Non,Oui,Non,Non,Oui,Non,Oui,Non,Non,Oui,Tout à fait,Oui,Oui,Oui,Oui,Oui,Non,Oui,1,,,,,3,1,,M,,2,M,,2,Oui,Non,Oui,Non,Oui,Oui,Oui,Non,Oui,Non,Oui,Non,Non,Oui,Oui,Jamais,,,,Non,Non,Non,Non,Oui,Non,Oui,Oui,Oui,Non,Non,Non,Oui,Oui,Oui,Non,Oui,Non,Non,Non,"Un manque d’habitude de cette pratique dans les communautés de recherche (savoir faire, etc.)",Un temps trop important nécessaire à leur mise à disposition.,Un doute sur la capacité de réutilisation des données par d’autres (contextualisation et documentation nécessaire).,,Oui,Souvent,Oui,Oui,Oui,Oui,Oui,Oui,Oui,Non,Oui,Oui,Non,Non,Non,Non,Non,Oui,Non,Nous sommes entre 2 et 5 personnes,Oui,Non,Oui,Non,Non,Non,Non,Non,Non,Non,Non,Windows,Oui,Non,Oui,Non,Non,Non,Non,Oui,Non,Non,Oui,Oui,Oui,Oui,Non,Oui,Non,Oui,Oui,Non,Non,Non,Non,Oui,Oui,Non,Non,Non,Oui,Non,Non,Non,Non,Oui,Oui,Non,Non,Non,Non,Oui,Parfois,Plutôt satisfait,Non,Oui,Non,Non,Non,Non,Non,Non,Non,Oui,Non,Oui,Oui,Non,Oui,Non,Oui,Non,Non,Non,Non,Non,Non,Non,Plus de dix ans,Université,Oui,Non,Non,Non,Fonctionnaire ou assimilé,Non,Non,Oui,Non,Non,Non,Non,Non,Non,linguistique,Une femme
143,39,Non,Non,Oui,Non,Oui,Oui,Non,Non,Non,Non,Oui,Non,Oui,Oui,Oui,Non,Oui,Oui,Non,Oui,Non,Non,Oui,Non,Oui,Non,Non,Oui,Assez,Non,Non,Non,Non,Oui,Non,Oui,2,,,M,M,1,,M,1,M,,,,,Oui,Non,Oui,Non,Non,Non,Non,Non,Oui,Non,Non,Oui,Oui,Oui,Oui,Jamais,Jamais,Jamais,Jamais,Non,Non,Non,Non,Oui,Oui,Non,Non,Non,Non,Non,Non,Non,Non,Non,Non,Non,Non,Non,Oui,Des conditions éthiques limitant leur partage.,Une peur de mésusage des données par les personnes les réutilisant.,"Des barrières juridiques et économiques contraignant leurs partage (contrat de consortium, valorisation, exclusivité, droit d’auteur).",Une mauvaise qualité des données en l’état.,Non,Parfois,Non,Oui,Oui,Oui,Oui,Oui,Oui,Oui,Oui,Non,Non,Oui,Non,Non,Oui,Non,Non,Je travaille seul.e,,,,,,,,,,,,Windows,Oui,Non,Non,Oui,Oui,Oui,Non,Oui,Non,Non,Oui,Oui,Non,Oui,Non,Non,Oui,Non,Oui,Non,Non,Non,Non,Non,Non,Oui,Non,Non,Oui,Non,Non,Non,Non,Oui,Oui,Non,Non,Non,Non,Non,,,Non,Non,Oui,Oui,Oui,Oui,Oui,Non,Oui,Oui,Oui,Oui,Oui,Non,Oui,Non,Oui,Oui,Oui,Oui,Oui,Oui,Non,Non,Moins de cinq ans,,Non,Oui,Non,Non,Contrat doctoral,Non,Non,Oui,Non,Non,Non,Non,Non,Non,géographie,Un homme
144,50,Non,Non,Oui,Oui,Oui,Non,Non,Non,Non,Oui,Non,Non,Oui,Oui,Oui,Non,Oui,Non,Non,Oui,Non,Non,Oui,Non,Oui,Non,Non,Non,Assez,Non,Non,Oui,Non,Oui,Non,Oui,1,,,2,,2,1,1,M,,M,,,2,Oui,Non,Oui,Non,Non,Oui,Oui,Non,Oui,Oui,Non,Oui,Non,Oui,Non,Parfois,Jamais,Parfois,Souvent,Non,Non,Non,Non,Oui,Non,Non,Oui,Non,Non,Non,Non,Non,Oui,Non,Non,Oui,Non,Non,Non,Un temps trop important nécessaire à leur mise à disposition.,"Une perspective de mise à disposition qui vient limiter, freiner le travail interprétatif possible.",Des conditions éthiques limitant leur partage.,,Oui,Parfois,Non,Oui,Oui,Non,Non,Oui,Oui,Non,Oui,Non,Non,Non,Oui,Non,Non,Non,Non,Nous sommes entre 2 et 5 personnes,Oui,Oui,Non,Non,Non,Non,Non,Non,Non,Non,Oui,Windows,Non,Non,Non,Oui,Non,Non,Non,Oui,Non,Non,Oui,Non,Oui,Non,Non,Non,Non,Non,Non,Non,Non,Non,Non,Non,Non,Non,Non,Non,Oui,Non,Non,Non,Oui,Oui,Non,Non,Non,Oui,Non,Non,,,Non,Oui,Oui,Oui,Oui,Oui,Oui,Non,Oui,Non,Non,Oui,Oui,Non,Oui,Non,Oui,Oui,Non,Non,Non,Non,Non,Non,Plus de dix ans,,Oui,Non,Non,Non,Fonctionnaire ou assimilé,Non,Non,Oui,Non,Oui,Non,Non,Non,Non,,Un homme
145,52,Non,Non,Oui,Oui,Non,Oui,Oui,Oui,Non,Oui,Non,Non,Non,Non,Oui,Non,Non,Non,Non,Non,Non,Non,Oui,Oui,Oui,Non,Non,Non,Tout à fait,Oui,Non,Non,Oui,Oui,Non,Oui,3,M,1,2,2,3,1,1,1,M,1,1,M,M,Non,Non,Oui,Oui,Oui,Non,Non,Oui,Oui,Non,Oui,Non,Oui,Oui,Oui,Souvent,Jamais,Parfois,Parfois,Non,Non,Non,Non,Oui,Non,Non,Non,Non,Non,Non,Non,Oui,Oui,Non,Non,Non,Non,Non,Non,Un temps trop important nécessaire à leur mise à disposition.,"Un manque d’habitude de cette pratique dans les communautés de recherche (savoir faire, etc.)",Une volonté de valoriser le travail effectué avant un partage pour garder un avantage compétitif.,,Je ne sais pas,Souvent,Non,Oui,Oui,Non,Oui,Non,Oui,Non,Oui,Non,Non,Non,Non,Non,Non,Non,Non,Nous sommes entre 2 et 5 personnes,Oui,Oui,Non,Non,Non,Non,Non,Non,Non,Non,Non,Windows,Oui,Non,Oui,Oui,Non,Non,Non,Oui,Non,Non,Non,Non,Non,Non,Oui,Non,Non,Oui,Oui,Non,Non,Non,Non,Non,Non,Non,Non,Non,Oui,Oui,Non,Non,Non,Non,Oui,Non,Oui,Non,Non,Non,,,Oui,Oui,Oui,Oui,Non,Non,Non,Non,Non,Non,Non,Oui,Oui,Non,Oui,Non,Oui,Non,Oui,Non,Non,Non,Oui,Non,Cinq à dix ans,Université,Oui,Non,Non,Non,Fonctionnaire ou assimilé,Non,Non,Oui,Non,Non,Non,Non,Non,Non,histoire,Une femme
146,54,Non,Non,Oui,Non,Oui,Oui,Oui,Non,Non,Oui,Oui,Oui,Non,Non,Oui,Non,Oui,Non,Non,Non,Non,Non,Oui,Non,Oui,Non,Non,Non,Assez,Non,Non,Oui,Oui,Oui,Non,Oui,3,1,2,,1,3,2,1,1,1,1,3,1,1,Oui,Oui,Oui,Non,Oui,Oui,Oui,Oui,Oui,Oui,Oui,Non,Non,Oui,Oui,Jamais,Jamais,Parfois,Parfois,Non,Non,Non,Non,Oui,Non,Non,Non,Non,Non,Non,Non,Non,Non,Non,Non,Non,Non,Non,Oui,"Un manque d’habitude de cette pratique dans les communautés de recherche (savoir faire, etc.)",Une volonté de valoriser le travail effectué avant un partage pour garder un avantage compétitif.,Un temps trop important nécessaire à leur mise à disposition.,"Des barrières juridiques et économiques contraignant leurs partage (contrat de consortium, valorisation, exclusivité, droit d’auteur).",Oui,Toujours,Non,Non,Oui,Oui,Oui,Non,Non,Oui,Oui,Oui,Oui,Oui,Oui,Non,Non,Non,Non,Nous sommes entre 2 et 5 personnes,Oui,Oui,Oui,Non,Non,Non,Non,Non,Non,Non,Non,Windows,Oui,Non,Oui,Oui,Non,Oui,Non,Non,Non,Non,Oui,Oui,Oui,Non,Non,Oui,Oui,Oui,Oui,Oui,Non,Oui,Non,Oui,Non,Non,Non,Oui,Oui,Non,Non,Non,Oui,Oui,Oui,Non,Non,Non,Non,Oui,Souvent,Plutôt satisfait,Oui,Oui,Oui,Oui,Oui,Oui,Oui,Non,Oui,Oui,Oui,Oui,Oui,Oui,Oui,Non,Oui,Oui,Non,Non,Non,Oui,Oui,Non,Plus de dix ans,CNRS,Non,Non,Oui,Non,Fonctionnaire ou assimilé,Non,Non,Oui,Non,Non,Non,Non,Non,Non,archéologie,Un homme
147,67,Oui,Non,Oui,Oui,Non,Oui,Oui,Non,Non,Non,Oui,Non,Non,Non,Oui,Non,Non,Non,Non,Oui,Non,Non,Non,Non,Oui,Non,Non,Oui,Assez,Non,Non,Oui,Oui,Oui,Non,Oui,,,,,,,,,,,,,,,Oui,Non,Non,Non,Oui,Oui,Non,Oui,Oui,Non,Oui,Non,Non,Oui,Oui,Parfois,Jamais,Jamais,Jamais,Non,Non,Non,Non,Oui,Non,Oui,Oui,Oui,Non,Non,Non,Non,Oui,Oui,Non,Non,Non,Non,Non,Une volonté de valoriser le travail effectué avant un partage pour garder un avantage compétitif.,Un doute sur la capacité de réutilisation des données par d’autres (contextualisation et documentation nécessaire).,"Un manque d’habitude de cette pratique dans les communautés de recherche (savoir faire, etc.)","Des barrières juridiques et économiques contraignant leurs partage (contrat de consortium, valorisation, exclusivité, droit d’auteur).",Non,Parfois,Oui,Non,Oui,Oui,Oui,Non,Oui,Non,Oui,Non,Oui,Non,Non,Non,Non,Non,Non,Nous sommes entre 2 et 5 personnes,Oui,Oui,Oui,Non,Non,Non,Non,Non,Non,Non,Oui,MacOS,Oui,Non,Oui,Non,Non,Oui,Non,Non,Non,Non,Oui,Non,Non,Non,Non,Non,Non,Oui,Non,Non,Non,Non,Non,Non,Oui,Non,Non,Non,Oui,Non,Non,Non,Oui,Oui,Oui,Non,Non,Non,Non,Non,,,Non,Oui,Non,Non,Non,Oui,Oui,Non,Non,Non,Non,Oui,Oui,Non,Oui,Non,Oui,Non,Oui,Non,Non,Oui,Non,Non,Cinq à dix ans,,Non,Oui,Non,Non,Travailleur/travailleuse indépendante,Non,Non,Oui,Non,Non,Non,Non,Non,Non,autre,Une femme
148,69,Non,Non,Non,Oui,Non,Oui,Oui,Oui,Non,Oui,Non,Non,Oui,Non,Oui,Non,Non,Non,Non,Non,Non,Non,Non,Non,Oui,Non,Non,Non,Pas du tout,Oui,Oui,Non,Oui,Oui,Non,Oui,1,M,M,M,M,1,,M,,M,,,M,,Oui,Non,Non,Non,Non,Non,Non,Non,Oui,Oui,Non,Non,Non,Non,Non,Toujours,Souvent,Jamais,Parfois,Non,Non,Non,Oui,Non,Non,Non,Non,Non,Non,Non,Non,Non,Oui,Oui,Non,Non,Non,Non,Non,"Un manque d’habitude de cette pratique dans les communautés de recherche (savoir faire, etc.)",Une peur de mésusage des données par les personnes les réutilisant.,"Des barrières juridiques et économiques contraignant leurs partage (contrat de consortium, valorisation, exclusivité, droit d’auteur).",,Oui,Parfois,Non,Oui,Non,Oui,Non,Non,Oui,Non,Oui,Non,Non,Non,Non,Non,Non,Oui,Non,Nous sommes entre 6 et 10 personnes,Oui,Non,Non,Non,Non,Non,Non,Non,Non,Non,Non,MacOS,Oui,Non,Oui,Non,Non,Oui,Non,Non,Non,Non,Non,Non,Non,Non,Non,Non,Non,Non,Non,Non,Non,Non,Non,Non,Non,Non,Non,Non,Non,Non,Non,Non,Non,Oui,Non,Non,Oui,Non,Non,Non,,,Non,Non,Non,Oui,Non,Non,Non,Non,Non,Non,Non,Oui,Oui,Non,Non,Non,Non,Oui,Non,Non,Non,Non,Non,Non,Plus de dix ans,Université,Oui,Non,Non,Non,Fonctionnaire ou assimilé,Non,Non,Oui,Non,Non,Non,Non,Non,Non,histoire,Un homme
149,72,Non,Non,Oui,Oui,Oui,Oui,Oui,Non,Non,Oui,Oui,Non,Oui,Non,Oui,Non,Oui,Oui,Non,Oui,Non,Non,Non,Oui,Oui,Non,Non,Non,Tout à fait,Oui,Oui,Non,Non,Oui,Non,Oui,,,,,,,,,,,,,,,Oui,Non,Oui,Oui,Oui,Oui,Oui,Oui,Oui,Non,Non,Non,Non,Oui,Oui,Souvent,Parfois,Jamais,Non applicable,Non,Non,Non,Non,Oui,Non,Oui,Non,Non,Oui,Non,Non,Non,Non,Non,Non,Non,Non,Non,Non,Des conditions éthiques limitant leur partage.,"Un manque d’habitude de cette pratique dans les communautés de recherche (savoir faire, etc.)",Une volonté de valoriser le travail effectué avant un partage pour garder un avantage compétitif.,La peur d’un renforcement d’inégalités entre des personnes produisant des données d’une part et celles les analysant et en tirant des publications d’autre part.,Oui,Parfois,Non,Oui,Oui,Oui,Non,Oui,Oui,Oui,Non,Non,Non,Non,Non,Oui,Non,Non,Non,Je travaille seul.e,,,,,,,,,,,,Windows,Oui,Non,Non,Non,Oui,Oui,Non,Oui,Non,Non,Non,Oui,Oui,Non,Non,Non,Non,Non,Oui,Non,Non,Oui,Non,Non,Oui,Non,Non,Non,Oui,Oui,Non,Non,Non,Oui,Oui,Non,Non,Non,Non,Oui,Parfois,Très satisfait,Oui,Non,Non,Oui,Non,Oui,Non,Non,Non,Non,Non,Oui,Oui,Non,Oui,Non,Oui,Oui,Oui,Oui,Non,Non,Non,Non,Plus de dix ans,CNRS,Oui,Non,Non,Non,Fonctionnaire ou assimilé,Non,Non,Oui,Non,Non,Non,Non,Non,Non,sociologie,Un homme
150,77,Non,Non,Non,Non,Oui,Oui,Oui,Non,Non,Non,Oui,Non,Oui,Oui,Oui,Non,Non,Oui,Non,Non,Non,Non,Oui,Non,Non,Oui,Non,Oui,Peu,Oui,Non,Non,Oui,Non,Non,Non,2,M,P,3,P,P,3,1,2,1,3,2,,1,Non,Non,Oui,Oui,Oui,Oui,Non,Oui,Oui,Non,Non,Non,Oui,Non,Non,Parfois,Jamais,Jamais,,Non,Non,Oui,Non,Non,Non,Non,Oui,Non,Oui,Non,Non,Non,Non,Non,Non,Oui,Non,Non,Non,Un doute sur la capacité de réutilisation des données par d’autres (contextualisation et documentation nécessaire).,Une volonté de valoriser le travail effectué avant un partage pour garder un avantage compétitif.,"Des barrières juridiques et économiques contraignant leurs partage (contrat de consortium, valorisation, exclusivité, droit d’auteur).",,Oui,Souvent,Non,Non,Non,Oui,Non,Non,Oui,Oui,Oui,Non,Non,Non,Non,Non,Non,Non,Non,Nous sommes entre 2 et 5 personnes,Oui,Non,Non,Non,Non,Non,Non,Non,Non,Non,Non,MacOS,Oui,Non,Oui,Non,Non,Non,Non,Non,Non,Non,Oui,Non,Non,Non,Non,Non,Non,Non,Non,Oui,Non,Non,Non,Non,Non,Non,Non,Non,Oui,Oui,Non,Non,Non,Oui,Oui,Non,Non,Non,Non,Oui,Parfois,Plutôt insatisfait,Oui,Non,Oui,Oui,Oui,Oui,Non,Non,Non,Non,Oui,Non,Oui,Oui,Oui,Non,Oui,Non,Oui,Non,Non,Non,Non,Non,Cinq à dix ans,Université,Oui,Non,Non,Non,Fonctionnaire ou assimilé,Non,Non,Oui,Non,Non,Non,Non,Non,Non,histoire,Une femme
151,83,Non,Non,Oui,Oui,Oui,Oui,Oui,Oui,Non,Oui,Oui,Oui,Oui,Oui,Oui,Non,Non,Non,Non,Oui,Oui,Non,Oui,Oui,Oui,Non,Oui,Non,Tout à fait,Non,Non,Oui,Non,Non,Non,Non,1,1,1,1,1,1,1,1,1,1,1,M,M,M,Oui,Oui,Oui,Non,Oui,Oui,Oui,Oui,Oui,Non,Oui,Oui,Non,Oui,Oui,,,Toujours,,Non,Non,Non,Oui,Non,Non,Oui,Oui,Oui,Non,Non,Non,Oui,Non,Non,Non,Non,Non,Non,Non,Un temps trop important nécessaire à leur mise à disposition.,"Des barrières juridiques et économiques contraignant leurs partage (contrat de consortium, valorisation, exclusivité, droit d’auteur).",,,Oui,Toujours,Non,Non,Oui,Oui,Oui,Oui,Oui,Non,Oui,Non,Non,Oui,Non,Oui,Non,Non,Non,Nous sommes entre 2 et 5 personnes,Oui,Oui,Non,Non,Non,Non,Non,Non,Non,Non,Non,Windows,Oui,Non,Non,Oui,Non,Non,Non,Oui,Non,Non,Oui,Oui,Oui,Non,Non,Non,Non,Non,Oui,Oui,Non,Oui,Oui,Oui,Oui,Non,Oui,Non,Oui,Oui,Non,Non,Non,Oui,Non,Non,Non,Non,Non,Oui,Parfois,"Ni satisfait, ni insatisfait",Oui,Oui,Oui,Oui,Non,Oui,Non,Non,Non,Non,Non,Non,Non,Non,Oui,Non,Non,Non,Non,Non,Non,Non,Non,Oui,Plus de dix ans,,Oui,Non,Non,Non,Fonctionnaire ou assimilé,Non,Oui,Oui,Non,Non,Non,Non,Oui,Non,,
152,91,Non,Non,Oui,Oui,Non,Oui,Oui,Non,Non,Oui,Oui,Non,Non,Non,Oui,Non,Non,Non,Non,Non,Non,Non,Oui,Non,Non,Non,Non,Oui,Pas du tout,Non,Non,Non,Oui,Non,Non,Oui,2,M,3,M,1,2,M,M,3,2,2,M,2,M,Oui,Non,Oui,Non,Non,Non,Non,Non,Oui,Non,Non,Non,Non,Oui,Oui,Toujours,Jamais,Jamais,Jamais,Oui,Non,Non,Non,Non,Non,Oui,Oui,Non,Non,Non,Non,Non,Non,Non,Non,Non,Non,Non,Non,"Un manque d’habitude de cette pratique dans les communautés de recherche (savoir faire, etc.)","Une perspective de mise à disposition qui vient limiter, freiner le travail interprétatif possible.",Une mauvaise qualité des données en l’état.,Des conditions éthiques limitant leur partage.,Oui,Parfois,Oui,Non,Non,Non,Non,Non,Oui,Non,Oui,Non,Non,Non,Non,Non,Non,Non,Non,Nous sommes entre 6 et 10 personnes,Oui,Non,Non,Non,Non,Non,Non,Non,Non,Non,Non,Windows,Oui,Non,Non,Non,Non,Non,Non,Non,Non,Non,Oui,Non,Non,Non,Non,Non,Non,Non,Non,Non,Non,Non,Non,Oui,Non,Non,Non,Non,Non,Non,Non,Non,Oui,Oui,Non,Non,Non,Non,Non,Non,,,Oui,Non,Non,Oui,Non,Non,Non,Non,Non,Non,Non,Non,Non,Oui,Oui,Non,Oui,Non,Non,Non,Non,Non,Non,Non,Cinq à dix ans,autre,Oui,Non,Non,Non,Fonctionnaire ou assimilé,Non,Non,Oui,Non,Non,Non,Non,Non,Non,histoire,Une femme
153,104,Non,Non,Oui,Oui,Oui,Oui,Oui,Non,Non,Non,Oui,Non,Oui,Non,Oui,Non,Oui,Oui,Non,Non,Non,Non,Oui,Oui,Oui,Non,Non,Non,Assez,Non,Non,Non,Oui,Non,Non,Oui,M,,,M,,P,,M,,M,M,M,,,Non,Non,Oui,Non,Oui,Non,Non,Non,Oui,Non,Non,Non,Non,Oui,Non,Toujours,,,,Non,Non,Non,Non,Oui,Non,Oui,Oui,Non,Non,Non,Non,Non,Non,Oui,Non,Non,Non,Non,Non,Un doute sur la capacité de réutilisation des données par d’autres (contextualisation et documentation nécessaire).,Une volonté de valoriser le travail effectué avant un partage pour garder un avantage compétitif.,Un temps trop important nécessaire à leur mise à disposition.,,Non,Souvent,Oui,Non,Oui,Non,Oui,Non,Oui,Oui,Oui,Non,Non,Non,Non,Non,Non,Oui,Non,Nous sommes entre 2 et 5 personnes,Oui,Non,Non,Non,Non,Non,Non,Non,Non,Non,Non,Windows,Oui,Non,Non,Non,Oui,Non,Non,Non,Non,Non,Non,Non,Non,Non,Non,Non,Oui,Non,Non,Non,Non,Oui,Non,Non,Oui,Non,Oui,Non,Oui,Non,Non,Non,Non,Oui,Non,Non,Non,Non,Non,Oui,Parfois,"Ni satisfait, ni insatisfait",Oui,Non,Non,Oui,Non,Non,Non,Non,Non,Oui,Oui,Non,Non,Non,Non,Non,Oui,Non,Oui,Non,Non,Non,Non,Non,Plus de dix ans,autre,Oui,Non,Non,Non,Fonctionnaire ou assimilé,Non,Non,Oui,Non,Non,Non,Non,Non,Non,sociologie,Une femme
154,110,Non,Non,Oui,Oui,Oui,Oui,Oui,Non,Non,Oui,Oui,Non,Oui,Oui,Oui,Non,Oui,Oui,Non,Non,Non,Non,Oui,Oui,Oui,Non,Oui,Non,Assez,Oui,Oui,Non,Oui,Non,Non,Oui,P,M,M,1,M,1,M,M,M,M,1,M,M,M,Oui,Non,Oui,Oui,Non,Oui,Oui,Oui,Oui,Oui,Oui,Oui,Oui,Oui,Oui,Souvent,Jamais,Jamais,Jamais,Non,Non,Non,Non,Oui,Non,Non,Non,Non,Non,Non,Non,Non,Non,Non,Non,Non,Non,Non,Oui,Des conditions éthiques limitant leur partage.,Une volonté de valoriser le travail effectué avant un partage pour garder un avantage compétitif.,"Des barrières juridiques et économiques contraignant leurs partage (contrat de consortium, valorisation, exclusivité, droit d’auteur).",Un temps trop important nécessaire à leur mise à disposition.,Oui,Parfois,Non,Oui,Oui,Oui,Oui,Oui,Oui,Non,Oui,Non,Non,Non,Non,Non,Non,Non,Non,Je travaille seul.e,,,,,,,,,,,,MacOS,Oui,Non,Non,Non,Non,Non,Non,Oui,Non,Non,Oui,Non,Non,Non,Non,Non,Oui,Non,Non,Non,Non,Non,Non,Non,Non,Oui,Non,Oui,Oui,Oui,Non,Non,Non,Oui,Non,Non,Non,Non,Non,Non,,,Non,Non,Oui,Oui,Non,Oui,Non,Non,Oui,Oui,Oui,Oui,Oui,Oui,Oui,Non,Oui,Oui,Oui,Oui,Non,Non,Non,Non,Cinq à dix ans,école,Non,Oui,Non,Non,Fonctionnaire ou assimilé,Non,Non,Oui,Non,Non,Non,Non,Non,Non,sociologie,Un homme
155,144,Non,Non,Oui,Oui,Non,Oui,Oui,Non,Non,Oui,Oui,Non,Oui,Non,Oui,Non,Oui,Oui,Non,Non,Non,Non,Oui,Non,Oui,Non,Non,Oui,Peu,Non,Non,Non,Oui,Oui,Non,Oui,1,M,M,M,M,2,,,,M,M,M,1,M,Oui,Non,Oui,Non,Non,Oui,Oui,Oui,Oui,Non,Non,Non,Non,Oui,Oui,Parfois,Jamais,Jamais,Jamais,Non,Non,Non,Non,Oui,Non,Non,Non,Non,Non,Non,Non,Non,Non,Oui,Non,Non,Non,Non,Non,Un temps trop important nécessaire à leur mise à disposition.,Des conditions éthiques limitant leur partage.,"Un manque d’habitude de cette pratique dans les communautés de recherche (savoir faire, etc.)",,Je ne sais pas,Souvent,Non,Non,Non,Non,Oui,Oui,Non,Oui,Non,Non,Non,Non,Non,Non,Non,Non,Non,Nous sommes entre 6 et 10 personnes,Oui,Oui,Non,Non,Non,Non,Non,Non,Non,Non,Non,MacOS,Oui,Non,Non,Non,Non,Non,Non,Non,Non,Non,Oui,Non,Non,Non,Non,Non,Non,Non,Non,Non,Non,Non,Non,Non,Oui,Non,Non,Non,Non,Non,Non,Non,Non,Oui,Non,Non,Non,Non,Non,Non,,,Non,Oui,Non,Non,Non,Oui,Oui,Non,Oui,Non,Oui,Oui,Oui,Non,Oui,Non,Non,Non,Oui,Non,Non,Non,Non,Non,Plus de dix ans,CNRS,Oui,Non,Non,Non,Fonctionnaire ou assimilé,Non,Non,Oui,Non,Non,Non,Non,Non,Non,sociologie,Une femme
156,160,Non,Non,Oui,Oui,Non,Oui,Oui,Oui,Non,Oui,Oui,Non,Non,Non,Oui,Non,Non,Oui,Non,Non,Non,Non,Oui,Non,Non,Non,Non,Non,Tout à fait,Non,Non,Non,Oui,Non,Non,Oui,2,M,2,M,M,2,,,M,1,1,,M,,Non,Non,Oui,Oui,Oui,Oui,Oui,Oui,Oui,Non,Non,Non,Non,Oui,Oui,Souvent,Parfois,Jamais,Non applicable,Non,Non,Non,Non,Oui,Non,Non,Non,Non,Oui,Non,Non,Non,Oui,Oui,Non,Non,Non,Non,Non,Des conditions éthiques limitant leur partage.,Un doute sur la capacité de réutilisation des données par d’autres (contextualisation et documentation nécessaire).,"Un manque d’habitude de cette pratique dans les communautés de recherche (savoir faire, etc.)","Des barrières juridiques et économiques contraignant leurs partage (contrat de consortium, valorisation, exclusivité, droit d’auteur).",Oui,Parfois,Non,Oui,Oui,Oui,Oui,Oui,Non,Oui,Oui,Non,Oui,Non,Non,Non,Non,Non,Non,Nous sommes entre 2 et 5 personnes,Oui,Oui,Non,Non,Non,Non,Non,Non,Non,Non,Oui,Windows,Oui,Non,Non,Non,Non,Non,Non,Non,Oui,Non,,,,,,,,,,,,,,,,,,,,,,Non,Oui,Oui,Oui,Non,Oui,Non,Non,Oui,Parfois,"Ni satisfait, ni insatisfait",Oui,Oui,Non,Oui,Non,Non,Non,Non,Oui,Oui,Non,Oui,Oui,Non,Oui,Non,Oui,Oui,Non,Oui,Non,Non,Oui,Non,Plus de dix ans,école,Oui,Non,Non,Non,Fonctionnaire ou assimilé,Non,Non,Oui,Non,Non,Non,Non,Non,Non,autre,Une femme
157,193,Non,Non,Non,Oui,Non,Oui,Oui,Non,Non,Oui,Non,Non,Non,Non,Oui,Non,Non,Non,Non,Non,Non,Non,Oui,Non,Oui,Non,Non,Non,Peu,Oui,Non,Non,Non,Non,Non,Oui,M,M,M,,,1,,,,1,,,,,Non,Non,Oui,Non,Oui,Oui,Non,Oui,Oui,Non,Non,Non,Non,Oui,Oui,Parfois,Parfois,Jamais,Jamais,Oui,Non,Non,Non,Non,Non,Non,Oui,Oui,Non,Non,Non,Non,Oui,Non,Non,Non,Non,Non,Non,"Un manque d’habitude de cette pratique dans les communautés de recherche (savoir faire, etc.)",Une peur de mésusage des données par les personnes les réutilisant.,Un temps trop important nécessaire à leur mise à disposition.,,Je ne sais pas,Parfois,Non,Non,Oui,Non,Non,Non,Oui,Non,Oui,Non,Non,Non,Non,Non,Non,Non,Non,Je travaille seul.e,,,,,,,,,,,,Windows,Oui,Non,Non,Non,Non,Non,Non,Non,Non,Non,Oui,Non,Non,Non,Non,Non,Non,Non,Non,Non,Non,Non,Non,Non,Non,Non,Non,Oui,Non,Non,Non,Non,Non,Oui,Non,Non,Non,Non,Non,Non,,,Oui,Non,Non,Non,Non,Non,Non,Non,Non,Non,Non,Non,Non,Non,Non,Oui,Oui,Non,Non,Non,Non,Oui,Non,Non,Plus de dix ans,CNRS,Oui,Non,Non,Non,Fonctionnaire ou assimilé,Non,Non,Oui,Non,Non,Non,Non,Non,Non,histoire,Une femme
158,210,Non,Non,Oui,Oui,Oui,Oui,Oui,Non,Non,Oui,Oui,Non,Oui,Oui,Oui,Non,Non,Non,Non,Oui,Non,Non,Oui,Oui,Oui,Oui,Oui,Non,Tout à fait,Oui,Non,Non,Oui,Non,Non,Oui,1,,2,1,1,2,,2,2,M,2,M,1,,Oui,Non,Oui,Non,Oui,Non,Oui,Oui,Oui,Oui,Non,Oui,Non,Oui,Oui,Souvent,Parfois,Jamais,Jamais,Oui,Non,Non,Non,Non,Non,Non,Oui,Non,Oui,Non,Oui,Non,Oui,Non,Non,Non,Non,Non,Non,La peur d’un renforcement d’inégalités entre des personnes produisant des données d’une part et celles les analysant et en tirant des publications d’autre part.,Un doute sur la capacité de réutilisation des données par d’autres (contextualisation et documentation nécessaire).,Des conditions éthiques limitant leur partage.,Une volonté de valoriser le travail effectué avant un partage pour garder un avantage compétitif.,Oui,Souvent,Oui,Oui,Oui,Oui,Oui,Oui,Oui,Oui,Oui,Non,Non,Non,Oui,Non,Non,Non,Non,Nous sommes entre 2 et 5 personnes,Oui,Oui,Non,Non,Non,Non,Non,Non,Non,Non,Non,Linux,Oui,Non,Non,Oui,Non,Non,Non,Oui,Oui,Non,,,,,,,,,,,,,,,,,,,,,,Non,Oui,Oui,Non,Non,Non,Non,Non,Oui,Parfois,Très satisfait,Non,Oui,Non,Non,Non,Non,Non,Non,Non,Non,Non,Oui,Oui,Non,Oui,Non,Oui,Non,Oui,Oui,Oui,Non,Non,Non,Plus de dix ans,CNRS,Oui,Non,Non,Non,Fonctionnaire ou assimilé,Non,Non,Oui,Non,Non,Non,Non,Non,Non,sociologie,Un homme
159,225,Non,Non,Non,Non,Oui,Oui,Oui,Non,Non,Non,Non,Non,Oui,Non,Non,Non,Non,Non,Non,Non,Non,Non,Oui,Non,Oui,Non,Non,Non,Tout à fait,Non,Non,Non,Oui,Non,Non,Oui,1,,1,M,M,M,M,1,,,M,,M,,Non,Non,Non,Non,Non,Non,Oui,Non,Oui,Oui,Non,Oui,Oui,Oui,Non,Toujours,Souvent,,,Non,Non,Non,Oui,Non,Non,Non,Non,Non,Non,Non,Non,Non,Oui,Non,Non,Non,Non,Non,Non,"Un manque d’habitude de cette pratique dans les communautés de recherche (savoir faire, etc.)",Une volonté de valoriser le travail effectué avant un partage pour garder un avantage compétitif.,,,Je ne sais pas,Souvent,Non,Non,Non,Non,Oui,Oui,Non,Oui,Non,Non,Non,Non,Non,Oui,Non,Non,Non,Nous sommes entre 2 et 5 personnes,Oui,Non,Non,Non,Non,Non,Non,Non,Non,Non,Non,Windows,Non,Non,Non,Oui,Non,Non,Non,Non,Non,Non,Non,Oui,Non,Non,Non,Non,Non,Non,Oui,Oui,Non,Non,Non,Non,Non,Non,Non,Non,Oui,Non,Non,Non,Non,Oui,Oui,Non,Non,Non,Non,Non,,,Non,Oui,Non,Oui,Non,Non,Non,Non,Non,Oui,Non,Non,Non,Non,Non,Non,Non,Non,Oui,Non,Non,Non,Non,Non,Plus de dix ans,Université,Oui,Non,Non,Non,Fonctionnaire ou assimilé,Oui,Non,Oui,Non,Oui,Non,Non,Non,Non,autre,Un homme
160,230,Non,Non,Oui,Oui,Oui,Oui,Oui,Non,Non,Oui,Oui,Oui,Oui,Non,Oui,Non,Non,Non,Non,Oui,Non,Non,Oui,Oui,Oui,Non,Non,Oui,Tout à fait,Non,Oui,Non,Non,Oui,Non,Oui,M,M,M,M,M,1,M,M,M,M,M,M,1,1,Oui,Non,Oui,Non,Oui,Oui,Non,Oui,Oui,Non,Oui,Non,Oui,Oui,Oui,Parfois,Parfois,Jamais,Parfois,Oui,Oui,Oui,Oui,Oui,Non,Oui,Oui,Oui,Oui,Non,Non,Non,Oui,Non,Non,Non,Non,Non,Non,"Un manque d’habitude de cette pratique dans les communautés de recherche (savoir faire, etc.)",Une volonté de valoriser le travail effectué avant un partage pour garder un avantage compétitif.,Une peur de mésusage des données par les personnes les réutilisant.,Un temps trop important nécessaire à leur mise à disposition.,Oui,Souvent,Oui,Non,Oui,Non,Oui,Non,Non,Oui,Oui,Non,Oui,Non,Non,Non,Non,Non,Non,Nous sommes entre 11 et 20 personnes,Oui,Oui,Oui,Non,Non,Non,Non,Non,Non,Non,Non,Windows,Non,Non,Oui,Non,Oui,Non,Non,Oui,Non,Non,Oui,Oui,Non,Non,Non,Non,Oui,Oui,Non,Non,Non,Oui,Non,Non,Non,Oui,Oui,Non,Oui,Non,Non,Non,Non,Oui,Non,Non,Non,Non,Non,Oui,Parfois,"Ni satisfait, ni insatisfait",Oui,Oui,Non,Non,Non,Non,Non,Non,Non,Non,Non,Oui,Oui,Oui,Oui,Non,Non,Oui,Non,Non,Non,Oui,Oui,Non,Plus de dix ans,,Oui,Non,Non,Non,Fonctionnaire ou assimilé,Non,Non,Oui,Non,Non,Non,Non,Non,Non,sociologie,Une femme
161,232,Non,Non,Oui,Oui,Oui,Oui,Oui,Non,Non,Oui,Oui,Non,Oui,Non,Oui,Non,Oui,Oui,Non,Non,Non,Non,Oui,Non,Oui,Non,Non,Non,Peu,Oui,Non,Non,Oui,Non,Non,Oui,1,M,M,M,,1,,M,,,M,,M,,Oui,Non,Oui,Non,Oui,Non,Non,Oui,Oui,Non,Non,Non,Non,Oui,Oui,Parfois,Parfois,Jamais,Jamais,Non,Non,Non,Non,Oui,Non,Non,Non,Non,Non,Non,Non,Non,Oui,Non,Non,Non,Non,Non,Non,"Un manque d’habitude de cette pratique dans les communautés de recherche (savoir faire, etc.)",Un doute sur la capacité de réutilisation des données par d’autres (contextualisation et documentation nécessaire).,Une peur de mésusage des données par les personnes les réutilisant.,Une volonté de valoriser le travail effectué avant un partage pour garder un avantage compétitif.,Je ne sais pas,Souvent,Oui,Non,Non,Non,Non,Non,Oui,Non,Oui,Non,Non,Non,Non,Oui,Non,Non,Non,Nous sommes entre 2 et 5 personnes,Oui,Non,Non,Non,Non,Non,Non,Non,Non,Non,Non,MacOS,Oui,Non,Non,Non,Oui,Oui,Non,Oui,Non,Non,Oui,Non,Oui,Non,Non,Non,Non,Non,Non,Non,Non,Oui,Non,Non,Non,Oui,Non,Non,Non,Non,Non,Non,Non,Oui,Oui,Non,Non,Non,Non,Non,,,Oui,Non,Non,Non,Non,Non,Non,Non,Oui,Oui,Non,Oui,Oui,Oui,Oui,Non,Non,Oui,Oui,Non,Non,Non,Non,Non,Cinq à dix ans,Université,Non,Oui,Non,Non,Fonctionnaire ou assimilé,Non,Non,Oui,Non,Non,Non,Non,Non,Non,sociologie,Un homme
162,233,Non,Non,Non,Oui,Oui,Oui,Oui,Non,Non,Oui,Oui,Non,Non,Non,Non,Non,Non,Non,Non,Non,Non,Non,Oui,Oui,Oui,Non,Non,Non,Assez,Oui,Non,Non,Non,Oui,Non,Oui,1,,1,2,M,3,M,,M,1,,1,,,Oui,Non,Oui,Non,Oui,Oui,Non,Non,Oui,Non,Non,Non,Oui,Oui,Non,Parfois,Jamais,Parfois,Parfois,Oui,Non,Non,Non,Non,Non,Non,Oui,Oui,Non,Non,Oui,Oui,Non,Non,Non,Non,Non,Non,Non,"Des barrières juridiques et économiques contraignant leurs partage (contrat de consortium, valorisation, exclusivité, droit d’auteur).",Un temps trop important nécessaire à leur mise à disposition.,Des conditions éthiques limitant leur partage.,,Oui,Souvent,Non,Non,Non,Oui,Non,Non,Oui,Non,Oui,Non,Non,Non,Non,Non,Non,Non,Non,Nous sommes entre 2 et 5 personnes,Oui,Oui,Oui,Non,Non,Non,Non,Non,Non,Non,Oui,Windows,Oui,Non,Non,Oui,Non,Non,Non,Non,Non,Non,Non,Oui,Non,Non,Non,Non,Oui,Non,Oui,Non,Non,Oui,Non,Non,Oui,Non,Non,Non,Non,Non,Non,Non,Non,Oui,Non,Non,Non,Non,Non,Non,,,Non,Non,Non,Non,Non,Non,Non,Oui,Non,Non,Non,Oui,Non,Non,Oui,Non,Non,Non,Oui,Non,Non,Non,Non,Non,Cinq à dix ans,Université,Non,Oui,Non,Non,En CDD,Non,Non,Oui,Non,Non,Non,Non,Non,Non,linguistique,Une femme
163,253,Non,Non,Oui,Non,Oui,Oui,Non,Non,Non,Oui,Oui,Non,Oui,Non,Oui,Non,Oui,Oui,Non,Non,Non,Non,Non,Oui,Non,Non,Non,Non,Assez,Oui,Oui,Oui,Oui,Oui,Non,Oui,P,M,2,1,1,P,2,1,M,M,M,M,M,M,Oui,Non,Non,Oui,Non,Oui,Non,Non,Oui,Non,Non,Non,Oui,Oui,Oui,Jamais,Jamais,Jamais,Jamais,Non,Non,Non,Non,Oui,Non,Non,Non,Non,Non,Non,Non,Non,Non,Non,Non,Non,Non,Non,Oui,"Un manque d’habitude de cette pratique dans les communautés de recherche (savoir faire, etc.)",Une mauvaise qualité des données en l’état.,,,Je ne sais pas,Souvent,Non,Non,Oui,Oui,Oui,Oui,Oui,Oui,Oui,Non,Oui,Non,Non,Oui,Non,Non,Non,Je travaille seul.e,,,,,,,,,,,,Windows,Oui,Non,Non,Non,Non,Non,Non,Oui,Non,Non,Oui,Oui,Non,Non,Non,Non,Oui,Non,Non,Non,Non,Oui,Non,Non,Oui,Non,Oui,Oui,Oui,Non,Non,Non,Non,Oui,Oui,Non,Non,Non,Non,Non,,,Oui,Oui,Non,Oui,Oui,Non,Non,Non,Oui,Oui,Oui,Non,Oui,Oui,Non,Non,Oui,Non,Oui,Non,Non,Oui,Non,Non,Moins de cinq ans,,Non,Oui,Non,Non,En CDD,Non,Non,Oui,Non,Non,Non,Non,Non,Non,sociologie,Un homme
164,254,Non,Non,Oui,Non,Non,Oui,Non,Non,Non,Non,Oui,Non,Non,Non,Oui,Non,Non,Non,Non,Oui,Non,Non,Oui,Non,Non,Non,Non,Oui,Peu,Oui,Non,Non,Non,Oui,Non,Oui,1,M,1,M,M,3,M,M,M,1,1,M,1,M,Oui,Non,Non,Non,Non,Oui,Oui,Oui,Oui,Oui,Non,Non,Oui,Oui,Non,Parfois,Jamais,Jamais,Jamais,Oui,Oui,Oui,Oui,Non,Non,Oui,Oui,Non,Oui,Non,Oui,Non,Non,Oui,Non,Non,Oui,Non,Non,Une peur de mésusage des données par les personnes les réutilisant.,Des conditions éthiques limitant leur partage.,"Des barrières juridiques et économiques contraignant leurs partage (contrat de consortium, valorisation, exclusivité, droit d’auteur).",Un doute sur la capacité de réutilisation des données par d’autres (contextualisation et documentation nécessaire).,Oui,Jamais,Oui,Oui,Oui,Oui,Oui,Oui,Non,Non,Oui,Oui,Oui,Non,Non,Non,Non,Non,Non,Nous sommes entre 2 et 5 personnes,Oui,Oui,Oui,Non,Non,Non,Non,Non,Non,Non,Non,Windows,Oui,Non,Non,Non,Non,Non,Non,Non,Non,Non,Non,Non,Non,Non,Non,Non,Non,Non,Non,Non,Oui,Non,Non,Non,Non,Oui,Oui,Non,Oui,Non,Non,Non,Non,Oui,Oui,Oui,Non,Non,Non,Non,,,Oui,Oui,Non,Non,Non,Non,Non,Non,Oui,Oui,Non,Oui,Non,Oui,Non,Non,Oui,Oui,Oui,Oui,Oui,Oui,Oui,Non,Cinq à dix ans,Université,Non,Oui,Non,Non,En CDD,Non,Non,Oui,Non,Non,Non,Non,Non,Non,sociologie,Une femme
165,256,Non,Non,Oui,Oui,Oui,Oui,Oui,Non,Non,Non,Non,Non,Oui,Non,Oui,Non,Non,Non,Non,Non,Non,Non,Oui,Non,Oui,Non,Oui,Non,Assez,Non,Non,Non,Oui,Non,Oui,Oui,P,M,2,,1,1,1,1,,M,2,,2,,Oui,Non,Non,Non,Oui,Non,Non,Oui,Oui,Non,Non,Non,Oui,Oui,Non,Souvent,Parfois,Jamais,Jamais,Non,Non,Non,Non,Oui,Non,Oui,Oui,Oui,Non,Non,Non,Non,Oui,Non,Non,Non,Non,Non,Non,La peur d’un renforcement d’inégalités entre des personnes produisant des données d’une part et celles les analysant et en tirant des publications d’autre part.,Une volonté de valoriser le travail effectué avant un partage pour garder un avantage compétitif.,"Un manque d’habitude de cette pratique dans les communautés de recherche (savoir faire, etc.)",Un doute sur la capacité de réutilisation des données par d’autres (contextualisation et documentation nécessaire).,Non,Souvent,Oui,Non,Non,Non,Oui,Non,Oui,Non,Oui,Non,Non,Non,Oui,Non,Non,Non,Non,Nous sommes entre 2 et 5 personnes,Oui,Oui,Non,Non,Non,Non,Non,Non,Non,Non,Non,Windows,Oui,Non,Oui,Oui,Non,Oui,Non,Non,Non,Non,Non,Oui,Non,Non,Non,Non,Oui,Non,Non,Non,Non,Non,Non,Oui,Oui,Oui,Oui,Non,Oui,Non,Non,Non,Non,Oui,Non,Non,Oui,Non,Non,Non,,,Non,Non,Non,Oui,Oui,Non,Non,Non,Non,Non,Non,Oui,Non,Oui,Oui,Non,Oui,Non,Oui,Non,Oui,Non,Non,Non,Moins de cinq ans,autre,Non,Oui,Non,Non,Contrat doctoral,Non,Non,Oui,Non,Non,Non,Non,Non,Non,archéologie,Une femme
166,265,Non,Non,Oui,Oui,Oui,Oui,Oui,Oui,Non,Oui,Oui,Non,Oui,Oui,Oui,Non,Non,Non,Non,Non,Non,Non,Oui,Non,Non,Non,Non,Oui,Assez,Oui,Non,Non,Oui,Oui,Non,Oui,1,M,1,1,M,M,M,M,1,M,1,,M,,Oui,Oui,Oui,Oui,Oui,Oui,Oui,Oui,Oui,Non,Non,Oui,Non,Oui,Non,Parfois,Parfois,Jamais,Jamais,Non,Non,Non,Non,Oui,Non,Non,Oui,Oui,Oui,Non,Non,Non,Oui,Non,Non,Non,Oui,Non,Non,Des conditions éthiques limitant leur partage.,"Un manque d’habitude de cette pratique dans les communautés de recherche (savoir faire, etc.)","Des barrières juridiques et économiques contraignant leurs partage (contrat de consortium, valorisation, exclusivité, droit d’auteur).",Un doute sur la capacité de réutilisation des données par d’autres (contextualisation et documentation nécessaire).,Je ne sais pas,Souvent,Non,Oui,Oui,Oui,Oui,Oui,Oui,Oui,Non,Non,Non,Non,Non,Oui,Non,Non,Non,Nous sommes entre 2 et 5 personnes,Oui,Oui,Oui,Non,Non,Non,Non,Non,Non,Non,Non,Windows,Oui,Non,Non,Non,Oui,Non,Non,Oui,Non,Non,Oui,Oui,Oui,Non,Oui,Oui,Oui,Oui,Oui,Oui,Non,Non,Oui,Oui,Non,Oui,Non,Non,Oui,Oui,Non,Non,Oui,Oui,Oui,Oui,Non,Non,Non,Non,,,Non,Non,Non,Oui,Non,Oui,Oui,Non,Non,Non,Non,Oui,Non,Non,Non,Non,Oui,Non,Oui,Non,Oui,Non,Non,Non,Plus de dix ans,autre,Oui,Non,Non,Non,Fonctionnaire ou assimilé,Non,Non,Oui,Non,Non,Non,Non,Non,Non,autre,Une femme
167,269,Non,Non,Oui,Oui,Oui,Oui,Oui,Oui,Non,Oui,Oui,Non,Oui,Non,Oui,Non,Oui,Oui,Non,Oui,Non,Oui,Non,Non,Oui,Non,Non,Oui,Peu,Oui,Non,Non,Non,Non,Non,Oui,1,,1,1,M,M,,,,,,M,M,M,Oui,Non,Non,Non,Oui,Oui,Non,Non,Oui,Non,Non,Non,Oui,Oui,Non,Parfois,Parfois,Jamais,Jamais,Non,Non,Oui,Non,Non,Non,Non,Non,Non,Oui,Non,Non,Non,Non,Oui,Non,Non,Non,Non,Non,"Un manque d’habitude de cette pratique dans les communautés de recherche (savoir faire, etc.)",,,,Oui,Parfois,Non,Non,Non,Non,Oui,Non,Non,Non,Oui,Non,Oui,Non,Non,Non,Non,Non,Non,Nous sommes entre 2 et 5 personnes,Oui,Oui,Oui,Oui,Oui,Non,Oui,Non,Non,Non,Non,MacOS,Oui,Non,Non,Non,Non,Non,Non,Non,Non,Non,Oui,Non,Non,Non,Non,Oui,Oui,Non,Oui,Oui,Non,Non,Non,Non,Non,Non,Oui,Non,Non,Non,Non,Non,Oui,Oui,Non,Non,Non,Non,Non,Oui,Souvent,Plutôt satisfait,Non,Non,Non,Non,Non,Non,Non,Oui,Oui,Non,Non,Non,Non,Oui,Non,Non,Oui,Non,Oui,Oui,Non,Non,Oui,Non,Plus de dix ans,Université,Non,Non,Oui,Non,Fonctionnaire ou assimilé,Non,Non,Oui,Non,Non,Non,Non,Non,Non,sociologie,Une femme
168,272,Non,Non,Oui,Oui,Non,Oui,Oui,Non,Non,Oui,Non,Non,Non,Non,Oui,Non,Non,Non,Non,Oui,Non,Non,Oui,Oui,Oui,Non,Non,Oui,Pas du tout,Non,Non,Non,Non,Oui,Non,Non,M,M,M,,,3,,,M,,,,M,,Oui,Non,Oui,Oui,Non,Oui,Oui,Oui,Non,Non,Oui,Non,Non,Oui,Oui,Souvent,Souvent,Parfois,Jamais,Non,Non,Oui,Non,Non,Non,Oui,Non,Oui,Oui,Non,Non,Oui,Oui,Non,Non,Non,Non,Non,Non,Des conditions éthiques limitant leur partage.,Un doute sur la capacité de réutilisation des données par d’autres (contextualisation et documentation nécessaire).,"Un manque d’habitude de cette pratique dans les communautés de recherche (savoir faire, etc.)",La peur d’un renforcement d’inégalités entre des personnes produisant des données d’une part et celles les analysant et en tirant des publications d’autre part.,Oui,Parfois,Non,Non,Non,Non,Non,Oui,Oui,Oui,Oui,Oui,Non,Non,Non,Oui,Non,Non,Non,Nous sommes entre 2 et 5 personnes,Oui,Oui,Non,Non,Non,Non,Non,Non,Non,Non,Non,Windows,Oui,Non,Non,Non,Non,Oui,Non,Non,Non,Non,Non,Non,Non,Non,Non,Non,Oui,Non,Non,Non,Non,Oui,Non,Oui,Oui,Non,Non,Oui,Non,Non,Non,Non,Non,Oui,Non,Non,Non,Non,Non,Oui,Parfois,Plutôt satisfait,Non,Oui,Non,Non,Non,Non,Non,Non,Non,Oui,Non,Non,Oui,Non,Oui,Non,Oui,Non,Oui,Oui,Non,Non,Non,Non,Plus de dix ans,CNRS,Oui,Non,Non,Non,Fonctionnaire ou assimilé,Non,Non,Oui,Non,Non,Non,Non,Non,Non,histoire,Une femme
169,275,Non,Non,Oui,Oui,Non,Oui,Non,Non,Non,Oui,Non,Non,Oui,Oui,Non,Non,Non,Non,Non,Non,Non,Non,Oui,Non,Oui,Non,Non,Non,Peu,Non,Oui,Non,Oui,Non,Non,Oui,M,M,M,M,1,1,M,1,M,M,1,M,1,M,Oui,Non,Oui,Non,Non,Non,Non,Oui,Oui,Non,Non,Non,Non,Non,Non,Parfois,Jamais,Jamais,Jamais,Non,Non,Oui,Non,Non,Non,Oui,Non,Non,Non,Non,Non,Non,Non,Non,Non,Non,Non,Non,Non,"Des barrières juridiques et économiques contraignant leurs partage (contrat de consortium, valorisation, exclusivité, droit d’auteur).",Des conditions éthiques limitant leur partage.,Une volonté de valoriser le travail effectué avant un partage pour garder un avantage compétitif.,,Je ne sais pas,Parfois,Oui,Non,Oui,Non,Non,Non,Oui,Non,Oui,Non,Non,Non,Non,Oui,Non,Non,Non,Je travaille seul.e,,,,,,,,,,,,Windows,Oui,Non,Non,Oui,Oui,Non,Non,Non,Non,Non,Oui,Non,Non,Non,Oui,Non,Non,Non,Oui,Non,Non,Non,Non,Non,Non,Oui,Non,Non,Oui,Non,Non,Non,Non,Oui,Oui,Non,Non,Non,Oui,Oui,Parfois,"Ni satisfait, ni insatisfait",Oui,Non,Non,Oui,Non,Oui,Non,Non,Oui,Oui,Oui,Oui,Oui,Non,Oui,Non,Oui,Non,Oui,Non,Oui,Non,Non,Non,Moins de cinq ans,,Non,Oui,Non,Non,Autre (précisez en commentaire),Non,Non,Oui,Non,Non,Non,Non,Non,Non,sociologie,Un homme
170,290,Non,Non,Oui,Non,Non,Non,Oui,Non,Non,Non,Non,Non,Oui,Non,Non,Non,Oui,Oui,Oui,Oui,Non,Non,Non,Oui,Oui,Oui,Non,Oui,Assez,Oui,Non,Oui,Oui,Non,Non,Oui,,,,,,,,,,,,,,,Non,Non,Oui,Oui,Non,Oui,Non,Non,Oui,Non,Non,Non,Non,Non,Non,Souvent,,,,Non,Non,Non,Non,Non,Oui,Non,Non,Non,Non,Non,Non,Non,Non,Non,Oui,Non,Non,Non,Non,"Un manque d’habitude de cette pratique dans les communautés de recherche (savoir faire, etc.)",Une volonté de valoriser le travail effectué avant un partage pour garder un avantage compétitif.,Une mauvaise qualité des données en l’état.,"Des barrières juridiques et économiques contraignant leurs partage (contrat de consortium, valorisation, exclusivité, droit d’auteur).",Oui,Jamais,Non,Oui,Oui,Oui,Oui,Oui,Non,Oui,Oui,Non,Non,Non,Non,Non,Non,Non,Non,Je travaille seul.e,,,,,,,,,,,,Windows,Oui,Non,Non,Non,Non,Non,Non,Non,Non,Non,Non,Non,Non,Non,Non,Non,Oui,Non,Non,Non,Non,Non,Non,Oui,Non,Non,Non,Non,Non,Non,Non,Non,Non,Oui,Non,Non,Non,Non,Oui,Oui,Jamais,"Ni satisfait, ni insatisfait",Non,Non,Oui,Oui,Oui,Non,Non,Non,Oui,Oui,Non,Non,Non,Non,Non,Non,Oui,Oui,Oui,Oui,Non,Non,Non,Non,Plus de dix ans,autre,Non,Non,Oui,Non,Fonctionnaire ou assimilé,Non,Non,Non,Non,Oui,Non,Non,Non,Non,,Une femme
171,300,Non,Non,Oui,Oui,Oui,Oui,Oui,Oui,Non,Non,Non,Non,Non,Oui,Oui,Non,Non,Non,Non,Non,Non,Non,Non,Oui,Non,Non,Non,Oui,Tout à fait,Oui,Non,Non,Oui,Oui,Non,Non,2,,,1,,2,,1,3,,1,,,1,Oui,Non,Oui,Non,Non,Non,Oui,Oui,Oui,Non,Non,Oui,Non,Oui,Non,Parfois,Parfois,Jamais,Jamais,Non,Non,Non,Non,Oui,Non,Non,Non,Non,Oui,Non,Non,Non,Non,Oui,Non,Non,Non,Non,Non,"Un manque d’habitude de cette pratique dans les communautés de recherche (savoir faire, etc.)",Une mauvaise qualité des données en l’état.,Des conditions éthiques limitant leur partage.,Un temps trop important nécessaire à leur mise à disposition.,Je ne sais pas,Parfois,Non,Oui,Non,Non,Oui,Non,Non,Non,Oui,Non,Oui,Non,Non,Non,Non,Non,Non,Nous sommes entre 6 et 10 personnes,Oui,Oui,Non,Non,Non,Non,Non,Non,Non,Non,Non,MacOS,Oui,Non,Oui,Non,Non,Non,Non,Non,Non,Non,Oui,Oui,Oui,Non,Non,Non,Non,Non,Non,Non,Non,Non,Non,Oui,Oui,Non,Non,Non,Non,Non,Non,Non,Non,Oui,Oui,Non,Non,Non,Non,Oui,Souvent,Très satisfait,Oui,Oui,Non,Non,Non,Non,Non,Non,Non,Non,Non,Oui,Oui,Oui,Non,Non,Oui,Non,Non,Non,Non,Non,Oui,Non,Plus de dix ans,Université,Oui,Non,Non,Non,Autre (précisez en commentaire),Non,Non,Oui,Non,Non,Non,Non,Non,Non,autre,Un homme
172,308,Oui,Non,Oui,Oui,Non,Oui,Oui,Oui,Non,Oui,Oui,Oui,Oui,Oui,Oui,Non,Oui,Non,Non,Non,Non,Non,Oui,Non,Oui,Non,Non,Non,Peu,Oui,Non,Non,Oui,Oui,Non,Non,3,,2,,1,3,,,,M,1,M,1,1,Oui,Non,Non,Non,Oui,Oui,Oui,Oui,Oui,Non,Non,Non,Oui,Oui,Oui,Souvent,Jamais,Souvent,Jamais,Oui,Non,Oui,Non,Non,Non,Oui,Oui,Oui,Non,Non,Non,Oui,Oui,Oui,Non,Non,Non,Non,Non,"Un manque d’habitude de cette pratique dans les communautés de recherche (savoir faire, etc.)",Une volonté de valoriser le travail effectué avant un partage pour garder un avantage compétitif.,La peur d’un renforcement d’inégalités entre des personnes produisant des données d’une part et celles les analysant et en tirant des publications d’autre part.,"Des barrières juridiques et économiques contraignant leurs partage (contrat de consortium, valorisation, exclusivité, droit d’auteur).",Oui,Souvent,Oui,Non,Non,Non,Non,Oui,Oui,Oui,Oui,Oui,Oui,Non,Non,Non,Non,Non,Non,Nous sommes entre 6 et 10 personnes,Oui,Oui,Oui,Non,Non,Non,Non,Non,Non,Non,Non,MacOS,Oui,Non,Oui,Non,Non,Oui,Non,Non,Non,Non,Oui,Oui,Non,Non,Non,Non,Non,Oui,Oui,Non,Non,Oui,Non,Non,Oui,Non,Non,Non,Oui,Non,Non,Non,Non,Oui,Non,Non,Non,Non,Non,Non,,,Oui,Oui,Non,Oui,Oui,Non,Non,Non,Oui,Oui,Oui,Oui,Oui,Oui,Oui,Non,Oui,Non,Oui,Oui,Oui,Non,Non,Non,Plus de dix ans,CNRS,Oui,Non,Non,Non,Fonctionnaire ou assimilé,Non,Non,Oui,Non,Non,Non,Non,Non,Non,autre,Une femme
173,340,Non,Non,Oui,Oui,Oui,Oui,Oui,Oui,Non,Oui,Oui,Non,Oui,Oui,Oui,Non,Oui,Oui,Non,Non,Non,Non,Non,Oui,Non,Non,Non,Oui,Tout à fait,Oui,Oui,Oui,Oui,Non,Non,Oui,,,2,1,,1,,1,,M,1,,,,Oui,Non,Oui,Oui,Non,Oui,Non,Oui,Oui,Non,Non,Non,Oui,Oui,Oui,Toujours,,,,Non,Non,Non,Non,Oui,Non,Oui,Non,Oui,Oui,Non,Non,Non,Non,Non,Non,Non,Non,Non,Non,Une peur de mésusage des données par les personnes les réutilisant.,Un doute sur la capacité de réutilisation des données par d’autres (contextualisation et documentation nécessaire).,La peur d’un renforcement d’inégalités entre des personnes produisant des données d’une part et celles les analysant et en tirant des publications d’autre part.,"Une perspective de mise à disposition qui vient limiter, freiner le travail interprétatif possible.",Oui,Parfois,Oui,Oui,Oui,Non,Oui,Non,Non,Oui,Oui,Non,Oui,Non,Non,Non,Non,Non,Non,Nous sommes entre 2 et 5 personnes,Non,Non,Non,Oui,Oui,Non,Non,Non,Oui,Oui,Non,Windows,Oui,Non,Non,Non,Oui,Non,Non,Non,Non,Non,Oui,Non,Oui,Non,Non,Oui,Non,Non,Oui,Non,Non,Non,Non,Non,Non,Oui,Oui,Non,Oui,Oui,Non,Non,Non,Oui,Oui,Non,Non,Non,Non,Non,,,Non,Oui,Non,Non,Non,Non,Non,Non,Non,Non,Non,Oui,Oui,Non,Non,Non,Oui,Non,Oui,Oui,Oui,Non,Non,Non,Plus de dix ans,école,Non,Non,Oui,Non,Fonctionnaire ou assimilé,Non,Non,Oui,Non,Non,Non,Non,Non,Non,sociologie,Un homme
174,346,Non,Non,Non,Oui,Oui,Oui,Oui,Non,Non,Oui,Non,Non,Non,Oui,Oui,Non,Non,Non,Non,Oui,Non,Non,Oui,Oui,Non,Non,Non,Oui,Assez,Oui,Non,Oui,Non,Non,Non,Oui,P,M,3,1,M,2,M,2,M,M,1,M,M,M,Oui,Non,Oui,Non,Oui,Oui,Non,Oui,Oui,Non,Non,Non,Non,Oui,Oui,Souvent,Jamais,Toujours,,Non,Non,Oui,Non,Non,Non,Oui,Non,Oui,Non,Non,Non,Oui,Non,Non,Non,Oui,Non,Non,Non,Une volonté de valoriser le travail effectué avant un partage pour garder un avantage compétitif.,La peur d’un renforcement d’inégalités entre des personnes produisant des données d’une part et celles les analysant et en tirant des publications d’autre part.,Une peur de mésusage des données par les personnes les réutilisant.,Une mauvaise qualité des données en l’état.,Non,Parfois,Oui,Oui,Oui,Oui,Oui,Oui,Oui,Oui,Oui,Non,Non,Non,Non,Non,Non,Non,Non,Nous sommes entre 2 et 5 personnes,Oui,Oui,Non,Non,Non,Non,Non,Non,Non,Non,Non,Windows,Oui,Non,Oui,Oui,Non,Oui,Non,Non,Non,Non,Oui,Non,Non,Non,Oui,Non,Oui,Oui,Oui,Non,Non,Non,Non,Non,Oui,Non,Non,Non,Oui,Non,Non,Non,Non,Oui,Oui,Non,Non,Non,Non,Non,,,Non,Non,Oui,Oui,Oui,Non,Non,Non,Non,Non,Non,Oui,Oui,Non,Oui,Non,Oui,Non,Oui,Non,Oui,Non,Non,Non,Cinq à dix ans,autre,Non,Oui,Non,Non,En CDD,Non,Non,Oui,Non,Non,Non,Non,Non,Non,archéologie,Une femme
175,349,Non,Non,Non,Oui,Non,Oui,Oui,Non,Non,Oui,Oui,Non,Oui,Non,Oui,Non,Non,Non,Non,Non,Non,Non,Oui,Non,Oui,Non,Non,Non,Peu,Oui,Oui,Oui,Oui,Oui,Non,Non,2,M,2,M,M,M,M,M,,,2,M,M,M,Oui,Non,Oui,Non,Non,Oui,Non,Oui,Oui,Non,Non,Oui,Oui,Oui,Non,Souvent,Jamais,Jamais,Parfois,Oui,Non,Oui,Non,Non,Non,Non,Non,Oui,Non,Non,Non,Non,Oui,Oui,Non,Non,Non,Non,Non,"Un manque d’habitude de cette pratique dans les communautés de recherche (savoir faire, etc.)",Une volonté de valoriser le travail effectué avant un partage pour garder un avantage compétitif.,Une peur de mésusage des données par les personnes les réutilisant.,Une mauvaise qualité des données en l’état.,Je ne sais pas,Parfois,Non,Oui,Oui,Oui,Oui,Non,Oui,Non,Oui,Non,Oui,Non,Non,Non,Non,Non,Non,Nous sommes entre 2 et 5 personnes,Oui,Oui,Non,Non,Non,Non,Non,Non,Non,Non,Oui,MacOS,Oui,Non,Non,Non,Oui,Non,Non,Non,Non,Non,Non,Oui,Non,Non,Non,Non,Non,Non,Oui,Non,Non,Non,Oui,Non,Oui,Oui,Non,Non,Oui,Non,Non,Non,Oui,Oui,Oui,Non,Non,Non,Non,Oui,Jamais,,Non,Non,Non,Non,Oui,Non,Non,Non,Non,Non,Oui,Oui,Oui,Non,Oui,Non,Oui,Non,Oui,Non,Non,Oui,Non,Non,Moins de cinq ans,autre,Non,Oui,Non,Non,En CDD,Non,Non,Oui,Non,Non,Non,Non,Non,Non,histoire,Une femme
176,357,Non,Non,Oui,Oui,Non,Oui,Oui,Non,Non,Oui,Oui,Non,Oui,Non,Oui,Non,Non,Non,Non,Non,Non,Non,Oui,Non,Non,Non,Non,Non,Peu,Oui,Non,Non,Non,Oui,Non,Oui,1,1,1,,M,1,,,1,M,,,,,Oui,Non,Non,Non,Oui,Non,Oui,Oui,Oui,Non,Non,Non,Non,Oui,Oui,Souvent,Jamais,Jamais,Jamais,Non,Non,Non,Non,Non,Oui,Non,Oui,Oui,Non,Non,Non,Non,Oui,Non,Non,Non,Non,Non,Non,Des conditions éthiques limitant leur partage.,Une mauvaise qualité des données en l’état.,Une peur de mésusage des données par les personnes les réutilisant.,,Oui,Parfois,Oui,Non,Non,Non,Non,Oui,Oui,Non,Oui,Non,Non,Non,Non,Non,Non,Non,Non,Je travaille seul.e,,,,,,,,,,,,MacOS,Oui,Non,Oui,Non,Non,Oui,Non,Oui,Non,Non,Oui,Oui,Non,Non,Non,Non,Non,Oui,Non,Non,Non,Non,Oui,Non,Non,Non,Non,Non,Non,Non,Non,Non,Non,Oui,Non,Non,Non,Non,Non,Non,,,Oui,Non,Non,Non,Non,Oui,Oui,Non,Oui,Non,Non,Non,Non,Non,Non,Non,Oui,Non,Non,Non,Non,Non,Non,Non,Moins de cinq ans,Université,Non,Oui,Non,Non,Fonctionnaire ou assimilé,Non,Non,Oui,Non,Non,Non,Non,Non,Non,histoire,Un homme
177,382,Non,Non,Oui,Oui,Oui,Oui,Oui,Oui,Non,Oui,Oui,Oui,Oui,Non,Oui,Non,Non,Non,Non,Non,Non,Non,Oui,Non,Oui,Non,Non,Non,Pas du tout,Oui,Non,Non,Oui,Non,Non,Oui,3,2,3,3,M,3,3,M,2,3,M,M,1,M,Non,Non,Oui,Non,Non,Oui,Non,Oui,Oui,Non,Non,Non,Non,Oui,Oui,Souvent,Jamais,Jamais,Jamais,Oui,Non,Oui,Oui,Non,Non,Oui,Oui,Oui,Non,Non,Non,Non,Oui,Non,Non,Non,Non,Non,Non,"Un manque d’habitude de cette pratique dans les communautés de recherche (savoir faire, etc.)",Un temps trop important nécessaire à leur mise à disposition.,Une peur de mésusage des données par les personnes les réutilisant.,,Je ne sais pas,Parfois,Oui,Non,Non,Non,Non,Oui,Oui,Non,Oui,Non,Non,Non,Non,Non,Non,Non,Non,Je travaille seul.e,,,,,,,,,,,,Windows,Oui,Non,Non,Non,Non,Oui,Non,Non,Non,Non,Oui,Non,Non,Non,Non,Non,Oui,Non,Oui,Non,Non,Oui,Non,Non,Oui,Non,Non,Non,Oui,Non,Non,Non,Non,Oui,Non,Non,Non,Non,Oui,Oui,Parfois,Plutôt satisfait,Oui,Oui,Non,Non,Non,Non,Non,Non,Oui,Oui,Oui,Non,Non,Non,Oui,Non,Oui,Non,Oui,Non,Non,Non,Non,Non,Plus de dix ans,autre,Oui,Non,Non,Non,Fonctionnaire ou assimilé,Non,Non,Non,Non,Non,Non,Non,Non,Non,autre,Une femme
178,414,Non,Non,Non,Oui,Non,Oui,Oui,Oui,Non,Non,Non,Non,Non,Oui,Oui,Non,Oui,Oui,Non,Non,Non,Non,Oui,Non,Oui,Non,Non,Non,Assez,Oui,Non,Oui,Oui,Oui,Non,Oui,3,M,2,M,M,1,M,M,M,M,1,M,M,M,Oui,Non,Non,Non,Non,Oui,Non,Oui,Oui,Non,Non,Non,Non,Oui,Oui,Non applicable,Parfois,Jamais,Souvent,Oui,Non,Oui,Non,Non,Non,Non,Non,Non,Non,Non,Oui,Non,Non,Oui,Non,Non,Non,Non,Non,Un doute sur la capacité de réutilisation des données par d’autres (contextualisation et documentation nécessaire).,Un temps trop important nécessaire à leur mise à disposition.,"Un manque d’habitude de cette pratique dans les communautés de recherche (savoir faire, etc.)",La peur d’un renforcement d’inégalités entre des personnes produisant des données d’une part et celles les analysant et en tirant des publications d’autre part.,Je ne sais pas,Parfois,Oui,Non,Non,Oui,Oui,Non,Oui,Non,Oui,Non,Non,Non,Oui,Non,Non,Non,Non,Nous sommes entre 6 et 10 personnes,Oui,Non,Oui,Non,Non,Non,Non,Non,Non,Non,Non,MacOS,Oui,Non,Non,Non,Non,Non,Non,Oui,Non,Non,Oui,Non,Oui,Non,Non,Non,Non,Non,Non,Non,Non,Non,Non,Non,Non,Non,Non,Non,Oui,Non,Non,Non,Non,Oui,Non,Non,Non,Non,Non,Oui,Parfois,"Ni satisfait, ni insatisfait",Oui,Oui,Non,Oui,Oui,Non,Non,Non,Oui,Oui,Oui,Oui,Oui,Non,Non,Non,Non,Non,Oui,Non,Non,Non,Non,Non,Plus de dix ans,Université,Oui,Non,Non,Non,Fonctionnaire ou assimilé,Non,Non,Oui,Non,Non,Non,Non,Non,Non,histoire,Une femme
179,415,Non,Non,Oui,Oui,Non,Oui,Oui,Oui,Non,Oui,Non,Non,Oui,Non,Non,Non,Non,Non,Non,Non,Non,Non,Oui,Non,Oui,Non,Non,Non,Assez,Oui,Non,Non,Non,Oui,Non,Oui,1,1,2,M,M,3,M,1,2,1,1,M,3,M,Oui,Non,Non,Non,Non,Oui,Oui,Oui,Oui,Non,Non,Non,Non,Oui,Oui,Parfois,Jamais,Jamais,Jamais,Oui,Non,Non,Non,Non,Non,Non,Non,Oui,Non,Non,Non,Non,Oui,Non,Non,Non,Non,Non,Non,La peur d’un renforcement d’inégalités entre des personnes produisant des données d’une part et celles les analysant et en tirant des publications d’autre part.,Une peur de mésusage des données par les personnes les réutilisant.,"Un manque d’habitude de cette pratique dans les communautés de recherche (savoir faire, etc.)","Des barrières juridiques et économiques contraignant leurs partage (contrat de consortium, valorisation, exclusivité, droit d’auteur).",Oui,Parfois,Non,Non,Non,Non,Non,Oui,Oui,Oui,Oui,Non,Non,Non,Non,Non,Non,Non,Non,Nous sommes entre 2 et 5 personnes,Oui,Non,Non,Non,Non,Non,Non,Non,Non,Non,Non,Linux,Oui,Non,Oui,Non,Non,Non,Non,Non,Non,Non,Oui,Non,Non,Non,Non,Non,Non,Non,Non,Non,Non,Non,Non,Non,Non,Non,Oui,Non,Oui,Non,Non,Non,Non,Non,Non,Non,Oui,Non,Non,Oui,Parfois,,Oui,Oui,Non,Non,Non,Non,Non,Non,Non,Non,Non,Non,Non,Non,Oui,Non,Oui,Non,Non,Non,Non,Non,Oui,Non,Plus de dix ans,autre,Oui,Non,Non,Non,Fonctionnaire ou assimilé,Non,Non,Oui,Non,Non,Non,Non,Non,Non,autre,Une femme
180,437,Non,Non,Oui,Oui,Non,Oui,Non,Oui,Non,Oui,Oui,Non,Oui,Non,Oui,Non,Non,Non,Non,Non,Non,Non,Oui,Non,Non,Non,Non,Non,Peu,Non,Non,Non,Oui,Non,Non,Non,3,M,2,M,M,3,M,M,M,1,M,M,M,M,Oui,Non,Oui,Non,Non,Oui,Oui,Non,Oui,Non,Non,Non,Non,Oui,Oui,Parfois,Parfois,Parfois,Parfois,Non,Non,Non,Non,Oui,Non,Non,Non,Non,Non,Non,Non,Non,Non,Non,Non,Non,Non,Oui,Non,"Un manque d’habitude de cette pratique dans les communautés de recherche (savoir faire, etc.)",Un temps trop important nécessaire à leur mise à disposition.,La peur d’un renforcement d’inégalités entre des personnes produisant des données d’une part et celles les analysant et en tirant des publications d’autre part.,Une volonté de valoriser le travail effectué avant un partage pour garder un avantage compétitif.,Je ne sais pas,Parfois,Oui,Non,Oui,Non,Oui,Oui,Oui,Non,Oui,Non,Non,Non,Non,Non,Non,Non,Non,Je travaille seul.e,,,,,,,,,,,,MacOS,Oui,Non,Non,Non,Non,Non,Non,Non,Non,Non,Oui,Non,Non,Non,Non,Non,Non,Non,Non,Non,Non,Non,Non,Non,Oui,Non,Non,Non,Non,Non,Non,Non,Non,Non,Non,Non,Non,Non,Oui,Non,,,Non,Oui,Non,Oui,Oui,Non,Oui,Non,Oui,Oui,Oui,Oui,Oui,Oui,Oui,Non,Oui,Non,Non,Non,Non,Non,Non,Non,Moins de cinq ans,école,Non,Oui,Non,Non,Contrat doctoral,Non,Non,Oui,Non,Non,Non,Non,Non,Non,sociologie,Une femme
181,438,Non,Non,Oui,Oui,Non,Oui,Oui,Non,Non,Oui,Non,Non,Non,Oui,Oui,Non,Non,Non,Non,Non,Non,Non,Oui,Oui,Oui,Non,Non,Non,Peu,Oui,Non,Oui,Oui,Oui,Oui,Oui,3,,1,2,2,P,,M,1,M,1,,P,2,Oui,Non,Oui,Non,Non,Oui,Oui,Non,Oui,Non,Non,Non,Oui,Oui,Oui,Toujours,Toujours,Jamais,Jamais,Non,Oui,Non,Oui,Non,Non,Oui,Non,Non,Oui,Non,Non,Non,Oui,Non,Non,Non,Non,Non,Non,Une mauvaise qualité des données en l’état.,"Un manque d’habitude de cette pratique dans les communautés de recherche (savoir faire, etc.)",Une peur de mésusage des données par les personnes les réutilisant.,Des conditions éthiques limitant leur partage.,Oui,Parfois,Non,Oui,Oui,Oui,Oui,Oui,Oui,Non,Oui,Non,Non,Non,Non,Oui,Non,Non,Non,Nous sommes entre 2 et 5 personnes,Non,Oui,Non,Non,Non,Non,Non,Non,Non,Non,Non,Windows,Oui,Non,Non,Non,Oui,Non,Non,Oui,Non,Non,Oui,Non,Non,Non,Non,Non,Oui,Non,Oui,Non,Non,Non,Non,Non,Oui,Non,Non,Non,Oui,Non,Non,Non,Non,Oui,Oui,Non,Non,Non,Non,Non,,,Oui,Non,Oui,Oui,Non,Oui,Oui,Non,Oui,Non,Oui,Oui,Oui,Non,Oui,Non,Oui,Non,Non,Non,Oui,Non,Non,Non,Moins de cinq ans,Université,Non,Oui,Non,Non,Travailleur/travailleuse indépendante,Non,Non,Oui,Non,Non,Non,Non,Non,Non,sociologie,Une femme
182,454,Oui,Non,Oui,Oui,Oui,Oui,Oui,Non,Non,Oui,Non,Non,Non,Non,Oui,Non,Oui,Oui,Non,Non,Non,Non,Oui,Non,Oui,Non,Non,Oui,Assez,Non,Oui,Oui,Oui,Oui,Non,Oui,P,M,1,1,,P,,P,1,1,,2,2,,Oui,Non,Oui,Non,Oui,Oui,Non,Oui,Oui,Non,Non,Non,Oui,Oui,Oui,Souvent,Parfois,Parfois,Jamais,Oui,Non,Oui,Non,Non,Non,Oui,Oui,Non,Non,Non,Non,Non,Oui,Oui,Non,Non,Non,Non,Non,Un doute sur la capacité de réutilisation des données par d’autres (contextualisation et documentation nécessaire).,"Un manque d’habitude de cette pratique dans les communautés de recherche (savoir faire, etc.)",La peur d’un renforcement d’inégalités entre des personnes produisant des données d’une part et celles les analysant et en tirant des publications d’autre part.,,Oui,Souvent,Oui,Non,Non,Non,Non,Oui,Oui,Oui,Oui,Non,Non,Non,Non,Non,Non,Non,Non,Nous sommes entre 6 et 10 personnes,Oui,Oui,Non,Non,Oui,Non,Non,Non,Non,Non,Oui,MacOS,Oui,Non,Oui,Oui,Non,Oui,Non,Non,Non,Non,Non,Oui,Oui,Oui,Non,Non,Non,Non,Oui,Non,Non,Oui,Non,Non,Oui,Non,Non,Oui,Non,Non,Non,Oui,Oui,Oui,Oui,Non,Non,Non,Non,Oui,Souvent,Très satisfait,Oui,Oui,Non,Non,Non,Non,Non,Non,Non,Oui,Oui,Oui,Non,Non,Oui,Non,Non,Non,Oui,Oui,Non,Non,Non,Non,Plus de dix ans,école,Oui,Non,Non,Non,Fonctionnaire ou assimilé,Non,Non,Oui,Non,Non,Non,Non,Non,Non,autre,Un homme
183,467,Non,Non,Oui,Oui,Non,Oui,Oui,Oui,Non,Oui,Non,Non,Non,Non,Non,Non,Non,Non,Non,Non,Non,Non,Oui,Non,Oui,Non,Non,Oui,Pas du tout,Oui,Non,Non,Non,Oui,Non,Oui,2,,3,,,,,,,,2,,2,,Oui,Non,Non,Non,Non,Oui,Oui,Oui,Non,Non,Non,Non,Non,Non,Oui,Parfois,,,,Non,Non,Non,Non,Oui,Non,Non,Non,Oui,Non,Non,Non,Non,Non,Non,Non,Non,Non,Non,Non,Une peur de mésusage des données par les personnes les réutilisant.,"Des barrières juridiques et économiques contraignant leurs partage (contrat de consortium, valorisation, exclusivité, droit d’auteur).",Des conditions éthiques limitant leur partage.,Un temps trop important nécessaire à leur mise à disposition.,Je ne sais pas,Parfois,Non,Non,Non,Oui,Oui,Non,Oui,Non,Oui,Non,Non,Non,Non,Non,Non,Non,Non,Je travaille seul.e,,,,,,,,,,,,Windows,Non,Non,Non,Non,Non,Non,Non,Non,Non,Oui,Non,Non,Non,Non,Non,Non,Non,Non,Non,Non,Oui,Non,Non,Non,Non,Non,Non,Non,Non,Non,Oui,Non,Non,Oui,Non,Non,Non,Non,Oui,Non,,,Oui,Oui,Non,Non,Oui,Oui,Oui,Non,Oui,Non,Oui,Oui,Non,Oui,Non,Non,Non,Non,Oui,Non,Non,Non,Non,Non,Plus de dix ans,autre,Non,Non,Oui,Non,En CDI,Non,Non,Oui,Non,Non,Non,Non,Non,Non,histoire,Un homme
184,471,Non,Non,Oui,Non,Non,Oui,Oui,Non,Non,Oui,Non,Non,Non,Non,Oui,Non,Oui,Oui,Non,Non,Non,Non,Oui,Non,Oui,Non,Non,Non,Assez,Oui,Oui,Non,Non,Non,Non,Non,M,,,M,M,M,,,2,M,,,1,,Non,Non,Non,Non,Non,Non,Non,Oui,Oui,Non,Non,Non,Non,Oui,Non,Parfois,Jamais,Jamais,Parfois,Non,Non,Non,Non,Oui,Non,Oui,Oui,Oui,Non,Non,Non,Oui,Oui,Oui,Non,Oui,Non,Non,Non,Un doute sur la capacité de réutilisation des données par d’autres (contextualisation et documentation nécessaire).,Un temps trop important nécessaire à leur mise à disposition.,"Un manque d’habitude de cette pratique dans les communautés de recherche (savoir faire, etc.)",,Non,Parfois,Non,Non,Oui,Oui,Oui,Non,Oui,Non,Oui,Non,Non,Non,Non,Non,Non,Non,Non,Nous sommes entre 11 et 20 personnes,Oui,Oui,Non,Non,Non,Non,Non,Non,Non,Non,Non,Windows,Oui,Non,Non,Non,Non,Non,Non,Non,Non,Non,Oui,Oui,Oui,Non,Non,Non,Non,Non,Non,Non,Non,Oui,Oui,Oui,Oui,Non,Non,Non,Non,Non,Non,Non,Oui,Oui,Oui,Non,Non,Non,Non,Oui,Parfois,Plutôt satisfait,Non,Non,Non,Oui,Non,Non,Non,Non,Non,Non,Oui,Oui,Oui,Non,Non,Non,Oui,Non,Non,Non,Non,Non,Non,Non,Plus de dix ans,Université,Oui,Non,Non,Non,Fonctionnaire ou assimilé,Non,Non,Oui,Non,Non,Non,Non,Non,Non,histoire,Un homme
185,479,Non,Non,Oui,Oui,Non,Oui,Oui,Non,Non,Oui,Oui,Oui,Non,Non,Non,Non,Non,Non,Non,Oui,Non,Non,Oui,Non,Oui,Non,Non,Non,Tout à fait,Oui,Non,Non,Oui,Non,Non,Oui,P,1,2,,1,2,1,M,M,1,M,M,M,1,Oui,Non,Oui,Non,Oui,Oui,Oui,Oui,Oui,Non,Non,Non,Non,Oui,Oui,Souvent,,,,Oui,Oui,Oui,Oui,Non,Non,Oui,Non,Non,Non,Non,Non,Non,Non,Non,Non,Non,Non,Non,Non,Un temps trop important nécessaire à leur mise à disposition.,"Des barrières juridiques et économiques contraignant leurs partage (contrat de consortium, valorisation, exclusivité, droit d’auteur).",Des conditions éthiques limitant leur partage.,Une peur de mésusage des données par les personnes les réutilisant.,Oui,Souvent,Oui,Non,Non,Non,Non,Non,Oui,Non,Oui,Non,Non,Oui,Non,Oui,Non,Non,Non,Nous sommes entre 2 et 5 personnes,Oui,Oui,Non,Non,Non,Non,Non,Non,Non,Non,Oui,MacOS,Oui,Non,Non,Non,Non,Oui,Non,Non,Non,Non,Oui,Non,Non,Non,Non,Non,Non,Non,Non,Oui,Non,Oui,Oui,Oui,Oui,Non,Non,Non,Non,Non,Non,Non,Non,Oui,Oui,Non,Non,Non,Non,Non,,,Non,Non,Non,Oui,Non,Non,Non,Non,Non,Non,Non,Oui,Non,Non,Non,Non,Non,Oui,Non,Non,Non,Non,Non,Non,Plus de dix ans,autre,Oui,Non,Non,Non,Fonctionnaire ou assimilé,Non,Non,Non,Non,Oui,Non,Non,Non,Non,sociologie,Un homme
186,489,Non,Non,Oui,Oui,Non,Oui,Oui,Oui,Non,Oui,Oui,Non,Oui,Non,Oui,Non,Oui,Non,Non,Non,Non,Non,Non,Non,Oui,Non,Non,Non,Peu,Oui,Non,Non,Oui,Non,Non,Oui,3,M,3,,3,,,,3,1,1,,,,Oui,Non,Oui,Non,Non,Oui,Oui,Oui,Oui,Non,Non,Non,Oui,Oui,Oui,,,,,Non,Non,Non,Non,Non,Oui,Non,Non,Non,Non,Non,Non,Non,Non,Non,Non,Non,Non,Non,Oui,"Un manque d’habitude de cette pratique dans les communautés de recherche (savoir faire, etc.)",Une volonté de valoriser le travail effectué avant un partage pour garder un avantage compétitif.,"Des barrières juridiques et économiques contraignant leurs partage (contrat de consortium, valorisation, exclusivité, droit d’auteur).","Une perspective de mise à disposition qui vient limiter, freiner le travail interprétatif possible.",Je ne sais pas,Parfois,Non,Oui,Oui,Non,Oui,Oui,Oui,Non,Oui,Non,Non,Non,Non,Non,Non,Non,Non,Je travaille seul.e,,,,,,,,,,,,Windows,Non,Non,Non,Non,Non,Non,Non,Non,Non,Oui,Oui,Oui,Non,Non,Non,Non,Oui,Non,Non,Non,Non,Non,Non,Non,Oui,Oui,Non,Non,Oui,Non,Non,Non,Non,Non,Non,Non,Non,Non,Oui,Oui,,,Non,Non,Oui,Oui,Non,Oui,Non,Non,Oui,Non,Oui,Oui,Non,Oui,Oui,Non,Oui,Non,Oui,Non,Non,Oui,Non,Non,Moins de cinq ans,,Non,Oui,Non,Non,Contrat doctoral,Non,Non,Oui,Non,Non,Non,Non,Non,Non,sociologie,Une femme
187,492,Non,Non,Oui,Oui,Non,Oui,Oui,Oui,Oui,Oui,Oui,Non,Non,Non,Oui,Non,Oui,Non,Non,Oui,Non,Non,Oui,Oui,Non,Non,Non,Non,Peu,Oui,Oui,Non,Non,Oui,Oui,Oui,P,M,3,3,3,P,M,3,1,2,2,1,1,1,Oui,Non,Non,Non,Non,Oui,Non,Oui,Oui,Non,Non,Non,Non,Oui,Oui,Souvent,Parfois,Jamais,Jamais,Non,Non,Non,Non,Oui,Non,Oui,Oui,Oui,Oui,Non,Non,Non,Oui,Oui,Non,Non,Non,Non,Non,Une volonté de valoriser le travail effectué avant un partage pour garder un avantage compétitif.,"Un manque d’habitude de cette pratique dans les communautés de recherche (savoir faire, etc.)",Un temps trop important nécessaire à leur mise à disposition.,,Je ne sais pas,Souvent,Oui,Oui,Non,Non,Non,Oui,Oui,Non,Oui,Non,Non,Non,Non,Non,Non,Non,Non,Nous sommes entre 2 et 5 personnes,Oui,Oui,Non,Non,Non,Non,Non,Non,Non,Non,Oui,Windows,Oui,Non,Oui,Non,Non,Oui,Non,Non,Non,Non,Oui,Non,Non,Non,Non,Non,Non,Non,Oui,Non,Non,Non,Non,Non,Non,Non,Non,Non,Non,Non,Oui,Oui,Non,Oui,Oui,Non,Non,Non,Non,Non,,,Non,Non,Non,Non,Non,Non,Non,Oui,Non,Non,Oui,Non,Non,Non,Oui,Non,Oui,Non,Non,Non,Oui,Oui,Oui,Non,Plus de dix ans,,Non,Oui,Non,Non,Autre (précisez en commentaire),Non,Non,Oui,Non,Non,Non,Non,Non,Non,archéologie,Une femme
188,513,Non,Non,Oui,Non,Oui,Oui,Oui,Non,Oui,Non,Non,Oui,Oui,Non,Non,Non,Oui,Non,Non,Oui,Non,Non,Non,Oui,Oui,Non,Non,Non,Peu,Non,Oui,Oui,Oui,Non,Non,Oui,P,M,2,P,P,P,,,M,1,P,,1,1,Oui,Oui,Non,Non,Non,Oui,Oui,Oui,Oui,Non,Non,Non,Oui,Oui,Non,Parfois,Jamais,Jamais,Jamais,Non,Non,Non,Non,Oui,Non,Non,Non,Non,Non,Non,Non,Non,Non,Non,Non,Non,Non,Non,Oui,"Un manque d’habitude de cette pratique dans les communautés de recherche (savoir faire, etc.)",Un doute sur la capacité de réutilisation des données par d’autres (contextualisation et documentation nécessaire).,Une peur de mésusage des données par les personnes les réutilisant.,Un temps trop important nécessaire à leur mise à disposition.,Oui,Jamais,Non,Oui,Oui,Non,Oui,Oui,Non,Oui,Oui,Non,Non,Non,Non,Non,Non,Non,Non,Je travaille seul.e,,,,,,,,,,,,Windows,Oui,Non,Non,Non,Oui,Non,Non,Non,Non,Non,Oui,Non,Non,Non,Non,Non,Non,Non,Non,Non,Non,Non,Non,Non,Non,Non,Non,Non,Non,Oui,Non,Non,Non,Non,Non,Non,Non,Non,Oui,Non,,,Non,Oui,Non,Oui,Oui,Oui,Oui,Non,Non,Non,Non,Oui,Oui,Oui,Oui,Non,Oui,Non,Oui,Non,Oui,Oui,Oui,Non,Plus de dix ans,autre,Non,Non,Oui,Non,Fonctionnaire ou assimilé,Non,Non,Oui,Non,Non,Non,Non,Non,Non,psychologie,Une femme
189,537,Non,Non,Non,Oui,Non,Oui,Oui,Oui,Non,Oui,Non,Non,Oui,Non,Oui,Non,Non,Non,Non,Non,Non,Non,Oui,Non,Oui,Non,Non,Non,Assez,Oui,Non,Non,Non,Oui,Non,Oui,3,3,P,,2,2,,,2,M,M,,,,Non,Non,Non,Non,Non,Oui,Non,Oui,Oui,Non,Non,Non,Non,Oui,Oui,Toujours,Parfois,Jamais,Parfois,Non,Non,Non,Non,Oui,Non,Oui,Oui,Oui,Non,Non,Non,Oui,Oui,Oui,Non,Non,Non,Non,Non,"Un manque d’habitude de cette pratique dans les communautés de recherche (savoir faire, etc.)",Une mauvaise qualité des données en l’état.,Un temps trop important nécessaire à leur mise à disposition.,Une peur de mésusage des données par les personnes les réutilisant.,Oui,Souvent,Oui,Non,Non,Oui,Oui,Oui,Oui,Non,Oui,Non,Non,Non,Non,Non,Oui,Non,Non,Je travaille seul.e,,,,,,,,,,,,Windows,Oui,Non,Oui,Non,Non,Oui,Non,Oui,Oui,Non,,,,,,,,,,,,,,,,,,,,,,Non,Non,Oui,Oui,Non,Oui,Non,Non,Non,,,Oui,Non,Oui,Non,Non,Non,Non,Non,Non,Oui,Oui,Non,Oui,Non,Non,Non,Non,Non,Oui,Non,Oui,Oui,Non,Non,Moins de cinq ans,Université,Non,Oui,Non,Non,Autre (précisez en commentaire),Non,Non,Oui,Non,Non,Non,Non,Non,Non,histoire,Une femme
190,548,Non,Non,Oui,Non,Oui,Oui,Non,Non,Non,Oui,Non,Oui,Oui,Oui,Oui,Non,Oui,Non,Non,Oui,Non,Non,Oui,Oui,Oui,Non,Non,Non,Assez,Non,Non,Oui,Oui,Non,Non,Non,M,,,M,M,2,,2,M,M,M,,M,M,Oui,Non,Oui,Oui,Non,Non,Non,Non,Oui,Oui,Non,Oui,Non,Oui,Oui,Parfois,Parfois,Jamais,Jamais,Non,Non,Non,Non,Oui,Non,Oui,Oui,Oui,Non,Non,Non,Non,Non,Oui,Non,Non,Non,Non,Non,"Des barrières juridiques et économiques contraignant leurs partage (contrat de consortium, valorisation, exclusivité, droit d’auteur).",Des conditions éthiques limitant leur partage.,"Un manque d’habitude de cette pratique dans les communautés de recherche (savoir faire, etc.)",Une peur de mésusage des données par les personnes les réutilisant.,Oui,Souvent,Non,Non,Oui,Oui,Oui,Non,Non,Oui,Oui,Non,Non,Oui,Non,Non,Non,Non,Non,Nous sommes entre 6 et 10 personnes,Oui,Oui,Oui,Non,Non,Non,Non,Non,Non,Non,Non,Windows,Oui,Non,Non,Oui,Oui,Oui,Non,Oui,Non,Non,Non,Oui,Oui,Non,Non,Non,Oui,Non,Oui,Non,Non,Oui,Non,Non,Oui,Non,Oui,Non,Oui,Non,Non,Non,Non,Oui,Non,Non,Oui,Non,Non,Oui,Souvent,Plutôt satisfait,Oui,Oui,Non,Non,Oui,Oui,Non,Non,Oui,Oui,Oui,Oui,Oui,Non,Non,Non,Oui,Oui,Non,Non,Oui,Oui,Oui,Non,Plus de dix ans,Université,Oui,Non,Non,Non,Fonctionnaire ou assimilé,Non,Non,Oui,Non,Non,Non,Non,Non,Non,géographie,Un homme
191,558,Non,Non,Oui,Oui,Oui,Oui,Oui,Non,Non,Non,Oui,Oui,Non,Oui,Oui,Non,Oui,Non,Non,Oui,Non,Non,Oui,Non,Oui,Non,Non,Oui,Pas du tout,Oui,Non,Non,Oui,Non,Non,Oui,P,M,M,M,M,2,,M,M,M,M,M,M,,Oui,Non,Oui,Non,Oui,Oui,Non,Oui,Oui,Non,Non,Non,Non,Non,Oui,Parfois,Parfois,Jamais,Jamais,Non,Non,Oui,Non,Non,Non,Oui,Oui,Oui,Non,Non,Non,Non,Oui,Oui,Non,Oui,Non,Non,Non,"Des barrières juridiques et économiques contraignant leurs partage (contrat de consortium, valorisation, exclusivité, droit d’auteur).",Un temps trop important nécessaire à leur mise à disposition.,Une volonté de valoriser le travail effectué avant un partage pour garder un avantage compétitif.,"Un manque d’habitude de cette pratique dans les communautés de recherche (savoir faire, etc.)",Oui,Souvent,Non,Non,Non,Oui,Non,Oui,Non,Oui,Oui,Non,Non,Non,Non,Non,Non,Oui,Non,Nous sommes entre 2 et 5 personnes,Oui,Oui,Oui,Non,Non,Non,Non,Non,Non,Non,Oui,MacOS,Oui,Non,Oui,Non,Non,Oui,Non,Non,Oui,Non,,,,,,,,,,,,,,,,,,,,,,Non,Non,Oui,Non,Non,Non,Non,Non,Oui,Parfois,Plutôt satisfait,Oui,Oui,Oui,Oui,Non,Non,Non,Non,Non,Non,Non,Oui,Non,Non,Oui,Non,Oui,Non,Oui,Non,Oui,Oui,Oui,Non,Plus de dix ans,CNRS,Non,Non,Oui,Non,Fonctionnaire ou assimilé,Non,Non,Oui,Non,Non,Non,Non,Non,Non,archéologie,Un homme
192,570,Non,Non,Oui,Non,Non,Oui,Oui,Oui,Non,Oui,Non,Non,Non,Non,Non,Non,Oui,Non,Non,Non,Non,Non,Non,Non,Oui,Non,Non,Non,Peu,Non,Non,Oui,Non,Non,Non,Oui,3,1,1,,,P,,,P,,,3,,,Oui,Non,Oui,Non,Non,Oui,Non,Oui,Oui,Non,Non,Non,Non,Oui,Non,Souvent,Parfois,,,Non,Non,Non,Non,Oui,Non,Non,Oui,Oui,Non,Non,Non,Non,Oui,Non,Non,Non,Non,Non,Non,"Un manque d’habitude de cette pratique dans les communautés de recherche (savoir faire, etc.)",Une peur de mésusage des données par les personnes les réutilisant.,Des conditions éthiques limitant leur partage.,,Je ne sais pas,Parfois,Oui,Non,Non,Non,Oui,Non,Oui,Non,Oui,Non,Non,Non,Non,Non,Non,Oui,Non,Nous sommes entre 2 et 5 personnes,Oui,Oui,Non,Non,Non,Non,Non,Non,Non,Non,Non,Windows,Non,Non,Non,Non,Non,Non,Non,Non,Non,Oui,Non,Non,Non,Non,Non,Non,Non,Non,Non,Non,Oui,Oui,Non,Non,Oui,Non,Non,Non,Non,Non,Non,Non,Non,Oui,Non,Non,Non,Non,Non,Oui,Parfois,"Ni satisfait, ni insatisfait",Non,Oui,Non,Non,Non,Non,Non,Non,Oui,Oui,Oui,Oui,Non,Oui,Non,Non,Oui,Non,Oui,Non,Non,Non,Oui,Non,Cinq à dix ans,Université,Oui,Non,Non,Non,Fonctionnaire ou assimilé,Non,Non,Oui,Non,Non,Non,Non,Non,Non,histoire,Une femme
193,580,Non,Non,Oui,Oui,Oui,Oui,Oui,Oui,Non,Oui,Oui,Non,Non,Non,Oui,Non,Non,Non,Non,Non,Non,Non,Oui,Non,Oui,Non,Non,Non,Peu,Oui,Non,Non,Oui,Oui,Oui,Oui,3,M,3,M,M,3,M,M,M,M,M,M,M,M,Oui,Non,Oui,Non,Oui,Oui,Non,Oui,Oui,Non,Non,Non,Non,Non,Non,Parfois,Jamais,Souvent,Jamais,Non,Non,Non,Non,Oui,Non,Non,Non,Non,Non,Non,Non,Non,Oui,Non,Non,Non,Non,Non,Non,"Des barrières juridiques et économiques contraignant leurs partage (contrat de consortium, valorisation, exclusivité, droit d’auteur).",Un doute sur la capacité de réutilisation des données par d’autres (contextualisation et documentation nécessaire).,"Un manque d’habitude de cette pratique dans les communautés de recherche (savoir faire, etc.)",,Oui,Parfois,Oui,Non,Non,Non,Oui,Oui,Oui,Non,Oui,Non,Non,Non,Non,Non,Oui,Non,Non,Je travaille seul.e,,,,,,,,,,,,Windows,Oui,Non,Oui,Non,Non,Oui,Non,Non,Non,Non,Oui,Non,Non,Non,Non,Non,Non,Oui,Non,Non,Non,Non,Non,Non,Oui,Oui,Non,Non,Non,Non,Non,Oui,Non,Oui,Oui,Non,Non,Non,Oui,Non,,,Oui,Non,Non,Oui,Non,Non,Non,Non,Oui,Oui,Oui,Oui,Oui,Oui,Oui,Non,Non,Non,Oui,Non,Oui,Oui,Oui,Non,Cinq à dix ans,autre,Non,Oui,Non,Non,Travailleur/travailleuse indépendante,Non,Non,Oui,Non,Oui,Non,Non,Non,Non,autre,Une femme
194,590,Non,Non,Oui,Oui,Non,Oui,Oui,Non,Non,Oui,Non,Non,Oui,Non,Oui,Non,Non,Non,Non,Non,Non,Non,Oui,Oui,Oui,Non,Non,Non,Assez,Oui,Non,Non,Oui,Non,Non,Oui,2,2,2,,1,1,2,,,,,,2,,Oui,Non,Oui,Non,Non,Oui,Non,Oui,Oui,Non,Non,Non,Oui,Oui,Non,Souvent,Parfois,Jamais,Parfois,Oui,Non,Oui,Non,Non,Non,Non,Non,Oui,Non,Non,Oui,Non,Oui,Non,Non,Non,Non,Non,Non,Un doute sur la capacité de réutilisation des données par d’autres (contextualisation et documentation nécessaire).,Une mauvaise qualité des données en l’état.,Une volonté de valoriser le travail effectué avant un partage pour garder un avantage compétitif.,"Des barrières juridiques et économiques contraignant leurs partage (contrat de consortium, valorisation, exclusivité, droit d’auteur).",Non,Parfois,Oui,Oui,Non,Non,Non,Non,Oui,Oui,Oui,Non,Non,Non,Non,Non,Non,Non,Non,Nous sommes entre 2 et 5 personnes,Oui,Oui,Non,Non,Oui,Non,Non,Non,Non,Oui,Oui,Windows,Oui,Non,Oui,Non,Non,Non,Non,Non,Non,Non,Oui,Non,Non,Non,Non,Non,Non,Non,Non,Non,Non,Non,Non,Non,Non,Non,Non,Non,Non,Non,Oui,Non,Non,Oui,Non,Non,Non,Non,Non,Oui,Jamais,"Ni satisfait, ni insatisfait",Non,Non,Non,Oui,Oui,Non,Non,Non,Non,Non,Oui,Non,Oui,Non,Oui,Non,Oui,Non,Non,Non,Non,Oui,Oui,Non,Plus de dix ans,CNRS,Oui,Non,Non,Non,Fonctionnaire ou assimilé,Non,Non,Oui,Non,Non,Non,Non,Non,Non,histoire,Une femme
195,610,Oui,Non,Oui,Oui,Oui,Oui,Oui,Non,Non,Oui,Oui,Non,Oui,Non,Oui,Non,Oui,Non,Non,Non,Non,Non,Oui,Oui,Oui,Non,Oui,Oui,Assez,Oui,Non,Non,Oui,Oui,Non,Oui,M,M,M,M,M,M,M,M,M,1,M,1,M,M,Oui,Non,Non,Non,Oui,Non,Oui,Non,Oui,Non,Non,Non,Non,Non,Oui,Toujours,,Toujours,,Non,Non,Non,Non,Oui,Non,Oui,Non,Oui,Non,Non,Non,Oui,Non,Non,Non,Non,Non,Non,Non,"Un manque d’habitude de cette pratique dans les communautés de recherche (savoir faire, etc.)",Une peur de mésusage des données par les personnes les réutilisant.,,,Oui,Parfois,Oui,Non,Oui,Non,Oui,Non,Non,Non,Oui,Non,Non,Non,Non,Non,Oui,Non,Non,Nous sommes entre 6 et 10 personnes,Oui,Oui,Oui,Non,Non,Non,Non,Non,Non,Non,Non,Windows,Oui,Non,Non,Non,Non,Non,Non,Non,Non,Non,Oui,Non,Non,Non,Non,Non,Non,Non,Non,Non,Non,Non,Non,Non,Oui,Non,Non,Non,Non,Non,Non,Non,Non,Oui,Non,Non,Non,Non,Non,Non,,,Oui,Oui,Oui,Non,Non,Non,Non,Non,Oui,Oui,Oui,Oui,Oui,Oui,Oui,Non,Oui,Non,Oui,Non,Non,Non,Oui,Non,Plus de dix ans,CNRS,Oui,Non,Non,Non,Fonctionnaire ou assimilé,Non,Non,Oui,Non,Oui,Non,Non,Non,Non,archéologie,Un homme
196,617,Non,Non,Oui,Oui,Oui,Non,Oui,Non,Non,Oui,Oui,Non,Oui,Non,Oui,Non,Non,Non,Non,Non,Non,Non,Oui,Non,Oui,Non,Non,Oui,Assez,Oui,Non,Oui,Oui,Non,Non,Oui,2,M,M,M,M,2,M,M,1,M,3,M,1,1,Oui,Non,Oui,Non,Oui,Oui,Non,Oui,Oui,Non,Oui,Non,Oui,Oui,Non,Parfois,Souvent,Jamais,Non applicable,Non,Non,Non,Non,Oui,Non,Oui,Non,Oui,Non,Non,Non,Non,Oui,Non,Non,Non,Non,Non,Non,"Un manque d’habitude de cette pratique dans les communautés de recherche (savoir faire, etc.)",Une volonté de valoriser le travail effectué avant un partage pour garder un avantage compétitif.,Une peur de mésusage des données par les personnes les réutilisant.,Un temps trop important nécessaire à leur mise à disposition.,Oui,Parfois,Non,Oui,Oui,Oui,Non,Non,Oui,Non,Oui,Non,Non,Non,Non,Non,Non,Non,Non,Nous sommes entre 2 et 5 personnes,Oui,Oui,Non,Non,Non,Non,Non,Non,Non,Non,Non,MacOS,Oui,Non,Non,Non,Non,Non,Non,Non,Non,Non,Oui,Oui,Non,Non,Non,Non,Oui,Non,Non,Non,Non,Non,Non,Oui,Oui,Non,Non,Non,Oui,Non,Non,Non,Oui,Oui,Non,Non,Non,Non,Non,Oui,Parfois,Plutôt satisfait,Non,Non,Non,Oui,Non,Non,Non,Non,Non,Non,Oui,Non,Non,Oui,Oui,Non,Oui,Non,Non,Non,Oui,Oui,Non,Non,Moins de cinq ans,Université,Non,Non,Non,Non,Contrat doctoral,Non,Non,Oui,Non,Non,Non,Non,Non,Non,linguistique,Une femme
197,625,Non,Non,Non,Non,Non,Oui,Oui,Non,Non,Oui,Non,Non,Non,Non,Non,Non,Non,Non,Non,Non,Non,Non,Oui,Non,Non,Non,Non,Non,Assez,Oui,Non,Non,Non,Non,Non,Oui,3,2,P,,,,M,,2,M,1,,2,,Non,Non,Oui,Non,Oui,Oui,Non,Oui,Oui,Non,Non,Non,Non,Non,Oui,Toujours,Souvent,Parfois,Jamais,Oui,Non,Non,Non,Non,Non,Oui,Oui,Oui,Non,Non,Non,Non,Non,Non,Non,Non,Non,Non,Non,Une volonté de valoriser le travail effectué avant un partage pour garder un avantage compétitif.,"Un manque d’habitude de cette pratique dans les communautés de recherche (savoir faire, etc.)",,,Oui,Je ne sais pas,Non,Non,Oui,Non,Non,Non,Oui,Non,Oui,Non,Non,Non,Non,Non,Non,Non,Non,Nous sommes entre 2 et 5 personnes,Oui,Non,Non,Non,Non,Non,Non,Non,Non,Non,Non,Windows,Non,Non,Non,Non,Non,Non,Non,Non,Non,Oui,Oui,Non,Non,Non,Non,Non,Non,Non,Non,Non,Non,Non,Non,Non,Non,Non,Non,Non,Oui,Non,Non,Non,Non,Non,Non,Non,Non,Non,Oui,Non,,,Oui,Non,Non,Oui,Non,Non,Non,Non,Oui,Oui,Non,Non,Non,Non,Non,Non,Oui,Non,Non,Non,Non,Non,Non,Non,Cinq à dix ans,autre,Non,Non,Non,Non,En CDD,Non,Non,Oui,Non,Non,Non,Non,Non,Non,autre,Un homme
198,652,Non,Non,Oui,Non,Non,Non,Non,Non,Non,Non,Oui,Non,Non,Non,Non,Non,Non,Non,Non,Non,Non,Non,Non,Non,Oui,Non,Non,Non,Peu,Oui,Non,Non,Oui,Non,Non,Non,3,,2,,,3,,,,1,1,,1,,Oui,Non,Non,Non,Non,Oui,Oui,Oui,Oui,Non,Non,Non,Non,Non,Oui,Parfois,Parfois,Jamais,Jamais,Non,Non,Non,Non,Oui,Non,Non,Non,Oui,Non,Non,Non,Oui,Non,Non,Non,Non,Non,Non,Non,"Un manque d’habitude de cette pratique dans les communautés de recherche (savoir faire, etc.)",Un doute sur la capacité de réutilisation des données par d’autres (contextualisation et documentation nécessaire).,Un temps trop important nécessaire à leur mise à disposition.,Une volonté de valoriser le travail effectué avant un partage pour garder un avantage compétitif.,Oui,Parfois,Non,Oui,Oui,Oui,Oui,Oui,Oui,Non,Oui,Non,Non,Non,Non,Non,Non,Non,Non,Nous sommes entre 2 et 5 personnes,Non,Oui,Non,Non,Non,Non,Non,Non,Non,Non,Non,MacOS,Oui,Non,Non,Non,Non,Non,Non,Non,Non,Non,Oui,Non,Non,Non,Non,Non,Non,Non,Non,Non,Non,Non,Non,Non,Non,Non,Non,Non,Oui,Non,Non,Non,Non,Non,Non,Non,Non,Non,Oui,Non,,,Oui,Oui,Non,Oui,Oui,Non,Non,Non,Non,Non,Oui,Non,Oui,Oui,Non,Non,Non,Non,Oui,Non,Non,Oui,Oui,Non,Cinq à dix ans,autre,Non,Oui,Non,Non,Travailleur/travailleuse indépendante,Non,Non,Oui,Non,Non,Non,Non,Non,Non,autre,Une femme
199,685,Non,Non,Oui,Oui,Oui,Oui,Oui,Non,Non,Oui,Non,Non,Oui,Non,Oui,Non,Non,Non,Non,Non,Non,Non,Non,Non,Oui,Non,Oui,Non,Assez,Non,Non,Non,Non,Oui,Non,Non,2,1,1,M,M,1,M,M,M,M,1,M,1,M,Oui,Non,Non,Non,Non,Oui,Oui,Oui,Oui,Non,Oui,Non,Non,Non,Oui,Souvent,Parfois,Jamais,Jamais,Non,Non,Oui,Non,Non,Non,Oui,Oui,Oui,Oui,Non,Non,Non,Oui,Oui,Non,Oui,Non,Non,Non,"Un manque d’habitude de cette pratique dans les communautés de recherche (savoir faire, etc.)",Un temps trop important nécessaire à leur mise à disposition.,Une mauvaise qualité des données en l’état.,Un doute sur la capacité de réutilisation des données par d’autres (contextualisation et documentation nécessaire).,Je ne sais pas,Souvent,Non,Non,Non,Oui,Oui,Oui,Oui,Non,Oui,Non,Non,Non,Non,Non,Non,Non,Non,Je travaille seul.e,,,,,,,,,,,,Windows,Oui,Non,Oui,Oui,Non,Oui,Non,Non,Non,Non,Oui,Oui,Non,Non,Non,Non,Oui,Non,Oui,Non,Non,Oui,Non,Non,Oui,Non,Oui,Non,Non,Non,Non,Non,Oui,Oui,Oui,Non,Non,Non,Non,Oui,Souvent,Plutôt satisfait,Oui,Non,Non,Non,Non,Non,Non,Non,Non,Oui,Oui,Non,Non,Non,Oui,Non,Oui,Non,Oui,Non,Non,Oui,Oui,Non,Moins de cinq ans,Université,Non,Oui,Non,Non,Autre (précisez en commentaire),Non,Non,Oui,Non,Non,Non,Non,Non,Non,histoire,
200,691,Non,Non,Oui,Oui,Oui,Oui,Oui,Non,Non,Oui,Oui,Oui,Oui,Oui,Oui,Non,Oui,Oui,Non,Oui,Non,Non,Oui,Non,Oui,Non,Non,Non,Assez,Non,Non,Oui,Oui,Non,Non,Oui,M,,M,2,M,3,,M,M,M,,M,M,M,Oui,Non,Oui,Non,Non,Oui,Non,Oui,Oui,Non,Oui,Oui,Oui,Oui,Oui,Parfois,Jamais,Parfois,Jamais,Oui,Non,Non,Non,Non,Non,Non,Non,Non,Non,Non,Oui,Non,Non,Non,Non,Non,Non,Non,Non,Une volonté de valoriser le travail effectué avant un partage pour garder un avantage compétitif.,"Un manque d’habitude de cette pratique dans les communautés de recherche (savoir faire, etc.)",Des conditions éthiques limitant leur partage.,,Oui,Parfois,Non,Oui,Oui,Oui,Oui,Oui,Non,Oui,Oui,Non,Oui,Non,Non,Non,Non,Non,Non,Je travaille seul.e,,,,,,,,,,,,Windows,Oui,Non,Non,Non,Non,Non,Non,Oui,Non,Non,Non,Oui,Oui,Non,Non,Non,Oui,Non,Non,Oui,Non,Non,Non,Non,Oui,Non,Oui,Oui,Oui,Oui,Non,Non,Non,Oui,Oui,Non,Non,Non,Oui,Oui,Toujours,Très satisfait,Non,Non,Non,Oui,Non,Non,Non,Non,Non,Oui,Oui,Non,Non,Oui,Non,Non,Oui,Non,Non,Non,Non,Non,Non,Non,Moins de cinq ans,Université,Non,Oui,Non,Non,Contrat doctoral,Oui,Non,Oui,Non,Non,Non,Non,Non,Non,sociologie,Un homme
201,695,Non,Non,Oui,Oui,Non,Oui,Oui,Non,Non,Non,Oui,Non,Oui,Oui,Oui,Non,Non,Non,Non,Non,Non,Non,Oui,Non,Oui,Non,Non,Oui,Assez,Oui,Non,Non,Oui,Non,Non,Oui,1,,1,M,M,M,,M,1,M,M,M,M,,Oui,Non,Oui,Non,Non,Oui,Oui,Oui,Oui,Non,Non,Non,Oui,Oui,Oui,Souvent,Parfois,Parfois,Non applicable,Non,Non,Non,Non,Oui,Non,Oui,Oui,Non,Non,Oui,Non,Oui,Non,Non,Non,Non,Non,Non,Non,"Un manque d’habitude de cette pratique dans les communautés de recherche (savoir faire, etc.)",Une volonté de valoriser le travail effectué avant un partage pour garder un avantage compétitif.,Un temps trop important nécessaire à leur mise à disposition.,,Je ne sais pas,Parfois,Non,Non,Non,Oui,Non,Non,Oui,Non,Oui,Non,Non,Non,Oui,Non,Non,Non,Non,Nous sommes entre 2 et 5 personnes,Oui,Oui,Non,Non,Non,Non,Non,Non,Non,Non,Oui,Windows,Oui,Non,Non,Oui,Non,Oui,Non,Oui,Non,Non,Non,Oui,Non,Non,Oui,Oui,Non,Oui,Non,Non,Non,Non,Non,Oui,Oui,Oui,Non,Non,Oui,Oui,Non,Oui,Non,Oui,Oui,Non,Non,Non,Non,Non applicable,,,Non,Oui,Non,Oui,Non,Non,Non,Non,Oui,Non,Oui,Oui,Oui,Non,Non,Non,Oui,Non,Non,Non,Non,Non,Non,Non,Cinq à dix ans,autre,Non,Oui,Non,Non,En CDD,Non,Non,Oui,Non,Non,Non,Non,Non,Non,géographie,Une femme
202,737,Non,Non,Oui,Oui,Non,Oui,Non,Non,Non,Non,Non,Non,Non,Oui,Oui,Non,Oui,Non,Non,Non,Non,Non,Non,Non,Oui,Non,Non,Oui,Pas du tout,Oui,Non,Non,Non,Oui,Non,Non,2,M,1,M,M,2,M,M,M,1,M,M,1,M,Oui,Non,Non,Non,Non,Oui,Oui,Oui,Oui,Non,Non,Non,Non,Oui,Oui,Souvent,Parfois,Parfois,Jamais,Non,Non,Oui,Non,Non,Non,Non,Non,Non,Non,Non,Non,Oui,Non,Oui,Oui,Non,Non,Non,Non,"Un manque d’habitude de cette pratique dans les communautés de recherche (savoir faire, etc.)",Des conditions éthiques limitant leur partage.,Un temps trop important nécessaire à leur mise à disposition.,Une mauvaise qualité des données en l’état.,Non,Je ne sais pas,Non,Non,Non,Non,Oui,Oui,Oui,Non,Oui,Non,Non,Oui,Non,Oui,Non,Non,Non,Nous sommes plus de 50 personnes,Oui,Oui,Oui,Oui,Oui,Oui,Oui,Oui,Non,Non,Oui,Windows,Oui,Non,Non,Non,Non,Non,Non,Non,Non,Non,Non,Non,Non,Non,Non,Non,Non,Non,Non,Non,Oui,Oui,Oui,Non,Non,Non,Non,Non,Non,Non,Non,Non,Non,Oui,Oui,Non,Non,Oui,Non,Oui,Souvent,Très satisfait,Non,Oui,Non,Non,Oui,Non,Non,Non,Oui,Oui,Oui,Oui,Oui,Oui,Non,Non,Oui,Non,Oui,Non,Non,Oui,Non,Non,Moins de cinq ans,autre,Non,Non,Oui,Non,En CDD,Non,Non,Oui,Non,Non,Non,Non,Non,Non,autre,Une femme
203,739,Non,Non,Non,Oui,Non,Oui,Oui,Oui,Non,Oui,Non,Non,Non,Non,Oui,Non,Non,Non,Non,Oui,Non,Non,Oui,Non,Non,Non,Oui,Non,Tout à fait,Oui,Non,Non,Oui,Non,Non,Oui,,,3,,M,P,M,1,M,M,M,2,1,,Non,Non,Oui,Oui,Oui,Oui,Oui,Oui,Oui,Non,Non,Non,Non,Oui,Non,Parfois,Parfois,Toujours,,Non,Non,Non,Non,Oui,Non,Non,Non,Oui,Oui,Non,Oui,Non,Oui,Non,Non,Non,Non,Non,Non,"Un manque d’habitude de cette pratique dans les communautés de recherche (savoir faire, etc.)",Un temps trop important nécessaire à leur mise à disposition.,"Des barrières juridiques et économiques contraignant leurs partage (contrat de consortium, valorisation, exclusivité, droit d’auteur).",,Oui,Parfois,Non,Oui,Non,Oui,Non,Non,Non,Oui,Non,Non,Non,Oui,Non,Non,Non,Non,Non,Nous sommes entre 2 et 5 personnes,Oui,Non,Non,Non,Oui,Non,Non,Non,Non,Non,Non,MacOS,Oui,Non,Non,Non,Non,Non,Non,Non,Non,Non,Non,Oui,Non,Non,Non,Oui,Non,Non,Non,Non,Non,Non,Non,Non,Non,Non,Non,Non,Oui,Non,Non,Non,Oui,Oui,Oui,Non,Non,Non,Non,Non,,,Non,Oui,Non,Non,Non,Non,Non,Non,Non,Non,Oui,Non,Non,Non,Oui,Non,Oui,Non,Non,Non,Non,Oui,Non,Non,Plus de dix ans,Université,Non,Non,Non,Non,Fonctionnaire ou assimilé,Non,Non,Oui,Non,Oui,Non,Non,Non,Non,autre,Une femme
204,789,Non,Non,Non,Oui,Non,Oui,Oui,Non,Non,Oui,Oui,Non,Oui,Non,Oui,Non,Non,Non,Non,Non,Non,Non,Oui,Non,Non,Non,Non,Non,Pas du tout,Oui,Non,Non,Oui,Non,Non,Oui,P,1,1,,3,3,,,3,1,1,,,,Non,Non,Non,Non,Non,Non,Non,Oui,Non,Non,Non,Non,Oui,Non,Non,Parfois,,,,Non,Non,Non,Non,Oui,Non,Non,Non,Non,Non,Non,Non,Non,Oui,Non,Non,Non,Non,Non,Non,"Un manque d’habitude de cette pratique dans les communautés de recherche (savoir faire, etc.)",Un temps trop important nécessaire à leur mise à disposition.,,,Oui,Parfois,Non,Non,Non,Non,Oui,Non,Non,Non,Oui,Non,Non,Non,Non,Non,Non,Non,Non,Je travaille seul.e,,,,,,,,,,,,Windows,Oui,Non,Oui,Oui,Non,Non,Non,Non,Non,Non,Oui,Non,Non,Non,Non,Non,Non,Non,Oui,Non,Non,Non,Non,Non,Non,Non,Non,Non,Oui,Non,Non,Non,Non,Oui,Non,Non,Non,Non,Non,Non,,,Non,Oui,Non,Oui,Oui,Non,Non,Non,Oui,Non,Oui,Non,Oui,Oui,Oui,Non,Oui,Oui,Non,Non,Non,Non,Oui,Non,Moins de cinq ans,Université,Non,Oui,Non,Non,Contrat doctoral,Non,Non,Oui,Non,Non,Non,Non,Non,Non,histoire,Un homme
205,833,Non,Non,Non,Oui,Non,Oui,Oui,Oui,Non,Oui,Non,Non,Non,Non,Non,Non,Non,Non,Non,Non,Non,Non,Oui,Non,Non,Non,Non,Non,Assez,Oui,Non,Non,Non,Oui,Non,Oui,P,M,M,,,,,,M,M,,M,M,M,Oui,Non,Oui,Oui,Non,Oui,Oui,Oui,Oui,Non,Non,Non,Non,Non,Non,Parfois,Parfois,Jamais,Parfois,Oui,Non,Non,Non,Non,Non,Non,Non,Oui,Non,Non,Oui,Non,Non,Non,Non,Non,Non,Non,Non,Une peur de mésusage des données par les personnes les réutilisant.,Une volonté de valoriser le travail effectué avant un partage pour garder un avantage compétitif.,"Un manque d’habitude de cette pratique dans les communautés de recherche (savoir faire, etc.)",La peur d’un renforcement d’inégalités entre des personnes produisant des données d’une part et celles les analysant et en tirant des publications d’autre part.,Oui,Souvent,Oui,Non,Non,Non,Non,Non,Oui,Oui,Oui,Non,Non,Non,Non,Non,Non,Non,Non,Je travaille seul.e,,,,,,,,,,,,Windows,Non,Non,Non,Non,Non,Non,Non,Non,Non,Oui,Non,Non,Non,Non,Non,Non,Non,Non,Non,Non,Oui,Non,Non,Non,Non,Non,Non,Non,Non,Non,Oui,Non,Non,Non,Non,Non,Non,Non,Oui,Oui,Parfois,"Ni satisfait, ni insatisfait",Oui,Non,Non,Non,Non,Non,Non,Non,Non,Non,Non,Non,Non,Non,Oui,Non,Non,Non,Oui,Non,Non,Non,Oui,Non,Plus de dix ans,Université,Oui,Non,Non,Non,En CDI,Non,Non,Oui,Non,Non,Non,Non,Non,Non,autre,Une femme
206,842,Oui,Non,Non,Non,Oui,Oui,Non,Oui,Oui,Oui,Non,Non,Oui,Oui,Oui,Non,Oui,Oui,Non,Oui,Oui,Non,Oui,Non,Oui,Non,Non,Oui,Tout à fait,Oui,Non,Non,Oui,Non,Non,Oui,P,M,2,P,P,P,,P,,2,P,1,,,Non,Oui,Oui,Non,Oui,Oui,Oui,Non,Oui,Non,Non,Non,Oui,Oui,Oui,Souvent,Jamais,Jamais,Jamais,Oui,Non,Non,Non,Non,Non,Non,Oui,Oui,Non,Non,Non,Non,Oui,Non,Non,Non,Non,Non,Non,Une peur de mésusage des données par les personnes les réutilisant.,Un doute sur la capacité de réutilisation des données par d’autres (contextualisation et documentation nécessaire).,La peur d’un renforcement d’inégalités entre des personnes produisant des données d’une part et celles les analysant et en tirant des publications d’autre part.,,Oui,Parfois,Non,Oui,Oui,Non,Oui,Oui,Oui,Oui,Oui,Oui,Non,Non,Non,Non,Non,Non,Non,Nous sommes entre 2 et 5 personnes,Oui,Non,Oui,Non,Non,Non,Non,Non,Non,Non,Non,Windows,Oui,Non,Non,Oui,Non,Non,Non,Non,Non,Non,Non,Oui,Non,Non,Non,Non,Non,Non,Oui,Non,Non,Oui,Oui,Non,Oui,Non,Non,Non,Non,Non,Non,Oui,Non,Oui,Non,Non,Non,Non,Oui,Non,,,Oui,Oui,Oui,Oui,Oui,Oui,Oui,Non,Oui,Oui,Oui,Oui,Oui,Oui,Oui,Non,Non,Non,Oui,Non,Non,Non,Non,Non,Cinq à dix ans,autre,Non,Oui,Non,Non,En CDD,Non,Non,Non,Non,Non,Oui,Non,Non,Non,biologie,
207,855,Non,Non,Non,Non,Non,Oui,Non,Non,Non,Oui,Non,Non,Non,Oui,Oui,Non,Non,Non,Non,Non,Non,Oui,Non,Non,Non,Oui,Non,Non,Assez,Oui,Non,Oui,Oui,Non,Non,Oui,2,,3,,2,,2,,2,1,,,,,Non,Non,Oui,Non,Oui,Oui,Oui,Non,Oui,Non,Non,Oui,Non,Oui,Non,Souvent,,Parfois,,Non,Non,Non,Non,Oui,Non,Oui,Non,Oui,Non,Non,Non,Oui,Oui,Non,Non,Non,Non,Non,Non,"Un manque d’habitude de cette pratique dans les communautés de recherche (savoir faire, etc.)",Un temps trop important nécessaire à leur mise à disposition.,Une mauvaise qualité des données en l’état.,,Je ne sais pas,Parfois,Oui,Oui,Oui,Oui,Oui,Oui,Oui,Non,Non,Oui,Non,Non,Non,Non,Non,Non,Non,Nous sommes entre 2 et 5 personnes,Oui,Oui,Non,Non,Non,Non,Non,Non,Non,Non,Non,Windows,Oui,Non,Non,Non,Non,Oui,Non,Oui,Non,Non,Oui,Non,Non,Non,Non,Non,Non,Non,Non,Non,Non,Non,Non,Non,Non,Non,Non,Non,Oui,Non,Non,Non,Non,Oui,Oui,Non,Non,Non,Non,Oui,Je ne sais pas,,Oui,Oui,Non,Non,Oui,Non,Non,Non,Oui,Non,Non,Non,Non,Oui,Oui,Non,Oui,Non,Non,Non,Oui,Oui,Non,Non,Plus de dix ans,CNRS,Oui,Non,Non,Non,Fonctionnaire ou assimilé,Non,Oui,Non,Non,Non,Non,Non,Non,Non,autre,Une femme
208,857,Non,Non,Non,Oui,Non,Oui,Oui,Non,Non,Oui,Non,Non,Non,Non,Oui,Non,Non,Non,Non,Non,Non,Non,Non,Non,Non,Non,Non,Oui,Assez,Non,Non,Non,Non,Oui,Non,Oui,1,3,M,P,,,,,,1,,M,,M,Non,Non,Oui,Oui,Oui,Oui,Oui,Oui,Oui,Non,Non,Non,Non,Non,Oui,Toujours,Jamais,Souvent,,Oui,Non,Oui,Non,Non,Non,Non,Oui,Oui,Non,Non,Non,Non,Non,Non,Non,Non,Non,Non,Non,"Un manque d’habitude de cette pratique dans les communautés de recherche (savoir faire, etc.)","Des barrières juridiques et économiques contraignant leurs partage (contrat de consortium, valorisation, exclusivité, droit d’auteur).",,,Je ne sais pas,Souvent,Non,Non,Oui,Non,Non,Oui,Non,Non,Oui,Oui,Non,Non,Non,Non,Non,Non,Non,Nous sommes entre 2 et 5 personnes,Oui,Non,Non,Non,Non,Non,Non,Non,Non,Oui,Non,Windows,Non,Non,Non,Non,Non,Non,Non,Non,Oui,Non,,,,,,,,,,,,,,,,,,,,,,Non,Non,Oui,Non,Non,Non,Non,Oui,Oui,Jamais,,Non,Oui,Non,Non,Non,Non,Non,Non,Oui,Non,Non,Non,Oui,Oui,Oui,Non,Oui,Non,Non,Non,Non,Non,Non,Non,Cinq à dix ans,,Non,Non,Oui,Non,Fonctionnaire ou assimilé,Non,Non,Oui,Non,Non,Non,Non,Non,Non,,Une femme
209,907,Non,Non,Non,Oui,Non,Non,Oui,Oui,Non,Oui,Oui,Non,Non,Non,Oui,Non,Non,Non,Non,Non,Non,Oui,Oui,Oui,Oui,Oui,Oui,Oui,Tout à fait,Oui,Non,Non,Non,Oui,Oui,Oui,1,M,2,3,1,1,,3,2,1,1,3,1,1,Non,Non,Oui,Non,Non,Oui,Non,Oui,Oui,Non,Oui,Non,Non,Oui,Non,Toujours,Toujours,,Jamais,Non,Non,Oui,Oui,Non,Non,Non,Oui,Oui,Non,Non,Non,Non,Non,Non,Non,Non,Non,Non,Non,"Des barrières juridiques et économiques contraignant leurs partage (contrat de consortium, valorisation, exclusivité, droit d’auteur).",,,,Oui,Souvent,Non,Non,Non,Oui,Oui,Non,Non,Oui,Oui,Non,Non,Non,Non,Non,Non,Oui,Non,Nous sommes entre 2 et 5 personnes,Non,Non,Non,Oui,Oui,Non,Non,Non,Non,Non,Non,Windows,Oui,Non,Non,Non,Non,Non,Non,Non,Non,Non,Non,Non,Non,Non,Non,Non,Non,Non,Non,Non,Oui,Non,Non,Non,Non,Non,Non,Non,Non,Non,Oui,Non,Non,Oui,Non,Non,Non,Non,Non,Oui,Parfois,Plutôt insatisfait,Oui,Oui,Non,Oui,Non,Non,Oui,Non,Non,Oui,Non,Oui,Oui,Oui,Oui,Non,Oui,Non,Non,Non,Non,Non,Non,Non,Plus de dix ans,autre,Non,Non,Non,Oui,Fonctionnaire ou assimilé,Non,Non,Oui,Non,Non,Non,Non,Non,Non,autre,Une femme
210,914,Non,Non,Non,Oui,Non,Oui,Non,Oui,Non,Oui,Non,Non,Oui,Non,Oui,Non,Oui,Non,Non,Non,Non,Non,Non,Non,Oui,Non,Non,Non,Assez,Oui,Non,Non,Non,Non,Non,Oui,2,1,,M,1,2,,,1,M,M,,,,Oui,Non,Oui,Oui,Non,Oui,Oui,Oui,Oui,Non,Non,Non,Non,Oui,Oui,Souvent,Parfois,Parfois,Jamais,Oui,Non,Non,Non,Non,Non,Non,Non,Oui,Oui,Non,Non,Oui,Oui,Non,Non,Non,Non,Non,Non,"Un manque d’habitude de cette pratique dans les communautés de recherche (savoir faire, etc.)","Des barrières juridiques et économiques contraignant leurs partage (contrat de consortium, valorisation, exclusivité, droit d’auteur).",,,Je ne sais pas,Souvent,Non,Non,Non,Non,Non,Non,Oui,Oui,Oui,Non,Non,Non,Non,Non,Non,Oui,Non,Je travaille seul.e,,,,,,,,,,,,MacOS,Oui,Non,Non,Non,Non,Oui,Non,Non,Non,Non,Oui,Non,Non,Non,Non,Non,Non,Non,Non,Non,Non,Non,Non,Non,Oui,Oui,Oui,Oui,Oui,Oui,Non,Non,Non,Oui,Oui,Non,Non,Oui,Non,Oui,Souvent,Plutôt satisfait,Non,Non,Non,Non,Non,Non,Non,Oui,Non,Oui,Non,Non,Oui,Non,Non,Non,Non,Non,Non,Non,Oui,Oui,Oui,Non,Moins de cinq ans,Université,Non,Oui,Non,Non,En CDD,Oui,Non,Non,Non,Non,Non,Non,Non,Non,autre,
211,916,Oui,Non,Oui,Oui,Non,Oui,Oui,Non,Non,Oui,Non,Oui,Oui,Oui,Oui,Non,Non,Non,Non,Non,Non,Non,Oui,Oui,Non,Non,Non,Oui,Assez,Non,Non,Oui,Oui,Non,Non,Non,3,1,3,,2,2,,,,2,2,,2,1,Oui,Non,Non,Non,Oui,Oui,Non,Oui,Oui,Non,Non,Non,Non,Non,Oui,Souvent,,,,Oui,Non,Oui,Non,Non,Non,Oui,Oui,Oui,Non,Non,Non,Non,Oui,Non,Non,Oui,Non,Non,Non,"Une perspective de mise à disposition qui vient limiter, freiner le travail interprétatif possible.",Un doute sur la capacité de réutilisation des données par d’autres (contextualisation et documentation nécessaire).,,,Non,Souvent,Oui,Non,Oui,Non,Non,Non,Oui,Non,Oui,Non,Non,Non,Non,Non,Non,Non,Non,Je travaille seul.e,,,,,,,,,,,,MacOS,Non,Non,Non,Non,Non,Non,Non,Non,Non,Oui,Non,Non,Oui,Non,Non,Non,Non,Non,Non,Oui,Non,Non,Non,Non,Oui,Non,Oui,Non,Non,Non,Non,Non,Non,Oui,Non,Non,Oui,Non,Non,Non,,,Oui,Oui,Non,Oui,Non,Non,Non,Non,Non,Oui,Non,Non,Oui,Non,Non,Non,Non,Non,Non,Non,Non,Non,Non,Oui,Plus de dix ans,autre,Oui,Non,Non,Non,Fonctionnaire ou assimilé,Non,Non,Oui,Non,Non,Non,Non,Non,Non,linguistique,Un homme
212,918,Non,Non,Non,Oui,Oui,Oui,Oui,Oui,Non,Oui,Non,Non,Non,Non,Oui,Non,Non,Non,Non,Non,Non,Non,Non,Non,Non,Non,Non,Oui,Peu,Oui,Non,Non,Oui,Oui,Oui,Oui,,1,2,,,3,,,,1,1,,,1,Non,Non,Oui,Non,Non,Oui,Oui,Oui,Non,Non,Non,Non,Non,Oui,Oui,,,Souvent,Parfois,Oui,Non,Non,Non,Non,Non,Oui,Oui,Oui,Non,Non,Non,Oui,Non,Non,Non,Non,Non,Non,Non,"Un manque d’habitude de cette pratique dans les communautés de recherche (savoir faire, etc.)",Une volonté de valoriser le travail effectué avant un partage pour garder un avantage compétitif.,Une peur de mésusage des données par les personnes les réutilisant.,La peur d’un renforcement d’inégalités entre des personnes produisant des données d’une part et celles les analysant et en tirant des publications d’autre part.,Je ne sais pas,Parfois,Non,Non,Oui,Oui,Non,Non,Oui,Non,Oui,Non,Oui,Non,Non,Non,Non,Non,Non,Nous sommes entre 2 et 5 personnes,Oui,Oui,Non,Oui,Oui,Non,Non,Non,Non,Non,Non,Linux,Oui,Non,Oui,Non,Non,Oui,Non,Non,Non,Non,Oui,Non,Oui,Non,Non,Non,Oui,Non,Oui,Non,Non,Non,Non,Non,Oui,Non,Oui,Oui,Oui,Non,Non,Non,Oui,Oui,Oui,Non,Oui,Non,Non,Oui,Souvent,Plutôt satisfait,Oui,Non,Non,Non,Non,Non,Non,Non,Oui,Oui,Non,Non,Oui,Non,Oui,Non,Oui,Non,Oui,Non,Oui,Oui,Non,Non,Plus de dix ans,Université,Oui,Non,Non,Non,Fonctionnaire ou assimilé,Non,Non,Oui,Non,Non,Non,Non,Non,Non,autre,Un homme
213,943,Non,Non,Oui,Oui,Non,Oui,Oui,Non,Non,Oui,Oui,Non,Non,Oui,Oui,Non,Oui,Oui,Non,Non,Non,Non,Oui,Oui,Oui,Non,Non,Oui,Peu,Non,Non,Non,Oui,Oui,Oui,Oui,3,,M,M,,M,,,M,M,M,,,,Oui,Non,Non,Non,Oui,Oui,Oui,Oui,Oui,Oui,Non,Non,Non,Non,Non,Toujours,Jamais,Toujours,Jamais,Non,Non,Non,Non,Oui,Non,Non,Non,Non,Oui,Non,Non,Non,Non,Oui,Non,Non,Non,Non,Non,La peur d’un renforcement d’inégalités entre des personnes produisant des données d’une part et celles les analysant et en tirant des publications d’autre part.,"Un manque d’habitude de cette pratique dans les communautés de recherche (savoir faire, etc.)",,,Oui,Souvent,Oui,Oui,Oui,Oui,Oui,Oui,Non,Oui,Oui,Oui,Non,Non,Non,Non,Non,Non,Non,Nous sommes entre 6 et 10 personnes,Non,Non,Oui,Non,Oui,Non,Oui,Non,Non,Non,Non,Windows,Oui,Non,Oui,Oui,Non,Oui,Non,Non,Non,Non,Non,Oui,Non,Oui,Non,Non,Oui,Non,Non,Non,Non,Non,Non,Non,Non,Non,Oui,Non,Oui,Non,Non,Non,Oui,Oui,Non,Non,Non,Non,Non,Oui,Parfois,Plutôt insatisfait,Non,Oui,Non,Non,Non,Non,Non,Non,Oui,Non,Oui,Oui,Non,Non,Non,Non,Oui,Oui,Oui,Non,Non,Oui,Non,Non,Plus de dix ans,autre,Non,Non,Oui,Non,Fonctionnaire ou assimilé,Non,Non,Oui,Non,Non,Non,Non,Non,Non,archéologie,Un homme
214,957,Oui,Non,Oui,Oui,Oui,Oui,Non,Oui,Non,Oui,Oui,Non,Oui,Oui,Oui,Non,Oui,Non,Oui,Oui,Oui,Oui,Non,Oui,Oui,Non,Non,Oui,Tout à fait,Oui,Oui,Oui,Non,Oui,Oui,Oui,P,,3,2,2,3,1,2,,1,3,,2,P,Oui,Oui,Non,Non,Non,Oui,Oui,Non,Oui,Non,Non,Oui,Oui,Oui,Oui,Toujours,Souvent,Souvent,,Oui,Non,Non,Non,Non,Non,Non,Oui,Oui,Oui,Non,Non,Oui,Non,Oui,Non,Non,Non,Non,Non,Une volonté de valoriser le travail effectué avant un partage pour garder un avantage compétitif.,La peur d’un renforcement d’inégalités entre des personnes produisant des données d’une part et celles les analysant et en tirant des publications d’autre part.,"Des barrières juridiques et économiques contraignant leurs partage (contrat de consortium, valorisation, exclusivité, droit d’auteur).",Un temps trop important nécessaire à leur mise à disposition.,Oui,Parfois,Non,Oui,Oui,Oui,Oui,Oui,Oui,Oui,Oui,Non,Non,Non,Non,Non,Non,Non,Non,Nous sommes entre 2 et 5 personnes,Oui,Oui,Oui,Non,Non,Non,Non,Non,Non,Non,Non,Linux,Oui,Non,Non,Non,Non,Oui,Non,Oui,Non,Non,Oui,Oui,Oui,Non,Oui,Oui,Oui,Oui,Oui,Non,Non,Oui,Oui,Non,Oui,Non,Non,Non,Non,Non,Non,Non,Non,Oui,Oui,Non,Non,Non,Non,Non,,,Oui,Oui,Oui,Oui,Oui,Non,Non,Non,Non,Oui,Oui,Oui,Oui,Non,Oui,Non,Oui,Non,Oui,Non,Oui,Oui,Oui,Non,Plus de dix ans,Université,Oui,Non,Non,Non,Fonctionnaire ou assimilé,Non,Non,Non,Non,Non,Oui,Non,Non,Non,autre,Autre
215,1002,Non,Non,Non,Oui,Non,Oui,Oui,Oui,Non,Oui,Non,Non,Non,Non,Non,Non,Non,Non,Non,Non,Non,Non,Non,Non,Oui,Non,Non,Non,Pas du tout,Non,Non,Non,Oui,Oui,Non,Oui,3,1,3,1,,P,,M,2,1,3,M,M,,Non,Non,Oui,Oui,Non,Oui,Non,Oui,Non,Non,Non,Non,Non,Oui,Oui,Parfois,Jamais,Parfois,Parfois,Non,Non,Non,Non,Oui,Non,Non,Oui,Oui,Non,Non,Non,Non,Oui,Oui,Non,Non,Non,Non,Non,Une volonté de valoriser le travail effectué avant un partage pour garder un avantage compétitif.,La peur d’un renforcement d’inégalités entre des personnes produisant des données d’une part et celles les analysant et en tirant des publications d’autre part.,Une peur de mésusage des données par les personnes les réutilisant.,Un doute sur la capacité de réutilisation des données par d’autres (contextualisation et documentation nécessaire).,Je ne sais pas,Parfois,Non,Non,Non,Non,Oui,Oui,Oui,Non,Oui,Non,Non,Non,Non,Oui,Non,Non,Non,Nous sommes entre 2 et 5 personnes,Oui,Oui,Non,Non,Non,Non,Non,Non,Non,Non,Non,Windows,Non,Non,Non,Non,Non,Non,Non,Non,Non,Oui,Non,Non,Non,Non,Non,Non,Non,Non,Non,Non,Oui,Non,Non,Non,Non,Non,Non,Non,Non,Non,Oui,Non,Non,Oui,Non,Non,Non,Non,Non,Oui,Jamais,"Ni satisfait, ni insatisfait",Non,Oui,Non,Oui,Oui,Non,Non,Non,Non,Non,Non,Oui,Non,Oui,Oui,Non,Oui,Oui,Non,Non,Non,Non,Non,Non,Cinq à dix ans,autre,Non,Oui,Non,Non,Autre (précisez en commentaire),Non,Non,Oui,Non,Non,Non,Non,Non,Non,autre,
216,1007,Non,Non,Non,Oui,Non,Oui,Oui,Non,Non,Oui,Oui,Non,Non,Non,Non,Non,Non,Non,Non,Non,Non,Non,Oui,Non,Oui,Non,Non,Non,Assez,Oui,Non,Oui,Non,Oui,Non,Oui,2,M,2,,,2,,2,1,M,,M,1,,Non,Non,Oui,Non,Non,Oui,Oui,Oui,Oui,Non,Non,Non,Non,Non,Oui,Souvent,Parfois,Jamais,,Oui,Non,Non,Non,Non,Non,Non,Oui,Oui,Non,Non,Oui,Non,Non,Non,Non,Non,Non,Non,Non,Un doute sur la capacité de réutilisation des données par d’autres (contextualisation et documentation nécessaire).,"Un manque d’habitude de cette pratique dans les communautés de recherche (savoir faire, etc.)",Un temps trop important nécessaire à leur mise à disposition.,,Oui,Parfois,Non,Non,Non,Oui,Non,Non,Oui,Non,Non,Non,Oui,Non,Non,Non,Non,Non,Non,Nous sommes entre 2 et 5 personnes,Oui,Oui,Non,Non,Oui,Non,Non,Non,Non,Non,Non,Windows,Oui,Non,Non,Non,Non,Non,Non,Non,Non,Non,Oui,Oui,Non,Non,Non,Non,Oui,Non,Non,Non,Non,Oui,Non,Oui,Non,Non,Oui,Non,Non,Non,Non,Non,Non,Oui,Oui,Non,Oui,Non,Non,Oui,Parfois,Plutôt satisfait,Non,Oui,Non,Non,Non,Oui,Non,Non,Oui,Oui,Non,Non,Non,Non,Oui,Non,Oui,Oui,Non,Oui,Non,Non,Non,Non,Plus de dix ans,Université,Oui,Non,Non,Non,Fonctionnaire ou assimilé,Non,Non,Oui,Non,Non,Non,Non,Non,Non,histoire,Une femme
217,1009,Oui,Oui,Oui,Oui,Non,Oui,Non,Oui,Oui,Non,Non,Non,Oui,Non,Non,Non,Non,Non,Non,Non,Non,Non,Oui,Oui,Oui,Non,Non,Non,Assez,Non,Non,Oui,Oui,Oui,Non,Oui,2,,1,,M,1,,M,,M,M,M,M,M,Oui,Oui,Oui,Non,Oui,Oui,Oui,Non,Oui,Non,Non,Non,Non,Oui,Oui,Parfois,Jamais,Jamais,Jamais,Non,Non,Non,Oui,Non,Non,Non,Non,Oui,Non,Oui,Non,Non,Non,Non,Non,Non,Non,Non,Non,Une peur de mésusage des données par les personnes les réutilisant.,Un doute sur la capacité de réutilisation des données par d’autres (contextualisation et documentation nécessaire).,Des conditions éthiques limitant leur partage.,Un temps trop important nécessaire à leur mise à disposition.,Oui,Souvent,Oui,Non,Non,Oui,Oui,Oui,Oui,Non,Oui,Non,Non,Non,Non,Non,Non,Non,Non,Nous sommes entre 2 et 5 personnes,Oui,Non,Non,Non,Oui,Non,Non,Oui,Non,Non,Non,Windows,Non,Non,Non,Non,Non,Non,Non,Non,Non,Non,Non,Non,Non,Non,Non,Non,Non,Non,Non,Non,Oui,Non,Non,Non,Non,Non,Non,Non,Non,Non,Oui,Non,Non,Non,Oui,Non,Oui,Non,Non,Oui,Toujours,Plutôt satisfait,Oui,Non,Non,Non,Oui,Non,Non,Non,Non,Oui,Non,Non,Oui,Non,Oui,Non,Oui,Oui,Oui,Oui,Non,Non,Oui,Non,Cinq à dix ans,autre,Non,Non,Non,Non,Autre (précisez en commentaire),Non,Non,Oui,Non,Oui,Oui,Non,Non,Non,autre,Un homme
218,1038,Non,Non,Oui,Oui,Oui,Oui,Oui,Oui,Non,Oui,Oui,Non,Non,Oui,Oui,Non,Non,Non,Non,Non,Non,Non,Non,Non,Oui,Non,Non,Non,Tout à fait,Oui,Oui,Oui,Oui,Non,Non,Oui,1,M,1,1,1,1,M,M,1,M,1,M,1,1,Oui,Non,Oui,Non,Oui,Oui,Oui,Oui,Oui,Non,Oui,Oui,Oui,Non,Oui,Souvent,Souvent,Parfois,Jamais,Non,Non,Non,Non,Oui,Non,Non,Oui,Oui,Non,Non,Non,Oui,Oui,Non,Non,Non,Non,Non,Non,Une volonté de valoriser le travail effectué avant un partage pour garder un avantage compétitif.,Une peur de mésusage des données par les personnes les réutilisant.,"Des barrières juridiques et économiques contraignant leurs partage (contrat de consortium, valorisation, exclusivité, droit d’auteur).",Des conditions éthiques limitant leur partage.,Oui,Parfois,Non,Oui,Oui,Oui,Oui,Oui,Oui,Non,Oui,Non,Non,Non,Non,Oui,Non,Non,Non,Nous sommes entre 6 et 10 personnes,Oui,Oui,Non,Non,Oui,Non,Non,Non,Non,Oui,Non,MacOS,Oui,Non,Non,Oui,Non,Oui,Non,Non,Non,Non,Non,Oui,Oui,Non,Non,Non,Non,Non,Non,Non,Non,Oui,Oui,Oui,Oui,Non,Oui,Non,Oui,Non,Non,Non,Non,Oui,Oui,Non,Non,Non,Non,Oui,Parfois,Plutôt insatisfait,Oui,Oui,Non,Oui,Oui,Non,Non,Non,Oui,Oui,Oui,Oui,Oui,Oui,Non,Non,Oui,Oui,Oui,Oui,Oui,Oui,Non,Non,Plus de dix ans,école,Oui,Non,Non,Non,Fonctionnaire ou assimilé,Non,Non,Oui,Non,Non,Non,Non,Non,Non,géographie,Une femme
219,1040,Non,Non,Oui,Oui,Oui,Oui,Oui,Oui,Non,Oui,Non,Non,Non,Oui,Oui,Non,Oui,Non,Non,Non,Non,Non,Oui,Oui,Oui,Non,Non,Oui,Peu,Oui,Non,Non,Oui,Oui,Non,Oui,P,M,1,M,M,3,M,M,M,M,M,M,M,M,Oui,Non,Oui,Non,Oui,Oui,Non,Oui,Oui,Non,Non,Non,Non,Oui,Non,Toujours,Parfois,Parfois,Jamais,Non,Non,Non,Non,Oui,Non,Oui,Oui,Oui,Non,Non,Non,Non,Oui,Oui,Non,Non,Non,Non,Non,Une mauvaise qualité des données en l’état.,Une volonté de valoriser le travail effectué avant un partage pour garder un avantage compétitif.,Une peur de mésusage des données par les personnes les réutilisant.,Un doute sur la capacité de réutilisation des données par d’autres (contextualisation et documentation nécessaire).,Non,Toujours,Non,Non,Non,Oui,Oui,Oui,Non,Oui,Oui,Oui,Oui,Oui,Non,Oui,Non,Non,Non,Nous sommes entre 2 et 5 personnes,Oui,Oui,Oui,Non,Oui,Non,Non,Non,Non,Oui,Non,Windows,Oui,Non,Oui,Non,Oui,Oui,Non,Oui,Oui,Non,,,,,,,,,,,,,,,,,,,,,,Non,Oui,Oui,Non,Non,Non,Non,Non,Non,,,Oui,Oui,Oui,Oui,Oui,Non,Non,Non,Oui,Non,Oui,Oui,Non,Non,Non,Non,Oui,Non,Oui,Non,Non,Non,Oui,Non,Plus de dix ans,autre,Non,Non,Oui,Non,Fonctionnaire ou assimilé,Non,Non,Oui,Non,Non,Non,Non,Non,Non,,Un homme
220,1054,Non,Non,Non,Oui,Non,Oui,Non,Oui,Oui,Non,Non,Non,Oui,Non,Oui,Non,Oui,Non,Non,Oui,Non,Non,Non,Oui,Non,Non,Non,Oui,Peu,Oui,Non,Non,Non,Oui,Non,Oui,M,M,,M,M,,,M,,M,,M,M,M,Non,Non,Oui,Oui,Oui,Non,Oui,Oui,Non,Non,Non,Non,Non,Oui,Oui,Souvent,Jamais,Parfois,Jamais,Non,Non,Oui,Oui,Non,Non,Non,Non,Non,Non,Non,Oui,Oui,Oui,Non,Non,Non,Non,Non,Non,Une volonté de valoriser le travail effectué avant un partage pour garder un avantage compétitif.,"Un manque d’habitude de cette pratique dans les communautés de recherche (savoir faire, etc.)","Des barrières juridiques et économiques contraignant leurs partage (contrat de consortium, valorisation, exclusivité, droit d’auteur).",Une peur de mésusage des données par les personnes les réutilisant.,Non,Parfois,Non,Non,Non,Non,Non,Oui,Non,Non,Non,Non,Oui,Non,Non,Non,Non,Non,Non,Nous sommes entre 2 et 5 personnes,Oui,Oui,Non,Non,Oui,Non,Oui,Non,Oui,Oui,Non,Windows,Oui,Non,Non,Non,Non,Non,Non,Non,Non,Non,Oui,Oui,Non,Non,Non,Oui,Non,Non,Non,Non,Non,Oui,Non,Non,Oui,Oui,Oui,Non,Oui,Non,Non,Non,Non,Oui,Non,Non,Non,Non,Non,Oui,Parfois,,Non,Oui,Oui,Oui,Oui,Non,Oui,Non,Oui,Oui,Oui,Oui,Oui,Oui,Non,Non,Oui,Non,Oui,Non,Non,Oui,Oui,Non,Plus de dix ans,Université,Non,Non,Oui,Non,Fonctionnaire ou assimilé,Oui,Non,Non,Non,Non,Non,Non,Non,Non,,Une femme
221,1058,Non,Non,Oui,Oui,Oui,Oui,Oui,Oui,Non,Non,Oui,Non,Oui,Oui,Oui,Non,Non,Non,Non,Non,Non,Non,Oui,Non,Non,Non,Non,Oui,Peu,Non,Non,Non,Non,Oui,Non,Oui,1,,M,,1,3,,,,M,,,,,Oui,Non,Oui,Non,Non,Non,Non,Oui,Oui,Non,Non,Non,Oui,Non,Non,Souvent,Parfois,Jamais,Jamais,Non,Non,Non,Non,Oui,Non,Non,Non,Non,Oui,Non,Non,Oui,Non,Non,Non,Non,Non,Non,Non,Un doute sur la capacité de réutilisation des données par d’autres (contextualisation et documentation nécessaire).,Une peur de mésusage des données par les personnes les réutilisant.,"Un manque d’habitude de cette pratique dans les communautés de recherche (savoir faire, etc.)",,Je ne sais pas,Parfois,Non,Non,Non,Oui,Non,Oui,Oui,Non,Oui,Non,Non,Non,Non,Non,Non,Non,Non,Nous sommes entre 6 et 10 personnes,Oui,Oui,Non,Non,Non,Non,Non,Non,Non,Non,Oui,Windows,Oui,Non,Non,Non,Non,Non,Non,Non,Non,Non,Oui,Non,Non,Non,Non,Non,Non,Non,Oui,Non,Non,Non,Non,Non,Oui,Non,Non,Non,Non,Non,Non,Non,Oui,Oui,Oui,Non,Non,Non,Non,Non,,,Non,Oui,Non,Non,Non,Non,Non,Non,Oui,Oui,Oui,Oui,Non,Non,Non,Non,Non,Non,Oui,Non,Non,Non,Oui,Non,Plus de dix ans,Université,Oui,Non,Non,Non,Fonctionnaire ou assimilé,Non,Non,Oui,Non,Non,Non,Non,Non,Non,sociologie,Une femme
222,1082,Non,Non,Non,Oui,Non,Non,Oui,Oui,Non,Non,Non,Non,Non,Non,Non,Non,Non,Non,Non,Non,Non,Non,Non,Non,Non,Non,Non,Oui,Peu,Non,Non,Non,Oui,Oui,Non,Oui,M,,,,,,,,,,,,,,Non,Non,Oui,Non,Non,Oui,Non,Non,Non,Non,Oui,Non,Oui,Non,Non,Souvent,Parfois,,,Non,Non,Non,Non,Oui,Oui,Oui,Non,Oui,Non,Non,Non,Non,Non,Non,Non,Non,Non,Non,Non,Un temps trop important nécessaire à leur mise à disposition.,Un doute sur la capacité de réutilisation des données par d’autres (contextualisation et documentation nécessaire).,"Un manque d’habitude de cette pratique dans les communautés de recherche (savoir faire, etc.)","Des barrières juridiques et économiques contraignant leurs partage (contrat de consortium, valorisation, exclusivité, droit d’auteur).",Je ne sais pas,Parfois,Oui,Non,Oui,Non,Non,Non,Oui,Oui,Oui,Non,Non,Non,Non,Non,Non,Non,Non,Nous sommes entre 2 et 5 personnes,Oui,Non,Oui,Non,Non,Non,Non,Non,Non,Non,Non,Windows,Oui,Non,Non,Non,Non,Non,Non,Non,Non,Non,Oui,Non,Non,Non,Oui,Non,Non,Non,Non,Non,Non,Non,Non,Oui,Non,Non,Non,Oui,Oui,Non,Non,Non,Non,Oui,Non,Non,Oui,Non,Non,Oui,Parfois,"Ni satisfait, ni insatisfait",Non,Oui,Non,Non,Non,Non,Non,Non,Non,Oui,Non,Oui,Non,Oui,Oui,Non,Oui,Non,Non,Oui,Oui,Oui,Non,Non,Moins de cinq ans,,Non,Non,Non,Oui,Fonctionnaire ou assimilé,Non,Non,Non,Non,Oui,Non,Non,Non,Non,,Une femme
223,1090,Non,Non,Oui,Non,Non,Non,Non,Oui,Non,Non,Non,Non,Non,Non,Non,Non,Non,Non,Non,Non,Non,Non,Oui,Non,Non,Non,Non,Non,Assez,Non,Non,Non,Non,Oui,Non,Non,3,,1,,,3,,,,,,,M,,Oui,Non,Non,Non,Non,Oui,Non,Non,Oui,Non,Non,Non,Non,Non,Oui,Souvent,,Souvent,,Oui,Non,Non,Non,Non,Non,Non,Non,Oui,Non,Non,Non,Non,Oui,Non,Non,Non,Non,Non,Non,Une volonté de valoriser le travail effectué avant un partage pour garder un avantage compétitif.,Un temps trop important nécessaire à leur mise à disposition.,"Un manque d’habitude de cette pratique dans les communautés de recherche (savoir faire, etc.)",Une peur de mésusage des données par les personnes les réutilisant.,Je ne sais pas,Souvent,Non,Non,Non,Non,Non,Oui,Oui,Non,Non,Non,Non,Non,Non,Non,Non,Non,Non,Je travaille seul.e,,,,,,,,,,,,MacOS,Oui,Non,Non,Non,Non,Non,Non,Non,Non,Non,Oui,Non,Non,Non,Non,Non,Non,Non,Non,Non,Non,Non,Non,Non,Non,Non,Non,Non,Non,Non,Oui,Non,Non,Oui,Non,Non,Non,Non,Non,Non,,,Oui,Oui,Non,Non,Non,Non,Non,Non,Oui,Oui,Oui,Non,Oui,Oui,Oui,Non,Oui,Non,Oui,Non,Oui,Oui,Non,Non,Cinq à dix ans,autre,Non,Oui,Non,Non,Autre (précisez en commentaire),Non,Non,Oui,Non,Non,Non,Non,Non,Non,autre,Une femme
224,1096,Oui,Non,Oui,Oui,Non,Oui,Oui,Oui,Non,Non,Non,Oui,Non,Oui,Oui,Non,Oui,Oui,Oui,Oui,Non,Non,Non,Oui,Oui,Non,Non,Oui,Peu,Oui,Oui,Oui,Oui,Oui,Non,Oui,3,M,1,1,2,3,,1,M,M,2,M,2,M,Oui,Non,Oui,Oui,Oui,Oui,Oui,Non,Oui,Non,Non,Non,Oui,Oui,Oui,Souvent,Souvent,Souvent,Souvent,Oui,Non,Non,Non,Non,Non,Non,Oui,Oui,Non,Non,Oui,Non,Oui,Non,Non,Non,Non,Non,Non,La peur d’un renforcement d’inégalités entre des personnes produisant des données d’une part et celles les analysant et en tirant des publications d’autre part.,Un temps trop important nécessaire à leur mise à disposition.,"Des barrières juridiques et économiques contraignant leurs partage (contrat de consortium, valorisation, exclusivité, droit d’auteur).","Un manque d’habitude de cette pratique dans les communautés de recherche (savoir faire, etc.)",Oui,Parfois,Non,Oui,Oui,Oui,Oui,Oui,Oui,Oui,Oui,Oui,Oui,Non,Non,Non,Non,Non,Non,Nous sommes entre 2 et 5 personnes,Oui,Oui,Oui,Non,Oui,Non,Oui,Oui,Oui,Oui,Oui,Windows,Oui,Non,Oui,Non,Non,Oui,Oui,Non,Non,Non,Oui,Oui,Oui,Non,Non,Oui,Oui,Oui,Oui,Oui,Non,Non,Oui,Oui,Oui,Oui,Oui,Non,Oui,Non,Non,Non,Oui,Oui,Non,Non,Oui,Non,Non,Non,,,Oui,Oui,Non,Oui,Oui,Non,Non,Non,Oui,Oui,Oui,Oui,Oui,Oui,Oui,Non,Oui,Oui,Oui,Oui,Oui,Oui,Oui,Non,Moins de cinq ans,Université,Oui,Non,Non,Non,Autre (précisez en commentaire),Non,Non,Oui,Non,Non,Non,Non,Non,Non,autre,Un homme
225,1098,Non,Non,Non,Oui,Non,Oui,Oui,Non,Non,Oui,Non,Non,Non,Non,Oui,Non,Non,Non,Non,Oui,Non,Non,Non,Non,Oui,Non,Non,Oui,Peu,Non,Non,Non,Oui,Non,Non,Oui,M,M,M,,,1,,,1,M,,,M,,Non,Non,Non,Oui,Non,Oui,Non,Oui,Oui,Non,Non,Non,Non,Non,Non,Parfois,Parfois,Parfois,Parfois,Oui,Non,Oui,Non,Non,Non,Non,Oui,Oui,Non,Non,Non,Oui,Non,Non,Non,Non,Non,Non,Non,"Un manque d’habitude de cette pratique dans les communautés de recherche (savoir faire, etc.)",Une volonté de valoriser le travail effectué avant un partage pour garder un avantage compétitif.,,,Je ne sais pas,Souvent,Non,Non,Oui,Oui,Non,Oui,Non,Oui,Non,Non,Non,Non,Oui,Non,Non,Non,Non,Nous sommes entre 2 et 5 personnes,Oui,Oui,Oui,Non,Non,Non,Non,Non,Non,Non,Non,Windows,Oui,Non,Non,Non,Non,Non,Non,Non,Non,Non,Oui,Oui,Oui,Oui,Non,Non,Non,Non,Oui,Non,Non,Oui,Oui,Non,Non,Non,Non,Non,Oui,Non,Non,Non,Oui,Oui,Non,Non,Non,Non,Non,Non,,,Non,Oui,Oui,Oui,Non,Oui,Non,Non,Non,Non,Oui,Oui,Non,Non,Non,Non,Oui,Non,Oui,Non,Non,Non,Non,Non,Plus de dix ans,Université,Oui,Non,Non,Non,Fonctionnaire ou assimilé,Oui,Non,Non,Non,Non,Non,Non,Non,Non,autre,Un homme
226,1149,Non,Non,Non,Oui,Non,Non,Oui,Non,Non,Oui,Non,Non,Oui,Non,Oui,Non,Non,Non,Non,Non,Non,Non,Oui,Non,Non,Non,Non,Non,Assez,Non,Non,Non,Oui,Non,Non,Non,,,,,,,,,,,P,,,,Oui,Non,Oui,Oui,Oui,Oui,Oui,Oui,Oui,Oui,Non,Non,Non,Non,Oui,,,,,Non,Non,Non,Non,Oui,Non,Non,Non,Oui,Non,Non,Non,Non,Non,Non,Non,Non,Non,Oui,Non,"Un manque d’habitude de cette pratique dans les communautés de recherche (savoir faire, etc.)",Une volonté de valoriser le travail effectué avant un partage pour garder un avantage compétitif.,Un temps trop important nécessaire à leur mise à disposition.,"Des barrières juridiques et économiques contraignant leurs partage (contrat de consortium, valorisation, exclusivité, droit d’auteur).",Je ne sais pas,Toujours,Oui,Oui,Oui,Non,Oui,Oui,Oui,Non,Oui,Non,Non,Non,Non,Non,Non,Non,Non,Nous sommes entre 2 et 5 personnes,Oui,Non,Non,Non,Non,Non,Non,Non,Non,Non,Non,Windows,Oui,Non,Non,Non,Oui,Oui,Non,Non,Non,Non,Oui,Non,Non,Non,Non,Non,Non,Non,Non,Non,Non,Non,Non,Non,Non,Non,Non,Non,Oui,Oui,Non,Non,Non,Non,Non,Non,Non,Non,Oui,Non,,,Oui,Non,Oui,Non,Oui,Oui,Oui,Non,Non,Oui,Oui,Oui,Oui,Oui,Oui,Non,Oui,Oui,Oui,Oui,Non,Oui,Oui,Non,Moins de cinq ans,Université,Non,Non,Non,Non,En CDI,Non,Non,Oui,Non,Non,Non,Non,Non,Non,histoire,Un homme
227,1150,Non,Non,Oui,Oui,Oui,Oui,Oui,Oui,Non,Oui,Non,Non,Oui,Non,Oui,Non,Non,Non,Non,Oui,Non,Non,Oui,Oui,Oui,Non,Non,Oui,Peu,Oui,Oui,Oui,Oui,Non,Non,Oui,M,P,,M,1,,M,M,M,1,,1,M,,Non,Non,Non,Non,Non,Oui,Non,Non,Non,Non,Non,Non,Non,Oui,Oui,Jamais,Jamais,Jamais,Jamais,Non,Non,Non,Non,Non,Oui,Non,Non,Non,Non,Non,Non,Non,Non,Non,Non,Non,Non,Oui,Non,"Un manque d’habitude de cette pratique dans les communautés de recherche (savoir faire, etc.)",Un temps trop important nécessaire à leur mise à disposition.,,,Je ne sais pas,Parfois,Non,Oui,Oui,Non,Non,Oui,Oui,Non,Non,Non,Non,Non,Non,Non,Non,Non,Non,Nous sommes entre 2 et 5 personnes,Oui,Oui,Non,Non,Non,Non,Non,Non,Non,Non,Non,MacOS,Non,Non,Non,Non,Non,Non,Non,Non,Non,Oui,Oui,Non,Non,Non,Non,Non,Non,Non,Non,Non,Non,Non,Non,Non,Non,Non,Non,Non,Non,Non,Oui,Non,Non,Oui,Non,Non,Non,Non,Non,Oui,Jamais,,Non,Oui,Non,Non,Non,Non,Non,Non,Oui,Oui,Oui,Oui,Oui,Oui,Oui,Non,Oui,Non,Non,Non,Non,Non,Oui,Non,Plus de dix ans,autre,Oui,Non,Non,Non,En CDI,Non,Non,Non,Non,Non,Non,Non,Non,Non,autre,Une femme
228,1162,Non,Non,Non,Non,Oui,Oui,Oui,Non,Non,Oui,Non,Oui,Non,Non,Oui,Non,Oui,Non,Non,Oui,Non,Non,Oui,Non,Oui,Non,Non,Non,Peu,Oui,Non,Oui,Oui,Non,Non,Non,,,,,,,,,,,,,,,Non,Non,Oui,Oui,Non,Oui,Oui,Oui,Oui,Non,Non,Non,Oui,Oui,Non,Souvent,,,,Non,Non,Non,Non,Oui,Non,Non,Oui,Non,Non,Non,Non,Non,Non,Non,Non,Non,Non,Non,Non,Un doute sur la capacité de réutilisation des données par d’autres (contextualisation et documentation nécessaire).,Une volonté de valoriser le travail effectué avant un partage pour garder un avantage compétitif.,Un temps trop important nécessaire à leur mise à disposition.,,Oui,Souvent,Oui,Oui,Oui,Oui,Oui,Oui,Non,Oui,Oui,Non,Non,Non,Non,Non,Non,Non,Non,Nous sommes entre 2 et 5 personnes,Oui,Non,Oui,Non,Non,Non,Non,Non,Non,Non,Non,Windows,Oui,Non,Non,Oui,Non,Oui,Non,Non,Non,Non,Oui,Oui,Non,Non,Non,Non,Oui,Non,Oui,Non,Non,Non,Non,Non,Oui,Non,Non,Non,Oui,Non,Non,Non,Oui,Non,Oui,Non,Non,Non,Non,Oui,Parfois,Plutôt satisfait,Non,Non,Non,Oui,Oui,Non,Non,Non,Non,Non,Oui,Non,Non,Non,Non,Non,Non,Oui,Oui,Non,Non,Oui,Non,Non,Plus de dix ans,Université,Oui,Non,Non,Non,Fonctionnaire ou assimilé,Non,Non,Oui,Non,Non,Non,Non,Non,Non,histoire,Une femme
229,1167,Non,Non,Non,Non,Oui,Non,Oui,Non,Non,Non,Non,Non,Non,Non,Oui,Non,Non,Non,Non,Non,Non,Non,Oui,Non,Non,Non,Non,Non,Tout à fait,Oui,Non,Non,Oui,Oui,Non,Non,P,P,1,,,1,,,,,2,P,,,Non,Non,Oui,Non,Non,Oui,Oui,Oui,Oui,Non,Non,Non,Non,Non,Non,Toujours,Toujours,Toujours,Souvent,Oui,Non,Non,Oui,Non,Non,Oui,Oui,Oui,Non,Non,Non,Non,Oui,Non,Non,Non,Non,Non,Non,"Des barrières juridiques et économiques contraignant leurs partage (contrat de consortium, valorisation, exclusivité, droit d’auteur).",Une peur de mésusage des données par les personnes les réutilisant.,"Un manque d’habitude de cette pratique dans les communautés de recherche (savoir faire, etc.)",,Oui,Souvent,Non,Non,Non,Oui,Non,Non,Non,Oui,Oui,Oui,Non,Oui,Non,Non,Non,Non,Non,Nous sommes entre 2 et 5 personnes,Oui,Oui,Non,Oui,Oui,Non,Non,Non,Non,Non,Oui,Windows,Oui,Non,Oui,Non,Non,Oui,Non,Non,Non,Non,Oui,Non,Oui,Non,Non,Non,Oui,Non,Oui,Non,Non,Non,Non,Non,Non,Non,Non,Non,Oui,Non,Non,Non,Oui,Oui,Non,Non,Non,Non,Non,Non applicable,,,Non,Non,Non,Non,Non,Oui,Non,Non,Non,Non,Oui,Non,Oui,Non,Oui,Non,Non,Non,Non,Non,Non,Oui,Non,Non,Plus de dix ans,autre,Oui,Non,Non,Non,Autre (précisez en commentaire),Non,Non,Oui,Non,Non,Oui,Non,Non,Non,biologie,Un homme
230,1171,Non,Non,Oui,Oui,Non,Oui,Oui,Oui,Non,Oui,Non,Non,Non,Non,Oui,Non,Non,Non,Non,Non,Non,Non,Non,Non,Oui,Non,Non,Oui,Peu,Oui,Non,Non,Oui,Non,Non,Non,2,M,2,,,1,,,,1,,M,,,Oui,Non,Oui,Oui,Non,Oui,Non,Oui,Oui,Non,Non,Non,Non,Non,Oui,Souvent,,,,Non,Non,Non,Non,Oui,Non,Oui,Non,Oui,Non,Non,Non,Non,Oui,Non,Non,Non,Non,Non,Non,"Un manque d’habitude de cette pratique dans les communautés de recherche (savoir faire, etc.)","Des barrières juridiques et économiques contraignant leurs partage (contrat de consortium, valorisation, exclusivité, droit d’auteur).","Une perspective de mise à disposition qui vient limiter, freiner le travail interprétatif possible.",Un temps trop important nécessaire à leur mise à disposition.,Je ne sais pas,Parfois,Non,Oui,Oui,Non,Non,Oui,Oui,Non,Oui,Non,Non,Non,Non,Non,Non,Non,Non,Nous sommes entre 2 et 5 personnes,Oui,Oui,Non,Non,Non,Non,Non,Non,Non,Non,Non,Linux,Non,Non,Oui,Non,Non,Oui,Non,Non,Non,Non,Oui,Non,Non,Non,Non,Non,Non,Non,Non,Non,Non,Non,Non,Non,Oui,Non,Non,Non,Non,Oui,Non,Non,Non,Oui,Non,Non,Non,Non,Non,Non,,,Oui,Non,Oui,Oui,Non,Non,Non,Non,Oui,Oui,Oui,Non,Non,Non,Non,Non,Non,Non,Oui,Non,Non,Non,Oui,Non,Plus de dix ans,CNRS,Oui,Non,Non,Non,Fonctionnaire ou assimilé,Non,Non,Non,Non,Oui,Non,Non,Non,Non,sociologie,Une femme
231,1179,Non,Non,Oui,Oui,Non,Oui,Oui,Oui,Non,Oui,Non,Non,Non,Non,Non,Non,Non,Non,Non,Non,Non,Non,Non,Non,Non,Non,Non,Oui,Peu,Oui,Non,Non,Non,Oui,Oui,Oui,,,1,,,1,,,,,,1,1,,Non,Non,Non,Non,Non,Oui,Oui,Oui,Non,Non,Non,Non,Non,Non,Oui,Souvent,Jamais,Souvent,Jamais,Non,Non,Non,Non,Non,Oui,Non,Non,Oui,Non,Non,Non,Oui,Non,Non,Non,Non,Non,Non,Non,"Des barrières juridiques et économiques contraignant leurs partage (contrat de consortium, valorisation, exclusivité, droit d’auteur).",Un temps trop important nécessaire à leur mise à disposition.,Une volonté de valoriser le travail effectué avant un partage pour garder un avantage compétitif.,,Je ne sais pas,Parfois,Oui,Non,Non,Non,Non,Oui,Non,Oui,Non,Non,Oui,Non,Non,Non,Non,Non,Non,Nous sommes entre 6 et 10 personnes,Non,Non,Oui,Non,Oui,Non,Oui,Non,Non,Oui,Non,Windows,Non,Non,Non,Non,Non,Non,Non,Non,Non,Non,Oui,Non,Non,Non,Non,Non,Oui,Oui,Non,Oui,Non,Non,Non,Non,Oui,Non,Oui,Oui,Non,Non,Non,Non,Non,Non,Oui,Non,Oui,Non,Non,Non,,,Non,Oui,Non,Oui,Oui,Non,Non,Non,Non,Non,Non,Oui,Oui,Oui,Oui,Non,Oui,Non,Oui,Non,Non,Non,Non,Non,Plus de dix ans,autre,Non,Non,Non,Non,Fonctionnaire ou assimilé,Non,Non,Oui,Non,Non,Non,Non,Non,Non,,Une femme
232,1185,Non,Non,Oui,Non,Non,Oui,Oui,Oui,Non,Oui,Non,Non,Oui,Oui,Oui,Non,Oui,Non,Oui,Non,Non,Non,Oui,Non,Oui,Non,Non,Non,Tout à fait,Oui,Non,Non,Non,Non,Non,Non,2,1,2,2,2,P,2,2,,2,2,,,,Oui,Non,Oui,Non,Oui,Oui,Non,Oui,Oui,Non,Non,Non,Non,Oui,Non,Parfois,Parfois,Souvent,Jamais,Oui,Non,Oui,Non,Non,Non,Non,Oui,Non,Non,Non,Non,Oui,Oui,Non,Non,Non,Non,Non,Non,La peur d’un renforcement d’inégalités entre des personnes produisant des données d’une part et celles les analysant et en tirant des publications d’autre part.,Une volonté de valoriser le travail effectué avant un partage pour garder un avantage compétitif.,Un doute sur la capacité de réutilisation des données par d’autres (contextualisation et documentation nécessaire).,Un temps trop important nécessaire à leur mise à disposition.,Je ne sais pas,Parfois,Non,Non,Oui,Non,Oui,Non,Non,Non,Non,Non,Non,Non,Non,Non,Non,Non,Oui,Nous sommes entre 2 et 5 personnes,Oui,Non,Non,Non,Non,Non,Non,Non,Non,Non,Oui,Windows,Oui,Non,Non,Oui,Non,Non,Non,Non,Non,Non,Oui,Oui,Oui,Non,Non,Non,Oui,Non,Oui,Non,Non,Oui,Non,Non,Oui,Non,Oui,Non,Oui,Non,Non,Non,Non,Oui,Non,Non,Non,Non,Oui,Non applicable,,,Non,Oui,Non,Non,Non,Non,Non,Non,Oui,Non,Non,Oui,Oui,Non,Oui,Non,Non,Non,Oui,Non,Oui,Non,Non,Non,Plus de dix ans,Université,Oui,Non,Non,Non,Fonctionnaire ou assimilé,Non,Non,Oui,Non,Non,Non,Non,Non,Non,linguistique,Une femme
233,1187,Non,Non,Oui,Oui,Oui,Oui,Oui,Non,Non,Non,Oui,Non,Non,Non,Oui,Non,Oui,Oui,Non,Non,Oui,Non,Non,Oui,Oui,Non,Non,Non,Tout à fait,Oui,Oui,Oui,Non,Non,Non,Non,2,,1,1,1,P,1,2,3,1,2,,1,,Non,Non,Oui,Oui,Non,Non,Oui,Non,Non,Non,Oui,Non,Oui,Oui,Oui,Parfois,Jamais,,,Non,Non,Non,Non,Non,Oui,Oui,Non,Non,Non,Non,Non,Non,Non,Non,Non,Non,Non,Non,Non,Une volonté de valoriser le travail effectué avant un partage pour garder un avantage compétitif.,Un doute sur la capacité de réutilisation des données par d’autres (contextualisation et documentation nécessaire).,Un temps trop important nécessaire à leur mise à disposition.,"Un manque d’habitude de cette pratique dans les communautés de recherche (savoir faire, etc.)",Je ne sais pas,Souvent,Non,Oui,Oui,Oui,Oui,Oui,Oui,Non,Non,Non,Non,Non,Non,Oui,Non,Non,Non,Je travaille seul.e,,,,,,,,,,,,Windows,Non,Non,Non,Non,Oui,Non,Non,Oui,Oui,Non,,,,,,,,,,,,,,,,,,,,,,Non,Non,Non,Non,Non,Non,Non,Oui,Non,,,Oui,Non,Oui,Non,Non,Non,Non,Non,Oui,Non,Non,Non,Oui,Oui,Oui,Non,Oui,Non,Oui,Non,Non,Non,Oui,Non,Moins de cinq ans,autre,Non,Oui,Non,Non,Travailleur/travailleuse indépendante,Non,Non,Oui,Non,Non,Non,Non,Non,Non,,Une femme
234,1193,Non,Non,Non,Oui,Non,Oui,Non,Oui,Non,Oui,Non,Non,Oui,Non,Oui,Non,Non,Non,Non,Non,Non,Non,Non,Non,Non,Non,Non,Oui,Pas du tout,Non,Non,Non,Oui,Oui,Non,Oui,P,1,,M,,2,,,,,,,,,Non,Non,Oui,Oui,Non,Oui,Oui,Non,Non,Non,Non,Non,Non,Non,Oui,Parfois,Parfois,Jamais,,Oui,Non,Oui,Non,Non,Non,Non,Non,Oui,Non,Non,Non,Non,Non,Non,Non,Non,Non,Non,Non,"Un manque d’habitude de cette pratique dans les communautés de recherche (savoir faire, etc.)",Une volonté de valoriser le travail effectué avant un partage pour garder un avantage compétitif.,Des conditions éthiques limitant leur partage.,"Des barrières juridiques et économiques contraignant leurs partage (contrat de consortium, valorisation, exclusivité, droit d’auteur).",Oui,Souvent,Non,Non,Oui,Oui,Oui,Oui,Oui,Non,Oui,Non,Non,Non,Non,Non,Non,Non,Non,Je travaille seul.e,,,,,,,,,,,,Windows,Oui,Non,Non,Non,Non,Non,Non,Non,Non,Non,Oui,Non,Non,Non,Non,Non,Non,Non,Non,Non,Non,Non,Non,Non,Non,Non,Non,Non,Oui,Non,Non,Non,Non,Non,Non,Non,Non,Non,Oui,Oui,Parfois,Plutôt satisfait,Non,Non,Non,Non,Oui,Non,Non,Non,Non,Non,Non,Oui,Oui,Non,Oui,Non,Oui,Non,Oui,Non,Oui,Oui,Oui,Non,Plus de dix ans,autre,Oui,Non,Non,Non,Fonctionnaire ou assimilé,Oui,Non,Non,Non,Non,Non,Non,Non,Non,autre,Une femme
235,1196,Non,Non,Oui,Non,Oui,Oui,Oui,Oui,Non,Oui,Oui,Non,Non,Non,Oui,Non,Oui,Non,Non,Oui,Non,Non,Oui,Non,Oui,Non,Non,Non,Peu,Non,Non,Non,Oui,Oui,Non,Oui,2,M,M,M,1,3,,,M,M,,1,,1,Oui,Non,Non,Non,Oui,Non,Oui,Non,Oui,Non,Non,Non,Oui,Oui,Oui,Souvent,Jamais,Non applicable,Non applicable,Non,Non,Non,Non,Oui,Non,Oui,Non,Non,Non,Non,Non,Non,Non,Non,Non,Non,Non,Non,Non,Un doute sur la capacité de réutilisation des données par d’autres (contextualisation et documentation nécessaire).,Une mauvaise qualité des données en l’état.,Un temps trop important nécessaire à leur mise à disposition.,Des conditions éthiques limitant leur partage.,Non,Souvent,Oui,Oui,Non,Oui,Oui,Non,Non,Non,Oui,Non,Oui,Non,Oui,Non,Non,Non,Non,Nous sommes entre 2 et 5 personnes,Oui,Oui,Oui,Non,Non,Non,Non,Non,Non,Non,Non,Linux,Oui,Non,Non,Non,Non,Non,Non,Non,Non,Non,Oui,Oui,Non,Non,Oui,Oui,Oui,Oui,Oui,Oui,Non,Non,Non,Oui,Oui,Non,Oui,Oui,Oui,Oui,Non,Non,Non,Oui,Oui,Non,Non,Non,Non,Oui,Parfois,"Ni satisfait, ni insatisfait",Oui,Oui,Oui,Oui,Non,Non,Non,Non,Oui,Oui,Oui,Oui,Oui,Non,Non,Non,Oui,Oui,Oui,Oui,Non,Oui,Oui,Non,Plus de dix ans,école,Non,Non,Oui,Non,Fonctionnaire ou assimilé,Non,Non,Oui,Non,Non,Non,Non,Non,Non,autre,Une femme
236,48,Non,Non,Oui,Non,Oui,Oui,Non,Non,Non,Non,Non,Non,Oui,Non,Non,Non,Non,Oui,Non,Non,Non,Non,Non,Oui,Non,Non,Non,Non,Pas du tout,Oui,Non,Non,Non,Non,Non,Oui,1,,3,,,2,,,,,,,,,Non,Non,Oui,Non,Non,Non,Non,Non,Oui,Non,Non,Oui,Oui,Oui,Non,Parfois,Non applicable,Non applicable,Non applicable,Non,Non,Non,Non,Non,Oui,Non,Oui,Non,Non,Non,Non,Non,Oui,Non,Non,Non,Oui,Non,Non,Un temps trop important nécessaire à leur mise à disposition.,"Des barrières juridiques et économiques contraignant leurs partage (contrat de consortium, valorisation, exclusivité, droit d’auteur).","Un manque d’habitude de cette pratique dans les communautés de recherche (savoir faire, etc.)",,Oui,Souvent,Non,Oui,Non,Non,Oui,Non,Non,Oui,Oui,Non,Non,Non,Non,Oui,Non,Non,Non,Nous sommes entre 2 et 5 personnes,Oui,Non,Non,Non,Non,Non,Non,Non,Non,Non,Non,Windows,Oui,Non,Non,Oui,Non,Non,Non,Oui,Non,Non,Non,Oui,Non,Non,Non,Non,Non,Non,Non,Non,Non,Oui,Non,Non,Non,Non,Oui,Non,Oui,Non,Non,Non,Non,Oui,Oui,Oui,Non,Non,Non,Non,,,Non,Oui,Non,Oui,Oui,Non,Non,Non,Non,Non,Oui,Non,Oui,Non,Non,Non,Oui,Oui,Non,Non,Non,Non,Non,Non,Plus de dix ans,Université,Oui,Non,Non,Non,Fonctionnaire ou assimilé,Non,Non,Oui,Non,Non,Non,Non,Non,Non,autre,Une femme
237,78,Non,Non,Non,Non,Oui,Non,Non,Non,Non,Non,Oui,Oui,Oui,Oui,Oui,Non,Non,Oui,Non,Oui,Non,Non,Non,Non,Oui,Non,Non,Non,Tout à fait,Non,Non,Oui,Non,Non,Non,Oui,P,,2,2,2,P,P,2,,2,P,,,1,Non,Non,Oui,Non,Oui,Non,Non,Non,Oui,Non,Non,Non,Oui,Non,Non,Parfois,Jamais,Jamais,Jamais,Oui,Non,Non,Non,Non,Non,Non,Oui,Non,Non,Non,Non,Non,Non,Non,Non,Non,Non,Non,Non,"Un manque d’habitude de cette pratique dans les communautés de recherche (savoir faire, etc.)",Une volonté de valoriser le travail effectué avant un partage pour garder un avantage compétitif.,"Des barrières juridiques et économiques contraignant leurs partage (contrat de consortium, valorisation, exclusivité, droit d’auteur).",,Oui,Souvent,Non,Non,Oui,Non,Oui,Non,Non,Oui,Non,Non,Oui,Non,Non,Non,Non,Non,Non,Nous sommes entre 2 et 5 personnes,Oui,Oui,Non,Non,Non,Non,Non,Non,Non,Non,Non,Windows,Non,Non,Non,Non,Oui,Non,Non,Non,Non,Non,Non,Oui,Non,Non,Non,Non,Oui,Non,Non,Non,Non,Oui,Non,Non,Non,Non,Non,Non,Non,Non,Non,Non,Non,Oui,Non,Non,Non,Non,Non,Oui,Jamais,,Non,Non,Non,Non,Non,Non,Non,Oui,Non,Non,Non,Oui,Non,Non,Oui,Non,Non,Non,Oui,Non,Non,Non,Non,Non,Plus de dix ans,,Oui,Non,Non,Non,Fonctionnaire ou assimilé,Non,Non,Oui,Non,Non,Non,Non,Non,Non,autre,Une femme
238,113,Non,Non,Oui,Non,Oui,Oui,Non,Non,Non,Oui,Non,Oui,Oui,Oui,Oui,Non,Oui,Oui,Non,Non,Non,Non,Non,Non,Non,Non,Non,Non,Assez,Non,Non,Non,Oui,Oui,Non,Oui,M,,M,1,1,1,1,1,1,,,,,,Oui,Non,Oui,Oui,Oui,Non,Non,Non,Oui,Oui,Non,Oui,Non,Oui,Oui,Non applicable,Non applicable,Non applicable,Non applicable,Non,Oui,Non,Non,Non,Non,Non,Oui,Oui,Non,Non,Non,Non,Non,Non,Non,Non,Non,Non,Non,"Des barrières juridiques et économiques contraignant leurs partage (contrat de consortium, valorisation, exclusivité, droit d’auteur).",Des conditions éthiques limitant leur partage.,Une mauvaise qualité des données en l’état.,Un temps trop important nécessaire à leur mise à disposition.,Oui,Parfois,Non,Non,Oui,Non,Oui,Non,Oui,Oui,Non,Non,Non,Non,Non,Oui,Non,Non,Non,Je travaille seul.e,,,,,,,,,,,,Windows,Oui,Non,Non,Oui,Non,Non,Non,Oui,Non,Non,Non,Non,Non,Non,Non,Non,Non,Non,Non,Non,Non,Oui,Oui,Oui,Oui,Oui,Oui,Oui,Oui,Oui,Non,Oui,Oui,Oui,Non,Non,Non,Non,Non,Non,,,Oui,Oui,Non,Oui,Oui,Non,Non,Non,Oui,Non,Oui,Non,Oui,Non,Non,Non,Oui,Oui,Non,Oui,Non,Non,Non,Non,Moins de cinq ans,autre,Non,Oui,Non,Non,Contrat doctoral,Non,Non,Oui,Non,Non,Non,Non,Non,Non,sociologie,Un homme
239,149,Non,Non,Oui,Oui,Oui,Oui,Non,Non,Non,Oui,Non,Non,Non,Oui,Oui,Non,Oui,Oui,Non,Oui,Non,Non,Oui,Oui,Non,Non,Non,Non,Assez,Oui,Non,Oui,Non,Non,Non,Non,M,,,M,,1,,1,,M,M,,,,Oui,Non,Oui,Oui,Non,Non,Non,Non,Oui,Non,Non,Oui,Non,Non,Non,Parfois,Jamais,Parfois,Parfois,Non,Non,Non,Non,Oui,Non,Non,Non,Oui,Oui,Non,Non,Non,Oui,Non,Non,Non,Oui,Non,Non,Des conditions éthiques limitant leur partage.,"Un manque d’habitude de cette pratique dans les communautés de recherche (savoir faire, etc.)",,,Non,Parfois,Non,Oui,Oui,Non,Non,Non,Non,Oui,Oui,Non,Non,Non,Non,Non,Non,Non,Non,Nous sommes entre 2 et 5 personnes,Oui,Oui,Non,Non,Non,Non,Non,Non,Non,Non,Non,MacOS,Non,Non,Non,Non,Non,Non,Non,Oui,Non,Non,Oui,Non,Oui,Non,Non,Non,Non,Oui,Non,Non,Non,Non,Non,Oui,Oui,Non,Non,Non,Oui,Oui,Non,Non,Non,Oui,Non,Oui,Non,Non,Non,Non,,,Oui,Non,Non,Non,Non,Non,Non,Non,Non,Non,Non,Oui,Non,Non,Non,Non,Oui,Non,Non,Non,Non,Non,Oui,Non,Plus de dix ans,CNRS,Oui,Non,Non,Non,Fonctionnaire ou assimilé,Non,Non,Oui,Non,Non,Non,Non,Non,Non,sociologie,Un homme
240,168,Non,Non,Oui,Oui,Oui,Oui,Oui,Oui,Non,Oui,Oui,Oui,Oui,Oui,Oui,Non,Oui,Oui,Non,Non,Non,Non,Oui,Oui,Oui,Non,Non,Non,Assez,Oui,Oui,Non,Oui,Non,Non,Non,1,,1,1,,1,,,,,,,,,Oui,Non,Oui,Non,Oui,Oui,Oui,Non,Oui,Non,Non,Oui,Non,Oui,Oui,Souvent,Jamais,Jamais,Jamais,Non,Non,Oui,Non,Non,Non,Non,Oui,Oui,Non,Non,Non,Non,Non,Non,Non,Non,Non,Non,Non,"Un manque d’habitude de cette pratique dans les communautés de recherche (savoir faire, etc.)",Une volonté de valoriser le travail effectué avant un partage pour garder un avantage compétitif.,"Des barrières juridiques et économiques contraignant leurs partage (contrat de consortium, valorisation, exclusivité, droit d’auteur).",Des conditions éthiques limitant leur partage.,Oui,Souvent,Non,Oui,Oui,Non,Non,Oui,Non,Oui,Non,Non,Oui,Non,Non,Non,Non,Non,Non,Nous sommes entre 11 et 20 personnes,Oui,Oui,Non,Non,Non,Non,Non,Non,Non,Non,Non,Windows,Oui,Non,Oui,Non,Oui,Non,Non,Oui,Non,Non,Oui,Oui,Oui,Non,Non,Non,Non,Non,Non,Non,Non,Oui,Oui,Non,Oui,Non,Non,Non,Oui,Non,Non,Non,Non,Oui,Non,Non,Non,Non,Non,Non,,,Oui,Oui,Non,Non,Non,Non,Non,Non,Non,Non,Non,Oui,Non,Non,Non,Non,Oui,Non,Non,Non,Oui,Non,Non,Non,Plus de dix ans,Université,Oui,Non,Non,Non,Fonctionnaire ou assimilé,Non,Non,Oui,Non,Non,Non,Non,Non,Non,sociologie,Un homme
241,249,Non,Non,Oui,Non,Oui,Oui,Oui,Non,Non,Oui,Oui,Non,Non,Non,Oui,Non,Non,Non,Oui,Oui,Non,Non,Oui,Oui,Oui,Non,Oui,Oui,Pas du tout,Non,Non,Non,Oui,Oui,Non,Oui,P,M,P,M,1,P,1,2,P,1,1,M,1,1,Oui,Oui,Non,Non,Non,Oui,Oui,Oui,Non,Non,Non,Non,Non,Oui,Oui,Souvent,Souvent,Jamais,Jamais,Oui,Non,Non,Non,Non,Non,Non,Oui,Oui,Oui,Non,Non,Non,Non,Oui,Non,Non,Non,Non,Non,Une volonté de valoriser le travail effectué avant un partage pour garder un avantage compétitif.,,,,Non,Souvent,Non,Oui,Non,Oui,Non,Non,Non,Oui,Non,Non,Oui,Non,Non,Non,Non,Non,Non,Nous sommes entre 2 et 5 personnes,Oui,Oui,Oui,Non,Non,Non,Non,Non,Non,Non,Non,Windows,Non,Non,Oui,Oui,Non,Oui,Non,Non,Non,Non,Oui,Oui,Non,Non,Non,Non,Oui,Non,Oui,Non,Non,Oui,Non,Non,Oui,Non,Non,Non,Non,Non,Non,Non,Oui,Oui,Non,Non,Non,Non,Non,Oui,Parfois,"Ni satisfait, ni insatisfait",Oui,Oui,Non,Non,Non,Non,Non,Non,Non,Non,Non,Non,Non,Non,Non,Oui,Non,Non,Non,Non,Non,Non,Oui,Non,Plus de dix ans,autre,Oui,Non,Oui,Non,Fonctionnaire ou assimilé,Non,Non,Oui,Non,Non,Non,Non,Non,Non,archéologie,Un homme
242,257,Non,Oui,Oui,Oui,Oui,Oui,Oui,Non,Oui,Non,Non,Non,Oui,Oui,Oui,Non,Non,Oui,Non,Oui,Non,Oui,Non,Oui,Non,Oui,Oui,Non,Assez,Non,Non,Oui,Oui,Non,Non,Oui,3,,,3,3,P,2,2,,M,M,1,3,,Non,Non,Oui,Non,Oui,Non,Non,Non,Oui,Non,Non,Oui,Oui,Oui,Non,Parfois,Jamais,Jamais,Jamais,Non,Non,Non,Non,Oui,Non,Non,Non,Non,Oui,Non,Non,Non,Non,Non,Non,Non,Non,Non,Non,Une volonté de valoriser le travail effectué avant un partage pour garder un avantage compétitif.,Un temps trop important nécessaire à leur mise à disposition.,Des conditions éthiques limitant leur partage.,"Des barrières juridiques et économiques contraignant leurs partage (contrat de consortium, valorisation, exclusivité, droit d’auteur).",Oui,Parfois,Non,Non,Non,Non,Non,Non,Non,Oui,Oui,Non,Oui,Non,Non,Non,Non,Non,Non,Nous sommes entre 2 et 5 personnes,Oui,Oui,Oui,Oui,Non,Non,Non,Non,Non,Non,Non,Windows,Oui,Non,Oui,Oui,Oui,Non,Non,Oui,Non,Non,Oui,Non,Non,Non,Non,Non,Oui,Non,Non,Non,Non,Non,Non,Non,Non,Non,Non,Oui,Oui,Non,Non,Non,Non,Oui,Non,Non,Non,Non,Non,Oui,Je ne sais pas,"Ni satisfait, ni insatisfait",Non,Oui,Non,Oui,Non,Oui,Non,Non,Non,Non,Non,Oui,Oui,Oui,Oui,Non,Oui,Non,Non,Non,Non,Non,Non,Non,Plus de dix ans,,Non,Non,Non,Non,Fonctionnaire ou assimilé,Non,Oui,Oui,Non,Non,Non,Non,Non,Non,,
243,285,Oui,Non,Non,Non,Oui,Oui,Non,Non,Oui,Non,Non,Oui,Non,Non,Oui,Non,Oui,Non,Non,Non,Oui,Non,Non,Oui,Oui,Non,Non,Oui,Assez,Oui,Non,Oui,Non,Non,Non,Oui,1,,,,,1,1,1,,,M,,M,M,Non,Oui,Non,Non,Non,Oui,Non,Non,Oui,Non,Non,Non,Oui,Oui,Non,Souvent,,,,Non,Non,Non,Non,Oui,Non,Oui,Oui,Oui,Non,Non,Non,Non,Non,Oui,Non,Non,Non,Non,Non,"Un manque d’habitude de cette pratique dans les communautés de recherche (savoir faire, etc.)",Un temps trop important nécessaire à leur mise à disposition.,Un doute sur la capacité de réutilisation des données par d’autres (contextualisation et documentation nécessaire).,,Je ne sais pas,Parfois,Non,Oui,Oui,Non,Oui,Non,Non,Oui,Non,Oui,Non,Non,Non,Non,Non,Non,Non,Nous sommes entre 2 et 5 personnes,Oui,Oui,Oui,Non,Non,Non,Non,Non,Non,Non,Non,MacOS,Oui,Non,Non,Oui,Non,Non,Non,Oui,Non,Non,Oui,Oui,Oui,Non,Non,Non,Non,Non,Oui,Non,Non,Oui,Oui,Oui,Non,Non,Non,Non,Oui,Non,Non,Oui,Non,Oui,Non,Non,Non,Non,Non,Oui,,,Non,Non,Non,Non,Non,Non,Non,Oui,Non,Non,Non,Oui,Oui,Non,Non,Non,Non,Non,Non,Non,Non,Oui,Oui,Non,Plus de dix ans,Université,Oui,Non,Non,Non,Fonctionnaire ou assimilé,Non,Non,Non,Non,Non,Non,Oui,Non,Non,autre,Un homme
244,288,Non,Non,Oui,Non,Oui,Non,Oui,Non,Non,Non,Non,Non,Non,Oui,Oui,Non,Oui,Oui,Non,Non,Non,Oui,Non,Oui,Non,Non,Non,Oui,Pas du tout,Non,Non,Oui,Oui,Non,Non,Oui,3,M,M,3,3,3,M,M,M,1,3,M,M,M,Non,Non,Oui,Non,Oui,Oui,Non,Non,Oui,Non,Non,Oui,Oui,Oui,Non,Parfois,Toujours,Jamais,Jamais,Non,Non,Non,Non,Oui,Non,Non,Oui,Non,Oui,Non,Non,Oui,Non,Non,Non,Non,Oui,Non,Non,Une peur de mésusage des données par les personnes les réutilisant.,"Un manque d’habitude de cette pratique dans les communautés de recherche (savoir faire, etc.)",Un temps trop important nécessaire à leur mise à disposition.,"Des barrières juridiques et économiques contraignant leurs partage (contrat de consortium, valorisation, exclusivité, droit d’auteur).",Je ne sais pas,Parfois,Non,Oui,Oui,Oui,Oui,Non,Oui,Oui,Non,Oui,Oui,Non,Non,Non,Non,Non,Non,Nous sommes entre 2 et 5 personnes,Oui,Oui,Oui,Non,Non,Non,Non,Non,Non,Non,Non,Windows,Oui,Non,Non,Non,Non,Non,Non,Oui,Non,Non,Non,Oui,Non,Oui,Non,Non,Non,Non,Non,Non,Non,Non,Non,Non,Non,Oui,Non,Non,Oui,Non,Non,Non,Oui,Oui,Non,Non,Non,Non,Non,Non,,,Non,Oui,Non,Non,Non,Non,Non,Non,Non,Non,Oui,Non,Non,Oui,Non,Non,Non,Oui,Non,Non,Non,Non,Non,Non,Cinq à dix ans,,Non,Non,Oui,Non,En CDD,Non,Non,Oui,Non,Non,Oui,Non,Non,Non,,Une femme
245,374,Oui,Non,Oui,Non,Non,Oui,Non,Non,Non,Non,Non,Oui,Oui,Non,Non,Non,Oui,Non,Non,Non,Non,Non,Non,Oui,Non,Non,Non,Non,Peu,Non,Oui,Oui,Non,Oui,Non,Oui,1,M,1,M,1,2,,1,,M,M,,1,1,Oui,Oui,Non,Non,Non,Non,Non,Non,Oui,Non,Non,Non,Oui,Oui,Oui,Souvent,Jamais,Jamais,Jamais,Oui,Non,Non,Non,Non,Non,Oui,Oui,Non,Non,Non,Non,Non,Non,Non,Non,Non,Non,Non,Non,Une volonté de valoriser le travail effectué avant un partage pour garder un avantage compétitif.,La peur d’un renforcement d’inégalités entre des personnes produisant des données d’une part et celles les analysant et en tirant des publications d’autre part.,Une mauvaise qualité des données en l’état.,,Je ne sais pas,Jamais,Non,Oui,Non,Non,Oui,Non,Non,Oui,Oui,Non,Non,Non,Non,Non,Non,Non,Non,Nous sommes entre 2 et 5 personnes,Oui,Oui,Non,Non,Non,Non,Non,Non,Non,Non,Oui,Windows,Oui,Non,Non,Non,Non,Non,Non,Oui,Non,Non,Non,Oui,Non,Non,Non,Non,Oui,Non,Non,Non,Non,Non,Non,Non,Oui,Non,Oui,Oui,Non,Non,Non,Oui,Non,Oui,Non,Non,Non,Non,Non,Non,,,Non,Non,Oui,Non,Oui,Non,Non,Non,Non,Non,Non,Oui,Oui,Non,Non,Non,Oui,Non,Non,Non,Oui,Oui,Oui,Non,Plus de dix ans,CNRS,Oui,Non,Non,Non,Fonctionnaire ou assimilé,Non,Non,Non,Non,Non,Oui,Non,Non,Non,autre,Une femme
246,417,Oui,Non,Oui,Non,Oui,Oui,Non,Non,Non,Non,Non,Oui,Oui,Oui,Oui,Non,Oui,Oui,Non,Oui,Non,Non,Oui,Oui,Oui,Non,Oui,Non,Tout à fait,Non,Oui,Oui,Oui,Non,Non,Non,M,M,M,M,M,2,2,M,M,M,M,M,M,1,Non,Oui,Non,Non,Non,Oui,Non,Non,Oui,Non,Non,Oui,Oui,Oui,Oui,Parfois,Jamais,Jamais,Jamais,Non,Non,Non,Non,Oui,Non,Oui,Oui,Oui,Non,Non,Non,Non,Oui,Non,Non,Non,Non,Non,Non,Des conditions éthiques limitant leur partage.,"Des barrières juridiques et économiques contraignant leurs partage (contrat de consortium, valorisation, exclusivité, droit d’auteur).",Une mauvaise qualité des données en l’état.,Une peur de mésusage des données par les personnes les réutilisant.,Oui,Parfois,Non,Oui,Oui,Non,Oui,Non,Non,Oui,Oui,Non,Non,Non,Non,Non,Non,Non,Non,Je travaille seul.e,,,,,,,,,,,,MacOS,Oui,Oui,Non,Non,Oui,Non,Non,Oui,Non,Non,Oui,Non,Non,Non,Non,Non,Non,Non,Non,Non,Non,Non,Non,Non,Non,Non,Non,Non,Oui,Oui,Non,Non,Non,Oui,Non,Non,Non,Non,Oui,Oui,Jamais,,Oui,Non,Non,Non,Non,Oui,Oui,Non,Non,Non,Non,Non,Oui,Non,Non,Non,Oui,Non,Non,Oui,Non,Non,Non,Non,Plus de dix ans,autre,Oui,Non,Non,Non,En CDI,Non,Non,Oui,Non,Non,Non,Non,Non,Non,psychologie,Un homme
247,446,Oui,Non,Non,Non,Oui,Oui,Non,Non,Non,Non,Oui,Oui,Non,Oui,Non,Non,Non,Non,Non,Oui,Oui,Non,Non,Non,Oui,Non,Non,Non,Assez,Non,Oui,Oui,Oui,Non,Non,Non,2,,,,,2,1,M,,M,,,,1,Non,Oui,Non,Non,Non,Oui,Non,Non,Oui,Non,Non,Oui,Oui,Non,Oui,Parfois,Jamais,Jamais,Jamais,Non,Non,Non,Non,Oui,Non,Oui,Oui,Oui,Non,Non,Non,Non,Non,Non,Non,Non,Oui,Non,Non,Un temps trop important nécessaire à leur mise à disposition.,"Un manque d’habitude de cette pratique dans les communautés de recherche (savoir faire, etc.)",Une volonté de valoriser le travail effectué avant un partage pour garder un avantage compétitif.,Un doute sur la capacité de réutilisation des données par d’autres (contextualisation et documentation nécessaire).,Non,Jamais,Non,Oui,Oui,Non,Oui,Non,Non,Oui,Oui,Oui,Non,Non,Non,Non,Non,Non,Non,Nous sommes entre 2 et 5 personnes,Oui,Oui,Oui,Non,Non,Non,Non,Non,Non,Non,Non,Windows,Oui,Oui,Non,Non,Non,Non,Non,Oui,Non,Non,Non,Oui,Oui,Non,Non,Non,Non,Non,Non,Non,Non,Oui,Non,Non,Non,Oui,Non,Non,Oui,Non,Non,Oui,Non,Oui,Oui,Oui,Non,Non,Non,Oui,Parfois,Très satisfait,Oui,Non,Non,Oui,Non,Non,Non,Non,Oui,Non,Non,Oui,Non,Oui,Oui,Non,Oui,Non,Oui,Non,Oui,Non,Non,Non,Plus de dix ans,Université,Oui,Non,Non,Non,Fonctionnaire ou assimilé,Non,Non,Non,Non,Non,Non,Non,Non,Oui,physique ,Un homme
248,463,Non,Non,Oui,Non,Non,Oui,Oui,Oui,Oui,Non,Non,Oui,Oui,Oui,Oui,Non,Oui,Oui,Non,Oui,Non,Non,Oui,Non,Oui,Non,Non,Oui,Tout à fait,Oui,Oui,Non,Non,Oui,Non,Oui,M,M,,1,1,1,,2,,,1,,2,1,Oui,Non,Oui,Non,Oui,Oui,Non,Non,Oui,Non,Non,Non,Oui,Oui,Oui,Parfois,Non applicable,Jamais,Jamais,Non,Non,Non,Non,Oui,Non,Oui,Oui,Oui,Oui,Non,Non,Non,Non,Oui,Non,Non,Oui,Non,Non,Un doute sur la capacité de réutilisation des données par d’autres (contextualisation et documentation nécessaire).,Une mauvaise qualité des données en l’état.,Un temps trop important nécessaire à leur mise à disposition.,"Un manque d’habitude de cette pratique dans les communautés de recherche (savoir faire, etc.)",Non,Souvent,Non,Oui,Oui,Non,Oui,Oui,Non,Oui,Oui,Non,Non,Non,Non,Non,Non,Non,Oui,Nous sommes entre 2 et 5 personnes,Oui,Non,Oui,Non,Non,Non,Non,Non,Non,Non,Non,Windows,Oui,Non,Non,Oui,Non,Oui,Non,Oui,Non,Non,Oui,Non,Non,Non,Non,Oui,Oui,Non,Oui,Oui,Non,Non,Oui,Non,Oui,Oui,Oui,Non,Oui,Non,Non,Non,Non,Oui,Non,Oui,Non,Non,Oui,Non,,,Non,Oui,Non,Non,Non,Non,Non,Non,Non,Oui,Non,Non,Non,Non,Non,Non,Non,Non,Non,Non,Non,Non,Oui,Non,Plus de dix ans,CNRS,Non,Non,Oui,Non,Fonctionnaire ou assimilé,Non,Non,Oui,Non,Non,Non,Non,Non,Non,géographie,Une femme
249,486,Oui,Non,Oui,Oui,Oui,Oui,Oui,Oui,Oui,Oui,Oui,Oui,Oui,Oui,Oui,Oui,Oui,Oui,Non,Oui,Oui,Oui,Oui,Non,Oui,Oui,Non,Non,Assez,Non,Non,Non,Non,Non,Non,Oui,3,,3,3,3,3,M,2,2,M,M,M,M,M,Oui,Oui,Oui,Oui,Non,Non,Oui,Oui,Oui,Oui,Non,Oui,Oui,Oui,Non,Souvent,Souvent,Jamais,Jamais,Non,Non,Non,Non,Oui,Non,Oui,Oui,Non,Oui,Non,Non,Non,Non,Non,Non,Non,Non,Non,Non,Un doute sur la capacité de réutilisation des données par d’autres (contextualisation et documentation nécessaire).,"Un manque d’habitude de cette pratique dans les communautés de recherche (savoir faire, etc.)",La peur d’un renforcement d’inégalités entre des personnes produisant des données d’une part et celles les analysant et en tirant des publications d’autre part.,Une volonté de valoriser le travail effectué avant un partage pour garder un avantage compétitif.,Oui,Parfois,Non,Oui,Oui,Oui,Oui,Non,Oui,Oui,Oui,Oui,Non,Non,Non,Non,Non,Non,Non,Nous sommes entre 2 et 5 personnes,Oui,Oui,Oui,Non,Non,Non,Non,Non,Non,Non,Non,Windows,Oui,Non,Non,Oui,Oui,Oui,Non,Oui,Non,Non,Oui,Oui,Oui,Non,Non,Non,Oui,Non,Non,Non,Non,Non,Non,Non,Non,Non,Non,Non,Oui,Non,Non,Non,Non,Oui,Oui,Oui,Non,Non,Non,Oui,Parfois,Plutôt satisfait,Non,Non,Oui,Non,Non,Non,Non,Non,Non,Non,Non,Oui,Oui,Non,Non,Non,Non,Non,Non,Oui,Non,Non,Non,Non,Cinq à dix ans,Université,Oui,Non,Non,Non,En CDI,Non,Non,Oui,Non,Non,Non,Non,Non,Non,sociologie,Un homme
250,506,Oui,Non,Non,Non,Oui,Oui,Non,Non,Oui,Non,Non,Oui,Oui,Non,Non,Non,Oui,Oui,Non,Non,Non,Non,Non,Oui,Non,Non,Non,Non,Assez,Oui,Oui,Oui,Non,Oui,Non,Oui,3,,,1,,3,,1,,,M,,,,Non,Oui,Non,Non,Non,Non,Non,Non,Non,Oui,Non,Oui,Non,Non,Oui,Toujours,Toujours,Non applicable,Non applicable,Non,Non,Non,Non,Oui,Non,Non,Oui,Non,Oui,Non,Non,Non,Oui,Non,Non,Non,Non,Non,Non,Non applicable.,Un doute sur la capacité de réutilisation des données par d’autres (contextualisation et documentation nécessaire).,Une volonté de valoriser le travail effectué avant un partage pour garder un avantage compétitif.,,Je ne sais pas,Parfois,Oui,Oui,Oui,Non,Non,Non,Non,Non,Non,Non,Oui,Non,Non,Non,Non,Non,Non,Nous sommes entre 2 et 5 personnes,Oui,Oui,Non,Non,Non,Non,Non,Non,Non,Non,Non,Windows,Oui,Non,Non,Non,Non,Non,Non,Oui,Non,Non,Non,Oui,Non,Non,Non,Non,Non,Non,Non,Non,Non,Oui,Non,Non,Non,Non,Non,Non,Non,Non,Non,Non,Non,Oui,Non,Non,Non,Non,Non,Oui,Souvent,Plutôt satisfait,Non,Non,Non,Non,Non,Non,Non,Oui,Oui,Oui,Oui,Non,Non,Non,Non,Non,Oui,Non,Non,Non,Non,Non,Non,Non,Moins de cinq ans,,Non,Oui,Non,Non,En CDD,Non,Non,Non,Non,Non,Non,Non,Non,Oui,,Un homme
251,515,Non,Non,Non,Oui,Non,Oui,Oui,Oui,Non,Non,Non,Non,Non,Oui,Non,Non,Non,Non,Non,Non,Non,Non,Non,Non,Oui,Non,Non,Non,Tout à fait,Non,Oui,Oui,Non,Non,Non,Non,M,M,2,,,,2,2,,M,,,,,Non,Non,Oui,Oui,Non,Oui,Non,Oui,Oui,Non,Non,Oui,Non,Oui,Oui,Souvent,Parfois,Jamais,Jamais,Non,Non,Non,Non,Oui,Non,Non,Oui,Oui,Non,Non,Oui,Non,Non,Oui,Non,Non,Non,Non,Non,Une peur de mésusage des données par les personnes les réutilisant.,Un doute sur la capacité de réutilisation des données par d’autres (contextualisation et documentation nécessaire).,Des conditions éthiques limitant leur partage.,"Des barrières juridiques et économiques contraignant leurs partage (contrat de consortium, valorisation, exclusivité, droit d’auteur).",Non,Jamais,Oui,Oui,Oui,Non,Non,Non,Non,Oui,Oui,Oui,Oui,Non,Non,Non,Non,Non,Non,Nous sommes entre 2 et 5 personnes,Oui,Oui,Non,Non,Non,Non,Non,Non,Non,Non,Non,Linux,Non,Non,Non,Non,Non,Non,Non,Oui,Non,Non,Oui,Oui,Oui,Non,Non,Non,Non,Non,Non,Non,Non,Non,Non,Non,Non,Non,Non,Non,Oui,Oui,Non,Non,Non,Oui,Non,Non,Non,Non,Non,Oui,Parfois,Plutôt satisfait,Non,Non,Non,Non,Non,Non,Non,Oui,Non,Non,Non,Non,Non,Non,Non,Oui,Non,Non,Non,Non,Non,Non,Non,Oui,Plus de dix ans,CNRS,Oui,Non,Non,Non,Fonctionnaire ou assimilé,Non,Non,Non,Non,Non,Non,Non,Non,Oui,physique ,Un homme
252,519,Oui,Non,Non,Non,Non,Non,Non,Non,Non,Non,Non,Oui,Non,Non,Non,Non,Oui,Non,Non,Non,Oui,Oui,Oui,Non,Non,Non,Non,Non,Tout à fait,Non,Oui,Oui,Non,Oui,Non,Oui,2,,,,,2,,1,,M,1,,,1,Non,Oui,Non,Non,Non,Non,Non,Non,Oui,Non,Non,Non,Non,Non,Non,Parfois,Jamais,Jamais,Jamais,Non,Non,Non,Non,Oui,Non,Oui,Non,Oui,Non,Non,Non,Non,Non,Oui,Non,Non,Non,Non,Non,Un doute sur la capacité de réutilisation des données par d’autres (contextualisation et documentation nécessaire).,Une mauvaise qualité des données en l’état.,"Un manque d’habitude de cette pratique dans les communautés de recherche (savoir faire, etc.)",Un temps trop important nécessaire à leur mise à disposition.,Non,Jamais,Non,Oui,Oui,Non,Oui,Non,Non,Oui,Oui,Non,Non,Non,Non,Non,Non,Non,Non,Nous sommes entre 2 et 5 personnes,Oui,Oui,Non,Non,Non,Non,Non,Non,Non,Non,Non,Windows,Non,Non,Non,Non,Non,Non,Non,Oui,Non,Non,Non,Oui,Non,Non,Non,Non,Non,Non,Non,Non,Non,Oui,Non,Non,Non,Non,Non,Non,Oui,Non,Non,Oui,Non,Non,Non,Non,Non,Non,Non,Non,,,Non,Non,Non,Oui,Oui,Non,Non,Non,Non,Non,Non,Non,Oui,Non,Non,Non,Non,Non,Non,Non,Non,Oui,Non,Non,Moins de cinq ans,école,Non,Oui,Non,Non,Contrat doctoral,Non,Non,Non,Non,Non,Non,Non,Non,Oui,physique ,
253,522,Oui,Non,Oui,Oui,Oui,Oui,Oui,Non,Non,Non,Oui,Oui,Oui,Oui,Oui,Non,Non,Non,Non,Non,Non,Non,Oui,Oui,Oui,Non,Non,Non,Assez,Non,Oui,Non,Non,Non,Non,Oui,1,M,1,M,M,2,M,M,M,M,1,M,,,Oui,Oui,Non,Non,Oui,Oui,Non,Non,Non,Non,Oui,Non,Oui,Oui,Oui,Parfois,Parfois,Parfois,Jamais,Oui,Non,Oui,Non,Non,Non,Oui,Oui,Non,Oui,Non,Non,Oui,Non,Non,Non,Non,Non,Non,Non,Une volonté de valoriser le travail effectué avant un partage pour garder un avantage compétitif.,"Une perspective de mise à disposition qui vient limiter, freiner le travail interprétatif possible.",Une peur de mésusage des données par les personnes les réutilisant.,Un doute sur la capacité de réutilisation des données par d’autres (contextualisation et documentation nécessaire).,Non,Parfois,Non,Oui,Non,Non,Non,Non,Non,Oui,Oui,Oui,Non,Non,Non,Non,Non,Non,Non,Nous sommes entre 6 et 10 personnes,Oui,Oui,Oui,Non,Non,Non,Non,Non,Non,Non,Non,MacOS,Oui,Non,Oui,Oui,Oui,Oui,Non,Non,Non,Non,Oui,Oui,Non,Non,Non,Non,Oui,Oui,Oui,Non,Non,Oui,Oui,Non,Oui,Non,Non,Non,Oui,Non,Non,Non,Oui,Oui,Non,Non,Non,Non,Non,Oui,Toujours,Très satisfait,Oui,Oui,Oui,Non,Non,Non,Non,Non,Non,Non,Non,Non,Non,Non,Non,Oui,Non,Non,Oui,Non,Non,Non,Non,Non,Plus de dix ans,autre,Oui,Non,Non,Non,Fonctionnaire ou assimilé,Non,Non,Oui,Non,Non,Non,Non,Non,Non,autre,Une femme
254,530,Non,Non,Oui,Non,Oui,Oui,Non,Non,Non,Non,Non,Non,Non,Non,Oui,Non,Oui,Oui,Non,Oui,Non,Oui,Oui,Non,Non,Non,Non,Non,Assez,Oui,Oui,Non,Non,Non,Non,Oui,2,M,,1,1,1,,,1,1,1,M,1,,Oui,Non,Oui,Non,Non,Non,Non,Non,Oui,Non,Non,Oui,Oui,Oui,Non,Parfois,Jamais,Jamais,Jamais,Oui,Non,Non,Non,Non,Non,Non,Non,Oui,Non,Non,Non,Non,Non,Non,Non,Non,Non,Non,Non,Une volonté de valoriser le travail effectué avant un partage pour garder un avantage compétitif.,La peur d’un renforcement d’inégalités entre des personnes produisant des données d’une part et celles les analysant et en tirant des publications d’autre part.,,,Oui,Parfois,Non,Non,Oui,Oui,Oui,Oui,Non,Oui,Oui,Non,Non,Non,Non,Non,Non,Non,Non,Nous sommes entre 2 et 5 personnes,Oui,Non,Non,Non,Non,Non,Non,Non,Non,Non,Non,Windows,Oui,Non,Oui,Oui,Oui,Non,Non,Oui,Non,Non,Oui,Oui,Non,Non,Non,Non,Non,Non,Non,Non,Non,Non,Non,Oui,Oui,Oui,Non,Non,Oui,Oui,Non,Non,Non,Oui,Oui,Non,Non,Non,Non,Non,,,Oui,Non,Non,Oui,Non,Non,Non,Non,Oui,Non,Oui,Non,Non,Non,Non,Non,Oui,Oui,Non,Oui,Non,Non,Non,Non,Plus de dix ans,école,Oui,Non,Non,Non,Fonctionnaire ou assimilé,Oui,Non,Non,Non,Non,Non,Non,Non,Non,autre,Un homme
255,534,Non,Non,Oui,Non,Oui,Oui,Non,Non,Non,Non,Non,Non,Oui,Oui,Oui,Non,Oui,Oui,Non,Oui,Non,Non,Oui,Oui,Non,Non,Non,Non,Assez,Non,Non,Oui,Non,Non,Non,Non,2,,,1,1,2,1,1,M,,1,M,,,Oui,Non,Oui,Non,Oui,Non,Non,Non,Oui,Non,Non,Non,Oui,Oui,Non,Souvent,Parfois,Jamais,Jamais,Non,Non,Non,Non,Oui,Non,Oui,Oui,Non,Oui,Non,Non,Non,Non,Non,Non,Non,Non,Non,Non,Une volonté de valoriser le travail effectué avant un partage pour garder un avantage compétitif.,Un doute sur la capacité de réutilisation des données par d’autres (contextualisation et documentation nécessaire).,"Un manque d’habitude de cette pratique dans les communautés de recherche (savoir faire, etc.)",,Oui,Parfois,Non,Non,Oui,Oui,Non,Oui,Non,Oui,Oui,Non,Oui,Non,Oui,Non,Non,Non,Non,Nous sommes entre 6 et 10 personnes,Oui,Oui,Oui,Non,Non,Non,Non,Non,Non,Non,Oui,Windows,Oui,Non,Non,Oui,Oui,Non,Non,Oui,Non,Non,Non,Oui,Non,Non,Non,Non,Oui,Non,Non,Non,Non,Non,Oui,Oui,Non,Oui,Non,Non,Non,Non,Non,Non,Non,Oui,Oui,Non,Non,Non,Non,Oui,Parfois,Plutôt satisfait,Non,Oui,Non,Non,Non,Non,Non,Non,Non,Oui,Oui,Non,Non,Non,Oui,Non,Oui,Non,Non,Non,Non,Non,Non,Non,Cinq à dix ans,Université,Oui,Non,Non,Non,Fonctionnaire ou assimilé,Non,Non,Oui,Non,Non,Non,Non,Non,Non,sociologie,Un homme
256,556,Non,Non,Non,Oui,Oui,Oui,Non,Non,Non,Oui,Non,Non,Oui,Non,Oui,Non,Oui,Non,Non,Non,Non,Non,Oui,Non,Oui,Non,Non,Non,Assez,Non,Non,Oui,Non,Oui,Non,Oui,M,,,1,1,P,,,,,M,M,,,Non,Non,Oui,Oui,Oui,Non,Non,Oui,Oui,Non,Non,Non,Oui,Non,Non,Souvent,Non applicable,Non applicable,Non applicable,Non,Non,Non,Non,Oui,Non,Non,Oui,Non,Non,Non,Non,Non,Non,Non,Non,Non,Non,Non,Non,Une volonté de valoriser le travail effectué avant un partage pour garder un avantage compétitif.,Une mauvaise qualité des données en l’état.,Un doute sur la capacité de réutilisation des données par d’autres (contextualisation et documentation nécessaire).,La peur d’un renforcement d’inégalités entre des personnes produisant des données d’une part et celles les analysant et en tirant des publications d’autre part.,Oui,Souvent,Non,Non,Non,Non,Oui,Non,Non,Oui,Oui,Non,Non,Non,Non,Non,Non,Non,Non,Nous sommes entre 2 et 5 personnes,Oui,Non,Oui,Non,Non,Non,Non,Non,Non,Non,Non,Windows,Oui,Non,Non,Non,Oui,Non,Non,Non,Non,Non,Oui,Oui,Non,Non,Non,Non,Non,Non,Oui,Non,Non,Non,Non,Non,Oui,Non,Non,Non,Oui,Non,Non,Non,Non,Oui,Oui,Non,Non,Non,Non,Oui,Jamais,"Ni satisfait, ni insatisfait",Oui,Oui,Non,Oui,Non,Non,Non,Non,Non,Oui,Non,Non,Oui,Non,Oui,Non,Oui,Non,Oui,Non,Non,Non,Non,Non,Cinq à dix ans,autre,Oui,Non,Non,Non,Fonctionnaire ou assimilé,Oui,Non,Oui,Non,Non,Non,Non,Non,Non,histoire,Un homme
257,563,Oui,Non,Non,Non,Non,Oui,Non,Non,Oui,Non,Non,Oui,Oui,Non,Non,Non,Oui,Oui,Non,Non,Oui,Non,Non,Non,Non,Non,Non,Non,Assez,Oui,Oui,Oui,Non,Non,Non,Oui,1,,,,,1,,M,,1,M,,M,M,Non,Oui,Oui,Non,Non,Oui,Non,Non,Oui,Non,Non,Non,Non,Oui,Oui,Toujours,Parfois,Jamais,,Oui,Non,Non,Non,Non,Non,Oui,Oui,Oui,Non,Oui,Non,Non,Oui,Non,Non,Non,Non,Non,Non,"Un manque d’habitude de cette pratique dans les communautés de recherche (savoir faire, etc.)",Une volonté de valoriser le travail effectué avant un partage pour garder un avantage compétitif.,La peur d’un renforcement d’inégalités entre des personnes produisant des données d’une part et celles les analysant et en tirant des publications d’autre part.,Une peur de mésusage des données par les personnes les réutilisant.,Je ne sais pas,Souvent,Non,Non,Non,Non,Oui,Non,Oui,Oui,Oui,Non,Non,Non,Non,Non,Non,Non,Non,Nous sommes entre 6 et 10 personnes,Oui,Oui,Oui,Non,Non,Non,Non,Non,Non,Non,Non,MacOS,Oui,Non,Non,Non,Non,Oui,Non,Non,Non,Non,Non,Oui,Non,Non,Non,Non,Non,Non,Oui,Non,Non,Oui,Non,Non,Non,Non,Non,Oui,Non,Non,Non,Oui,Non,Oui,Non,Non,Non,Non,Non,Non,,,Oui,Oui,Oui,Non,Non,Non,Non,Non,Non,Non,Oui,Oui,Non,Non,Non,Non,Oui,Non,Oui,Non,Non,Oui,Non,Non,Plus de dix ans,organisme,Oui,Non,Non,Non,Fonctionnaire ou assimilé,Non,Non,Non,Non,Non,Oui,Non,Non,Non,autre,Une femme
258,584,Non,Non,Oui,Non,Oui,Oui,Oui,Non,Non,Oui,Oui,Non,Non,Oui,Oui,Non,Oui,Non,Non,Oui,Oui,Non,Non,Non,Non,Oui,Non,Oui,Tout à fait,Non,Non,Oui,Non,Non,Non,Non,,,M,3,3,P,,P,M,M,P,,,M,Oui,Non,Oui,Non,Non,Non,Non,Non,Oui,Non,Non,Oui,Oui,Non,Non,Non applicable,Toujours,Non applicable,Non applicable,Non,Non,Oui,Non,Non,Non,Non,Non,Non,Non,Non,Non,Non,Non,Oui,Non,Non,Non,Non,Non,Des conditions éthiques limitant leur partage.,Un doute sur la capacité de réutilisation des données par d’autres (contextualisation et documentation nécessaire).,Un temps trop important nécessaire à leur mise à disposition.,,Je ne sais pas,Souvent,Non,Oui,Oui,Non,Non,Non,Non,Non,Non,Non,Non,Non,Oui,Non,Non,Non,Non,Nous sommes entre 11 et 20 personnes,Oui,Oui,Oui,Non,Oui,Non,Non,Non,Non,Non,Oui,Windows,Oui,Non,Oui,Oui,Oui,Oui,Non,Oui,Oui,Non,,,,,,,,,,,,,,,,,,,,,,Non,Non,Oui,Non,Oui,Non,Non,Non,Non,,,Non,Oui,Non,Non,Non,Non,Non,Non,Oui,Oui,Oui,Non,Oui,Non,Non,Non,Oui,Non,Non,Non,Oui,Non,Non,Non,Plus de dix ans,Université,Oui,Non,Non,Non,Fonctionnaire ou assimilé,Non,Non,Oui,Non,Non,Non,Non,Non,Non,géographie,Un homme
259,593,Oui,Non,Non,Non,Non,Non,Non,Non,Oui,Non,Non,Oui,Non,Non,Non,Non,Non,Non,Non,Non,Oui,Non,Non,Non,Non,Non,Non,Non,Assez,Oui,Non,Oui,Non,Oui,Non,Non,1,,1,1,M,1,,M,,1,1,,,M,Non,Oui,Non,Oui,Non,Oui,Non,Non,Oui,Non,Non,Non,Oui,Oui,Oui,Toujours,Jamais,Jamais,Jamais,Oui,Non,Non,Non,Non,Non,Oui,Non,Oui,Oui,Non,Oui,Non,Non,Oui,Non,Non,Non,Non,Non,Un temps trop important nécessaire à leur mise à disposition.,Une volonté de valoriser le travail effectué avant un partage pour garder un avantage compétitif.,Une peur de mésusage des données par les personnes les réutilisant.,"Un manque d’habitude de cette pratique dans les communautés de recherche (savoir faire, etc.)",Non,Parfois,Non,Non,Non,Oui,Oui,Non,Non,Oui,Oui,Non,Oui,Non,Non,Non,Non,Oui,Non,Nous sommes entre 6 et 10 personnes,Oui,Oui,Oui,Non,Non,Non,Non,Non,Non,Non,Non,Windows,Oui,Non,Non,Non,Non,Non,Non,Non,Non,Non,Non,Non,Non,Non,Non,Non,Non,Non,Non,Non,Oui,Non,Non,Non,Non,Non,Non,Non,Non,Non,Oui,Oui,Non,Oui,Non,Non,Non,Non,Non,Oui,Parfois,"Ni satisfait, ni insatisfait",Non,Oui,Non,Non,Non,Non,Non,Non,Oui,Oui,Non,Non,Non,Non,Non,Non,Oui,Non,Oui,Non,Non,Non,Non,Non,Plus de dix ans,école,Oui,Non,Non,Non,Fonctionnaire ou assimilé,Non,Non,Non,Non,Non,Oui,Non,Non,Non,biologie,Une femme
260,597,Non,Non,Oui,Non,Oui,Non,Non,Non,Non,Non,Non,Oui,Non,Oui,Oui,Non,Non,Non,Non,Non,Non,Non,Oui,Non,Oui,Oui,Oui,Non,Tout à fait,Oui,Non,Non,Non,Non,Non,Oui,1,,,M,M,M,2,1,,,M,,,,Oui,Non,Oui,Oui,Oui,Oui,Non,Non,Oui,Non,Oui,Oui,Oui,Oui,Non,Parfois,Jamais,Parfois,Jamais,Non,Non,Oui,Non,Non,Non,Oui,Oui,Oui,Non,Non,Non,Oui,Oui,Non,Non,Non,Non,Non,Non,Une volonté de valoriser le travail effectué avant un partage pour garder un avantage compétitif.,Un temps trop important nécessaire à leur mise à disposition.,La peur d’un renforcement d’inégalités entre des personnes produisant des données d’une part et celles les analysant et en tirant des publications d’autre part.,,Oui,Parfois,Non,Non,Non,Non,Oui,Non,Non,Oui,Oui,Non,Non,Non,Non,Non,Oui,Non,Non,Nous sommes entre 2 et 5 personnes,Non,Oui,Non,Non,Non,Non,Non,Non,Non,Non,Non,Linux,Oui,Non,Non,Non,Non,Non,Non,Oui,Non,Non,Oui,Non,Non,Non,Non,Non,Non,Non,Non,Non,Non,Non,Non,Non,Non,Non,Non,Non,Oui,Non,Non,Non,Non,Non,Oui,Oui,Non,Non,Non,Oui,Jamais,,Non,Oui,Non,Non,Non,Non,Non,Oui,Non,Oui,Non,Oui,Oui,Non,Non,Non,Non,Non,Oui,Non,Non,Non,Non,Non,Plus de dix ans,école,Oui,Non,Non,Non,Fonctionnaire ou assimilé,Non,Non,Non,Non,Non,Non,Oui,Oui,Non,autre,Un homme
261,606,Oui,Non,Non,Non,Oui,Oui,Non,Non,Non,Oui,Non,Oui,Oui,Oui,Non,Non,Oui,Non,Non,Oui,Oui,Non,Non,Non,Oui,Non,Non,Non,Tout à fait,Oui,Non,Oui,Non,Non,Non,Oui,3,M,1,M,M,2,1,1,M,M,M,1,1,1,Non,Oui,Non,Non,Non,Non,Non,Non,Oui,Oui,Non,Non,Oui,Oui,Oui,Parfois,Jamais,Jamais,Jamais,Oui,Non,Non,Non,Non,Non,Non,Non,Non,Non,Non,Non,Oui,Non,Non,Non,Non,Non,Non,Non,"Un manque d’habitude de cette pratique dans les communautés de recherche (savoir faire, etc.)",Un doute sur la capacité de réutilisation des données par d’autres (contextualisation et documentation nécessaire).,Une volonté de valoriser le travail effectué avant un partage pour garder un avantage compétitif.,La peur d’un renforcement d’inégalités entre des personnes produisant des données d’une part et celles les analysant et en tirant des publications d’autre part.,Non,Parfois,Oui,Oui,Oui,Non,Oui,Non,Non,Oui,Oui,Oui,Oui,Non,Non,Non,Non,Non,Non,Nous sommes entre 2 et 5 personnes,Oui,Oui,Oui,Non,Non,Non,Non,Non,Non,Non,Non,MacOS,Oui,Non,Non,Oui,Non,Oui,Non,Non,Non,Non,Oui,Oui,Non,Non,Non,Non,Non,Non,Oui,Non,Non,Oui,Non,Non,Oui,Non,Non,Non,Oui,Non,Non,Oui,Non,Oui,Non,Non,Non,Non,Non,Non,,,Non,Non,Oui,Non,Oui,Non,Non,Non,Non,Non,Oui,Oui,Non,Non,Non,Non,Oui,Non,Non,Oui,Non,Non,Non,Non,Cinq à dix ans,CNRS,Non,Oui,Non,Non,En CDD,Non,Non,Non,Non,Non,Oui,Non,Non,Non,biologie,Une femme
262,609,Oui,Non,Non,Non,Oui,Oui,Non,Non,Non,Non,Non,Oui,Non,Oui,Non,Non,Non,Non,Non,Oui,Non,Non,Oui,Non,Oui,Non,Non,Non,Tout à fait,Non,Non,Oui,Oui,Oui,Oui,Non,3,,,,,2,2,,,M,2,M,M,,Non,Oui,Non,Non,Non,Non,Non,Non,Oui,Non,Non,Oui,Oui,Oui,Non,Souvent,Jamais,Jamais,Souvent,Oui,Non,Oui,Non,Non,Non,Non,Non,Non,Non,Non,Oui,Non,Non,Non,Oui,Non,Non,Non,Non,Un doute sur la capacité de réutilisation des données par d’autres (contextualisation et documentation nécessaire).,Une mauvaise qualité des données en l’état.,Un temps trop important nécessaire à leur mise à disposition.,"Des barrières juridiques et économiques contraignant leurs partage (contrat de consortium, valorisation, exclusivité, droit d’auteur).",Non,Jamais,Oui,Oui,Non,Non,Non,Non,Non,Oui,Non,Oui,Non,Non,Non,Oui,Non,Non,Non,Nous sommes entre 6 et 10 personnes,Oui,Oui,Non,Non,Non,Non,Non,Non,Non,Non,Non,MacOS,Non,Non,Non,Non,Non,Non,Non,Oui,Non,Non,Non,Non,Oui,Oui,Non,Non,Non,Non,Non,Oui,Non,Oui,Non,Non,Non,Non,Non,Non,Oui,Non,Non,Oui,Oui,Oui,Oui,Oui,Non,Oui,Non,Non,,,Non,Oui,Non,Non,Non,Non,Non,Non,Non,Non,Non,Non,Non,Non,Non,Oui,Non,Non,Non,Non,Non,Non,Non,Oui,Plus de dix ans,école,Oui,Non,Non,Non,Fonctionnaire ou assimilé,Non,Non,Non,Non,Non,Non,Non,Non,Oui,physique ,Un homme
263,611,Non,Non,Oui,Non,Oui,Oui,Non,Non,Oui,Non,Non,Non,Oui,Oui,Oui,Non,Oui,Oui,Non,Non,Non,Non,Non,Non,Oui,Oui,Oui,Non,Tout à fait,Oui,Oui,Oui,Non,Non,Non,Oui,2,1,1,1,1,1,1,1,1,M,2,,M,1,Non,Non,Oui,Oui,Oui,Oui,Oui,Oui,Oui,Non,Oui,Oui,Oui,Oui,Non,Toujours,Parfois,Jamais,Jamais,Oui,Non,Oui,Non,Non,Non,Oui,Oui,Oui,Non,Non,Non,Non,Non,Non,Non,Non,Non,Non,Non,Une volonté de valoriser le travail effectué avant un partage pour garder un avantage compétitif.,La peur d’un renforcement d’inégalités entre des personnes produisant des données d’une part et celles les analysant et en tirant des publications d’autre part.,"Des barrières juridiques et économiques contraignant leurs partage (contrat de consortium, valorisation, exclusivité, droit d’auteur).",,Oui,Souvent,Non,Non,Oui,Oui,Oui,Non,Oui,Oui,Oui,Non,Non,Non,Non,Non,Non,Non,Non,Nous sommes entre 2 et 5 personnes,Oui,Non,Non,Non,Non,Non,Non,Non,Non,Non,Non,Windows,Oui,Non,Oui,Non,Oui,Non,Non,Oui,Non,Non,Oui,Oui,Oui,Non,Non,Non,Non,Non,Oui,Non,Non,Oui,Oui,Non,Oui,Non,Oui,Non,Oui,Non,Non,Non,Oui,Oui,Non,Non,Oui,Non,Non,Oui,Parfois,Plutôt insatisfait,Oui,Oui,Non,Non,Non,Oui,Non,Non,Non,Non,Non,Non,Non,Non,Oui,Non,Non,Oui,Non,Non,Non,Non,Non,Non,Plus de dix ans,organisme,Oui,Non,Non,Non,Fonctionnaire ou assimilé,Oui,Oui,Non,Non,Oui,Non,Non,Oui,Non,autre,Un homme
264,618,Oui,Non,Non,Non,Oui,Oui,Non,Non,Oui,Non,Non,Oui,Non,Oui,Non,Non,Non,Non,Non,Oui,Non,Non,Oui,Non,Non,Non,Non,Non,Assez,Oui,Non,Non,Non,Non,Non,Oui,3,,,M,,2,1,1,,M,M,,,,Non,Oui,Non,Non,Non,Oui,Non,Non,Oui,Non,Non,Oui,Non,Non,Oui,Parfois,Jamais,Jamais,Jamais,Non,Non,Non,Non,Oui,Non,Non,Oui,Non,Non,Non,Non,Non,Non,Non,Non,Non,Oui,Non,Non,"Des barrières juridiques et économiques contraignant leurs partage (contrat de consortium, valorisation, exclusivité, droit d’auteur).","Un manque d’habitude de cette pratique dans les communautés de recherche (savoir faire, etc.)",Un temps trop important nécessaire à leur mise à disposition.,La peur d’un renforcement d’inégalités entre des personnes produisant des données d’une part et celles les analysant et en tirant des publications d’autre part.,Oui,Parfois,Non,Oui,Non,Non,Oui,Non,Non,Oui,Oui,Non,Non,Non,Non,Non,Non,Non,Non,Nous sommes entre 2 et 5 personnes,Oui,Oui,Oui,Non,Non,Non,Non,Non,Non,Non,Non,MacOS,Oui,Non,Non,Non,Non,Oui,Non,Oui,Non,Non,Non,Oui,Non,Non,Non,Non,Non,Non,Non,Oui,Non,Non,Non,Non,Non,Non,Non,Non,Oui,Non,Non,Oui,Non,Non,Non,Oui,Non,Oui,Non,Non,,,Non,Oui,Non,Oui,Non,Oui,Non,Non,Non,Non,Non,Oui,Oui,Oui,Oui,Non,Non,Non,Oui,Non,Non,Non,Oui,Non,Plus de dix ans,Université,Oui,Non,Non,Non,Fonctionnaire ou assimilé,Non,Non,Non,Non,Non,Non,Oui,Non,Non,autre,Un homme
265,626,Non,Non,Non,Non,Oui,Oui,Oui,Non,Non,Oui,Oui,Oui,Oui,Oui,Oui,Non,Oui,Oui,Non,Oui,Non,Non,Oui,Non,Oui,Non,Non,Non,Tout à fait,Non,Oui,Oui,Oui,Oui,Non,Oui,M,,,M,M,2,M,1,M,M,M,,M,1,Non,Non,Oui,Non,Oui,Non,Non,Non,Oui,Non,Non,Non,Non,Oui,Non,Parfois,Jamais,Jamais,Jamais,Non,Non,Non,Non,Oui,Non,Non,Oui,Oui,Non,Non,Non,Non,Non,Non,Non,Non,Non,Non,Non,Un temps trop important nécessaire à leur mise à disposition.,"Un manque d’habitude de cette pratique dans les communautés de recherche (savoir faire, etc.)",Une mauvaise qualité des données en l’état.,Une volonté de valoriser le travail effectué avant un partage pour garder un avantage compétitif.,Oui,Souvent,Non,Oui,Oui,Oui,Oui,Non,Non,Oui,Oui,Non,Non,Non,Non,Non,Non,Non,Non,Nous sommes entre 2 et 5 personnes,Oui,Oui,Non,Non,Non,Non,Non,Non,Non,Non,Non,Windows,Oui,Non,Non,Oui,Oui,Oui,Non,Non,Non,Non,Oui,Oui,Oui,Non,Non,Non,Non,Non,Oui,Non,Non,Oui,Oui,Non,Oui,Non,Non,Non,Oui,Non,Non,Non,Non,Oui,Non,Non,Non,Non,Non,Oui,Parfois,Plutôt satisfait,Oui,Oui,Oui,Non,Non,Non,Non,Non,Non,Oui,Non,Non,Oui,Non,Oui,Non,Non,Non,Non,Non,Non,Non,Non,Oui,Plus de dix ans,,Oui,Non,Non,Non,Fonctionnaire ou assimilé,Non,Non,Non,Non,Non,Non,Non,Non,Non,géographie,Un homme
266,636,Oui,Oui,Non,Oui,Oui,Oui,Non,Oui,Non,Non,Non,Oui,Non,Non,Non,Non,Oui,Non,Non,Oui,Non,Oui,Non,Non,Oui,Oui,Non,Non,Tout à fait,Oui,Oui,Non,Non,Non,Non,Oui,1,M,M,1,,3,M,M,,,M,,,,Non,Oui,Non,Non,Non,Non,Non,Non,Oui,Oui,Non,Oui,Oui,Oui,Non,Toujours,Jamais,Jamais,Jamais,Non,Oui,Non,Non,Non,Non,Non,Non,Non,Oui,Non,Non,Non,Non,Non,Non,Non,Non,Non,Non,Des conditions éthiques limitant leur partage.,"Des barrières juridiques et économiques contraignant leurs partage (contrat de consortium, valorisation, exclusivité, droit d’auteur).",Un temps trop important nécessaire à leur mise à disposition.,Une peur de mésusage des données par les personnes les réutilisant.,Non,Jamais,Non,Oui,Oui,Oui,Oui,Non,Non,Oui,Non,Non,Oui,Oui,Non,Non,Non,Non,Non,Nous sommes entre 2 et 5 personnes,Oui,Oui,Non,Non,Non,Non,Non,Non,Non,Non,Oui,MacOS,Oui,Non,Non,Non,Non,Non,Non,Oui,Oui,Non,,,,,,,,,,,,,,,,,,,,,,Oui,Oui,Oui,Oui,Oui,Non,Non,Non,Oui,Souvent,"Ni satisfait, ni insatisfait",Non,Non,Non,Non,Oui,Non,Oui,Non,Non,Non,Non,Non,Non,Non,Non,Oui,Oui,Non,Non,Non,Non,Oui,Non,Non,Plus de dix ans,organisme,Oui,Non,Non,Non,Fonctionnaire ou assimilé,Non,Non,Non,Non,Oui,Oui,Oui,Non,Non,biologie,Un homme
267,645,Non,Non,Oui,Non,Oui,Non,Non,Non,Oui,Non,Non,Oui,Non,Oui,Non,Non,Non,Oui,Non,Non,Non,Non,Oui,Oui,Non,Non,Oui,Non,Assez,Non,Oui,Oui,Non,Non,Non,Non,1,,1,M,M,1,M,M,,,,,1,1,Oui,Oui,Non,Non,Non,Oui,Non,Non,Oui,Non,Non,Oui,Non,Non,Non,Jamais,Jamais,Jamais,Jamais,Non,Non,Non,Non,Oui,Non,Non,Non,Non,Non,Non,Non,Non,Non,Non,Non,Non,Non,Non,Oui,La peur d’un renforcement d’inégalités entre des personnes produisant des données d’une part et celles les analysant et en tirant des publications d’autre part.,"Un manque d’habitude de cette pratique dans les communautés de recherche (savoir faire, etc.)",,,Oui,Parfois,Non,Oui,Non,Non,Non,Non,Oui,Non,Non,Non,Non,Non,Non,Non,Non,Non,Non,Nous sommes entre 2 et 5 personnes,Oui,Oui,Non,Non,Non,Non,Non,Non,Non,Non,Oui,Windows,Oui,Non,Non,Non,Oui,Non,Non,Non,Non,Non,Oui,Non,Oui,Non,Non,Non,Non,Oui,Non,Non,Non,Oui,Oui,Non,Non,Non,Non,Non,Oui,Non,Non,Non,Non,Oui,Non,Non,Non,Non,Non,Non,,,Non,Oui,Non,Non,Non,Non,Non,Non,Non,Oui,Non,Non,Non,Non,Oui,Non,Non,Non,Non,Non,Non,Non,Non,Non,Cinq à dix ans,Université,Oui,Non,Non,Non,Fonctionnaire ou assimilé,Non,Non,Oui,Non,Non,Non,Non,Non,Non,psychologie,Une femme
268,649,Non,Oui,Non,Non,Oui,Oui,Non,Non,Non,Oui,Non,Non,Non,Non,Oui,Non,Oui,Oui,Non,Oui,Non,Non,Non,Non,Non,Oui,Non,Non,Assez,Non,Oui,Oui,Non,Oui,Non,Non,3,M,1,1,M,2,1,M,M,M,M,,,,Non,Oui,Non,Non,Non,Non,Non,Non,Oui,Oui,Non,Oui,Non,Non,Non,Toujours,Parfois,Jamais,Jamais,Non,Oui,Non,Non,Non,Non,Oui,Oui,Non,Non,Non,Non,Non,Non,Non,Non,Non,Non,Non,Non,Une volonté de valoriser le travail effectué avant un partage pour garder un avantage compétitif.,"Un manque d’habitude de cette pratique dans les communautés de recherche (savoir faire, etc.)","Des barrières juridiques et économiques contraignant leurs partage (contrat de consortium, valorisation, exclusivité, droit d’auteur).",Une peur de mésusage des données par les personnes les réutilisant.,Oui,Parfois,Non,Oui,Oui,Oui,Non,Non,Non,Oui,Oui,Non,Non,Non,Non,Non,Non,Non,Non,Nous sommes entre 2 et 5 personnes,Oui,Oui,Non,Non,Non,Non,Non,Non,Non,Non,Non,Linux,Non,Non,Non,Non,Non,Non,Non,Oui,Non,Non,Non,Non,Non,Non,Non,Non,Non,Non,Non,Non,Oui,Non,Non,Non,Non,Non,Non,Non,Oui,Non,Non,Non,Non,Oui,Non,Non,Non,Non,Non,Non,,,Non,Non,Non,Non,Non,Non,Non,Oui,Non,Non,Non,Non,Non,Non,Non,Oui,Non,Non,Oui,Non,Non,Non,Non,Non,Cinq à dix ans,,Non,Oui,Non,Non,Contrat doctoral,Non,Oui,Non,Non,Non,Oui,Non,Non,Non,autre,Un homme
269,661,Non,Non,Non,Non,Oui,Non,Non,Non,Non,Non,Non,Non,Oui,Oui,Oui,Oui,Oui,Oui,Non,Oui,Non,Non,Non,Non,Non,Oui,Oui,Non,Assez,Oui,Oui,Oui,Oui,Non,Non,Oui,M,,M,1,M,3,1,1,M,M,1,M,M,M,Non,Oui,Oui,Non,Non,Oui,Non,Non,Oui,Non,Non,Oui,Oui,Oui,Non,Parfois,Jamais,Souvent,Jamais,Oui,Non,Non,Non,Non,Non,Non,Non,Non,Non,Non,Non,Non,Non,Non,Non,Oui,Oui,Non,Non,Une mauvaise qualité des données en l’état.,La peur d’un renforcement d’inégalités entre des personnes produisant des données d’une part et celles les analysant et en tirant des publications d’autre part.,Un temps trop important nécessaire à leur mise à disposition.,,Non,Jamais,Non,Oui,Oui,Non,Non,Non,Oui,Oui,Non,Non,Non,Non,Non,Non,Oui,Non,Non,Nous sommes plus de 50 personnes,Non,Non,Non,Non,Non,Non,Non,Non,Non,Non,Non,Linux,Non,Non,Non,Non,Non,Non,Non,Oui,Non,Non,Oui,Oui,Non,Non,Non,Non,Non,Non,Non,Non,Non,Non,Non,Non,Non,Non,Non,Non,Oui,Non,Non,Non,Non,Non,Non,Oui,Non,Non,Non,Non,,,Oui,Non,Non,Non,Non,Non,Non,Non,Non,Non,Non,Non,Non,Non,Non,Oui,Non,Non,Non,Non,Non,Non,Non,Oui,Plus de dix ans,école,Non,Non,Non,Non,Fonctionnaire ou assimilé,Non,Non,Non,Non,Non,Oui,Non,Non,Non,,Un homme
270,672,Non,Non,Non,Non,Oui,Non,Non,Non,Non,Non,Non,Non,Oui,Oui,Non,Non,Non,Non,Non,Non,Non,Non,Non,Non,Oui,Non,Non,Non,Assez,Oui,Oui,Oui,Oui,Oui,Non,Non,M,M,M,M,M,M,M,1,M,M,M,M,M,M,Non,Non,Oui,Non,Oui,Oui,Non,Non,Oui,Non,Non,Oui,Non,Oui,Non,Souvent,Jamais,Parfois,Jamais,Non,Non,Non,Non,Oui,Non,Non,Non,Oui,Non,Non,Non,Oui,Non,Non,Non,Non,Non,Non,Non,Non applicable.,,,,Oui,Parfois,Non,Oui,Oui,Non,Non,Non,Oui,Non,Non,Non,Oui,Non,Non,Non,Non,Non,Non,Nous sommes entre 2 et 5 personnes,Oui,Oui,Non,Non,Non,Non,Non,Non,Non,Non,Non,Linux,Non,Non,Non,Non,Non,Non,Non,Oui,Non,Non,Oui,Non,Non,Non,Non,Non,Non,Non,Non,Non,Non,Non,Oui,Non,Non,Non,Non,Non,Oui,Non,Non,Non,Non,Oui,Non,Non,Non,Non,Non,Non applicable,,,Non,Non,Non,Non,Non,Non,Non,Oui,Non,Non,Non,Non,Non,Non,Non,Oui,Non,Non,Non,Non,Non,Non,Non,Oui,Plus de dix ans,CNRS,Oui,Non,Non,Non,En CDI,Non,Oui,Non,Oui,Non,Non,Non,Non,Non,autre,Un homme
271,682,Oui,Non,Non,Non,Non,Oui,Non,Non,Non,Non,Non,Oui,Oui,Oui,Oui,Non,Oui,Non,Non,Non,Oui,Non,Oui,Oui,Non,Non,Non,Oui,Assez,Oui,Oui,Oui,Oui,Non,Non,Oui,3,M,1,M,M,1,M,1,M,1,1,,M,,Non,Oui,Non,Oui,Oui,Oui,Non,Non,Oui,Non,Non,Non,Non,Non,Non,Jamais,Jamais,Jamais,Jamais,Non,Non,Non,Non,Oui,Non,Oui,Oui,Oui,Non,Non,Non,Non,Oui,Non,Non,Non,Non,Non,Non,Une volonté de valoriser le travail effectué avant un partage pour garder un avantage compétitif.,La peur d’un renforcement d’inégalités entre des personnes produisant des données d’une part et celles les analysant et en tirant des publications d’autre part.,Un doute sur la capacité de réutilisation des données par d’autres (contextualisation et documentation nécessaire).,Un temps trop important nécessaire à leur mise à disposition.,Oui,Parfois,Non,Oui,Oui,Oui,Non,Oui,Oui,Oui,Oui,Oui,Non,Non,Non,Non,Non,Non,Non,Nous sommes entre 2 et 5 personnes,Oui,Oui,Oui,Non,Non,Non,Non,Non,Non,Non,Non,Windows,Oui,Non,Oui,Non,Non,Oui,Non,Non,Non,Non,Oui,Oui,Non,Non,Non,Non,Non,Oui,Non,Non,Non,Oui,Non,Oui,Non,Oui,Oui,Oui,Oui,Non,Non,Non,Oui,Oui,Oui,Non,Non,Non,Non,Oui,Parfois,Plutôt insatisfait,Oui,Oui,Oui,Oui,Non,Non,Non,Non,Oui,Non,Non,Oui,Oui,Non,Non,Non,Oui,Non,Oui,Non,Oui,Oui,Non,Non,Plus de dix ans,Université,Non,Non,Oui,Non,Fonctionnaire ou assimilé,Non,Non,Non,Non,Non,Oui,Non,Non,Oui,chimie,Une femme
272,694,Non,Non,Non,Non,Oui,Oui,Non,Oui,Non,Non,Non,Oui,Non,Oui,Oui,Non,Oui,Oui,Non,Non,Non,Non,Non,Non,Oui,Oui,Oui,Non,Assez,Non,Non,Oui,Oui,Non,Non,Non,M,,,,,3,3,M,,,,,3,,Non,Oui,Oui,Non,Oui,Oui,Oui,Non,Oui,Non,Non,Oui,Oui,Oui,Non,Toujours,,Parfois,,Non,Non,Non,Non,Oui,Non,Oui,Non,Oui,Non,Non,Non,Oui,Non,Non,Non,Non,Oui,Non,Non,Un temps trop important nécessaire à leur mise à disposition.,Un doute sur la capacité de réutilisation des données par d’autres (contextualisation et documentation nécessaire).,"Des barrières juridiques et économiques contraignant leurs partage (contrat de consortium, valorisation, exclusivité, droit d’auteur).",,Non,Souvent,Non,Non,Non,Non,Oui,Oui,Non,Non,Oui,Oui,Non,Non,Non,Non,Non,Non,Non,Nous sommes entre 2 et 5 personnes,Oui,Non,Non,Non,Non,Non,Non,Non,Non,Non,Oui,Windows,Non,Non,Non,Non,Non,Non,Non,Oui,Non,Non,Oui,Non,Non,Non,Non,Non,Non,Non,Non,Non,Non,Non,Non,Non,Non,Non,Non,Non,Oui,Non,Non,Non,Non,Oui,Oui,Oui,Non,Non,Non,Oui,Jamais,"Ni satisfait, ni insatisfait",Oui,Non,Non,Non,Non,Non,Non,Non,Non,Oui,Non,Non,Non,Non,Non,Non,Non,Non,Non,Non,Non,Non,Oui,Non,Plus de dix ans,CNRS,Oui,Non,Non,Non,Fonctionnaire ou assimilé,Non,Oui,Non,Non,Non,Non,Non,Non,Non,autre,Un homme
273,697,Oui,Non,Oui,Non,Non,Non,Non,Oui,Non,Non,Oui,Non,Oui,Oui,Oui,Non,Oui,Non,Non,Oui,Non,Oui,Oui,Oui,Non,Non,Non,Oui,Peu,Oui,Oui,Oui,Non,Oui,Non,Non,1,,,1,1,2,,2,1,M,M,,M,M,Oui,Oui,Oui,Non,Non,Non,Non,Non,Oui,Non,Non,Non,Oui,Non,Non,Non applicable,Non applicable,Non applicable,Non applicable,Non,Non,Non,Non,Oui,Non,Non,Non,Non,Non,Non,Non,Non,Non,Non,Non,Non,Non,Non,Oui,"Des barrières juridiques et économiques contraignant leurs partage (contrat de consortium, valorisation, exclusivité, droit d’auteur).",Des conditions éthiques limitant leur partage.,Une peur de mésusage des données par les personnes les réutilisant.,Une mauvaise qualité des données en l’état.,Oui,Souvent,Non,Oui,Oui,Oui,Oui,Non,Non,Non,Non,Oui,Oui,Non,Non,Non,Non,Non,Non,Nous sommes entre 2 et 5 personnes,Oui,Non,Non,Non,Non,Non,Non,Non,Non,Non,Non,Windows,Oui,Non,Non,Non,Oui,Non,Non,Non,Non,Non,Non,Non,Non,Non,Non,Non,Oui,Non,Non,Non,Non,Oui,Non,Non,Non,Non,Non,Non,Non,Oui,Non,Non,Oui,Oui,Non,Non,Non,Non,Non,Non,,,Non,Non,Non,Oui,Non,Non,Non,Non,Non,Oui,Oui,Oui,Non,Non,Non,Non,Oui,Non,Non,Non,Non,Oui,Oui,Non,Cinq à dix ans,CNRS,Non,Non,Oui,Non,Fonctionnaire ou assimilé,Non,Non,Oui,Non,Non,Non,Non,Non,Non,,Une femme
274,708,Non,Non,Oui,Non,Oui,Oui,Non,Non,Non,Non,Non,Non,Non,Non,Oui,Non,Oui,Oui,Non,Non,Non,Non,Non,Oui,Non,Non,Non,Non,Tout à fait,Non,Oui,Oui,Non,Oui,Non,Non,1,,1,M,1,2,,M,,M,M,,,,Oui,Non,Non,Non,Non,Oui,Non,Non,Oui,Non,Oui,Oui,Non,Oui,Non,Parfois,Souvent,Souvent,Souvent,Oui,Non,Non,Non,Non,Non,Non,Non,Non,Non,Non,Non,Non,Non,Non,Non,Non,Non,Oui,Non,"Un manque d’habitude de cette pratique dans les communautés de recherche (savoir faire, etc.)",Une volonté de valoriser le travail effectué avant un partage pour garder un avantage compétitif.,Un doute sur la capacité de réutilisation des données par d’autres (contextualisation et documentation nécessaire).,,Oui,Parfois,Non,Oui,Oui,Non,Oui,Non,Non,Non,Non,Non,Oui,Non,Non,Non,Non,Non,Non,Nous sommes entre 2 et 5 personnes,Oui,Non,Non,Non,Non,Non,Non,Non,Non,Non,Non,MacOS,Oui,Non,Non,Non,Oui,Non,Non,Oui,Non,Non,Oui,Oui,Non,Non,Oui,Non,Non,Non,Non,Oui,Non,Oui,Non,Non,Non,Oui,Non,Non,Oui,Oui,Non,Non,Non,Oui,Oui,Non,Non,Oui,Non,Oui,Jamais,,Oui,Non,Non,Non,Non,Non,Non,Non,Oui,Oui,Oui,Oui,Oui,Non,Oui,Non,Oui,Non,Oui,Non,Oui,Non,Non,Non,Moins de cinq ans,Université,Non,Oui,Non,Non,En CDD,Non,Non,Oui,Non,Non,Non,Non,Non,Non,psychologie,Un homme
275,714,Oui,Non,Non,Non,Non,Oui,Non,Non,Oui,Non,Non,Oui,Oui,Non,Oui,Non,Oui,Non,Non,Oui,Non,Non,Oui,Non,Non,Non,Non,Non,Assez,Oui,Oui,Oui,Non,Non,Non,Oui,2,,1,,,1,,M,,M,M,,,,Non,Oui,Oui,Non,Non,Oui,Non,Non,Oui,Non,Non,Non,Non,Oui,Oui,,,,,Oui,Non,Non,Non,Non,Non,Non,Non,Non,Non,Non,Oui,Non,Non,Non,Oui,Non,Non,Non,Non,"Un manque d’habitude de cette pratique dans les communautés de recherche (savoir faire, etc.)",Un temps trop important nécessaire à leur mise à disposition.,"Une perspective de mise à disposition qui vient limiter, freiner le travail interprétatif possible.",,Non,Parfois,Non,Oui,Oui,Non,Non,Non,Non,Oui,Non,Oui,Non,Non,Non,Non,Non,Non,Non,Nous sommes entre 6 et 10 personnes,Oui,Oui,Oui,Non,Non,Non,Non,Non,Non,Non,Oui,Windows,Oui,Non,Non,Oui,Non,Oui,Non,Non,Non,Non,Non,Oui,Oui,Oui,Non,Non,Non,Non,Non,Non,Non,Oui,Non,Non,Oui,Non,Non,Non,Oui,Non,Non,Oui,Oui,Oui,Non,Non,Non,Non,Non,Oui,Parfois,Plutôt satisfait,Oui,Oui,Non,Oui,Non,Non,Non,Non,Oui,Oui,Non,Oui,Oui,Non,Non,Non,Oui,Non,Non,Non,Oui,Non,Non,Non,Plus de dix ans,CNRS,Oui,Non,Non,Non,Fonctionnaire ou assimilé,Non,Non,Non,Non,Non,Oui,Non,Non,Non,biologie,
276,719,Oui,Non,Non,Non,Non,Non,Non,Non,Oui,Non,Non,Oui,Oui,Oui,Non,Non,Oui,Non,Non,Oui,Non,Oui,Oui,Non,Oui,Oui,Non,Non,Peu,Oui,Oui,Oui,Oui,Oui,Non,Oui,1,,,1,,1,,1,,M,1,,1,,Non,Oui,Non,Non,Non,Oui,Non,Non,Oui,Non,Non,Oui,Oui,Oui,Non,,,Toujours,Toujours,Non,Non,Non,Non,Oui,Non,Non,Non,Non,Non,Non,Non,Non,Non,Non,Non,Non,Non,Non,Oui,Une mauvaise qualité des données en l’état.,"Un manque d’habitude de cette pratique dans les communautés de recherche (savoir faire, etc.)",La peur d’un renforcement d’inégalités entre des personnes produisant des données d’une part et celles les analysant et en tirant des publications d’autre part.,Un doute sur la capacité de réutilisation des données par d’autres (contextualisation et documentation nécessaire).,Non,Souvent,Non,Oui,Non,Non,Non,Non,Non,Oui,Oui,Oui,Non,Non,Non,Non,Non,Non,Non,Nous sommes entre 2 et 5 personnes,Oui,Oui,Non,Non,Non,Non,Non,Non,Non,Non,Non,Windows,Non,Oui,Non,Non,Non,Non,Non,Oui,Non,Non,Oui,Oui,Oui,Non,Non,Non,Non,Non,Non,Non,Non,Oui,Non,Non,Non,Non,Non,Non,Oui,Non,Non,Non,Non,Oui,Non,Non,Non,Non,Non,Non,,,Non,Non,Oui,Non,Non,Non,Non,Non,Non,Non,Non,Oui,Non,Non,Non,Non,Non,Non,Oui,Non,Non,Oui,Non,Non,Plus de dix ans,autre,Oui,Non,Non,Non,Fonctionnaire ou assimilé,Non,Non,Non,Non,Non,Non,Oui,Non,Non,physique ,Un homme
277,735,Oui,Non,Non,Non,Oui,Oui,Non,Non,Non,Oui,Non,Oui,Oui,Oui,Oui,Non,Oui,Oui,Non,Non,Oui,Non,Oui,Oui,Oui,Non,Non,Oui,Assez,Oui,Non,Oui,Non,Non,Non,Non,3,M,M,1,M,1,M,M,1,M,M,M,M,M,Non,Oui,Oui,Oui,Oui,Oui,Non,Non,Oui,Non,Non,Non,Oui,Oui,Oui,Toujours,Jamais,Jamais,Jamais,Non,Non,Non,Non,Oui,Non,Non,Non,Non,Non,Non,Non,Non,Non,Non,Non,Non,Non,Oui,Oui,Une volonté de valoriser le travail effectué avant un partage pour garder un avantage compétitif.,La peur d’un renforcement d’inégalités entre des personnes produisant des données d’une part et celles les analysant et en tirant des publications d’autre part.,,,Je ne sais pas,Parfois,Non,Non,Oui,Non,Non,Non,Non,Oui,Oui,Non,Oui,Non,Non,Non,Non,Non,Non,Nous sommes entre 2 et 5 personnes,Oui,Oui,Oui,Non,Non,Non,Non,Non,Non,Non,Non,MacOS,Oui,Non,Oui,Non,Non,Oui,Non,Non,Non,Non,Oui,Oui,Oui,Non,Non,Non,Non,Non,Non,Non,Non,Oui,Oui,Non,Non,Non,Non,Non,Oui,Non,Non,Non,Oui,Oui,Non,Non,Oui,Non,Non,Oui,Parfois,"Ni satisfait, ni insatisfait",Non,Non,Non,Non,Non,Non,Non,Oui,Non,Non,Non,Oui,Oui,Non,Non,Non,Oui,Non,Non,Non,Non,Non,Non,Non,Plus de dix ans,,Non,Non,Oui,Non,Fonctionnaire ou assimilé,Non,Non,Non,Non,Non,Oui,Non,Non,Non,,
278,742,Oui,Non,Non,Non,Non,Oui,Non,Non,Oui,Non,Non,Oui,Oui,Non,Non,Non,Oui,Non,Non,Oui,Non,Non,Non,Oui,Non,Non,Non,Oui,Tout à fait,Oui,Oui,Oui,Non,Oui,Non,Oui,3,,,,,3,,3,,,M,1,,M,Non,Oui,Non,Non,Non,Oui,Non,Non,Oui,Non,Non,Non,Oui,Oui,Oui,Toujours,Parfois,Jamais,Non applicable,Oui,Non,Non,Non,Non,Non,Oui,Oui,Oui,Non,Oui,Oui,Non,Oui,Non,Non,Non,Non,Non,Non,Une volonté de valoriser le travail effectué avant un partage pour garder un avantage compétitif.,"Un manque d’habitude de cette pratique dans les communautés de recherche (savoir faire, etc.)",Un temps trop important nécessaire à leur mise à disposition.,"Des barrières juridiques et économiques contraignant leurs partage (contrat de consortium, valorisation, exclusivité, droit d’auteur).",Oui,Parfois,Non,Oui,Non,Non,Oui,Non,Non,Oui,Oui,Oui,Non,Non,Non,Non,Non,Non,Non,Nous sommes entre 2 et 5 personnes,Oui,Oui,Oui,Non,Non,Non,Non,Non,Non,Non,Non,MacOS,Oui,Oui,Non,Oui,Non,Non,Non,Non,Non,Non,Non,Oui,Oui,Non,Non,Non,Non,Non,Oui,Non,Non,Non,Oui,Non,Oui,Non,Oui,Non,Non,Non,Non,Oui,Non,Oui,Oui,Non,Non,Non,Non,Oui,Parfois,"Ni satisfait, ni insatisfait",Oui,Oui,Non,Non,Non,Non,Non,Non,Oui,Non,Oui,Non,Non,Non,Non,Non,Oui,Non,Oui,Non,Non,Oui,Non,Non,Plus de dix ans,CNRS,Oui,Non,Non,Non,Fonctionnaire ou assimilé,Non,Non,Non,Non,Non,Oui,Non,Non,Non,autre,Une femme
279,743,Oui,Non,Non,Non,Non,Non,Non,Oui,Oui,Oui,Non,Non,Non,Oui,Oui,Oui,Non,Non,Non,Oui,Non,Non,Non,Oui,Non,Non,Non,Oui,Peu,Oui,Non,Oui,Non,Non,Non,Oui,,,,,,,,,,,,,,,Non,Non,Non,Non,Oui,Non,Non,Non,Oui,Non,Non,Oui,Non,Non,Non,Toujours,Jamais,Jamais,Jamais,Non,Non,Non,Non,Oui,Non,Non,Non,Non,Oui,Non,Non,Non,Non,Non,Non,Non,Non,Non,Non,"Un manque d’habitude de cette pratique dans les communautés de recherche (savoir faire, etc.)",Un doute sur la capacité de réutilisation des données par d’autres (contextualisation et documentation nécessaire).,Un temps trop important nécessaire à leur mise à disposition.,,Je ne sais pas,Parfois,Non,Non,Oui,Non,Non,Non,Non,Non,Non,Oui,Non,Non,Non,Non,Non,Non,Non,Nous sommes entre 2 et 5 personnes,Non,Non,Oui,Non,Non,Non,Non,Non,Non,Non,Non,Linux,Oui,Non,Non,Non,Non,Non,Non,Oui,Non,Non,Oui,Non,Non,Non,Non,Non,Oui,Non,Non,Oui,Non,Non,Non,Non,Non,Oui,Oui,Oui,Non,Non,Non,Non,Oui,Oui,Non,Non,Non,Oui,Oui,Oui,Parfois,Plutôt satisfait,Non,Non,Non,Non,Oui,Non,Non,Non,Non,Non,Non,Oui,Oui,Oui,Non,Non,Oui,Non,Non,Non,Non,Non,Oui,Non,Plus de dix ans,Université,Non,Non,Non,Non,Fonctionnaire ou assimilé,Non,Oui,Non,Non,Non,Non,Oui,Non,Non,,Un homme
280,745,Non,Non,Non,Non,Oui,Non,Non,Non,Oui,Non,Non,Oui,Non,Oui,Oui,Non,Oui,Non,Non,Non,Non,Non,Oui,Non,Non,Non,Non,Oui,Assez,Oui,Non,Non,Non,Non,Non,Non,M,M,,P,1,3,,1,P,3,P,3,,2,Non,Non,Oui,Non,Oui,Non,Non,Non,Non,Oui,Oui,Oui,Non,Non,Oui,Souvent,Parfois,Jamais,Souvent,Non,Non,Non,Non,Oui,Non,Non,Oui,Non,Oui,Non,Non,Oui,Non,Non,Non,Non,Non,Non,Non,Des conditions éthiques limitant leur partage.,"Des barrières juridiques et économiques contraignant leurs partage (contrat de consortium, valorisation, exclusivité, droit d’auteur).",Une peur de mésusage des données par les personnes les réutilisant.,"Un manque d’habitude de cette pratique dans les communautés de recherche (savoir faire, etc.)",Oui,Souvent,Oui,Oui,Non,Oui,Non,Non,Non,Non,Non,Oui,Non,Non,Non,Non,Non,Non,Non,Nous sommes entre 2 et 5 personnes,Oui,Non,Oui,Oui,Non,Non,Non,Non,Non,Non,Oui,Windows,Oui,Non,Oui,Oui,Non,Non,Non,Oui,Oui,Non,,,,,,,,,,,,,,,,,,,,,,Non,Non,Oui,Oui,Non,Non,Non,Non,Non,,,Non,Non,Non,Oui,Non,Oui,Non,Non,Non,Non,Non,Oui,Non,Non,Non,Non,Non,Non,Non,Non,Non,Non,Oui,Non,Plus de dix ans,organisme,Non,Non,Oui,Non,Fonctionnaire ou assimilé,Non,Non,Non,Non,Non,Non,Non,Oui,Non,autre,Une femme
281,752,Oui,Non,Non,Oui,Non,Oui,Non,Non,Oui,Oui,Non,Oui,Oui,Non,Oui,Non,Oui,Non,Non,Oui,Non,Oui,Non,Non,Oui,Non,Non,Non,Tout à fait,Oui,Oui,Oui,Oui,Non,Non,Oui,3,M,M,,,1,,1,,M,M,,,,Non,Oui,Non,Non,Non,Oui,Non,Non,Oui,Non,Non,Non,Non,Oui,Oui,Parfois,Jamais,Jamais,Jamais,Non,Non,Non,Non,Oui,Non,Oui,Non,Non,Non,Non,Non,Non,Non,Non,Non,Non,Non,Non,Non,Une volonté de valoriser le travail effectué avant un partage pour garder un avantage compétitif.,"Un manque d’habitude de cette pratique dans les communautés de recherche (savoir faire, etc.)",Un temps trop important nécessaire à leur mise à disposition.,Une peur de mésusage des données par les personnes les réutilisant.,Je ne sais pas,Parfois,Non,Non,Non,Non,Oui,Non,Oui,Oui,Oui,Non,Non,Non,Non,Oui,Non,Non,Non,Nous sommes entre 2 et 5 personnes,Oui,Non,Oui,Non,Non,Non,Non,Non,Non,Non,Non,Windows,Oui,Non,Non,Oui,Non,Oui,Non,Oui,Non,Non,Oui,Oui,Non,Non,Non,Non,Oui,Non,Non,Non,Non,Oui,Non,Non,Non,Oui,Oui,Non,Oui,Non,Non,Non,Non,Oui,Non,Non,Non,Non,Oui,Non,,,Non,Non,Non,Oui,Oui,Non,Non,Non,Oui,Non,Oui,Oui,Non,Non,Non,Non,Oui,Oui,Oui,Non,Non,Non,Non,Non,Moins de cinq ans,Université,Non,Oui,Non,Non,Contrat doctoral,Non,Non,Non,Non,Non,Oui,Non,Non,Non,biologie,Un homme
282,781,Oui,Non,Non,Oui,Oui,Oui,Non,Oui,Oui,Non,Oui,Oui,Non,Oui,Oui,Non,Non,Non,Non,Non,Oui,Non,Non,Non,Oui,Non,Non,Non,Assez,Oui,Non,Oui,Non,Non,Non,Oui,3,,2,,,1,,,1,M,,1,M,1,Non,Oui,Oui,Non,Non,Oui,Non,Non,Non,Non,Non,Non,Non,Oui,Oui,Souvent,Souvent,,,Oui,Non,Oui,Non,Non,Non,Oui,Oui,Non,Oui,Non,Oui,Non,Non,Oui,Non,Non,Non,Non,Non,Une volonté de valoriser le travail effectué avant un partage pour garder un avantage compétitif.,"Un manque d’habitude de cette pratique dans les communautés de recherche (savoir faire, etc.)",Un temps trop important nécessaire à leur mise à disposition.,Une mauvaise qualité des données en l’état.,Je ne sais pas,Souvent,Non,Oui,Oui,Non,Oui,Non,Non,Oui,Oui,Non,Non,Non,Non,Non,Non,Oui,Non,Nous sommes entre 2 et 5 personnes,Oui,Oui,Oui,Non,Non,Non,Non,Non,Non,Non,Non,Windows,Oui,Non,Non,Oui,Non,Non,Non,Non,Non,Non,Non,Oui,Oui,Non,Non,Non,Oui,Non,Non,Non,Non,Oui,Non,Non,Non,Non,Non,Non,Oui,Non,Non,Oui,Non,Oui,Non,Non,Non,Non,Oui,Non,,,Oui,Oui,Non,Oui,Oui,Non,Non,Non,Non,Non,Non,Oui,Non,Non,Non,Non,Non,Oui,Oui,Non,Non,Oui,Oui,Non,Plus de dix ans,CNRS,Oui,Non,Non,Non,Fonctionnaire ou assimilé,Non,Non,Non,Non,Non,Oui,Non,Non,Oui,chimie,Une femme
283,790,Oui,Non,Non,Non,Non,Oui,Non,Non,Non,Oui,Oui,Non,Oui,Non,Non,Non,Non,Non,Non,Non,Oui,Oui,Non,Oui,Oui,Non,Non,Oui,Tout à fait,Non,Oui,Oui,Oui,Oui,Non,Oui,3,,,,,3,1,P,,,,,,,Non,Oui,Non,Non,Non,Oui,Non,Non,Oui,Non,Non,Non,Non,Oui,Oui,Souvent,Parfois,Parfois,,Non,Non,Non,Non,Oui,Non,Non,Non,Non,Non,Non,Non,Non,Non,Non,Non,Non,Non,Non,Oui,"Un manque d’habitude de cette pratique dans les communautés de recherche (savoir faire, etc.)",Une volonté de valoriser le travail effectué avant un partage pour garder un avantage compétitif.,Un temps trop important nécessaire à leur mise à disposition.,,Je ne sais pas,Jamais,Non,Oui,Oui,Oui,Oui,Non,Non,Oui,Oui,Non,Oui,Non,Non,Non,Non,Non,Non,Nous sommes entre 11 et 20 personnes,Oui,Oui,Oui,Non,Non,Non,Non,Non,Non,Non,Oui,Windows,Oui,Oui,Oui,Non,Non,Oui,Non,Non,Non,Non,Oui,Oui,Non,Non,Non,Non,Non,Non,Oui,Oui,Non,Non,Non,Non,Oui,Non,Non,Non,Non,Non,Non,Oui,Non,Oui,Non,Non,Non,Non,Non,Non,,,Non,Non,Non,Non,Non,Non,Non,Oui,Non,Non,Oui,Oui,Oui,Non,Non,Non,Non,Non,Oui,Non,Oui,Non,Non,Non,Plus de dix ans,CNRS,Oui,Non,Non,Non,Fonctionnaire ou assimilé,Non,Non,Non,Non,Non,Non,Non,Non,Oui,chimie,Un homme
284,791,Oui,Non,Oui,Oui,Oui,Oui,Non,Non,Oui,Non,Oui,Oui,Oui,Oui,Oui,Non,Oui,Oui,Non,Non,Non,Non,Oui,Oui,Oui,Non,Non,Non,Assez,Non,Non,Oui,Oui,Non,Non,Non,1,,,,,1,M,M,,M,,1,,1,Oui,Oui,Oui,Non,Non,Oui,Non,Non,Oui,Oui,Non,Non,Oui,Oui,Oui,Souvent,Non applicable,Non applicable,Non applicable,Non,Non,Non,Non,Oui,Non,Non,Non,Oui,Non,Non,Non,Non,Non,Non,Non,Non,Non,Non,Non,Une peur de mésusage des données par les personnes les réutilisant.,Une volonté de valoriser le travail effectué avant un partage pour garder un avantage compétitif.,Un doute sur la capacité de réutilisation des données par d’autres (contextualisation et documentation nécessaire).,La peur d’un renforcement d’inégalités entre des personnes produisant des données d’une part et celles les analysant et en tirant des publications d’autre part.,Je ne sais pas,Souvent,Non,Non,Non,Non,Oui,Non,Non,Oui,Oui,Non,Non,Non,Non,Non,Non,Non,Non,Nous sommes entre 2 et 5 personnes,Oui,Oui,Oui,Non,Non,Non,Non,Non,Non,Non,Oui,MacOS,Oui,Non,Non,Non,Non,Non,Non,Non,Non,Non,Oui,Non,Non,Non,Non,Non,Non,Non,Non,Non,Non,Non,Non,Non,Non,Non,Non,Non,Non,Non,Oui,Non,Non,Non,Non,Non,Non,Non,Non,Non,,,Non,Non,Non,Non,Non,Non,Non,Oui,Non,Non,Non,Oui,Oui,Non,Non,Non,Oui,Non,Non,Non,Non,Oui,Non,Non,Plus de dix ans,CNRS,Oui,Non,Non,Non,Fonctionnaire ou assimilé,Non,Non,Non,Non,Non,Non,Non,Oui,Non,autre,Une femme
285,793,Oui,Non,Non,Non,Oui,Oui,Non,Non,Non,Non,Non,Oui,Non,Oui,Oui,Non,Oui,Non,Non,Non,Oui,Non,Oui,Oui,Non,Non,Non,Non,Assez,Oui,Non,Oui,Non,Non,Non,Oui,M,,,,,2,,1,,M,1,,,1,Non,Oui,Oui,Oui,Non,Oui,Non,Non,Oui,Non,Non,Non,Oui,Non,Non,Souvent,Jamais,Parfois,Jamais,Oui,Non,Non,Non,Non,Non,Non,Oui,Oui,Non,Non,Oui,Non,Non,Non,Non,Non,Non,Non,Non,Un doute sur la capacité de réutilisation des données par d’autres (contextualisation et documentation nécessaire).,Une volonté de valoriser le travail effectué avant un partage pour garder un avantage compétitif.,Un temps trop important nécessaire à leur mise à disposition.,Des conditions éthiques limitant leur partage.,Non,Parfois,Non,Oui,Oui,Non,Oui,Non,Non,Oui,Oui,Non,Non,Non,Non,Non,Non,Non,Non,Nous sommes entre 2 et 5 personnes,Oui,Oui,Oui,Non,Non,Non,Non,Non,Non,Non,Non,Windows,Oui,Non,Non,Non,Non,Non,Non,Non,Non,Non,Oui,Oui,Oui,Non,Non,Non,Non,Non,Non,Non,Non,Oui,Non,Non,Oui,Oui,Oui,Non,Non,Non,Non,Oui,Non,Non,Non,Non,Non,Non,Non,Non,,,Oui,Oui,Non,Oui,Oui,Non,Non,Non,Non,Non,Oui,Oui,Oui,Non,Oui,Non,Oui,Non,Oui,Non,Non,Oui,Oui,Non,Plus de dix ans,organisme,Oui,Non,Non,Non,Fonctionnaire ou assimilé,Non,Non,Non,Non,Non,Oui,Non,Non,Oui,autre,Une femme
286,802,Oui,Non,Non,Non,Oui,Oui,Non,Oui,Oui,Oui,Non,Oui,Oui,Non,Non,Non,Oui,Non,Non,Oui,Oui,Oui,Non,Non,Non,Oui,Non,Non,Tout à fait,Oui,Oui,Oui,Non,Oui,Non,Oui,3,M,,1,1,P,,2,,M,1,,M,M,Non,Oui,Non,Non,Non,Non,Non,Non,Oui,Non,Non,Non,Non,Non,Non,Parfois,Toujours,Jamais,Jamais,Oui,Non,Non,Non,Non,Non,Non,Oui,Non,Non,Non,Non,Oui,Non,Non,Non,Non,Non,Non,Non,Un doute sur la capacité de réutilisation des données par d’autres (contextualisation et documentation nécessaire).,Un temps trop important nécessaire à leur mise à disposition.,Une mauvaise qualité des données en l’état.,"Un manque d’habitude de cette pratique dans les communautés de recherche (savoir faire, etc.)",Oui,Parfois,Non,Oui,Oui,Non,Oui,Oui,Non,Oui,Oui,Oui,Non,Non,Non,Non,Non,Non,Non,Nous sommes entre 2 et 5 personnes,Non,Oui,Oui,Non,Non,Non,Non,Non,Non,Non,Non,MacOS,Oui,Non,Non,Oui,Oui,Oui,Non,Non,Non,Non,Non,Oui,Non,Non,Non,Non,Non,Oui,Non,Non,Non,Oui,Non,Non,Non,Non,Oui,Non,Non,Non,Non,Non,Oui,Oui,Oui,Non,Non,Non,Non,Oui,Parfois,"Ni satisfait, ni insatisfait",Non,Non,Oui,Non,Oui,Non,Non,Non,Oui,Non,Oui,Oui,Oui,Non,Non,Non,Non,Non,Oui,Non,Non,Non,Non,Non,Plus de dix ans,Université,Oui,Non,Non,Non,Fonctionnaire ou assimilé,Non,Non,Non,Non,Non,Oui,Non,Non,Non,biologie,Une femme
287,805,Oui,Non,Oui,Oui,Non,Oui,Non,Oui,Oui,Non,Oui,Oui,Non,Non,Oui,Non,Non,Non,Non,Non,Oui,Non,Non,Oui,Non,Non,Non,Oui,Tout à fait,Oui,Oui,Oui,Oui,Non,Non,Oui,1,M,1,1,1,M,,,M,1,1,M,M,M,Oui,Oui,Oui,Oui,Oui,Oui,Oui,Oui,Oui,Oui,Non,Non,Non,Oui,Non,Toujours,Souvent,Parfois,Souvent,Oui,Non,Non,Non,Non,Non,Oui,Oui,Oui,Oui,Non,Oui,Non,Oui,Oui,Non,Non,Non,Non,Non,Une volonté de valoriser le travail effectué avant un partage pour garder un avantage compétitif.,"Un manque d’habitude de cette pratique dans les communautés de recherche (savoir faire, etc.)",Un temps trop important nécessaire à leur mise à disposition.,Non applicable.,Je ne sais pas,Souvent,Non,Non,Non,Non,Oui,Non,Non,Oui,Oui,Non,Oui,Non,Non,Non,Non,Non,Non,Nous sommes entre 2 et 5 personnes,Oui,Non,Oui,Non,Non,Non,Non,Non,Non,Non,Oui,Windows,Non,Non,Oui,Non,Non,Oui,Non,Non,Non,Non,Oui,Non,Non,Non,Non,Non,Non,Non,Non,Non,Non,Oui,Oui,Non,Oui,Non,Non,Non,Oui,Non,Non,Non,Non,Oui,Non,Non,Non,Non,Non,Oui,Parfois,"Ni satisfait, ni insatisfait",Oui,Oui,Non,Oui,Non,Non,Non,Non,Non,Oui,Non,Oui,Oui,Non,Non,Non,Oui,Non,Non,Non,Non,Non,Non,Non,Plus de dix ans,organisme,Oui,Non,Non,Non,Fonctionnaire ou assimilé,Non,Non,Non,Non,Non,Non,Non,Oui,Oui,autre,Un homme
288,820,Oui,Non,Non,Non,Oui,Non,Non,Non,Non,Oui,Non,Non,Non,Oui,Oui,Non,Non,Non,Non,Non,Non,Non,Non,Non,Non,Non,Non,Oui,Assez,Non,Non,Oui,Oui,Non,Non,Oui,1,,1,1,1,2,2,2,1,1,2,1,1,1,Non,Oui,Non,Non,Oui,Oui,Non,Non,Non,Non,Non,Oui,Oui,Oui,Non,Souvent,Parfois,,,Non,Non,Non,Non,Oui,Non,Non,Oui,Non,Oui,Non,Non,Oui,Non,Non,Non,Non,Oui,Non,Non,Une volonté de valoriser le travail effectué avant un partage pour garder un avantage compétitif.,Un doute sur la capacité de réutilisation des données par d’autres (contextualisation et documentation nécessaire).,Une peur de mésusage des données par les personnes les réutilisant.,"Un manque d’habitude de cette pratique dans les communautés de recherche (savoir faire, etc.)",Je ne sais pas,Parfois,Non,Oui,Oui,Non,Non,Non,Non,Oui,Non,Oui,Non,Non,Non,Non,Non,Non,Non,Nous sommes entre 2 et 5 personnes,Oui,Oui,Oui,Oui,Non,Non,Non,Non,Non,Non,Non,Windows,Oui,Non,Non,Oui,Non,Non,Non,Oui,Non,Non,Non,Oui,Non,Oui,Non,Non,Oui,Non,Oui,Non,Non,Oui,Non,Non,Non,Oui,Non,Oui,Oui,Non,Non,Non,Oui,Oui,Non,Oui,Oui,Non,Non,Oui,Parfois,,Non,Non,Non,Non,Non,Non,Non,Oui,Non,Non,Oui,Non,Oui,Non,Oui,Non,Non,Non,Non,Non,Oui,Oui,Oui,Non,Moins de cinq ans,autre,Non,Non,Oui,Non,En CDD,Non,Oui,Non,Non,Non,Non,Oui,Non,Non,autre,Un homme
289,823,Non,Non,Non,Non,Oui,Non,Non,Non,Non,Non,Non,Non,Oui,Oui,Oui,Non,Oui,Oui,Non,Non,Non,Non,Non,Oui,Non,Non,Non,Non,Assez,Oui,Oui,Non,Non,Non,Non,Oui,,,1,M,1,2,M,1,M,M,1,M,M,M,Non,Non,Oui,Oui,Non,Non,Non,Non,Oui,Oui,Non,Oui,Non,Non,Non,Parfois,Jamais,Parfois,Jamais,Oui,Non,Non,Non,Non,Non,Non,Non,Non,Non,Non,Non,Oui,Non,Non,Non,Non,Non,Non,Non,Des conditions éthiques limitant leur partage.,Une peur de mésusage des données par les personnes les réutilisant.,Une volonté de valoriser le travail effectué avant un partage pour garder un avantage compétitif.,Un temps trop important nécessaire à leur mise à disposition.,Non,Souvent,Non,Oui,Oui,Non,Oui,Non,Oui,Oui,Non,Non,Oui,Non,Non,Non,Non,Non,Non,Nous sommes entre 2 et 5 personnes,Oui,Oui,Non,Non,Non,Non,Non,Non,Non,Non,Non,Windows,Non,Non,Non,Non,Oui,Non,Non,Non,Non,Non,Oui,Oui,Non,Non,Non,Non,Non,Non,Non,Non,Non,Oui,Non,Non,Oui,Non,Non,Non,Oui,Non,Non,Non,Non,Oui,Oui,Non,Non,Non,Non,Oui,Parfois,Plutôt insatisfait,Oui,Non,Oui,Non,Non,Oui,Oui,Non,Non,Non,Non,Oui,Non,Non,Oui,Non,Oui,Non,Oui,Non,Non,Oui,Oui,Non,Plus de dix ans,Université,Oui,Non,Non,Non,Fonctionnaire ou assimilé,Oui,Non,Non,Non,Non,Non,Non,Non,Non,autre,Une femme
290,829,Oui,Non,Non,Non,Non,Oui,Non,Non,Non,Non,Non,Oui,Oui,Non,Oui,Non,Oui,Non,Non,Oui,Oui,Non,Oui,Non,Non,Non,Non,Non,Tout à fait,Oui,Non,Oui,Non,Non,Non,Non,M,,,M,,M,,,,M,,M,,,Non,Oui,Non,Non,Non,Oui,Non,Non,Oui,Non,Non,Non,Non,Non,Non,,Souvent,,Parfois,Non,Non,Non,Non,Oui,Non,Non,Non,Non,Non,Non,Oui,Non,Non,Non,Non,Non,Non,Non,Non,Une volonté de valoriser le travail effectué avant un partage pour garder un avantage compétitif.,"Un manque d’habitude de cette pratique dans les communautés de recherche (savoir faire, etc.)",,,Non,Souvent,Oui,Non,Non,Non,Non,Non,Non,Oui,Non,Oui,Non,Oui,Non,Non,Non,Non,Non,Nous sommes entre 6 et 10 personnes,Oui,Oui,Oui,Non,Non,Non,Oui,Non,Non,Non,Non,Windows,Oui,Non,Non,Non,Non,Non,Non,Non,Non,Non,Non,Non,Non,Non,Non,Non,Non,Non,Non,Non,Oui,Oui,Non,Non,Non,Non,Non,Non,Oui,Non,Non,Oui,Non,Oui,Non,Non,Non,Non,Non,Oui,Parfois,"Ni satisfait, ni insatisfait",Oui,Non,Non,Non,Non,Non,Non,Non,Non,Non,Non,Non,Non,Non,Non,Oui,Non,Non,Non,Non,Non,Non,Non,Oui,Moins de cinq ans,Université,Non,Non,Oui,Non,Fonctionnaire ou assimilé,Non,Non,Non,Non,Non,Oui,Non,Non,Oui,autre,Un homme
291,830,Non,Non,Oui,Oui,Non,Oui,Non,Non,Oui,Non,Non,Oui,Non,Non,Non,Non,Non,Non,Non,Non,Non,Non,Non,Oui,Non,Non,Non,Oui,Assez,Oui,Oui,Oui,Non,Non,Non,Oui,,,2,,M,M,,M,,M,,,,,Oui,Non,Non,Non,Oui,Non,Non,Oui,Non,Non,Non,Non,Non,Oui,Non,Toujours,Toujours,,,Non,Non,Non,Non,Oui,Non,Non,Oui,Oui,Non,Non,Non,Non,Oui,Non,Non,Non,Non,Non,Non,Une volonté de valoriser le travail effectué avant un partage pour garder un avantage compétitif.,La peur d’un renforcement d’inégalités entre des personnes produisant des données d’une part et celles les analysant et en tirant des publications d’autre part.,Un temps trop important nécessaire à leur mise à disposition.,"Des barrières juridiques et économiques contraignant leurs partage (contrat de consortium, valorisation, exclusivité, droit d’auteur).",Je ne sais pas,Parfois,Non,Non,Non,Non,Non,Oui,Non,Non,Non,Non,Oui,Non,Non,Non,Non,Non,Non,Nous sommes entre 2 et 5 personnes,Non,Non,Oui,Non,Non,Oui,Non,Non,Oui,Oui,Non,Windows,Oui,Non,Non,Non,Non,Non,Non,Non,Non,Non,Non,Non,Non,Oui,Non,Non,Non,Non,Non,Non,Non,Oui,Non,Oui,Oui,Oui,Non,Non,Non,Non,Non,Non,Non,Oui,Non,Non,Oui,Oui,Non,Oui,Parfois,Plutôt satisfait,Non,Non,Non,Non,Non,Non,Non,Oui,Non,Non,Non,Non,Non,Oui,Non,Non,Oui,Non,Non,Oui,Non,Oui,Non,Non,Plus de dix ans,,Non,Non,Non,Non,En CDI,Non,Non,Non,Non,Non,Oui,Non,Non,Non,autre,Une femme
292,834,Non,Non,Non,Non,Non,Oui,Non,Oui,Non,Oui,Non,Oui,Oui,Oui,Oui,Oui,Oui,Oui,Non,Non,Non,Non,Non,Non,Oui,Non,Non,Non,Assez,Oui,Oui,Non,Oui,Oui,Non,Oui,M,M,M,M,M,M,M,M,1,M,2,M,M,M,Non,Non,Non,Non,Oui,Oui,Non,Non,Oui,Non,Non,Oui,Oui,Oui,Oui,Souvent,Jamais,Jamais,Jamais,Non,Non,Non,Non,Non,Oui,Non,Non,Non,Non,Non,Non,Non,Non,Non,Non,Non,Oui,Non,Non,"Une perspective de mise à disposition qui vient limiter, freiner le travail interprétatif possible.",Un temps trop important nécessaire à leur mise à disposition.,Un doute sur la capacité de réutilisation des données par d’autres (contextualisation et documentation nécessaire).,,Oui,Souvent,Non,Oui,Oui,Non,Oui,Non,Non,Oui,Non,Non,Non,Non,Non,Oui,Non,Non,Non,Nous sommes entre 2 et 5 personnes,Oui,Oui,Non,Non,Non,Non,Non,Non,Non,Non,Non,MacOS,Oui,Non,Non,Non,Non,Non,Non,Oui,Non,Non,Non,Non,Non,Oui,Non,Non,Oui,Non,Non,Non,Non,Oui,Non,Oui,Oui,Oui,Oui,Oui,Oui,Oui,Non,Non,Oui,Oui,Oui,Oui,Non,Non,Oui,Non applicable,,,Non,Non,Non,Non,Non,Non,Non,Oui,Non,Non,Oui,Oui,Non,Non,Non,Non,Non,Non,Oui,Non,Non,Non,Non,Non,Moins de cinq ans,autre,Non,Oui,Non,Non,Contrat doctoral,Oui,Non,Non,Non,Non,Non,Non,Non,Non,autre,Un homme
293,838,Oui,Non,Non,Oui,Oui,Oui,Non,Oui,Oui,Non,Non,Non,Oui,Oui,Oui,Non,Oui,Non,Non,Non,Oui,Non,Non,Oui,Non,Non,Non,Non,Tout à fait,Non,Oui,Oui,Non,Non,Non,Oui,P,,,,,2,,,,,2,,,,Non,Oui,Oui,Non,Non,Oui,Non,Non,Oui,Non,Non,Non,Non,Oui,Non,Souvent,Souvent,,,Oui,Non,Non,Non,Non,Non,Non,Oui,Non,Non,Non,Oui,Non,Oui,Oui,Non,Oui,Non,Non,Non,"Un manque d’habitude de cette pratique dans les communautés de recherche (savoir faire, etc.)",,,,Oui,Parfois,Non,Non,Non,Non,Oui,Non,Non,Oui,Oui,Non,Oui,Non,Non,Non,Non,Non,Non,Nous sommes entre 6 et 10 personnes,Oui,Oui,Oui,Non,Non,Non,Non,Non,Non,Non,Non,Windows,Oui,Oui,Non,Oui,Oui,Oui,Non,Non,Non,Non,Oui,Oui,Oui,Non,Non,Non,Non,Non,Non,Non,Non,Oui,Oui,Non,Non,Non,Non,Non,Oui,Non,Non,Non,Oui,Oui,Oui,Non,Non,Non,Non,Non,,,Non,Non,Non,Non,Non,Non,Non,Oui,Non,Non,Non,Oui,Oui,Non,Non,Non,Oui,Non,Non,Non,Oui,Non,Non,Non,Plus de dix ans,,Oui,Non,Non,Non,Fonctionnaire ou assimilé,Non,Non,Non,Non,Non,Oui,Non,Non,Non,biologie,
294,847,Oui,Non,Non,Non,Non,Non,Non,Non,Oui,Non,Non,Non,Oui,Oui,Oui,Non,Non,Non,Non,Non,Oui,Non,Oui,Oui,Non,Non,Non,Non,Tout à fait,Non,Non,Oui,Non,Non,Non,Oui,2,M,M,1,M,1,1,M,M,M,1,M,M,M,Non,Oui,Non,Non,Non,Oui,Non,Non,Oui,Non,Non,Non,Non,Non,Non,Jamais,Jamais,Toujours,Jamais,Oui,Non,Oui,Non,Non,Non,Non,Oui,Oui,Oui,Non,Non,Oui,Non,Non,Non,Non,Non,Non,Non,Un doute sur la capacité de réutilisation des données par d’autres (contextualisation et documentation nécessaire).,Un temps trop important nécessaire à leur mise à disposition.,,,Oui,Toujours,Non,Non,Non,Non,Non,Non,Non,Oui,Oui,Oui,Non,Non,Non,Non,Non,Non,Non,Nous sommes entre 2 et 5 personnes,Oui,Oui,Oui,Non,Non,Non,Non,Non,Non,Non,Non,MacOS,Oui,Oui,Non,Non,Non,Oui,Non,Non,Non,Non,Oui,Oui,Oui,Non,Non,Non,Non,Non,Non,Non,Non,Oui,Non,Non,Non,Non,Non,Non,Non,Non,Non,Oui,Non,Oui,Non,Non,Non,Non,Non,Non,,,Non,Oui,Non,Non,Non,Non,Non,Non,Non,Non,Non,Oui,Non,Non,Non,Non,Oui,Oui,Non,Non,Non,Non,Non,Non,Plus de dix ans,CNRS,Oui,Non,Non,Non,Fonctionnaire ou assimilé,Non,Non,Non,Non,Non,Non,Non,Oui,Non,autre,Un homme
295,848,Non,Non,Oui,Non,Oui,Oui,Non,Oui,Oui,Oui,Non,Oui,Oui,Oui,Oui,Non,Oui,Oui,Non,Oui,Non,Non,Oui,Oui,Non,Non,Non,Oui,Assez,Oui,Non,Non,Oui,Non,Non,Non,M,,M,M,M,1,1,1,M,M,M,M,,,Oui,Non,Oui,Non,Oui,Non,Non,Non,Oui,Non,Non,Non,Non,Oui,Non,Parfois,Jamais,Jamais,Jamais,Non,Non,Oui,Non,Non,Non,Non,Oui,Oui,Oui,Non,Non,Non,Non,Non,Non,Non,Non,Non,Non,Une volonté de valoriser le travail effectué avant un partage pour garder un avantage compétitif.,"Un manque d’habitude de cette pratique dans les communautés de recherche (savoir faire, etc.)",Un temps trop important nécessaire à leur mise à disposition.,"Des barrières juridiques et économiques contraignant leurs partage (contrat de consortium, valorisation, exclusivité, droit d’auteur).",Oui,Parfois,Non,Non,Oui,Oui,Oui,Non,Non,Oui,Non,Oui,Oui,Non,Non,Non,Non,Oui,Non,Nous sommes entre 2 et 5 personnes,Oui,Oui,Oui,Non,Non,Oui,Non,Non,Non,Non,Non,Windows,Oui,Non,Oui,Non,Oui,Non,Non,Non,Oui,Non,,,,,,,,,,,,,,,,,,,,,,Non,Non,Oui,Oui,Non,Non,Non,Non,Oui,Parfois,Plutôt satisfait,Non,Non,Non,Oui,Non,Non,Non,Non,Non,Non,Non,Non,Oui,Non,Non,Non,Oui,Non,Non,Non,Non,Oui,Non,Non,Cinq à dix ans,,Non,Non,Oui,Non,Fonctionnaire ou assimilé,Oui,Non,Non,Non,Non,Non,Non,Non,Non,,Une femme
296,868,Oui,Non,Non,Non,Non,Oui,Non,Non,Oui,Non,Oui,Oui,Oui,Oui,Non,Non,Oui,Non,Non,Oui,Oui,Oui,Non,Non,Non,Non,Non,Non,Tout à fait,Oui,Non,Oui,Non,Non,Non,Oui,1,M,,,,,3,,,,,,,2,Non,Oui,Non,Non,Non,Non,Non,Non,Oui,Non,Non,Non,Oui,Non,Non,,,,,Non,Non,Non,Non,Oui,Non,Non,Non,Non,Non,Non,Non,Non,Non,Non,Non,Non,Non,Non,Oui,Un doute sur la capacité de réutilisation des données par d’autres (contextualisation et documentation nécessaire).,Une peur de mésusage des données par les personnes les réutilisant.,Un temps trop important nécessaire à leur mise à disposition.,,Je ne sais pas,Parfois,Non,Non,Non,Non,Oui,Non,Oui,Oui,Oui,Non,Oui,Non,Non,Non,Non,Non,Non,Nous sommes entre 2 et 5 personnes,Oui,Oui,Oui,Non,Non,Non,Non,Non,Non,Non,Non,Windows,Oui,Non,Non,Non,Non,Non,Non,Non,Non,Non,Non,Non,Non,Non,Non,Non,Oui,Non,Non,Non,Non,Non,Non,Non,Non,Non,Non,Oui,Non,Non,Non,Oui,Non,Non,Non,Non,Non,Non,Non,Oui,Parfois,"Ni satisfait, ni insatisfait",Oui,Oui,Non,Non,Non,Non,Non,Non,Oui,Non,Non,Non,Non,Non,Non,Non,Non,Non,Non,Non,Non,Non,Non,Oui,Moins de cinq ans,,Oui,Non,Non,Non,Fonctionnaire ou assimilé,Non,Non,Non,Non,Non,Oui,Non,Non,Oui,chimie,Un homme
297,879,Oui,Non,Oui,Non,Oui,Oui,Non,Oui,Oui,Oui,Non,Oui,Non,Non,Non,Non,Non,Non,Non,Non,Non,Non,Non,Non,Non,Non,Non,Oui,Tout à fait,Non,Oui,Oui,Oui,Non,Non,Non,P,M,1,,,3,2,3,3,1,2,,M,M,Non,Oui,Non,Non,Non,Oui,Non,Non,Oui,Non,Non,Non,Non,Oui,Oui,Souvent,Souvent,Non applicable,Non applicable,Oui,Non,Oui,Non,Non,Non,Non,Oui,Non,Oui,Non,Oui,Non,Non,Oui,Non,Non,Non,Non,Non,Une volonté de valoriser le travail effectué avant un partage pour garder un avantage compétitif.,Une peur de mésusage des données par les personnes les réutilisant.,"Une perspective de mise à disposition qui vient limiter, freiner le travail interprétatif possible.","Un manque d’habitude de cette pratique dans les communautés de recherche (savoir faire, etc.)",Oui,Souvent,Oui,Non,Non,Non,Non,Non,Non,Oui,Non,Non,Oui,Non,Non,Non,Non,Non,Non,Nous sommes entre 2 et 5 personnes,Oui,Oui,Oui,Non,Non,Non,Non,Non,Non,Non,Non,Windows,Oui,Non,Non,Non,Non,Non,Non,Non,Non,Non,Non,Oui,Non,Non,Non,Non,Non,Non,Non,Non,Non,Oui,Non,Non,Oui,Non,Non,Non,Oui,Non,Non,Oui,Non,Oui,Non,Non,Non,Non,Non,Non,,,Oui,Oui,Non,Non,Non,Non,Non,Non,Oui,Non,Non,Non,Non,Oui,Non,Non,Oui,Non,Oui,Non,Non,Non,Non,Non,Plus de dix ans,Université,Oui,Non,Non,Non,Fonctionnaire ou assimilé,Non,Non,Non,Non,Non,Non,Non,Non,Oui,chimie,Une femme
298,885,Non,Non,Non,Non,Oui,Oui,Non,Non,Oui,Oui,Non,Non,Oui,Oui,Oui,Non,Oui,Oui,Oui,Oui,Non,Non,Non,Non,Non,Non,Non,Non,Tout à fait,Oui,Non,Oui,Oui,Oui,Non,Oui,M,,,M,M,M,M,M,M,M,M,,,,Non,Oui,Oui,Non,Oui,Oui,Non,Non,Oui,Non,Oui,Oui,Oui,Oui,Non,Parfois,Jamais,Jamais,Jamais,Non,Non,Non,Non,Oui,Non,Oui,Oui,Oui,Non,Non,Non,Non,Non,Non,Non,Non,Non,Non,Non,"Un manque d’habitude de cette pratique dans les communautés de recherche (savoir faire, etc.)","Des barrières juridiques et économiques contraignant leurs partage (contrat de consortium, valorisation, exclusivité, droit d’auteur).",Des conditions éthiques limitant leur partage.,,Non applicable,Parfois,Non,Oui,Oui,Oui,Non,Oui,Non,Oui,Non,Non,Non,Non,Non,Non,Non,Non,Non,Nous sommes entre 2 et 5 personnes,Oui,Oui,Non,Non,Non,Non,Non,Non,Non,Non,Non,Windows,Oui,Non,Oui,Non,Non,Non,Non,Oui,Non,Non,Oui,Non,Non,Non,Non,Non,Oui,Non,Non,Non,Non,Non,Non,Non,Non,Non,Non,Non,Oui,Oui,Non,Non,Non,Oui,Oui,Non,Non,Non,Non,Oui,Jamais,,Non,Non,Non,Non,Non,Non,Non,Oui,Non,Non,Non,Non,Non,Non,Non,Oui,Non,Non,Non,Non,Non,Non,Non,Oui,Cinq à dix ans,organisme,Oui,Non,Non,Non,Fonctionnaire ou assimilé,Non,Oui,Non,Non,Non,Non,Oui,Non,Non,autre,Un homme
299,886,Non,Non,Non,Oui,Oui,Oui,Non,Oui,Non,Non,Oui,Non,Non,Oui,Oui,Non,Non,Non,Non,Non,Non,Non,Oui,Non,Non,Non,Non,Non,Tout à fait,Oui,Non,Oui,Non,Non,Non,Oui,P,M,1,1,,2,,2,,,,,,,Oui,Oui,Oui,Oui,Non,Oui,Non,Non,Oui,Non,Non,Non,Oui,Non,Non,Souvent,Parfois,Jamais,Parfois,Non,Non,Oui,Non,Non,Non,Non,Oui,Non,Non,Non,Oui,Non,Non,Non,Non,Non,Non,Non,Non,Un doute sur la capacité de réutilisation des données par d’autres (contextualisation et documentation nécessaire).,Une mauvaise qualité des données en l’état.,,,Oui,Souvent,Non,Oui,Oui,Non,Non,Non,Non,Oui,Oui,Non,Non,Non,Non,Non,Non,Non,Non,Nous sommes entre 6 et 10 personnes,Oui,Oui,Oui,Non,Non,Non,Non,Non,Non,Non,Non,Linux,Oui,Non,Non,Oui,Non,Non,Non,Oui,Non,Non,Oui,Oui,Non,Non,Non,Non,Non,Non,Non,Non,Non,Oui,Non,Non,Non,Non,Non,Non,Oui,Oui,Non,Non,Non,Oui,Non,Non,Oui,Non,Non,Oui,Jamais,,Non,Oui,Non,Non,Non,Non,Non,Non,Non,Non,Oui,Oui,Oui,Non,Non,Non,Non,Non,Oui,Non,Non,Non,Non,Non,Plus de dix ans,autre,Oui,Non,Non,Non,Fonctionnaire ou assimilé,Non,Non,Non,Non,Non,Non,Oui,Non,Non,,Un homme
300,890,Oui,Non,Non,Non,Non,Oui,Non,Non,Oui,Non,Oui,Oui,Oui,Oui,Non,Non,Oui,Non,Non,Oui,Oui,Non,Oui,Non,Oui,Non,Non,Non,Assez,Non,Oui,Oui,Oui,Non,Non,Oui,1,M,M,1,M,1,M,1,M,M,1,1,1,1,Non,Oui,Non,Non,Oui,Oui,Non,Non,Oui,Non,Non,Oui,Oui,Oui,Oui,Souvent,Parfois,Jamais,Jamais,Non,Non,Oui,Oui,Non,Non,Non,Oui,Oui,Non,Non,Non,Non,Non,Non,Non,Non,Non,Non,Non,"Un manque d’habitude de cette pratique dans les communautés de recherche (savoir faire, etc.)",Une volonté de valoriser le travail effectué avant un partage pour garder un avantage compétitif.,Un doute sur la capacité de réutilisation des données par d’autres (contextualisation et documentation nécessaire).,,Je ne sais pas,Parfois,Oui,Oui,Oui,Non,Oui,Non,Oui,Non,Non,Non,Oui,Non,Non,Non,Non,Non,Non,Nous sommes entre 6 et 10 personnes,Oui,Oui,Oui,Non,Non,Non,Non,Non,Non,Non,Oui,Windows,Oui,Oui,Non,Non,Non,Oui,Non,Oui,Non,Non,Oui,Oui,Oui,Non,Non,Non,Oui,Non,Oui,Non,Non,Oui,Oui,Oui,Oui,Non,Oui,Non,Oui,Oui,Non,Oui,Non,Oui,Non,Non,Non,Non,Non,Non,,,Non,Non,Non,Non,Non,Non,Non,Oui,Non,Non,Non,Oui,Oui,Oui,Oui,Non,Oui,Non,Oui,Non,Non,Oui,Non,Non,Plus de dix ans,CNRS,Non,Non,Oui,Non,Fonctionnaire ou assimilé,Non,Non,Non,Non,Non,Non,Oui,Non,Oui,physique ,Un homme
301,893,Oui,Non,Non,Oui,Oui,Oui,Non,Oui,Oui,Oui,Oui,Oui,Non,Oui,Oui,Non,Oui,Non,Non,Non,Oui,Non,Oui,Non,Oui,Non,Non,Non,Tout à fait,Oui,Oui,Oui,Oui,Non,Non,Oui,2,1,M,,,2,M,3,,M,M,M,M,M,Non,Oui,Oui,Oui,Oui,Oui,Non,Oui,Oui,Non,Non,Non,Non,Oui,Oui,Souvent,Souvent,Jamais,Jamais,Non,Non,Oui,Non,Non,Non,Non,Non,Oui,Non,Non,Non,Non,Oui,Oui,Non,Non,Non,Non,Non,"Un manque d’habitude de cette pratique dans les communautés de recherche (savoir faire, etc.)",Une volonté de valoriser le travail effectué avant un partage pour garder un avantage compétitif.,Une mauvaise qualité des données en l’état.,,Oui,Souvent,Non,Non,Non,Oui,Oui,Non,Non,Oui,Oui,Oui,Oui,Non,Non,Oui,Non,Non,Non,Nous sommes entre 6 et 10 personnes,Oui,Oui,Oui,Non,Non,Oui,Oui,Oui,Oui,Non,Non,Windows,Oui,Oui,Non,Non,Non,Oui,Non,Non,Non,Non,Oui,Oui,Non,Non,Non,Non,Non,Non,Non,Non,Non,Oui,Non,Oui,Oui,Non,Non,Non,Non,Non,Non,Oui,Non,Oui,Non,Non,Non,Non,Non,Oui,Souvent,Très satisfait,Non,Non,Non,Non,Non,Non,Non,Oui,Non,Oui,Non,Oui,Oui,Non,Oui,Non,Oui,Non,Oui,Oui,Non,Oui,Oui,Non,Plus de dix ans,autre,Oui,Non,Non,Non,Fonctionnaire ou assimilé,Non,Non,Non,Non,Non,Non,Non,Non,Oui,chimie,Une femme
302,898,Oui,Non,Non,Non,Non,Oui,Non,Oui,Oui,Oui,Non,Non,Non,Non,Non,Non,Non,Non,Non,Oui,Oui,Non,Non,Non,Non,Non,Non,Non,Assez,Non,Oui,Oui,Non,Non,Non,Non,2,M,M,M,M,1,M,M,M,M,M,M,M,M,Non,Oui,Non,Non,Non,Oui,Non,Non,Oui,Non,Non,Non,Non,Oui,Oui,Toujours,Jamais,Jamais,Jamais,Non,Non,Oui,Oui,Non,Non,Non,Non,Oui,Non,Non,Non,Non,Non,Non,Non,Non,Non,Non,Non,"Des barrières juridiques et économiques contraignant leurs partage (contrat de consortium, valorisation, exclusivité, droit d’auteur).",Une volonté de valoriser le travail effectué avant un partage pour garder un avantage compétitif.,"Un manque d’habitude de cette pratique dans les communautés de recherche (savoir faire, etc.)",Une mauvaise qualité des données en l’état.,Je ne sais pas,Parfois,Non,Oui,Oui,Non,Oui,Oui,Non,Non,Oui,Non,Non,Non,Non,Non,Non,Non,Non,Nous sommes entre 2 et 5 personnes,Oui,Non,Oui,Non,Non,Non,Non,Non,Non,Non,Non,Windows,Oui,Non,Non,Non,Non,Non,Non,Non,Non,Non,Oui,Non,Non,Non,Non,Non,Non,Non,Non,Non,Non,Non,Non,Non,Non,Non,Non,Non,Oui,Non,Non,Oui,Non,Non,Non,Non,Non,Non,Non,Non,,,Non,Non,Non,Non,Non,Non,Non,Oui,Non,Non,Oui,Oui,Non,Non,Non,Non,Non,Non,Non,Non,Non,Non,Non,Oui,Cinq à dix ans,,Non,Non,Oui,Non,En CDD,Non,Non,Non,Non,Non,Non,Non,Non,Oui,,Autre
303,908,Oui,Non,Non,Non,Oui,Oui,Non,Non,Non,Non,Oui,Oui,Non,Oui,Non,Non,Oui,Non,Non,Non,Oui,Non,Non,Oui,Oui,Non,Non,Non,Assez,Oui,Non,Oui,Non,Non,Non,Non,3,,,,,2,,,,M,1,,1,1,Non,Oui,Non,Non,Non,Oui,Non,Non,Oui,Non,Non,Non,Non,Oui,Oui,Toujours,Jamais,Jamais,Jamais,Non,Non,Non,Oui,Non,Non,Non,Oui,Non,Non,Non,Non,Non,Non,Oui,Non,Non,Non,Non,Non,Une volonté de valoriser le travail effectué avant un partage pour garder un avantage compétitif.,Un doute sur la capacité de réutilisation des données par d’autres (contextualisation et documentation nécessaire).,Un temps trop important nécessaire à leur mise à disposition.,"Un manque d’habitude de cette pratique dans les communautés de recherche (savoir faire, etc.)",Je ne sais pas,Parfois,Non,Oui,Non,Non,Non,Non,Non,Oui,Non,Oui,Non,Non,Non,Non,Non,Non,Non,Nous sommes entre 2 et 5 personnes,Oui,Oui,Oui,Non,Non,Non,Non,Non,Non,Non,Non,Windows,Oui,Oui,Non,Non,Non,Oui,Non,Non,Non,Non,Non,Oui,Non,Non,Non,Non,Non,Non,Non,Non,Non,Oui,Non,Non,Non,Non,Non,Non,Oui,Non,Non,Oui,Non,Oui,Non,Non,Non,Non,Non,Oui,Parfois,,Non,Non,Non,Oui,Non,Non,Non,Non,Non,Non,Non,Oui,Non,Non,Non,Non,Oui,Non,Non,Non,Non,Oui,Oui,Non,Plus de dix ans,CNRS,Non,Non,Oui,Non,Fonctionnaire ou assimilé,Non,Non,Non,Non,Non,Non,Non,Non,Oui,autre,Une femme
304,911,Oui,Non,Non,Non,Oui,Oui,Non,Non,Non,Non,Oui,Oui,Non,Oui,Oui,Non,Oui,Non,Non,Non,Oui,Non,Oui,Oui,Oui,Non,Non,Non,Assez,Non,Non,Non,Non,Non,Non,Non,2,,,,,2,,2,,M,M,,,1,Non,Oui,Non,Non,Non,Oui,Non,Non,Oui,Non,Non,Non,Non,Non,Non,Souvent,Jamais,Jamais,Jamais,Non,Non,Oui,Non,Non,Non,Oui,Oui,Oui,Non,Non,Non,Non,Non,Non,Non,Non,Non,Non,Non,Un temps trop important nécessaire à leur mise à disposition.,Un doute sur la capacité de réutilisation des données par d’autres (contextualisation et documentation nécessaire).,"Une perspective de mise à disposition qui vient limiter, freiner le travail interprétatif possible.",,Non,Parfois,Non,Non,Non,Non,Oui,Non,Non,Oui,Oui,Oui,Non,Non,Oui,Non,Non,Non,Non,Nous sommes entre 6 et 10 personnes,Oui,Oui,Non,Non,Non,Non,Non,Non,Non,Non,Oui,Windows,Non,Oui,Non,Non,Non,Non,Non,Non,Non,Non,Oui,Oui,Oui,Non,Non,Non,Non,Non,Non,Non,Non,Oui,Oui,Non,Oui,Non,Non,Non,Non,Non,Non,Non,Non,Oui,Non,Non,Non,Non,Non,Non applicable,,,Non,Non,Non,Non,Non,Non,Non,Oui,Non,Non,Non,Non,Non,Non,Non,Oui,Non,Non,Non,Non,Non,Non,Non,Oui,Plus de dix ans,Université,Oui,Non,Non,Non,Fonctionnaire ou assimilé,Non,Non,Non,Non,Non,Non,Non,Non,Oui,chimie,Un homme
305,924,Non,Non,Oui,Non,Oui,Oui,Non,Non,Non,Non,Non,Oui,Non,Oui,Oui,Non,Oui,Oui,Non,Non,Non,Non,Non,Non,Non,Non,Oui,Non,Assez,Non,Non,Oui,Non,Oui,Non,Non,,,,,,M,M,M,,,M,,,,Non,Non,Oui,Non,Non,Non,Non,Non,Oui,Non,Non,Non,Non,Non,Non,Parfois,Jamais,Jamais,Jamais,Non,Non,Non,Non,Oui,Non,Oui,Oui,Oui,Non,Non,Non,Non,Non,Non,Non,Non,Non,Non,Non,Un temps trop important nécessaire à leur mise à disposition.,"Des barrières juridiques et économiques contraignant leurs partage (contrat de consortium, valorisation, exclusivité, droit d’auteur).",,,Non,Parfois,Non,Non,Oui,Non,Non,Non,Non,Oui,Non,Non,Oui,Non,Non,Non,Non,Non,Non,Nous sommes entre 2 et 5 personnes,Oui,Oui,Non,Non,Non,Non,Non,Non,Non,Non,Non,MacOS,Oui,Non,Non,Non,Non,Non,Non,Oui,Non,Non,Oui,Non,Non,Non,Non,Non,Non,Non,Non,Non,Non,Non,Non,Non,Non,Non,Non,Non,Oui,Non,Non,Non,Non,Oui,Oui,Oui,Non,Non,Non,Oui,Parfois,Plutôt insatisfait,Non,Oui,Non,Non,Non,Non,Non,Oui,Non,Non,Oui,Non,Non,Non,Oui,Non,Oui,Non,Non,Non,Non,Non,Non,Non,Plus de dix ans,Université,Oui,Non,Non,Non,Fonctionnaire ou assimilé,Non,Non,Non,Non,Non,Non,Oui,Non,Non,autre,Un homme
306,927,Oui,Oui,Oui,Oui,Oui,Non,Oui,Oui,Oui,Oui,Oui,Oui,Oui,Oui,Oui,Non,Non,Non,Non,Oui,Oui,Oui,Oui,Non,Non,Non,Non,Non,Tout à fait,Oui,Non,Oui,Non,Non,Non,Oui,,,,,,,,,,,,,,,Oui,Non,Non,Non,Non,Oui,Oui,Oui,Oui,Non,Non,Non,Oui,Oui,Oui,Toujours,Jamais,Jamais,Jamais,Oui,Oui,Oui,Oui,Non,Non,Non,Oui,Oui,Non,Non,Oui,Non,Non,Non,Non,Non,Non,Non,Non,Un doute sur la capacité de réutilisation des données par d’autres (contextualisation et documentation nécessaire).,La peur d’un renforcement d’inégalités entre des personnes produisant des données d’une part et celles les analysant et en tirant des publications d’autre part.,Une mauvaise qualité des données en l’état.,Des conditions éthiques limitant leur partage.,Je ne sais pas,Toujours,Oui,Non,Oui,Non,Oui,Non,Non,Non,Oui,Non,Non,Non,Non,Non,Non,Non,Non,Nous sommes entre 2 et 5 personnes,Oui,Non,Non,Non,Non,Non,Non,Non,Non,Non,Non,Windows,Oui,Non,Non,Oui,Oui,Oui,Non,Non,Non,Non,Oui,Non,Oui,Non,Non,Non,Oui,Non,Non,Non,Non,Non,Non,Non,Non,Non,Oui,Non,Oui,Oui,Non,Non,Non,Oui,Non,Non,Non,Non,Non,Non,,,Non,Non,Non,Non,Non,Non,Non,Oui,Oui,Non,Oui,Non,Non,Oui,Oui,Non,Oui,Non,Non,Non,Non,Non,Non,Non,Moins de cinq ans,Université,Non,Oui,Non,Non,Autre (précisez en commentaire),Non,Non,Oui,Non,Non,Non,Non,Non,Non,,Une femme
307,931,Non,Oui,Non,Non,Oui,Oui,Non,Non,Non,Non,Non,Non,Non,Oui,Oui,Non,Oui,Non,Non,Oui,Non,Oui,Oui,Non,Oui,Oui,Oui,Non,Tout à fait,Oui,Non,Oui,Oui,Oui,Non,Non,,,,,,,,,,,,,,,Oui,Non,Non,Non,Non,Non,Non,Non,Oui,Non,Non,Oui,Oui,Oui,Non,Souvent,Jamais,Jamais,Jamais,Non,Non,Non,Non,Non,Oui,Oui,Oui,Oui,Non,Non,Non,Non,Non,Oui,Non,Non,Non,Non,Non,Une volonté de valoriser le travail effectué avant un partage pour garder un avantage compétitif.,"Des barrières juridiques et économiques contraignant leurs partage (contrat de consortium, valorisation, exclusivité, droit d’auteur).",La peur d’un renforcement d’inégalités entre des personnes produisant des données d’une part et celles les analysant et en tirant des publications d’autre part.,,Oui,Parfois,Non,Oui,Oui,Non,Oui,Non,Non,Oui,Oui,Oui,Non,Non,Non,Non,Non,Non,Non,Nous sommes entre 2 et 5 personnes,Oui,Non,Non,Non,Non,Non,Non,Non,Non,Non,Non,Linux,Non,Non,Non,Non,Non,Non,Non,Oui,Non,Non,Oui,Non,Non,Non,Oui,Non,Non,Non,Non,Oui,Non,Non,Non,Non,Non,Non,Non,Non,Oui,Non,Non,Non,Non,Oui,Non,Non,Non,Non,Non,Non,,,Non,Oui,Non,Non,Non,Non,Non,Non,Non,Oui,Non,Non,Non,Non,Non,Non,Oui,Non,Non,Non,Non,Non,Non,Non,Plus de dix ans,CNRS,Non,Non,Oui,Non,Fonctionnaire ou assimilé,Non,Non,Non,Non,Non,Oui,Non,Non,Non,autre,Un homme
308,942,Oui,Non,Non,Oui,Oui,Oui,Non,Non,Non,Non,Non,Oui,Non,Non,Non,Non,Oui,Non,Non,Oui,Oui,Non,Non,Non,Non,Non,Non,Non,Tout à fait,Non,Oui,Oui,Oui,Non,Non,Non,1,M,1,M,M,1,1,1,M,M,M,,,,Non,Oui,Oui,Oui,Oui,Oui,Non,Oui,Oui,Non,Non,Oui,Oui,Oui,Oui,Parfois,Jamais,Jamais,Jamais,Non,Non,Non,Non,Oui,Non,Oui,Non,Oui,Non,Non,Non,Non,Non,Non,Non,Non,Non,Non,Non,Un doute sur la capacité de réutilisation des données par d’autres (contextualisation et documentation nécessaire).,Un temps trop important nécessaire à leur mise à disposition.,,,Non,Parfois,Non,Oui,Oui,Non,Non,Non,Non,Oui,Oui,Oui,Non,Non,Non,Non,Non,Non,Non,Nous sommes entre 2 et 5 personnes,Oui,Oui,Oui,Non,Non,Non,Non,Non,Non,Non,Oui,MacOS,Oui,Non,Non,Non,Non,Oui,Non,Oui,Non,Non,Oui,Non,Non,Non,Non,Non,Non,Non,Non,Non,Non,Non,Non,Non,Non,Non,Non,Non,Oui,Non,Non,Non,Non,Oui,Non,Non,Non,Non,Non,Oui,Parfois,Plutôt satisfait,Oui,Oui,Non,Non,Non,Non,Non,Non,Non,Non,Non,Non,Non,Non,Non,Oui,Non,Non,Oui,Non,Non,Non,Non,Non,Plus de dix ans,CNRS,Oui,Non,Non,Non,Fonctionnaire ou assimilé,Non,Non,Non,Non,Non,Non,Oui,Non,Oui,autre,Un homme
309,955,Oui,Oui,Non,Non,Oui,Non,Non,Non,Non,Non,Non,Oui,Non,Oui,Non,Oui,Oui,Oui,Non,Oui,Non,Non,Non,Non,Non,Oui,Oui,Non,Tout à fait,Oui,Non,Non,Non,Non,Non,Non,M,,,2,1,P,P,2,3,M,M,,M,,Non,Oui,Non,Non,Non,Non,Non,Non,Oui,Oui,Non,Oui,Oui,Non,Non,Parfois,Jamais,Jamais,Jamais,Non,Non,Oui,Oui,Non,Non,Non,Oui,Non,Non,Non,Non,Non,Non,Non,Non,Non,Oui,Non,Non,"Un manque d’habitude de cette pratique dans les communautés de recherche (savoir faire, etc.)",La peur d’un renforcement d’inégalités entre des personnes produisant des données d’une part et celles les analysant et en tirant des publications d’autre part.,Une peur de mésusage des données par les personnes les réutilisant.,Un temps trop important nécessaire à leur mise à disposition.,Oui,Parfois,Non,Oui,Non,Non,Non,Non,Non,Oui,Non,Non,Non,Oui,Non,Non,Non,Non,Non,Nous sommes entre 2 et 5 personnes,Oui,Oui,Oui,Non,Non,Non,Oui,Non,Non,Non,Non,Windows,Non,Non,Non,Non,Non,Non,Non,Oui,Non,Non,Non,Non,Non,Non,Non,Non,Oui,Non,Non,Oui,Non,Non,Non,Non,Non,Non,Oui,Non,Oui,Non,Non,Non,Non,Non,Non,Oui,Non,Oui,Non,Non,,,Non,Oui,Non,Non,Non,Non,Non,Non,Non,Oui,Non,Oui,Oui,Non,Non,Non,Non,Oui,Non,Oui,Non,Oui,Non,Non,Plus de dix ans,Université,Oui,Non,Oui,Non,Fonctionnaire ou assimilé,Non,Oui,Non,Non,Non,Non,Oui,Non,Non,autre,Un homme
310,965,Oui,Non,Non,Non,Oui,Oui,Non,Non,Oui,Non,Non,Oui,Non,Non,Non,Non,Non,Oui,Non,Non,Oui,Non,Oui,Non,Oui,Non,Non,Non,Assez,Non,Non,Non,Oui,Non,Non,Oui,2,M,1,,,1,2,M,,,M,,M,2,Oui,Oui,Non,Non,Non,Oui,Non,Non,Oui,Non,Non,Oui,Non,Oui,Non,Toujours,Jamais,Jamais,Jamais,Non,Non,Non,Non,Oui,Non,Non,Oui,Non,Non,Non,Non,Non,Non,Non,Non,Non,Non,Non,Non,"Une perspective de mise à disposition qui vient limiter, freiner le travail interprétatif possible.",Un temps trop important nécessaire à leur mise à disposition.,Une volonté de valoriser le travail effectué avant un partage pour garder un avantage compétitif.,Un doute sur la capacité de réutilisation des données par d’autres (contextualisation et documentation nécessaire).,Non,Parfois,Non,Oui,Non,Non,Non,Non,Non,Oui,Oui,Non,Non,Non,Non,Non,Non,Non,Non,Nous sommes entre 2 et 5 personnes,Oui,Oui,Oui,Non,Non,Non,Non,Non,Non,Non,Non,MacOS,Oui,Oui,Non,Non,Non,Non,Non,Oui,Non,Non,Oui,Oui,Oui,Non,Non,Non,Non,Oui,Non,Non,Non,Non,Non,Non,Non,Non,Non,Non,Oui,Oui,Non,Oui,Non,Oui,Non,Non,Non,Non,Non,Non,,,Non,Oui,Non,Non,Non,Non,Non,Oui,Non,Non,Non,Non,Non,Non,Non,Oui,Non,Non,Non,Non,Non,Non,Non,Oui,Plus de dix ans,CNRS,Oui,Non,Non,Non,Fonctionnaire ou assimilé,Non,Non,Non,Non,Oui,Non,Non,Oui,Oui,autre,Un homme
311,968,Non,Non,Non,Non,Oui,Oui,Non,Non,Oui,Non,Non,Oui,Oui,Oui,Oui,Non,Oui,Oui,Non,Non,Non,Non,Non,Non,Oui,Non,Oui,Non,Assez,Non,Oui,Oui,Non,Oui,Non,Non,M,,,1,M,2,2,1,,M,M,,,,Oui,Oui,Non,Non,Non,Non,Non,Non,Oui,Non,Non,Oui,Oui,Oui,Non,Jamais,Jamais,Jamais,Jamais,Non,Non,Non,Non,Oui,Non,Non,Non,Non,Non,Non,Non,Non,Non,Non,Non,Non,Non,Non,Oui,Des conditions éthiques limitant leur partage.,"Des barrières juridiques et économiques contraignant leurs partage (contrat de consortium, valorisation, exclusivité, droit d’auteur).","Un manque d’habitude de cette pratique dans les communautés de recherche (savoir faire, etc.)",La peur d’un renforcement d’inégalités entre des personnes produisant des données d’une part et celles les analysant et en tirant des publications d’autre part.,Non,Parfois,Non,Oui,Oui,Non,Oui,Non,Non,Oui,Oui,Non,Non,Non,Non,Non,Non,Non,Non,Nous sommes entre 2 et 5 personnes,Oui,Oui,Non,Non,Non,Non,Non,Non,Non,Non,Non,Linux,Oui,Non,Non,Non,Non,Non,Oui,Oui,Non,Non,Oui,Oui,Non,Non,Non,Non,Non,Non,Non,Non,Non,Non,Oui,Non,Non,Oui,Non,Oui,Oui,Oui,Non,Non,Non,Oui,Non,Oui,Non,Non,Non,Oui,Parfois,Plutôt satisfait,Non,Non,Non,Non,Non,Non,Non,Oui,Non,Oui,Non,Non,Non,Non,Non,Non,Oui,Non,Non,Non,Oui,Oui,Non,Non,Plus de dix ans,organisme,Oui,Non,Non,Non,Fonctionnaire ou assimilé,Non,Oui,Non,Oui,Non,Non,Non,Non,Non,autre,Un homme
312,974,Oui,Non,Non,Non,Oui,Non,Non,Non,Non,Non,Non,Oui,Non,Oui,Oui,Non,Oui,Non,Non,Oui,Oui,Non,Oui,Non,Non,Oui,Non,Oui,Assez,Oui,Non,Oui,Non,Non,Non,Oui,1,M,M,1,M,2,M,1,M,M,1,M,M,M,Non,Oui,Non,Non,Oui,Non,Non,Non,Oui,Oui,Non,Oui,Oui,Oui,Oui,Souvent,Parfois,Jamais,Parfois,Non,Non,Oui,Oui,Non,Non,Oui,Oui,Oui,Oui,Non,Non,Non,Non,Non,Oui,Non,Oui,Non,Non,"Un manque d’habitude de cette pratique dans les communautés de recherche (savoir faire, etc.)",Un doute sur la capacité de réutilisation des données par d’autres (contextualisation et documentation nécessaire).,Une peur de mésusage des données par les personnes les réutilisant.,Un temps trop important nécessaire à leur mise à disposition.,Oui,Parfois,Non,Oui,Oui,Oui,Non,Non,Non,Non,Oui,Oui,Non,Non,Non,Non,Non,Non,Non,Nous sommes entre 6 et 10 personnes,Oui,Oui,Oui,Non,Non,Non,Non,Non,Non,Non,Non,Linux,Non,Non,Non,Non,Non,Non,Non,Oui,Non,Non,Oui,Non,Non,Oui,Non,Non,Non,Non,Oui,Non,Non,Non,Non,Non,Oui,Non,Non,Non,Oui,Non,Non,Oui,Non,Oui,Non,Non,Non,Non,Non,Oui,Parfois,Plutôt satisfait,Oui,Oui,Oui,Non,Non,Non,Non,Non,Non,Non,Non,Oui,Oui,Oui,Non,Non,Non,Non,Oui,Non,Non,Non,Non,Non,Plus de dix ans,CNRS,Oui,Non,Non,Non,Fonctionnaire ou assimilé,Non,Non,Non,Non,Non,Non,Non,Non,Oui,autre,Un homme
313,978,Oui,Non,Non,Non,Non,Oui,Non,Non,Non,Non,Non,Non,Non,Non,Non,Non,Oui,Oui,Non,Non,Oui,Non,Oui,Non,Non,Non,Non,Non,Assez,Non,Oui,Oui,Oui,Non,Non,Oui,1,M,M,M,M,1,M,M,M,M,M,M,1,M,Oui,Non,Non,Non,Non,Non,Non,Non,Oui,Non,Non,Oui,Non,Oui,Non,Parfois,Jamais,Jamais,Jamais,Oui,Non,Oui,Non,Non,Non,Oui,Non,Oui,Non,Non,Non,Non,Non,Non,Non,Non,Non,Non,Non,"Un manque d’habitude de cette pratique dans les communautés de recherche (savoir faire, etc.)",Une volonté de valoriser le travail effectué avant un partage pour garder un avantage compétitif.,Un temps trop important nécessaire à leur mise à disposition.,,Oui,Jamais,Non,Non,Non,Non,Oui,Non,Oui,Non,Non,Non,Non,Non,Oui,Non,Non,Non,Non,Nous sommes entre 2 et 5 personnes,Oui,Non,Non,Non,Non,Non,Non,Non,Non,Non,Non,Windows,Oui,Non,Non,Non,Oui,Oui,Non,Non,Non,Non,Non,Oui,Oui,Non,Non,Non,Non,Non,Oui,Non,Non,Non,Oui,Non,Oui,Non,Non,Non,Oui,Non,Non,Non,Non,Oui,Oui,Non,Non,Oui,Non,Oui,Jamais,,Non,Non,Non,Non,Non,Non,Non,Oui,Non,Oui,Non,Non,Oui,Non,Non,Non,Oui,Non,Oui,Oui,Non,Non,Non,Non,Plus de dix ans,Université,Oui,Non,Non,Non,Fonctionnaire ou assimilé,Oui,Non,Non,Non,Non,Non,Non,Non,Non,autre,Une femme
314,983,Oui,Oui,Non,Oui,Oui,Oui,Non,Oui,Non,Oui,Non,Non,Non,Non,Oui,Oui,Oui,Non,Non,Non,Non,Non,Oui,Non,Non,Non,Non,Non,Tout à fait,Non,Oui,Oui,Non,Non,Non,Non,1,M,1,M,M,1,M,1,M,M,M,M,1,M,Non,Non,Oui,Oui,Non,Oui,Non,Non,Oui,Oui,Non,Non,Oui,Non,Oui,Non applicable,Non applicable,Non applicable,Toujours,Oui,Non,Non,Non,Non,Non,Non,Oui,Non,Non,Non,Non,Oui,Non,Non,Non,Oui,Non,Non,Non,Une volonté de valoriser le travail effectué avant un partage pour garder un avantage compétitif.,Une mauvaise qualité des données en l’état.,"Une perspective de mise à disposition qui vient limiter, freiner le travail interprétatif possible.","Un manque d’habitude de cette pratique dans les communautés de recherche (savoir faire, etc.)",Oui,Souvent,Oui,Oui,Oui,Non,Oui,Non,Oui,Non,Oui,Oui,Non,Non,Non,Non,Non,Non,Non,Nous sommes entre 2 et 5 personnes,Oui,Oui,Non,Non,Non,Non,Non,Non,Non,Non,Oui,MacOS,Oui,Non,Non,Oui,Non,Non,Non,Non,Oui,Non,,,,,,,,,,,,,,,,,,,,,,Non,Non,Oui,Non,Non,Non,Non,Non,Oui,,,Oui,Oui,Non,Non,Non,Oui,Non,Non,Oui,Non,Non,Oui,Non,Non,Non,Non,Non,Oui,Non,Non,Non,Non,Non,Non,Plus de dix ans,CNRS,Oui,Non,Non,Non,Fonctionnaire ou assimilé,Non,Non,Non,Non,Non,Oui,Non,Non,Non,autre,Un homme
315,984,Non,Non,Oui,Non,Oui,Oui,Non,Oui,Non,Non,Non,Non,Non,Oui,Oui,Non,Oui,Oui,Non,Oui,Non,Non,Oui,Oui,Non,Non,Non,Oui,Assez,Oui,Oui,Oui,Oui,Oui,Non,Oui,1,,2,1,1,1,,1,M,M,1,1,M,,Oui,Non,Oui,Non,Non,Oui,Non,Non,Oui,Non,Non,Non,Non,Oui,Non,Parfois,Parfois,Parfois,Parfois,Non,Non,Non,Non,Oui,Non,Non,Oui,Oui,Non,Oui,Non,Oui,Oui,Oui,Non,Non,Non,Non,Non,"Des barrières juridiques et économiques contraignant leurs partage (contrat de consortium, valorisation, exclusivité, droit d’auteur).","Un manque d’habitude de cette pratique dans les communautés de recherche (savoir faire, etc.)",,,Oui,Parfois,Non,Oui,Oui,Oui,Oui,Non,Oui,Non,Non,Oui,Non,Non,Non,Non,Non,Non,Non,Nous sommes entre 2 et 5 personnes,Oui,Non,Oui,Non,Non,Non,Non,Non,Non,Non,Non,Windows,Oui,Non,Non,Non,Oui,Non,Non,Oui,Non,Non,Non,Oui,Non,Non,Non,Non,Oui,Non,Non,Non,Non,Oui,Non,Oui,Non,Non,Non,Oui,Oui,Non,Non,Non,Non,Oui,Non,Non,Non,Non,Non,Oui,Jamais,,Non,Oui,Non,Non,Non,Non,Non,Non,Non,Non,Non,Non,Non,Non,Non,Oui,Non,Non,Oui,Non,Oui,Non,Oui,Non,Plus de dix ans,école,Non,Non,Oui,Non,Fonctionnaire ou assimilé,Oui,Non,Non,Non,Non,Non,Non,Non,Non,autre,Une femme
316,985,Oui,Non,Non,Non,Oui,Oui,Non,Non,Oui,Oui,Oui,Oui,Oui,Oui,Oui,Non,Oui,Non,Non,Oui,Oui,Non,Non,Oui,Oui,Non,Non,Non,Tout à fait,Oui,Non,Oui,Non,Oui,Non,Oui,P,M,2,P,P,P,P,P,2,3,3,3,3,2,Non,Oui,Non,Non,Oui,Oui,Non,Non,Oui,Non,Non,Oui,Non,Oui,Oui,Parfois,Parfois,Jamais,Jamais,Non,Non,Non,Non,Oui,Non,Oui,Non,Oui,Oui,Non,Non,Non,Non,Oui,Non,Non,Non,Non,Non,Une volonté de valoriser le travail effectué avant un partage pour garder un avantage compétitif.,"Des barrières juridiques et économiques contraignant leurs partage (contrat de consortium, valorisation, exclusivité, droit d’auteur).",Des conditions éthiques limitant leur partage.,"Un manque d’habitude de cette pratique dans les communautés de recherche (savoir faire, etc.)",Je ne sais pas,Parfois,Oui,Oui,Non,Non,Oui,Non,Non,Oui,Oui,Oui,Non,Non,Non,Non,Non,Non,Non,Nous sommes entre 6 et 10 personnes,Oui,Oui,Oui,Non,Non,Non,Non,Non,Non,Non,Non,Windows,Oui,Non,Non,Non,Non,Oui,Non,Oui,Non,Non,Non,Oui,Oui,Non,Non,Non,Oui,Non,Non,Non,Non,Non,Non,Non,Oui,Non,Non,Non,Oui,Oui,Non,Oui,Non,Non,Oui,Non,Non,Non,Non,Non,,,Non,Non,Non,Non,Non,Oui,Non,Non,Non,Non,Non,Non,Non,Non,Non,Oui,Non,Non,Oui,Non,Non,Non,Non,Non,Moins de cinq ans,,Non,Oui,Non,Non,Contrat doctoral,Non,Non,Non,Non,Non,Non,Oui,Non,Non,,Une femme
317,987,Oui,Non,Non,Non,Non,Oui,Non,Non,Non,Non,Non,Oui,Non,Non,Non,Non,Oui,Non,Non,Oui,Non,Non,Non,Oui,Oui,Non,Non,Oui,Tout à fait,Oui,Oui,Oui,Oui,Non,Non,Oui,M,M,1,M,M,1,M,2,M,M,2,2,M,3,Oui,Oui,Non,Non,Non,Non,Non,Non,Oui,Non,Non,Non,Non,Oui,Oui,Souvent,Parfois,Parfois,Parfois,Oui,Non,Non,Non,Non,Non,Non,Non,Non,Non,Non,Oui,Non,Non,Non,Non,Non,Non,Non,Non,"Un manque d’habitude de cette pratique dans les communautés de recherche (savoir faire, etc.)",Une volonté de valoriser le travail effectué avant un partage pour garder un avantage compétitif.,Un temps trop important nécessaire à leur mise à disposition.,Une peur de mésusage des données par les personnes les réutilisant.,Oui,Je ne sais pas,Oui,Oui,Oui,Non,Oui,Non,Oui,Oui,Oui,Non,Oui,Non,Non,Non,Non,Non,Non,Nous sommes entre 2 et 5 personnes,Oui,Oui,Oui,Non,Non,Non,Non,Non,Non,Non,Non,Windows,Oui,Non,Non,Non,Oui,Non,Non,Oui,Non,Non,Oui,Oui,Non,Non,Non,Non,Oui,Non,Non,Non,Non,Oui,Oui,Non,Non,Non,Non,Non,Non,Non,Non,Non,Oui,Oui,Oui,Non,Non,Non,Non,Oui,Parfois,"Ni satisfait, ni insatisfait",Non,Non,Non,Non,Non,Non,Non,Oui,Non,Non,Oui,Non,Non,Non,Non,Non,Oui,Non,Non,Non,Non,Non,Non,Non,Plus de dix ans,,Non,Oui,Non,Non,En CDD,Non,Non,Non,Non,Non,Oui,Non,Non,Non,biologie,Une femme
318,994,Oui,Non,Non,Non,Oui,Oui,Non,Non,Non,Non,Oui,Oui,Non,Non,Non,Non,Non,Non,Non,Oui,Oui,Non,Oui,Non,Oui,Non,Non,Non,Tout à fait,Non,Non,Oui,Oui,Oui,Non,Oui,1,M,,,,1,M,M,,M,M,,M,,Non,Oui,Non,Non,Non,Non,Non,Non,Oui,Oui,Non,Oui,Non,Non,Non,Parfois,Jamais,Jamais,Jamais,Non,Non,Non,Non,Oui,Non,Non,Oui,Oui,Non,Non,Non,Non,Oui,Oui,Non,Non,Non,Non,Non,Une volonté de valoriser le travail effectué avant un partage pour garder un avantage compétitif.,"Une perspective de mise à disposition qui vient limiter, freiner le travail interprétatif possible.","Un manque d’habitude de cette pratique dans les communautés de recherche (savoir faire, etc.)",Un temps trop important nécessaire à leur mise à disposition.,Non,Parfois,Non,Non,Non,Non,Non,Non,Oui,Oui,Oui,Oui,Oui,Non,Oui,Non,Non,Non,Non,Nous sommes entre 2 et 5 personnes,Oui,Oui,Oui,Non,Non,Non,Non,Non,Non,Non,Non,MacOS,Oui,Oui,Non,Non,Non,Oui,Non,Oui,Non,Non,Oui,Oui,Oui,Non,Non,Non,Non,Non,Non,Non,Non,Non,Oui,Non,Oui,Non,Non,Non,Oui,Non,Non,Oui,Non,Oui,Non,Non,Oui,Non,Non,Oui,Parfois,"Ni satisfait, ni insatisfait",Oui,Non,Oui,Non,Non,Non,Non,Non,Non,Non,Non,Oui,Oui,Oui,Oui,Non,Non,Non,Non,Non,Non,Non,Non,Oui,Plus de dix ans,Université,Oui,Non,Non,Non,Fonctionnaire ou assimilé,Non,Non,Non,Non,Non,Non,Non,Non,Oui,,Un homme
319,995,Non,Non,Non,Non,Oui,Oui,Non,Non,Non,Non,Non,Non,Oui,Oui,Non,Non,Oui,Non,Non,Non,Non,Non,Non,Non,Oui,Non,Non,Non,Peu,Non,Oui,Non,Non,Oui,Non,Oui,,,,2,,3,1,2,,M,1,M,,,Non,Non,Non,Non,Oui,Non,Oui,Non,Non,Non,Non,Oui,Non,Non,Non,Parfois,Parfois,Parfois,Parfois,Oui,Non,Non,Non,Oui,Non,Non,Non,Non,Non,Non,Oui,Non,Non,Oui,Non,Non,Non,Non,Non,Une volonté de valoriser le travail effectué avant un partage pour garder un avantage compétitif.,"Un manque d’habitude de cette pratique dans les communautés de recherche (savoir faire, etc.)",Un temps trop important nécessaire à leur mise à disposition.,,Oui,Parfois,Non,Oui,Oui,Non,Non,Non,Non,Oui,Oui,Non,Non,Non,Non,Non,Non,Non,Non,Nous sommes entre 2 et 5 personnes,Oui,Oui,Non,Non,Non,Non,Non,Non,Non,Non,Non,Windows,Non,Non,Non,Non,Non,Non,Non,Oui,Non,Non,Non,Oui,Non,Non,Non,Non,Oui,Non,Non,Non,Non,Non,Non,Non,Non,Non,Non,Non,Oui,Non,Non,Non,Non,Oui,Non,Non,Non,Non,Non,Oui,Jamais,"Ni satisfait, ni insatisfait",Non,Oui,Non,Oui,Non,Non,Non,Non,Non,Non,Non,Oui,Oui,Oui,Non,Non,Non,Non,Oui,Non,Oui,Non,Oui,Non,Plus de dix ans,autre,Oui,Non,Non,Non,Fonctionnaire ou assimilé,Non,Oui,Non,Oui,Non,Non,Non,Non,Non,autre,Une femme
320,996,Oui,Non,Non,Non,Oui,Oui,Oui,Oui,Oui,Oui,Non,Non,Oui,Oui,Oui,Non,Oui,Oui,Non,Oui,Non,Non,Non,Oui,Oui,Non,Non,Oui,Tout à fait,Oui,Oui,Oui,Non,Non,Non,Non,M,,M,M,M,M,,M,M,M,,M,M,,Oui,Oui,Non,Non,Non,Non,Non,Non,Oui,Non,Oui,Non,Non,Non,Oui,Toujours,Souvent,Parfois,Jamais,Oui,Non,Non,Oui,Non,Non,Oui,Oui,Oui,Oui,Non,Oui,Non,Non,Oui,Non,Non,Non,Non,Non,Une volonté de valoriser le travail effectué avant un partage pour garder un avantage compétitif.,"Des barrières juridiques et économiques contraignant leurs partage (contrat de consortium, valorisation, exclusivité, droit d’auteur).",Un temps trop important nécessaire à leur mise à disposition.,"Un manque d’habitude de cette pratique dans les communautés de recherche (savoir faire, etc.)",Oui,Parfois,Non,Non,Non,Oui,Oui,Non,Non,Oui,Non,Non,Oui,Non,Non,Non,Non,Non,Non,Nous sommes entre 11 et 20 personnes,Oui,Oui,Oui,Oui,Non,Non,Oui,Non,Non,Oui,Oui,Windows,Oui,Non,Non,Non,Oui,Non,Non,Oui,Non,Non,Non,Oui,Oui,Non,Non,Non,Oui,Non,Non,Non,Non,Oui,Oui,Non,Non,Non,Non,Oui,Non,Oui,Non,Oui,Oui,Oui,Non,Non,Non,Non,Non,Oui,Souvent,Plutôt satisfait,Oui,Oui,Non,Non,Non,Non,Non,Non,Oui,Non,Non,Non,Oui,Non,Non,Non,Oui,Non,Non,Non,Non,Oui,Oui,Non,Plus de dix ans,école,Non,Non,Oui,Non,Fonctionnaire ou assimilé,Non,Non,Non,Non,Non,Oui,Non,Oui,Non,autre,Un homme
321,997,Oui,Non,Non,Non,Oui,Oui,Non,Non,Non,Non,Non,Oui,Non,Non,Non,Non,Non,Non,Non,Non,Oui,Non,Non,Non,Non,Non,Non,Non,Tout à fait,Oui,Oui,Oui,Non,Non,Non,Non,2,,,M,1,2,,,,2,2,,,M,Non,Oui,Non,Non,Oui,Oui,Non,Non,Oui,Non,Non,Non,Oui,Oui,Oui,Parfois,Jamais,Jamais,Jamais,Non,Non,Oui,Non,Non,Non,Non,Non,Non,Non,Non,Oui,Oui,Non,Non,Non,Non,Non,Non,Non,Un temps trop important nécessaire à leur mise à disposition.,"Un manque d’habitude de cette pratique dans les communautés de recherche (savoir faire, etc.)","Des barrières juridiques et économiques contraignant leurs partage (contrat de consortium, valorisation, exclusivité, droit d’auteur).",Une volonté de valoriser le travail effectué avant un partage pour garder un avantage compétitif.,Je ne sais pas,Parfois,Non,Non,Non,Non,Oui,Non,Non,Non,Non,Oui,Non,Non,Non,Non,Non,Non,Non,Nous sommes entre 6 et 10 personnes,Oui,Oui,Oui,Non,Non,Non,Non,Non,Non,Non,Oui,Windows,Oui,Non,Non,Non,Non,Non,Non,Non,Non,Non,Non,Non,Non,Oui,Non,Non,Non,Non,Non,Non,Non,Oui,Non,Non,Non,Non,Non,Non,Non,Non,Non,Non,Non,Oui,Non,Non,Non,Non,Non,Oui,Parfois,Plutôt satisfait,Oui,Non,Non,Non,Non,Non,Non,Non,Non,Non,Non,Oui,Oui,Non,Oui,Non,Oui,Non,Non,Non,Oui,Non,Non,Non,Plus de dix ans,CNRS,Oui,Non,Non,Non,Fonctionnaire ou assimilé,Non,Non,Non,Non,Non,Non,Non,Non,Oui,chimie,Un homme
322,1001,Oui,Non,Non,Oui,Oui,Oui,Non,Non,Oui,Non,Non,Oui,Non,Oui,Non,Non,Oui,Non,Non,Oui,Oui,Non,Non,Non,Oui,Non,Non,Non,Assez,Oui,Non,Oui,Oui,Non,Non,Oui,3,,1,2,,3,,1,M,M,1,,,,Non,Oui,Oui,Non,Non,Oui,Non,Non,Oui,Non,Non,Non,Oui,Non,Oui,Souvent,,Jamais,,Non,Non,Non,Non,Oui,Non,Oui,Non,Non,Non,Non,Non,Non,Non,Non,Non,Non,Non,Non,Non,"Un manque d’habitude de cette pratique dans les communautés de recherche (savoir faire, etc.)",La peur d’un renforcement d’inégalités entre des personnes produisant des données d’une part et celles les analysant et en tirant des publications d’autre part.,"Une perspective de mise à disposition qui vient limiter, freiner le travail interprétatif possible.","Des barrières juridiques et économiques contraignant leurs partage (contrat de consortium, valorisation, exclusivité, droit d’auteur).",Je ne sais pas,Parfois,Oui,Oui,Non,Non,Oui,Non,Oui,Oui,Oui,Oui,Non,Non,Non,Non,Non,Non,Non,Je travaille seul.e,,,,,,,,,,,,Windows,Non,Oui,Non,Non,Non,Non,Non,Non,Non,Non,Oui,Non,Non,Non,Non,Non,Non,Non,Non,Non,Non,Non,Non,Oui,Non,Non,Non,Non,Oui,Non,Non,Oui,Non,Oui,Non,Non,Non,Non,Oui,Non,,,Non,Non,Non,Non,Non,Non,Non,Oui,Oui,Non,Non,Non,Non,Oui,Oui,Non,Non,Non,Oui,Non,Non,Non,Non,Non,Moins de cinq ans,autre,Non,Oui,Non,Non,Contrat doctoral,Non,Non,Non,Non,Non,Non,Non,Non,Oui,autre,Un homme
323,1018,Oui,Non,Non,Oui,Non,Oui,Non,Oui,Non,Oui,Non,Non,Non,Non,Non,Non,Non,Non,Non,Oui,Oui,Non,Non,Non,Oui,Non,Non,Non,Assez,Non,Non,Oui,Non,Non,Non,Non,2,M,,M,M,2,,M,,,,,M,,Non,Oui,Non,Non,Non,Oui,Oui,Oui,Oui,Oui,Non,Non,Oui,Oui,Oui,Jamais,Jamais,Jamais,Jamais,Non,Non,Oui,Non,Non,Non,Oui,Oui,Oui,Non,Non,Non,Non,Non,Non,Non,Non,Non,Non,Non,"Des barrières juridiques et économiques contraignant leurs partage (contrat de consortium, valorisation, exclusivité, droit d’auteur).",Une volonté de valoriser le travail effectué avant un partage pour garder un avantage compétitif.,Des conditions éthiques limitant leur partage.,Un doute sur la capacité de réutilisation des données par d’autres (contextualisation et documentation nécessaire).,Oui,Souvent,Non,Non,Oui,Non,Oui,Non,Non,Oui,Oui,Non,Non,Non,Non,Non,Non,Non,Non,Nous sommes entre 2 et 5 personnes,Oui,Non,Non,Non,Non,Non,Non,Non,Non,Non,Non,Windows,Oui,Non,Non,Non,Non,Non,Non,Non,Non,Non,Non,Oui,Non,Non,Non,Non,Non,Non,Non,Non,Non,Oui,Non,Oui,Non,Non,Non,Non,Non,Non,Non,Oui,Non,Oui,Non,Non,Non,Non,Non,Non,,,Non,Non,Non,Non,Non,Non,Non,Oui,Non,Non,Non,Oui,Non,Non,Oui,Non,Oui,Non,Non,Non,Non,Non,Non,Non,Moins de cinq ans,autre,Oui,Non,Non,Non,Fonctionnaire ou assimilé,Non,Non,Non,Non,Non,Non,Non,Non,Oui,autre,Une femme
324,1020,Oui,Non,Non,Non,Oui,Oui,Non,Oui,Oui,Non,Oui,Oui,Oui,Oui,Oui,Non,Oui,Non,Non,Oui,Oui,Non,Non,Oui,Oui,Non,Non,Non,Tout à fait,Oui,Non,Oui,Oui,Non,Non,Oui,1,,,,,1,2,,,M,1,,,M,Non,Oui,Non,Non,Non,Oui,Non,Non,Oui,Non,Non,Non,Oui,Oui,Oui,Souvent,Parfois,Jamais,Jamais,Non,Non,Non,Non,Oui,Non,Non,Oui,Non,Oui,Non,Non,Non,Non,Non,Non,Non,Non,Non,Non,"Un manque d’habitude de cette pratique dans les communautés de recherche (savoir faire, etc.)",Une volonté de valoriser le travail effectué avant un partage pour garder un avantage compétitif.,"Des barrières juridiques et économiques contraignant leurs partage (contrat de consortium, valorisation, exclusivité, droit d’auteur).",,Oui,Parfois,Non,Non,Non,Non,Oui,Non,Non,Oui,Oui,Non,Oui,Non,Non,Non,Non,Oui,Non,Nous sommes entre 2 et 5 personnes,Oui,Oui,Oui,Non,Non,Non,Non,Non,Oui,Oui,Non,Windows,Oui,Oui,Non,Oui,Non,Oui,Non,Non,Non,Non,Oui,Oui,Oui,Non,Non,Oui,Oui,Oui,Oui,Non,Non,Oui,Oui,Oui,Oui,Non,Oui,Non,Non,Non,Non,Non,Non,Oui,Oui,Non,Non,Non,Non,Oui,Parfois,Plutôt satisfait,Non,Non,Oui,Non,Non,Oui,Non,Non,Oui,Oui,Non,Oui,Oui,Non,Non,Non,Oui,Non,Oui,Non,Non,Oui,Non,Non,Plus de dix ans,Université,Oui,Non,Non,Non,Fonctionnaire ou assimilé,Non,Non,Non,Non,Non,Non,Non,Non,Oui,autre,Une femme
325,1022,Oui,Non,Non,Non,Oui,Oui,Non,Oui,Non,Non,Non,Oui,Non,Non,Non,Non,Non,Non,Non,Oui,Non,Non,Non,Non,Non,Non,Non,Non,Tout à fait,Non,Oui,Oui,Non,Non,Non,Oui,1,,2,M,,1,,,,,,,,,Non,Oui,Non,Non,Non,Oui,Non,Non,Oui,Non,Non,Non,Non,Non,Non,Parfois,Parfois,Jamais,Non applicable,Non,Non,Oui,Non,Non,Non,Oui,Oui,Non,Non,Non,Non,Non,Non,Oui,Non,Non,Non,Non,Non,"Un manque d’habitude de cette pratique dans les communautés de recherche (savoir faire, etc.)",Un temps trop important nécessaire à leur mise à disposition.,Une volonté de valoriser le travail effectué avant un partage pour garder un avantage compétitif.,Une peur de mésusage des données par les personnes les réutilisant.,Je ne sais pas,Parfois,Non,Oui,Non,Non,Non,Non,Non,Oui,Oui,Oui,Oui,Non,Non,Non,Non,Non,Non,Nous sommes entre 2 et 5 personnes,Oui,Non,Oui,Non,Non,Non,Non,Non,Non,Non,Non,Windows,Non,Oui,Non,Non,Non,Non,Non,Oui,Non,Non,Oui,Oui,Oui,Non,Non,Non,Non,Non,Non,Non,Non,Oui,Oui,Non,Non,Non,Non,Non,Non,Non,Non,Non,Non,Oui,Non,Non,Non,Non,Non,Non,,,Non,Oui,Non,Non,Non,Non,Oui,Non,Oui,Non,Non,Non,Non,Non,Non,Non,Oui,Non,Oui,Non,Non,Non,Non,Non,Plus de dix ans,CNRS,Oui,Non,Non,Non,Fonctionnaire ou assimilé,Non,Non,Non,Non,Non,Non,Non,Non,Oui,physique ,Un homme
326,1028,Oui,Non,Non,Non,Non,Oui,Non,Non,Oui,Non,Oui,Oui,Non,Non,Oui,Non,Non,Non,Non,Oui,Non,Non,Non,Oui,Non,Non,Non,Oui,Tout à fait,Oui,Non,Oui,Oui,Non,Non,Oui,P,M,M,,,2,,1,,M,,M,,1,Non,Oui,Oui,Oui,Non,Oui,Oui,Oui,Non,Non,Non,Non,Oui,Oui,Oui,Parfois,Parfois,Parfois,Parfois,Oui,Non,Non,Oui,Non,Non,Non,Oui,Oui,Oui,Non,Non,Non,Non,Non,Non,Non,Non,Non,Non,"Un manque d’habitude de cette pratique dans les communautés de recherche (savoir faire, etc.)",Une mauvaise qualité des données en l’état.,Une peur de mésusage des données par les personnes les réutilisant.,,Je ne sais pas,Je ne sais pas,Non,Non,Non,Non,Oui,Oui,Non,Oui,Non,Non,Oui,Non,Non,Non,Non,Non,Non,Nous sommes entre 2 et 5 personnes,Oui,Oui,Oui,Non,Non,Non,Non,Non,Non,Non,Oui,Windows,Oui,Oui,Non,Non,Non,Non,Non,Non,Non,Non,Non,Oui,Non,Non,Non,Non,Oui,Non,Non,Non,Non,Non,Non,Non,Non,Non,Non,Non,Oui,Non,Non,Oui,Non,Oui,Non,Non,Non,Non,Non,Non,,,Oui,Oui,Non,Non,Non,Non,Non,Non,Non,Non,Non,Oui,Non,Non,Oui,Non,Oui,Oui,Oui,Oui,Oui,Oui,Non,Non,Plus de dix ans,autre,Non,Non,Oui,Non,Fonctionnaire ou assimilé,Non,Non,Non,Non,Non,Non,Non,Non,Oui,autre,Une femme
327,1031,Oui,Non,Non,Non,Non,Oui,Non,Non,Non,Non,Non,Oui,Oui,Non,Non,Non,Oui,Non,Non,Oui,Non,Non,Oui,Oui,Non,Non,Non,Non,Tout à fait,Non,Non,Oui,Oui,Non,Non,Non,P,,1,,,P,,P,,P,,,M,1,Non,Oui,Non,Non,Non,Oui,Non,Non,Oui,Non,Non,Non,Oui,Oui,Oui,Souvent,Parfois,Jamais,Jamais,Non,Non,Non,Non,Oui,Non,Oui,Oui,Oui,Oui,Non,Non,Non,Oui,Oui,Non,Non,Non,Non,Non,Une peur de mésusage des données par les personnes les réutilisant.,Un temps trop important nécessaire à leur mise à disposition.,Un doute sur la capacité de réutilisation des données par d’autres (contextualisation et documentation nécessaire).,Une volonté de valoriser le travail effectué avant un partage pour garder un avantage compétitif.,Non,Parfois,Non,Oui,Non,Non,Non,Non,Oui,Oui,Oui,Oui,Non,Non,Non,Non,Non,Non,Non,Nous sommes entre 2 et 5 personnes,Oui,Oui,Oui,Non,Non,Non,Non,Non,Non,Non,Non,Windows,Non,Oui,Non,Oui,Non,Oui,Non,Non,Non,Non,Oui,Oui,Oui,Oui,Non,Non,Oui,Oui,Oui,Non,Non,Oui,Non,Oui,Oui,Non,Non,Oui,Oui,Non,Non,Oui,Non,Oui,Non,Non,Non,Non,Non,Non,,,Non,Non,Non,Non,Non,Non,Non,Oui,Non,Non,Non,Non,Non,Non,Non,Oui,Oui,Non,Non,Non,Non,Non,Non,Non,Plus de dix ans,CNRS,Oui,Non,Non,Non,En CDI,Non,Non,Non,Non,Non,Non,Non,Non,Oui,physique ,Une femme
328,1039,Oui,Oui,Non,Oui,Oui,Oui,Non,Oui,Non,Oui,Non,Oui,Oui,Oui,Non,Oui,Oui,Oui,Oui,Oui,Oui,Oui,Non,Non,Oui,Non,Oui,Non,Tout à fait,Non,Non,Oui,Non,Non,Non,Non,1,M,1,1,1,1,M,M,M,M,1,M,1,1,Non,Oui,Oui,Non,Non,Oui,Non,Non,Oui,Oui,Non,Oui,Oui,Non,Non,Souvent,Jamais,Souvent,Jamais,Non,Non,Oui,Oui,Non,Non,Oui,Oui,Oui,Non,Non,Non,Non,Oui,Non,Non,Non,Oui,Non,Non,Une peur de mésusage des données par les personnes les réutilisant.,Un temps trop important nécessaire à leur mise à disposition.,"Des barrières juridiques et économiques contraignant leurs partage (contrat de consortium, valorisation, exclusivité, droit d’auteur).",Un doute sur la capacité de réutilisation des données par d’autres (contextualisation et documentation nécessaire).,Oui,Souvent,Non,Oui,Non,Non,Oui,Non,Oui,Oui,Oui,Oui,Non,Non,Non,Oui,Non,Non,Non,Nous sommes entre 6 et 10 personnes,Oui,Oui,Oui,Non,Non,Non,Non,Non,Non,Non,Oui,MacOS,Oui,Non,Non,Oui,Oui,Oui,Non,Oui,Non,Non,Oui,Non,Non,Non,Non,Non,Non,Non,Non,Non,Non,Non,Non,Non,Non,Non,Non,Non,Oui,Non,Non,Non,Non,Oui,Non,Non,Non,Non,Non,Non,,,Non,Non,Non,Non,Non,Non,Non,Oui,Non,Non,Non,Oui,Non,Non,Non,Non,Oui,Non,Non,Oui,Non,Non,Non,Non,Plus de dix ans,Université,Non,Non,Oui,Non,En CDI,Non,Non,Non,Non,Non,Oui,Non,Non,Non,biologie,Un homme
329,1044,Oui,Non,Non,Non,Oui,Oui,Non,Non,Non,Non,Non,Non,Oui,Oui,Oui,Non,Oui,Oui,Non,Oui,Oui,Non,Non,Oui,Non,Non,Non,Oui,Assez,Oui,Oui,Oui,Non,Non,Non,Non,1,M,2,2,1,2,M,1,1,M,1,,1,M,Non,Oui,Non,Non,Non,Oui,Non,Non,Oui,Non,Non,Non,Oui,Non,Oui,Parfois,Jamais,Jamais,Jamais,Non,Non,Non,Oui,Non,Non,Oui,Oui,Non,Non,Non,Non,Non,Non,Non,Non,Non,Non,Non,Non,Un doute sur la capacité de réutilisation des données par d’autres (contextualisation et documentation nécessaire).,La peur d’un renforcement d’inégalités entre des personnes produisant des données d’une part et celles les analysant et en tirant des publications d’autre part.,"Un manque d’habitude de cette pratique dans les communautés de recherche (savoir faire, etc.)",Une peur de mésusage des données par les personnes les réutilisant.,Je ne sais pas,Jamais,Non,Oui,Non,Non,Oui,Non,Non,Oui,Oui,Non,Non,Non,Non,Non,Non,Non,Non,Nous sommes entre 2 et 5 personnes,Oui,Oui,Oui,Non,Non,Non,Non,Non,Non,Non,Non,Windows,Oui,Non,Non,Non,Oui,Non,Non,Non,Non,Non,Oui,Oui,Non,Non,Non,Non,Non,Non,Non,Non,Non,Oui,Non,Non,Non,Non,Non,Non,Oui,Non,Non,Non,Non,Oui,Non,Non,Non,Non,Non,Oui,Jamais,"Ni satisfait, ni insatisfait",Oui,Oui,Oui,Oui,Non,Non,Non,Non,Oui,Oui,Non,Oui,Oui,Non,Non,Non,Oui,Non,Oui,Oui,Oui,Non,Non,Non,Plus de dix ans,Université,Oui,Non,Non,Non,Fonctionnaire ou assimilé,Non,Non,Non,Non,Non,Oui,Non,Non,Non,biologie,Une femme
330,1048,Oui,Non,Non,Non,Non,Oui,Oui,Non,Non,Non,Non,Non,Non,Oui,Oui,Non,Oui,Non,Non,Oui,Oui,Non,Non,Oui,Non,Non,Non,Non,Tout à fait,Oui,Oui,Oui,Non,Oui,Non,Non,2,M,1,M,1,1,M,M,1,1,1,1,1,1,Non,Non,Oui,Non,Oui,Oui,Non,Non,Oui,Non,Non,Non,Oui,Oui,Oui,Souvent,Jamais,Parfois,Jamais,Oui,Non,Non,Non,Non,Non,Oui,Oui,Oui,Non,Non,Oui,Non,Oui,Non,Non,Non,Non,Non,Non,La peur d’un renforcement d’inégalités entre des personnes produisant des données d’une part et celles les analysant et en tirant des publications d’autre part.,"Des barrières juridiques et économiques contraignant leurs partage (contrat de consortium, valorisation, exclusivité, droit d’auteur).","Un manque d’habitude de cette pratique dans les communautés de recherche (savoir faire, etc.)",Une mauvaise qualité des données en l’état.,Non,Souvent,Non,Oui,Non,Non,Oui,Non,Non,Oui,Oui,Non,Non,Non,Non,Non,Non,Non,Non,Nous sommes entre 2 et 5 personnes,Oui,Oui,Oui,Non,Non,Non,Non,Non,Non,Non,Non,Windows,Oui,Non,Oui,Non,Non,Oui,Non,Non,Non,Non,Oui,Oui,Oui,Non,Non,Non,Oui,Oui,Non,Oui,Non,Oui,Non,Non,Non,Non,Non,Non,Oui,Non,Non,Non,Non,Oui,Non,Non,Non,Non,Non,Non,,,Non,Non,Non,Non,Non,Non,Non,Oui,Oui,Oui,Non,Non,Non,Non,Non,Non,Non,Non,Oui,Non,Oui,Non,Oui,Non,Moins de cinq ans,,Oui,Non,Non,Non,Fonctionnaire ou assimilé,Non,Non,Non,Non,Non,Oui,Non,Non,Non,,Une femme
331,1050,Oui,Non,Non,Oui,Oui,Oui,Non,Non,Oui,Non,Non,Oui,Non,Non,Non,Non,Oui,Non,Non,Non,Oui,Non,Oui,Non,Non,Non,Non,Oui,Tout à fait,Oui,Oui,Oui,Non,Non,Non,Oui,2,,,,,2,,1,1,M,M,,,1,Non,Oui,Non,Non,Non,Oui,Non,Non,Oui,Non,Non,Non,Oui,Oui,Oui,Souvent,Jamais,Jamais,Jamais,Non,Non,Oui,Oui,Non,Non,Oui,Non,Oui,Oui,Non,Non,Non,Non,Oui,Non,Non,Non,Non,Non,Non applicable.,,,,Oui,Jamais,Non,Oui,Non,Non,Oui,Non,Oui,Non,Oui,Non,Non,Non,Non,Non,Non,Non,Non,Nous sommes entre 6 et 10 personnes,Oui,Oui,Oui,Non,Non,Non,Non,Non,Non,Non,Non,Windows,Oui,Oui,Non,Non,Non,Non,Non,Non,Non,Non,Oui,Oui,Oui,Non,Non,Non,Non,Non,Non,Non,Non,Oui,Oui,Non,Oui,Non,Oui,Non,Oui,Non,Non,Non,Non,Oui,Non,Non,Non,Non,Non,Non,,,Non,Non,Non,Non,Non,Non,Non,Oui,Non,Non,Oui,Non,Non,Non,Oui,Non,Oui,Non,Oui,Non,Non,Oui,Non,Non,Cinq à dix ans,CNRS,Non,Oui,Non,Non,En CDD,Non,Non,Non,Non,Non,Non,Oui,Non,Oui,autre,Un homme
332,1055,Oui,Non,Non,Non,Oui,Non,Non,Non,Oui,Non,Non,Oui,Non,Non,Oui,Non,Oui,Non,Non,Oui,Oui,Non,Non,Non,Non,Non,Non,Non,Tout à fait,Oui,Oui,Oui,Oui,Non,Non,Non,M,,,,M,,M,M,M,M,,,,M,Non,Oui,Non,Non,Non,Non,Non,Non,Non,Oui,Non,Non,Non,Non,Oui,,Parfois,Souvent,,Non,Non,Non,Non,Oui,Non,Non,Non,Non,Non,Non,Non,Non,Non,Non,Non,Non,Non,Non,Oui,"Un manque d’habitude de cette pratique dans les communautés de recherche (savoir faire, etc.)","Des barrières juridiques et économiques contraignant leurs partage (contrat de consortium, valorisation, exclusivité, droit d’auteur).",,,Je ne sais pas,Parfois,Non,Oui,Oui,Oui,Oui,Non,Non,Non,Non,Oui,Non,Non,Non,Non,Non,Non,Non,Nous sommes entre 2 et 5 personnes,Oui,Non,Oui,Non,Non,Non,Non,Non,Non,Non,Non,Windows,Non,Non,Non,Non,Non,Non,Non,Oui,Non,Non,Non,Non,Non,Non,Non,Non,Non,Non,Non,Non,Oui,Non,Non,Non,Non,Non,Non,Non,Non,Non,Oui,Oui,Non,Oui,Oui,Non,Non,Non,Non,Oui,Parfois,Plutôt satisfait,Oui,Non,Oui,Non,Non,Non,Non,Non,Non,Oui,Non,Non,Non,Oui,Non,Non,Non,Non,Non,Oui,Non,Non,Non,Non,Plus de dix ans,CNRS,Non,Non,Oui,Non,Fonctionnaire ou assimilé,Non,Non,Non,Non,Non,Oui,Non,Non,Non,,Un homme
333,1059,Non,Non,Non,Non,Oui,Oui,Non,Non,Oui,Non,Non,Non,Oui,Oui,Oui,Non,Oui,Oui,Non,Non,Non,Non,Non,Non,Oui,Non,Oui,Non,Tout à fait,Non,Non,Oui,Oui,Non,Non,Non,,,,2,,3,3,2,,,,,,,Non,Non,Oui,Non,Oui,Oui,Oui,Non,Oui,Non,Non,Non,Oui,Non,Non,Parfois,Parfois,Souvent,,Non,Non,Non,Non,Oui,Non,Non,Oui,Non,Non,Non,Non,Oui,Oui,Non,Oui,Non,Oui,Non,Non,Une volonté de valoriser le travail effectué avant un partage pour garder un avantage compétitif.,La peur d’un renforcement d’inégalités entre des personnes produisant des données d’une part et celles les analysant et en tirant des publications d’autre part.,"Un manque d’habitude de cette pratique dans les communautés de recherche (savoir faire, etc.)",,Oui,Parfois,Non,Non,Oui,Non,Non,Non,Non,Oui,Non,Non,Non,Non,Non,Non,Non,Oui,Non,Nous sommes entre 2 et 5 personnes,Oui,Non,Non,Non,Non,Non,Non,Non,Non,Non,Non,MacOS,Oui,Non,Non,Non,Non,Oui,Non,Oui,Non,Non,Oui,Non,Oui,Non,Non,Non,Non,Non,Non,Non,Non,Oui,Non,Oui,Non,Non,Non,Non,Oui,Non,Non,Non,Oui,Oui,Non,Oui,Non,Non,Non,Non,,,Non,Oui,Non,Non,Non,Non,Non,Non,Non,Non,Oui,Non,Oui,Non,Non,Non,Non,Non,Oui,Non,Oui,Non,Non,Non,Cinq à dix ans,autre,Oui,Non,Non,Non,Fonctionnaire ou assimilé,Non,Non,Non,Oui,Non,Non,Non,Non,Non,autre,Un homme
334,1061,Oui,Oui,Non,Non,Oui,Oui,Non,Oui,Non,Oui,Non,Oui,Oui,Oui,Non,Oui,Oui,Oui,Oui,Non,Oui,Non,Non,Oui,Oui,Oui,Oui,Non,Tout à fait,Oui,Non,Oui,Non,Non,Non,Oui,3,M,M,M,M,1,1,1,M,M,M,1,1,M,Non,Oui,Oui,Oui,Oui,Oui,Non,Non,Oui,Oui,Non,Oui,Non,Oui,Non,Toujours,Toujours,Jamais,Parfois,Oui,Non,Oui,Oui,Non,Non,Oui,Oui,Oui,Non,Non,Non,Non,Non,Oui,Non,Oui,Non,Non,Non,Une volonté de valoriser le travail effectué avant un partage pour garder un avantage compétitif.,"Un manque d’habitude de cette pratique dans les communautés de recherche (savoir faire, etc.)",Un temps trop important nécessaire à leur mise à disposition.,"Des barrières juridiques et économiques contraignant leurs partage (contrat de consortium, valorisation, exclusivité, droit d’auteur).",Oui,Souvent,Non,Oui,Oui,Oui,Oui,Non,Non,Non,Oui,Oui,Oui,Non,Non,Non,Non,Non,Non,Nous sommes entre 6 et 10 personnes,Oui,Oui,Oui,Non,Oui,Oui,Oui,Non,Non,Non,Oui,Windows,Oui,Non,Non,Oui,Non,Oui,Non,Oui,Non,Non,Oui,Oui,Oui,Non,Non,Non,Oui,Non,Oui,Oui,Non,Oui,Oui,Oui,Non,Oui,Oui,Oui,Oui,Oui,Non,Oui,Non,Oui,Oui,Non,Non,Non,Non,Non,,,Non,Non,Non,Non,Oui,Oui,Non,Non,Non,Oui,Non,Oui,Oui,Oui,Oui,Non,Oui,Non,Oui,Non,Non,Oui,Oui,Non,Cinq à dix ans,,Non,Oui,Non,Non,En CDD,Non,Non,Non,Non,Non,Oui,Non,Non,Non,biologie,Une femme
335,1062,Oui,Non,Non,Non,Non,Oui,Non,Non,Oui,Non,Oui,Oui,Non,Non,Non,Non,Oui,Non,Non,Non,Non,Non,Non,Oui,Oui,Non,Non,Non,Tout à fait,Non,Non,Oui,Oui,Non,Non,Non,M,,,,,,M,M,,M,M,,,,Non,Oui,Non,Non,Non,Oui,Non,Non,Oui,Non,Non,Oui,Non,Oui,Oui,Parfois,Jamais,Jamais,Jamais,Oui,Non,Non,Non,Non,Non,Non,Oui,Oui,Non,Non,Non,Non,Oui,Non,Non,Non,Non,Non,Non,Un temps trop important nécessaire à leur mise à disposition.,Un doute sur la capacité de réutilisation des données par d’autres (contextualisation et documentation nécessaire).,"Des barrières juridiques et économiques contraignant leurs partage (contrat de consortium, valorisation, exclusivité, droit d’auteur).",Une peur de mésusage des données par les personnes les réutilisant.,Non,Jamais,Non,Non,Non,Non,Non,Non,Oui,Non,Oui,Oui,Non,Non,Non,Non,Non,Non,Non,Nous sommes entre 6 et 10 personnes,Oui,Oui,Oui,Non,Non,Oui,Non,Non,Non,Non,Oui,MacOS,Non,Oui,Non,Non,Non,Oui,Non,Oui,Non,Non,Oui,Oui,Oui,Oui,Non,Non,Non,Non,Non,Non,Non,Non,Oui,Non,Oui,Non,Non,Non,Oui,Non,Non,Non,Non,Oui,Non,Non,Non,Non,Non,Non,,,Non,Non,Non,Non,Non,Non,Non,Oui,Non,Non,Non,Oui,Non,Non,Non,Non,Non,Non,Non,Oui,Non,Non,Non,Non,Plus de dix ans,,Oui,Non,Non,Non,En CDI,Non,Non,Non,Non,Non,Non,Non,Non,Oui,physique ,Un homme
336,1074,Non,Non,Non,Non,Non,Oui,Non,Non,Non,Non,Non,Non,Non,Oui,Oui,Non,Oui,Non,Non,Non,Non,Non,Non,Non,Non,Non,Non,Oui,Assez,Oui,Non,Oui,Non,Non,Non,Non,,,,,,,,,,,,,,M,Non,Non,Non,Non,Non,Non,Oui,Non,Non,Non,Non,Non,Non,Oui,Oui,Parfois,,,,Non,Non,Non,Non,Oui,Non,Non,Oui,Oui,Non,Non,Non,Non,Non,Non,Non,Non,Non,Non,Non,Un temps trop important nécessaire à leur mise à disposition.,"Un manque d’habitude de cette pratique dans les communautés de recherche (savoir faire, etc.)",Une mauvaise qualité des données en l’état.,,Je ne sais pas,Jamais,Non,Oui,Oui,Oui,Oui,Non,Non,Non,Non,Non,Oui,Non,Non,Non,Non,Non,Non,Je travaille seul.e,,,,,,,,,,,,Windows,Non,Non,Non,Non,Non,Non,Non,Non,Non,Oui,Non,Non,Non,Non,Non,Non,Non,Non,Non,Non,Oui,Non,Non,Non,Non,Non,Non,Non,Non,Non,Oui,Oui,Non,Oui,Oui,Non,Non,Non,Non,Oui,,,Non,Oui,Non,Non,Non,Non,Non,Non,Non,Non,Non,Non,Non,Non,Non,Oui,Non,Non,Non,Non,Non,Non,Non,Oui,Plus de dix ans,autre,Non,Non,Non,Non,En CDI,Non,Oui,Non,Non,Non,Non,Non,Non,Non,,
337,1085,Non,Non,Non,Non,Oui,Oui,Non,Oui,Oui,Oui,Non,Oui,Non,Oui,Oui,Non,Oui,Non,Non,Non,Non,Non,Non,Oui,Oui,Oui,Non,Non,Assez,Oui,Non,Oui,Non,Non,Non,Non,1,M,M,1,,2,1,1,,,,,,,Non,Oui,Non,Non,Oui,Oui,Non,Oui,Oui,Oui,Non,Oui,Oui,Oui,Oui,Souvent,Parfois,Jamais,Jamais,Non,Non,Oui,Non,Non,Non,Non,Oui,Oui,Oui,Non,Non,Non,Non,Non,Non,Non,Non,Non,Non,Une volonté de valoriser le travail effectué avant un partage pour garder un avantage compétitif.,"Des barrières juridiques et économiques contraignant leurs partage (contrat de consortium, valorisation, exclusivité, droit d’auteur).",Une peur de mésusage des données par les personnes les réutilisant.,Un temps trop important nécessaire à leur mise à disposition.,Non,Parfois,Non,Non,Non,Non,Oui,Non,Non,Oui,Non,Oui,Non,Non,Non,Non,Non,Oui,Non,Nous sommes entre 6 et 10 personnes,Non,Non,Oui,Non,Non,Non,Non,Non,Non,Non,Non,Windows,Oui,Non,Non,Non,Non,Oui,Non,Oui,Non,Non,Oui,Oui,Oui,Oui,Non,Non,Oui,Non,Oui,Non,Non,Oui,Non,Non,Non,Oui,Oui,Oui,Oui,Non,Non,Non,Non,Oui,Non,Non,Non,Oui,Non,Oui,Parfois,"Ni satisfait, ni insatisfait",Oui,Non,Oui,Non,Oui,Non,Non,Non,Oui,Oui,Non,Oui,Oui,Non,Oui,Non,Non,Non,Oui,Non,Non,Non,Non,Non,Plus de dix ans,,Non,Non,Oui,Non,En CDI,Non,Non,Non,Non,Non,Non,Oui,Non,Non,,Un homme
338,1088,Oui,Non,Non,Oui,Oui,Oui,Non,Oui,Oui,Non,Non,Oui,Non,Non,Oui,Non,Non,Non,Non,Oui,Oui,Non,Non,Non,Non,Non,Non,Non,Tout à fait,Oui,Non,Oui,Non,Non,Non,Oui,1,,M,M,M,3,,,1,1,M,,M,M,Non,Non,Oui,Oui,Oui,Oui,Oui,Oui,Oui,Non,Non,Non,Non,Oui,Oui,Parfois,,,,Oui,Non,Non,Non,Non,Non,Non,Non,Non,Non,Non,Non,Non,Non,Oui,Non,Non,Non,Non,Non,Une mauvaise qualité des données en l’état.,"Un manque d’habitude de cette pratique dans les communautés de recherche (savoir faire, etc.)",La peur d’un renforcement d’inégalités entre des personnes produisant des données d’une part et celles les analysant et en tirant des publications d’autre part.,Une peur de mésusage des données par les personnes les réutilisant.,Je ne sais pas,Parfois,Oui,Oui,Oui,Oui,Oui,Oui,Non,Non,Oui,Oui,Non,Non,Non,Non,Non,Non,Non,Nous sommes entre 2 et 5 personnes,Oui,Non,Oui,Non,Non,Non,Non,Non,Non,Non,Non,Windows,Oui,Oui,Non,Non,Non,Non,Non,Non,Non,Non,Oui,Oui,Oui,Non,Non,Non,Oui,Non,Oui,Non,Non,Oui,Non,Oui,Non,Non,Oui,Non,Oui,Oui,Non,Oui,Non,Non,Non,Non,Non,Non,Non,Non,,,Non,Non,Non,Non,Non,Non,Non,Oui,Non,Oui,Non,Oui,Non,Oui,Oui,Non,Non,Non,Non,Non,Oui,Oui,Oui,Non,Moins de cinq ans,Université,Non,Oui,Non,Non,Contrat doctoral,Non,Non,Non,Non,Non,Non,Non,Non,Oui,chimie,Une femme
339,1100,Non,Non,Oui,Non,Oui,Oui,Non,Non,Non,Non,Non,Non,Non,Oui,Non,Non,Oui,Non,Non,Oui,Non,Non,Non,Non,Oui,Non,Non,Non,Tout à fait,Oui,Non,Oui,Non,Oui,Non,Oui,2,M,3,1,1,2,1,1,M,M,1,M,1,M,Oui,Non,Non,Non,Non,Oui,Non,Non,Oui,Non,Non,Non,Non,Non,Non,Souvent,Jamais,Jamais,Jamais,Non,Non,Non,Non,Oui,Non,Oui,Oui,Non,Non,Non,Non,Non,Non,Non,Non,Non,Non,Non,Non,"Un manque d’habitude de cette pratique dans les communautés de recherche (savoir faire, etc.)",La peur d’un renforcement d’inégalités entre des personnes produisant des données d’une part et celles les analysant et en tirant des publications d’autre part.,Une peur de mésusage des données par les personnes les réutilisant.,Un temps trop important nécessaire à leur mise à disposition.,Oui,Jamais,Non,Oui,Non,Oui,Oui,Non,Oui,Oui,Non,Non,Non,Non,Non,Non,Non,Non,Non,Nous sommes entre 2 et 5 personnes,Oui,Oui,Non,Non,Non,Non,Non,Non,Non,Non,Non,Windows,Oui,Non,Non,Non,Oui,Non,Non,Non,Non,Non,Non,Oui,Non,Non,Non,Non,Non,Non,Non,Non,Non,Oui,Non,Non,Non,Non,Non,Non,Non,Oui,Non,Non,Non,Oui,Oui,Non,Non,Non,Non,Non,,,Non,Non,Oui,Non,Oui,Non,Non,Non,Non,Non,Oui,Non,Oui,Non,Oui,Non,Non,Oui,Oui,Oui,Non,Oui,Oui,Non,Moins de cinq ans,Université,Non,Oui,Non,Non,Contrat doctoral,Non,Non,Oui,Non,Non,Non,Non,Non,Non,psychologie,Une femme
340,1101,Oui,Non,Non,Non,Non,Non,Non,Non,Non,Non,Non,Oui,Non,Non,Oui,Non,Oui,Non,Non,Oui,Non,Non,Non,Non,Non,Non,Non,Oui,Tout à fait,Oui,Oui,Non,Non,Oui,Non,Oui,P,,M,,,P,,P,P,M,M,2,3,M,Non,Oui,Oui,Oui,Oui,Oui,Non,Non,Oui,Non,Non,Non,Oui,Oui,Oui,Souvent,Toujours,,,Non,Non,Non,Non,Non,Oui,Oui,Oui,Oui,Oui,Non,Non,Oui,Non,Non,Non,Non,Non,Non,Non,Une volonté de valoriser le travail effectué avant un partage pour garder un avantage compétitif.,Un doute sur la capacité de réutilisation des données par d’autres (contextualisation et documentation nécessaire).,"Un manque d’habitude de cette pratique dans les communautés de recherche (savoir faire, etc.)",Un temps trop important nécessaire à leur mise à disposition.,Non,Souvent,Non,Oui,Non,Non,Non,Non,Non,Oui,Non,Oui,Non,Non,Non,Non,Non,Oui,Non,Nous sommes entre 6 et 10 personnes,Oui,Oui,Oui,Oui,Non,Non,Non,Non,Non,Non,Non,Windows,Oui,Non,Non,Non,Non,Non,Non,Non,Non,Non,Non,Oui,Non,Non,Non,Non,Non,Non,Non,Non,Non,Oui,Non,Non,Non,Non,Non,Non,Oui,Oui,Non,Non,Oui,Oui,Non,Non,Non,Non,Non,Oui,Souvent,Plutôt satisfait,Non,Oui,Non,Non,Non,Non,Non,Non,Non,Non,Non,Oui,Oui,Non,Non,Non,Non,Non,Non,Non,Non,Non,Oui,Non,Plus de dix ans,autre,Non,Non,Oui,Non,Fonctionnaire ou assimilé,Non,Non,Non,Non,Non,Non,Non,Non,Oui,chimie,Une femme
341,1104,Non,Non,Oui,Non,Oui,Oui,Oui,Non,Non,Non,Non,Oui,Oui,Non,Oui,Non,Oui,Oui,Non,Oui,Non,Non,Non,Oui,Oui,Non,Non,Non,Tout à fait,Non,Non,Oui,Oui,Non,Non,Oui,1,,,2,2,2,M,M,M,,1,,,,Oui,Non,Non,Non,Non,Non,Non,Non,Oui,Non,Non,Non,Oui,Non,Oui,Toujours,Parfois,Jamais,Jamais,Non,Non,Non,Non,Oui,Non,Oui,Oui,Oui,Non,Non,Non,Non,Oui,Non,Non,Non,Non,Non,Non,Un doute sur la capacité de réutilisation des données par d’autres (contextualisation et documentation nécessaire).,"Un manque d’habitude de cette pratique dans les communautés de recherche (savoir faire, etc.)",Un temps trop important nécessaire à leur mise à disposition.,La peur d’un renforcement d’inégalités entre des personnes produisant des données d’une part et celles les analysant et en tirant des publications d’autre part.,Je ne sais pas,Jamais,Non,Oui,Non,Non,Oui,Non,Non,Oui,Oui,Non,Non,Non,Non,Non,Non,Non,Non,Nous sommes entre 2 et 5 personnes,Oui,Non,Non,Non,Non,Non,Non,Non,Non,Non,Oui,Windows,Oui,Non,Non,Non,Oui,Non,Non,Non,Non,Non,Oui,Non,Non,Non,Non,Non,Non,Non,Non,Non,Non,Oui,Non,Non,Oui,Non,Non,Non,Oui,Non,Non,Non,Non,Oui,Oui,Non,Non,Non,Non,Non,,,Oui,Oui,Non,Oui,Oui,Oui,Non,Non,Oui,Non,Oui,Non,Non,Non,Non,Non,Non,Non,Oui,Non,Oui,Oui,Oui,Non,Plus de dix ans,,Oui,Non,Non,Non,En CDI,Non,Non,Oui,Non,Non,Non,Non,Non,Non,psychologie,Une femme
342,1107,Oui,Non,Non,Non,Non,Oui,Non,Non,Non,Non,Non,Oui,Non,Non,Non,Non,Oui,Non,Non,Non,Oui,Non,Non,Non,Oui,Non,Non,Non,Tout à fait,Non,Oui,Oui,Non,Oui,Oui,Oui,P,,,,,1,,,,,M,,,,Non,Oui,Oui,Non,Non,Oui,Non,Non,Oui,Non,Non,Non,Oui,Oui,Oui,Souvent,Toujours,Jamais,Jamais,Non,Non,Non,Non,Oui,Non,Oui,Oui,Oui,Non,Non,Non,Non,Non,Oui,Non,Non,Non,Non,Non,Une volonté de valoriser le travail effectué avant un partage pour garder un avantage compétitif.,La peur d’un renforcement d’inégalités entre des personnes produisant des données d’une part et celles les analysant et en tirant des publications d’autre part.,Un temps trop important nécessaire à leur mise à disposition.,,Oui,Souvent,Non,Oui,Oui,Non,Oui,Non,Oui,Non,Oui,Oui,Non,Non,Non,Non,Non,Non,Non,Nous sommes entre 2 et 5 personnes,Oui,Non,Oui,Non,Non,Non,Non,Non,Non,Non,Non,Windows,Oui,Oui,Non,Oui,Non,Oui,Non,Non,Non,Non,Non,Oui,Oui,Non,Non,Non,Non,Non,Oui,Non,Non,Oui,Non,Non,Oui,Non,Non,Non,Oui,Non,Non,Oui,Non,Oui,Non,Non,Non,Non,Non,Non,,,Non,Non,Non,Non,Non,Oui,Oui,Non,Non,Non,Oui,Oui,Oui,Oui,Non,Non,Oui,Non,Oui,Non,Non,Oui,Non,Non,Moins de cinq ans,autre,Non,Oui,Non,Non,Contrat doctoral,Non,Non,Non,Non,Non,Oui,Non,Non,Non,autre,Une femme
343,1123,Oui,Non,Non,Non,Non,Oui,Non,Non,Oui,Non,Non,Oui,Non,Non,Non,Non,Oui,Oui,Non,Non,Oui,Oui,Non,Non,Oui,Non,Non,Non,Assez,Non,Oui,Oui,Non,Non,Non,Non,1,M,,1,,1,1,M,,M,,,,,Non,Oui,Non,Non,Non,Oui,Non,Non,Oui,Non,Non,Non,Non,Oui,Oui,Parfois,Jamais,Jamais,Jamais,Oui,Non,Non,Non,Non,Non,Oui,Oui,Non,Non,Non,Non,Non,Non,Non,Non,Non,Non,Non,Non,Un doute sur la capacité de réutilisation des données par d’autres (contextualisation et documentation nécessaire).,"Une perspective de mise à disposition qui vient limiter, freiner le travail interprétatif possible.",Un temps trop important nécessaire à leur mise à disposition.,,Je ne sais pas,Parfois,Non,Non,Non,Non,Oui,Non,Oui,Non,Oui,Non,Non,Non,Non,Non,Non,Non,Non,Nous sommes entre 2 et 5 personnes,Oui,Oui,Oui,Non,Non,Non,Non,Non,Non,Non,Non,Windows,Oui,Oui,Non,Non,Non,Oui,Non,Non,Non,Non,Non,Oui,Oui,Non,Non,Oui,Non,Non,Oui,Non,Non,Oui,Non,Non,Non,Non,Non,Non,Oui,Oui,Non,Oui,Non,Oui,Non,Non,Oui,Non,Non,Oui,Toujours,Très satisfait,Oui,Non,Non,Non,Non,Non,Non,Non,Non,Non,Non,Non,Non,Non,Non,Oui,Oui,Non,Non,Non,Non,Non,Non,Non,Plus de dix ans,école,Oui,Non,Non,Non,Fonctionnaire ou assimilé,Non,Non,Non,Non,Non,Non,Oui,Non,Oui,autre,Un homme
344,1128,Oui,Non,Non,Non,Non,Oui,Non,Non,Non,Oui,Non,Oui,Non,Non,Non,Non,Oui,Oui,Non,Oui,Non,Non,Non,Non,Oui,Non,Non,Oui,Assez,Oui,Oui,Non,Oui,Non,Non,Oui,1,M,M,1,1,1,M,1,M,1,M,M,M,1,Non,Oui,Non,Non,Non,Oui,Non,Non,Oui,Non,Non,Non,Non,Oui,Oui,Toujours,Souvent,Jamais,Jamais,Non,Non,Non,Non,Oui,Non,Oui,Oui,Oui,Oui,Non,Non,Non,Oui,Oui,Non,Non,Non,Non,Non,"Un manque d’habitude de cette pratique dans les communautés de recherche (savoir faire, etc.)",Une volonté de valoriser le travail effectué avant un partage pour garder un avantage compétitif.,La peur d’un renforcement d’inégalités entre des personnes produisant des données d’une part et celles les analysant et en tirant des publications d’autre part.,Un temps trop important nécessaire à leur mise à disposition.,Oui,Parfois,Non,Oui,Oui,Oui,Oui,Oui,Non,Oui,Oui,Oui,Non,Non,Non,Non,Non,Non,Non,Nous sommes entre 2 et 5 personnes,Oui,Oui,Oui,Non,Non,Non,Non,Non,Non,Non,Non,Linux,Oui,Non,Non,Oui,Non,Oui,Non,Oui,Non,Non,Non,Oui,Non,Non,Non,Non,Oui,Non,Non,Non,Non,Non,Non,Non,Oui,Non,Non,Non,Oui,Non,Non,Non,Oui,Oui,Oui,Non,Non,Non,Non,Oui,Parfois,Plutôt insatisfait,Non,Oui,Non,Oui,Non,Non,Non,Non,Oui,Oui,Non,Oui,Oui,Non,Non,Non,Oui,Non,Oui,Non,Non,Non,Oui,Non,Plus de dix ans,CNRS,Non,Non,Oui,Non,Fonctionnaire ou assimilé,Non,Non,Non,Non,Non,Non,Oui,Non,Non,autre,Un homme
345,1130,Oui,Non,Non,Non,Oui,Oui,Non,Non,Non,Non,Non,Non,Oui,Non,Non,Oui,Oui,Oui,Non,Oui,Non,Non,Oui,Non,Oui,Non,Oui,Non,Tout à fait,Non,Oui,Oui,Oui,Oui,Non,Oui,1,M,M,1,M,2,2,1,M,M,1,M,1,2,Non,Oui,Non,Non,Non,Non,Non,Non,Oui,Oui,Non,Oui,Non,Oui,Non,Parfois,Jamais,Parfois,Jamais,Oui,Non,Non,Non,Non,Non,Non,Oui,Non,Oui,Non,Non,Non,Oui,Non,Oui,Non,Non,Non,Non,Un temps trop important nécessaire à leur mise à disposition.,La peur d’un renforcement d’inégalités entre des personnes produisant des données d’une part et celles les analysant et en tirant des publications d’autre part.,"Un manque d’habitude de cette pratique dans les communautés de recherche (savoir faire, etc.)",Un doute sur la capacité de réutilisation des données par d’autres (contextualisation et documentation nécessaire).,Oui,Parfois,Oui,Non,Oui,Oui,Non,Non,Non,Oui,Oui,Oui,Non,Non,Non,Non,Non,Non,Non,Nous sommes entre 2 et 5 personnes,Non,Oui,Non,Non,Non,Non,Non,Non,Non,Non,Non,Windows,Non,Non,Non,Non,Non,Non,Non,Oui,Non,Non,Non,Non,Non,Non,Non,Non,Oui,Non,Non,Non,Non,Oui,Oui,Non,Non,Non,Non,Non,Non,Non,Non,Non,Non,Oui,Oui,Non,Non,Non,Non,Non,,,Non,Oui,Non,Non,Non,Non,Non,Non,Non,Non,Non,Oui,Oui,Non,Non,Non,Non,Oui,Non,Non,Oui,Non,Non,Non,Cinq à dix ans,CNRS,Oui,Non,Non,Non,Fonctionnaire ou assimilé,Non,Non,Non,Non,Oui,Non,Non,Non,Non,autre,Un homme
346,1136,Oui,Non,Oui,Non,Oui,Oui,Non,Non,Non,Non,Non,Oui,Non,Oui,Oui,Non,Oui,Non,Non,Oui,Non,Non,Non,Non,Oui,Non,Non,Non,Tout à fait,Oui,Non,Oui,Non,Non,Non,Oui,1,M,M,M,M,1,M,1,M,M,,,M,M,Non,Oui,Non,Non,Non,Oui,Non,Non,Oui,Non,Non,Oui,Non,Oui,Oui,Parfois,Jamais,Parfois,Jamais,Non,Non,Non,Non,Oui,Non,Non,Oui,Non,Non,Non,Oui,Non,Non,Oui,Non,Non,Non,Non,Non,"Un manque d’habitude de cette pratique dans les communautés de recherche (savoir faire, etc.)",Un temps trop important nécessaire à leur mise à disposition.,Une volonté de valoriser le travail effectué avant un partage pour garder un avantage compétitif.,Une mauvaise qualité des données en l’état.,Non,Parfois,Non,Non,Non,Oui,Oui,Non,Non,Oui,Non,Non,Oui,Non,Non,Non,Non,Non,Non,Nous sommes entre 2 et 5 personnes,Oui,Oui,Oui,Non,Non,Non,Non,Non,Non,Non,Oui,Windows,Oui,Oui,Non,Non,Non,Non,Non,Oui,Non,Non,Non,Oui,Non,Non,Non,Non,Oui,Non,Oui,Non,Non,Non,Non,Non,Oui,Oui,Non,Non,Oui,Oui,Non,Oui,Non,Oui,Non,Non,Non,Non,Non,Oui,Parfois,Plutôt satisfait,Non,Oui,Non,Non,Oui,Non,Non,Non,Oui,Oui,Non,Non,Oui,Non,Non,Non,Non,Non,Oui,Non,Non,Oui,Non,Non,Plus de dix ans,Université,Non,Non,Oui,Non,Fonctionnaire ou assimilé,Non,Non,Non,Non,Non,Non,Non,Oui,Oui,autre,Une femme
347,1139,Oui,Non,Non,Non,Non,Non,Non,Non,Non,Non,Oui,Non,Non,Non,Non,Non,Non,Non,Non,Non,Oui,Non,Non,Non,Non,Non,Non,Non,Assez,Oui,Non,Oui,Oui,Non,Non,Non,M,M,,,,3,,3,,M,M,,,,Oui,Oui,Non,Non,Non,Non,Non,Oui,Oui,Non,Non,Non,Non,Non,Non,Souvent,Jamais,Jamais,Jamais,Non,Non,Non,Non,Oui,Non,Non,Oui,Non,Non,Non,Non,Non,Non,Non,Non,Non,Non,Non,Non,"Des barrières juridiques et économiques contraignant leurs partage (contrat de consortium, valorisation, exclusivité, droit d’auteur).",Une volonté de valoriser le travail effectué avant un partage pour garder un avantage compétitif.,Un doute sur la capacité de réutilisation des données par d’autres (contextualisation et documentation nécessaire).,,Non,Parfois,Oui,Non,Non,Non,Non,Non,Non,Oui,Non,Non,Oui,Non,Non,Non,Non,Non,Non,Nous sommes entre 2 et 5 personnes,Oui,Non,Oui,Non,Non,Non,Non,Non,Non,Non,Oui,Windows,Oui,Non,Non,Non,Non,Non,Non,Non,Non,Non,Oui,Oui,Oui,Non,Non,Non,Non,Non,Oui,Non,Non,Non,Non,Non,Non,Non,Non,Non,Oui,Non,Non,Oui,Non,Oui,Non,Non,Non,Non,Non,Non,,,Non,Non,Non,Non,Non,Non,Non,Oui,Non,Non,Non,Oui,Non,Non,Non,Non,Non,Non,Oui,Non,Non,Oui,Non,Non,Plus de dix ans,autre,Non,Non,Oui,Non,Fonctionnaire ou assimilé,Non,Non,Non,Non,Non,Non,Non,Oui,Non,autre,Un homme
348,1147,Non,Non,Oui,Oui,Oui,Oui,Non,Non,Non,Non,Non,Oui,Oui,Oui,Non,Non,Oui,Oui,Non,Oui,Oui,Oui,Oui,Oui,Oui,Oui,Non,Non,Assez,Non,Oui,Oui,Oui,Non,Non,Oui,M,M,M,1,1,2,M,1,M,M,1,M,M,P,Oui,Oui,Non,Non,Non,Non,Non,Non,Oui,Non,Non,Oui,Oui,Non,Oui,Parfois,Parfois,Souvent,Jamais,Oui,Non,Oui,Non,Non,Non,Non,Non,Non,Non,Non,Oui,Non,Non,Non,Non,Non,Non,Non,Non,Un doute sur la capacité de réutilisation des données par d’autres (contextualisation et documentation nécessaire).,Une mauvaise qualité des données en l’état.,Une volonté de valoriser le travail effectué avant un partage pour garder un avantage compétitif.,Des conditions éthiques limitant leur partage.,Je ne sais pas,Jamais,Non,Oui,Non,Non,Non,Non,Oui,Non,Oui,Non,Non,Non,Non,Non,Non,Non,Non,Nous sommes entre 2 et 5 personnes,Oui,Oui,Non,Non,Non,Non,Non,Non,Non,Non,Non,MacOS,Oui,Non,Non,Non,Non,Non,Non,Oui,Non,Non,Non,Oui,Oui,Non,Oui,Non,Non,Non,Non,Non,Non,Oui,Non,Non,Oui,Non,Non,Non,Non,Non,Non,Non,Non,Oui,Non,Non,Non,Non,Non,Oui,Parfois,Plutôt insatisfait,Oui,Oui,Non,Non,Non,Non,Non,Non,Non,Oui,Oui,Oui,Non,Non,Oui,Non,Oui,Oui,Oui,Non,Non,Oui,Non,Non,Cinq à dix ans,autre,Oui,Non,Non,Non,Fonctionnaire ou assimilé,Non,Non,Oui,Non,Non,Oui,Non,Non,Non,psychologie,Un homme
349,1154,Oui,Non,Oui,Non,Oui,Oui,Non,Oui,Non,Non,Non,Oui,Oui,Oui,Oui,Non,Oui,Oui,Non,Oui,Oui,Non,Oui,Oui,Non,Oui,Non,Non,Assez,Oui,Non,Oui,Oui,Non,Non,Oui,1,,,1,1,1,M,1,1,M,1,M,M,,Oui,Oui,Non,Non,Non,Non,Non,Non,Oui,Non,Oui,Oui,Oui,Oui,Oui,Parfois,Parfois,Jamais,Jamais,Non,Non,Non,Non,Oui,Non,Oui,Oui,Oui,Non,Non,Non,Non,Non,Oui,Non,Non,Non,Non,Non,"Un manque d’habitude de cette pratique dans les communautés de recherche (savoir faire, etc.)",Une volonté de valoriser le travail effectué avant un partage pour garder un avantage compétitif.,Une mauvaise qualité des données en l’état.,,Je ne sais pas,Parfois,Non,Oui,Non,Oui,Non,Non,Non,Non,Oui,Non,Oui,Non,Non,Non,Non,Non,Non,Nous sommes entre 6 et 10 personnes,Oui,Oui,Oui,Non,Non,Non,Non,Non,Non,Non,Non,Windows,Oui,Non,Non,Oui,Non,Non,Non,Oui,Non,Non,Non,Oui,Oui,Non,Non,Non,Oui,Non,Non,Non,Non,Oui,Non,Oui,Non,Oui,Non,Non,Oui,Non,Non,Oui,Non,Oui,Oui,Non,Non,Non,Non,Oui,Parfois,,Non,Non,Non,Non,Non,Non,Non,Oui,Non,Non,Non,Oui,Oui,Non,Non,Non,Oui,Non,Oui,Non,Non,Oui,Non,Non,Cinq à dix ans,Université,Non,Non,Oui,Non,En CDD,Non,Non,Non,Non,Non,Non,Non,Oui,Non,autre,Un homme
350,1170,Non,Non,Non,Non,Oui,Oui,Non,Non,Non,Non,Non,Oui,Oui,Oui,Oui,Non,Oui,Non,Non,Non,Non,Non,Non,Non,Oui,Non,Non,Non,Assez,Non,Oui,Oui,Non,Non,Non,Oui,1,,,2,1,3,M,M,,M,M,M,2,,Non,Oui,Non,Non,Non,Oui,Non,Non,Oui,Non,Non,Oui,Oui,Oui,Non,Souvent,Parfois,Parfois,,Non,Non,Non,Non,Oui,Non,Non,Non,Oui,Non,Non,Non,Oui,Non,Non,Non,Non,Non,Non,Non,Un temps trop important nécessaire à leur mise à disposition.,"Un manque d’habitude de cette pratique dans les communautés de recherche (savoir faire, etc.)",,,Oui,Parfois,Non,Oui,Non,Non,Oui,Non,Oui,Non,Non,Non,Non,Non,Non,Oui,Non,Non,Non,Nous sommes entre 2 et 5 personnes,Oui,Non,Non,Non,Non,Non,Non,Non,Non,Non,Non,Windows,Oui,Non,Non,Non,Oui,Non,Non,Oui,Non,Non,Non,Non,Non,Non,Non,Non,Oui,Non,Non,Non,Non,Non,Non,Non,Oui,Non,Oui,Non,Oui,Non,Non,Non,Non,Oui,Non,Non,Non,Non,Non,Non,,,Non,Non,Non,Non,Non,Non,Non,Oui,Non,Non,Oui,Non,Non,Non,Non,Non,Non,Non,Oui,Non,Non,Non,Non,Non,Moins de cinq ans,Université,Non,Oui,Non,Non,Contrat doctoral,Non,Non,Oui,Non,Non,Non,Non,Non,Non,psychologie,Un homme
351,1176,Non,Non,Non,Oui,Oui,Oui,Non,Non,Oui,Non,Non,Non,Non,Non,Non,Non,Non,Non,Non,Non,Non,Non,Non,Non,Oui,Non,Non,Non,Tout à fait,Non,Non,Oui,Non,Oui,Non,Non,,,M,,,,,M,M,M,,M,1,M,Non,Non,Oui,Non,Non,Oui,Non,Non,Oui,Non,Non,Oui,Non,Oui,Non,Toujours,Parfois,Parfois,,Non,Non,Non,Non,Oui,Non,Non,Non,Non,Non,Non,Non,Oui,Non,Non,Non,Non,Oui,Non,Non,"Un manque d’habitude de cette pratique dans les communautés de recherche (savoir faire, etc.)",Un doute sur la capacité de réutilisation des données par d’autres (contextualisation et documentation nécessaire).,Une mauvaise qualité des données en l’état.,Un temps trop important nécessaire à leur mise à disposition.,Oui,Parfois,Non,Non,Oui,Oui,Non,Non,Non,Oui,Non,Non,Non,Non,Oui,Non,Oui,Non,Non,Nous sommes entre 2 et 5 personnes,Oui,Oui,Non,Non,Non,Non,Non,Non,Non,Non,Non,MacOS,Non,Non,Non,Non,Non,Non,Non,Oui,Non,Non,Oui,Non,Non,Non,Non,Non,Non,Non,Non,Non,Non,Non,Non,Non,Non,Oui,Non,Non,Oui,Non,Non,Non,Non,Oui,Oui,Oui,Non,Non,Non,Oui,Jamais,,Non,Non,Non,Non,Non,Non,Non,Oui,Non,Non,Non,Non,Non,Non,Non,Oui,Non,Non,Non,Non,Non,Non,Oui,Non,Plus de dix ans,CNRS,Oui,Non,Non,Non,Fonctionnaire ou assimilé,Non,Non,Non,Oui,Non,Non,Non,Non,Non,autre,Une femme
352,1184,Oui,Non,Oui,Non,Oui,Oui,Non,Non,Non,Non,Non,Non,Non,Oui,Non,Non,Oui,Oui,Non,Non,Non,Non,Oui,Oui,Oui,Non,Non,Non,Tout à fait,Oui,Oui,Oui,Non,Non,Non,Non,3,,,1,,2,,1,M,M,M,,M,3,Oui,Oui,Oui,Oui,Non,Non,Non,Non,Oui,Non,Oui,Oui,Non,Oui,Oui,Toujours,Souvent,Jamais,Jamais,Oui,Non,Oui,Oui,Non,Non,Oui,Oui,Oui,Non,Non,Non,Non,Oui,Oui,Non,Non,Non,Non,Non,Une volonté de valoriser le travail effectué avant un partage pour garder un avantage compétitif.,"Une perspective de mise à disposition qui vient limiter, freiner le travail interprétatif possible.","Un manque d’habitude de cette pratique dans les communautés de recherche (savoir faire, etc.)",Une mauvaise qualité des données en l’état.,Je ne sais pas,Parfois,Non,Oui,Oui,Oui,Oui,Oui,Non,Oui,Oui,Non,Oui,Non,Non,Non,Non,Non,Non,Nous sommes entre 2 et 5 personnes,Oui,Oui,Oui,Non,Non,Non,Oui,Non,Oui,Non,Oui,Windows,Oui,Non,Non,Oui,Oui,Oui,Non,Oui,Non,Non,Oui,Oui,Oui,Non,Non,Non,Oui,Non,Oui,Non,Non,Non,Non,Non,Oui,Non,Non,Non,Oui,Oui,Non,Oui,Non,Oui,Oui,Non,Non,Non,Non,Oui,Jamais,,Non,Oui,Non,Non,Non,Non,Non,Non,Non,Non,Oui,Non,Oui,Non,Oui,Non,Oui,Non,Oui,Non,Non,Oui,Non,Non,Plus de dix ans,école,Oui,Non,Non,Non,Fonctionnaire ou assimilé,Non,Non,Non,Non,Non,Non,Oui,Non,Non,autre,Une femme
353,1189,Oui,Non,Non,Non,Oui,Oui,Non,Non,Non,Non,Non,Non,Non,Non,Oui,Non,Non,Non,Non,Non,Oui,Non,Non,Non,Oui,Non,Non,Non,Tout à fait,Non,Non,Oui,Oui,Oui,Non,Non,P,,,,1,3,,,,,M,M,,,Non,Oui,Oui,Non,Non,Oui,Oui,Non,Oui,Non,Non,Non,Non,Oui,Oui,Souvent,,Parfois,,Non,Non,Non,Non,Oui,Non,Non,Oui,Non,Oui,Non,Oui,Non,Non,Non,Non,Non,Non,Non,Non,Un doute sur la capacité de réutilisation des données par d’autres (contextualisation et documentation nécessaire).,"Une perspective de mise à disposition qui vient limiter, freiner le travail interprétatif possible.",Un temps trop important nécessaire à leur mise à disposition.,,Je ne sais pas,Parfois,Non,Non,Oui,Non,Oui,Non,Non,Oui,Oui,Oui,Non,Non,Non,Non,Non,Non,Non,Nous sommes entre 2 et 5 personnes,Oui,Oui,Non,Non,Non,Non,Non,Non,Non,Non,Non,Windows,Non,Non,Non,Non,Non,Non,Non,Oui,Oui,Non,,,,,,,,,,,,,,,,,,,,,,Non,Oui,Oui,Non,Non,Non,Non,Non,Oui,Parfois,"Ni satisfait, ni insatisfait",Oui,Oui,Non,Non,Non,Non,Non,Non,Non,Non,Non,Oui,Oui,Non,Non,Non,Non,Oui,Non,Non,Non,Non,Non,Non,Plus de dix ans,CNRS,Oui,Non,Non,Non,Fonctionnaire ou assimilé,Non,Non,Non,Non,Non,Oui,Non,Non,Non,biologie,Une femme
354,1205,Oui,Non,Oui,Non,Oui,Oui,Non,Oui,Oui,Non,Non,Oui,Non,Oui,Non,Non,Oui,Non,Non,Non,Oui,Non,Non,Non,Oui,Non,Non,Non,Assez,Oui,Oui,Oui,Non,Oui,Non,Non,2,,,1,1,2,M,1,M,1,1,M,M,,Oui,Oui,Non,Non,Oui,Oui,Oui,Non,Oui,Non,Oui,Non,Non,Oui,Oui,Parfois,Parfois,Jamais,Jamais,Oui,Non,Oui,Non,Non,Non,Non,Non,Non,Non,Non,Oui,Non,Non,Oui,Non,Non,Non,Non,Non,"Un manque d’habitude de cette pratique dans les communautés de recherche (savoir faire, etc.)",Un doute sur la capacité de réutilisation des données par d’autres (contextualisation et documentation nécessaire).,Une peur de mésusage des données par les personnes les réutilisant.,Un temps trop important nécessaire à leur mise à disposition.,Oui,Parfois,Non,Non,Non,Non,Oui,Non,Non,Oui,Oui,Non,Oui,Non,Non,Non,Non,Non,Non,Nous sommes entre 2 et 5 personnes,Non,Oui,Non,Non,Non,Non,Non,Non,Non,Non,Non,Windows,Oui,Non,Non,Non,Oui,Non,Non,Oui,Oui,Non,,,,,,,,,,,,,,,,,,,,,,Oui,Non,Oui,Non,Non,Non,Non,Non,Oui,Parfois,,Non,Oui,Non,Non,Non,Non,Non,Non,Oui,Oui,Non,Non,Non,Non,Non,Non,Non,Non,Oui,Non,Non,Oui,Oui,Non,Plus de dix ans,Université,Oui,Non,Non,Non,Fonctionnaire ou assimilé,Non,Non,Non,Non,Non,Oui,Non,Oui,Non,autre,Une femme
355,1211,Non,Non,Oui,Oui,Oui,Oui,Oui,Non,Non,Oui,Non,Non,Oui,Oui,Oui,Non,Oui,Oui,Non,Oui,Non,Non,Oui,Non,Non,Non,Non,Oui,Assez,Oui,Non,Oui,Non,Non,Non,Oui,1,,,2,2,M,,M,M,M,M,M,M,M,Oui,Non,Non,Oui,Non,Non,Non,Non,Non,Non,Non,Oui,Non,Oui,Oui,Souvent,Souvent,Jamais,Jamais,Oui,Non,Non,Non,Non,Non,Oui,Oui,Oui,Oui,Non,Non,Non,Non,Oui,Non,Non,Non,Non,Non,Une peur de mésusage des données par les personnes les réutilisant.,Un temps trop important nécessaire à leur mise à disposition.,Une volonté de valoriser le travail effectué avant un partage pour garder un avantage compétitif.,"Un manque d’habitude de cette pratique dans les communautés de recherche (savoir faire, etc.)",Je ne sais pas,Jamais,Non,Oui,Non,Non,Oui,Non,Non,Non,Non,Non,Oui,Non,Non,Non,Non,Non,Non,Nous sommes entre 2 et 5 personnes,Oui,Non,Oui,Non,Non,Non,Non,Non,Non,Non,Non,Windows,Oui,Non,Non,Non,Oui,Oui,Non,Oui,Non,Non,Oui,Non,Non,Oui,Non,Non,Oui,Non,Oui,Non,Non,Non,Non,Oui,Non,Non,Oui,Oui,Oui,Oui,Non,Non,Non,Oui,Oui,Non,Non,Oui,Non,Non,,,Non,Non,Oui,Non,Non,Non,Non,Non,Non,Non,Non,Oui,Non,Non,Non,Non,Oui,Non,Non,Non,Non,Non,Non,Non,Cinq à dix ans,,Non,Non,Oui,Non,Fonctionnaire ou assimilé,Oui,Non,Non,Non,Non,Non,Non,Non,Non,autre,Une femme
356,32,Non,Non,Oui,Oui,Oui,Oui,Oui,Oui,Non,Oui,Non,Oui,Non,Oui,Oui,Non,Oui,Non,Non,Oui,Non,Non,Oui,Oui,Oui,Non,Non,Oui,Tout à fait,Oui,Oui,Oui,Non,Oui,Non,Oui,M,M,M,,M,M,M,M,M,M,M,,M,M,Oui,Non,Oui,Non,Oui,Oui,Oui,Oui,Oui,Non,Oui,Oui,Non,Oui,Oui,Souvent,Souvent,Parfois,Parfois,Oui,Non,Oui,Non,Non,Non,Oui,Oui,Oui,Oui,Non,Oui,Non,Oui,Oui,Non,Oui,Non,Non,Non,"Un manque d’habitude de cette pratique dans les communautés de recherche (savoir faire, etc.)",Une volonté de valoriser le travail effectué avant un partage pour garder un avantage compétitif.,Une mauvaise qualité des données en l’état.,Une peur de mésusage des données par les personnes les réutilisant.,Oui,Souvent,Oui,Oui,Oui,Oui,Oui,Oui,Oui,Oui,Oui,Oui,Oui,Oui,Oui,Oui,Non,Oui,Non,Nous sommes plus de 50 personnes,Oui,Oui,Oui,Oui,Oui,Non,Oui,Non,Oui,Non,Oui,Windows,Oui,Non,Oui,Oui,Non,Oui,Non,Oui,Oui,Non,,,,,,,,,,,,,,,,,,,,,,Non,Oui,Oui,Oui,Non,Oui,Non,Non,Oui,Jamais,,Non,Oui,Oui,Non,Non,Non,Non,Non,Oui,Oui,Oui,Oui,Oui,Non,Non,Non,Oui,Oui,Oui,Non,Non,Non,Oui,Non,Plus de dix ans,autre,Oui,Non,Non,Non,En CDI,Non,Oui,Oui,Non,Non,Non,Non,Non,Non,autre,Un homme
357,33,Non,Non,Oui,Oui,Non,Oui,Oui,Oui,Non,Oui,Oui,Non,Non,Oui,Oui,Oui,Oui,Oui,Non,Oui,Non,Oui,Oui,Oui,Non,Oui,Non,Oui,Tout à fait,Oui,Non,Non,Non,Non,Non,Oui,1,M,M,P,P,M,2,2,M,1,1,M,,M,Oui,Non,Oui,Non,Oui,Non,Non,Oui,Oui,Non,Oui,Oui,Oui,Oui,Non,Parfois,Souvent,Jamais,Toujours,Non,Non,Oui,Non,Non,Non,Non,Non,Non,Non,Non,Non,Oui,Non,Oui,Oui,Oui,Oui,Non,Non,Une volonté de valoriser le travail effectué avant un partage pour garder un avantage compétitif.,"Un manque d’habitude de cette pratique dans les communautés de recherche (savoir faire, etc.)",Une mauvaise qualité des données en l’état.,Un temps trop important nécessaire à leur mise à disposition.,Oui,Souvent,Non,Oui,Oui,Oui,Oui,Non,Non,Oui,Oui,Non,Non,Non,Oui,Oui,Oui,Non,Non,Nous sommes plus de 50 personnes,Oui,Oui,Oui,Non,Non,Non,Non,Non,Non,Non,Non,MacOS,Oui,Non,Non,Oui,Non,Non,Non,Oui,Non,Non,Oui,Non,Oui,Non,Non,Non,Non,Non,Non,Oui,Non,Non,Non,Oui,Non,Non,Non,Non,Oui,Non,Non,Non,Oui,Non,Non,Oui,Oui,Non,Non,Oui,Jamais,Très insatisfait,Oui,Oui,Oui,Oui,Oui,Oui,Oui,Non,Oui,Oui,Oui,Oui,Oui,Non,Non,Non,Oui,Non,Oui,Non,Non,Oui,Oui,Non,Moins de cinq ans,CNRS,Non,Non,Oui,Non,En CDD,Non,Non,Oui,Non,Non,Non,Oui,Non,Non,autre,Une femme
358,40,Non,Non,Oui,Oui,Non,Oui,Oui,Oui,Non,Non,Non,Non,Oui,Oui,Oui,Non,Non,Non,Non,Non,Non,Non,Non,Non,Non,Non,Non,Oui,Assez,Non,Non,Oui,Non,Oui,Non,Oui,,,,,,,,,M,M,M,M,M,,Oui,Non,Oui,Oui,Oui,Oui,Oui,Oui,Oui,Non,Oui,Non,Non,Non,Non,,Parfois,Parfois,Parfois,Non,Non,Oui,Non,Non,Non,Non,Non,Non,Non,Non,Non,Non,Non,Non,Oui,Non,Non,Non,Non,"Un manque d’habitude de cette pratique dans les communautés de recherche (savoir faire, etc.)",Une volonté de valoriser le travail effectué avant un partage pour garder un avantage compétitif.,Un temps trop important nécessaire à leur mise à disposition.,"Des barrières juridiques et économiques contraignant leurs partage (contrat de consortium, valorisation, exclusivité, droit d’auteur).",Oui,Parfois,Oui,Oui,Oui,Oui,Oui,Oui,Non,Non,Non,Non,Oui,Non,Non,Non,Non,Non,Non,Nous sommes entre 6 et 10 personnes,Oui,Oui,Non,Non,Oui,Oui,Oui,Non,Non,Non,Non,MacOS,Oui,Non,Non,Non,Non,Non,Non,Non,Oui,Non,,,,,,,,,,,,,,,,,,,,,,Non,Non,Oui,Non,Non,Non,Oui,Non,Oui,Souvent,Très satisfait,Non,Non,Non,Non,Non,Non,Non,Oui,Non,Non,Non,Non,Non,Non,Non,Oui,Non,Non,Non,Non,Non,Oui,Oui,Non,Plus de dix ans,école,Non,Non,Non,Oui,En CDI,Non,Non,Oui,Non,Non,Non,Non,Non,Non,géographie,Un homme
359,47,Non,Non,Oui,Oui,Non,Oui,Oui,Oui,Non,Oui,Non,Non,Non,Oui,Oui,Oui,Non,Non,Non,Oui,Non,Non,Oui,Non,Oui,Non,Non,Oui,Tout à fait,Oui,Oui,Oui,Oui,Oui,Non,Oui,1,M,,,M,1,,,M,M,M,M,M,M,Oui,Non,Non,Non,Non,Non,Non,Non,Oui,Non,Non,Oui,Non,Non,Non,Parfois,Jamais,Souvent,Souvent,Non,Non,Non,Non,Oui,Non,Non,Non,Non,Non,Non,Non,Oui,Non,Non,Non,Oui,Non,Non,Non,Un temps trop important nécessaire à leur mise à disposition.,Une peur de mésusage des données par les personnes les réutilisant.,Une volonté de valoriser le travail effectué avant un partage pour garder un avantage compétitif.,La peur d’un renforcement d’inégalités entre des personnes produisant des données d’une part et celles les analysant et en tirant des publications d’autre part.,Oui,Parfois,Non,Oui,Oui,Oui,Oui,Non,Oui,Non,Non,Oui,Non,Non,Non,Non,Non,Non,Non,Nous sommes entre 2 et 5 personnes,Oui,Oui,Oui,Non,Non,Non,Non,Non,Non,Non,Oui,Linux,Oui,Non,Non,Non,Non,Non,Non,Oui,Oui,Non,,,,,,,,,,,,,,,,,,,,,,Non,Non,Oui,Oui,Oui,Oui,Non,Non,Oui,Souvent,Très satisfait,Non,Oui,Non,Non,Non,Non,Non,Non,Non,Oui,Non,Non,Non,Non,Non,Non,Non,Non,Oui,Non,Non,Non,Non,Non,Plus de dix ans,CNRS,Oui,Non,Non,Non,Fonctionnaire ou assimilé,Non,Non,Oui,Non,Non,Non,Non,Non,Non,linguistique,Un homme
360,60,Non,Non,Non,Oui,Oui,Oui,Oui,Non,Non,Non,Oui,Non,Oui,Oui,Oui,Non,Oui,Oui,Non,Non,Non,Non,Non,Oui,Oui,Non,Non,Non,Tout à fait,Non,Oui,Oui,Non,Oui,Non,Oui,1,,1,1,1,1,,M,1,M,M,M,M,M,Oui,Non,Oui,Non,Non,Non,Non,Non,Oui,Non,Non,Oui,Oui,Oui,Non,Souvent,,Parfois,Parfois,Non,Non,Non,Non,Oui,Non,Non,Non,Non,Non,Non,Non,Non,Oui,Oui,Oui,Oui,Non,Non,Non,"Un manque d’habitude de cette pratique dans les communautés de recherche (savoir faire, etc.)",Une mauvaise qualité des données en l’état.,Un temps trop important nécessaire à leur mise à disposition.,,Oui,Parfois,Non,Oui,Oui,Non,Oui,Non,Oui,Non,Oui,Non,Non,Oui,Oui,Non,Non,Non,Non,Nous sommes entre 2 et 5 personnes,Oui,Non,Non,Non,Non,Non,Non,Non,Non,Non,Non,Windows,Non,Non,Non,Oui,Non,Oui,Non,Oui,Non,Non,Oui,Oui,Non,Non,Non,Non,Oui,Non,Non,Non,Non,Oui,Non,Oui,Non,Oui,Oui,Non,Oui,Non,Non,Non,Non,Oui,Non,Non,Oui,Non,Non,Oui,Parfois,Plutôt satisfait,Non,Non,Non,Non,Non,Non,Non,Oui,Non,Non,Non,Non,Non,Non,Non,Oui,Non,Non,Non,Non,Non,Non,Non,Oui,Moins de cinq ans,autre,Non,Oui,Non,Non,Fonctionnaire ou assimilé,Non,Non,Oui,Non,Non,Non,Non,Non,Non,,Un homme
361,103,Non,Non,Oui,Oui,Non,Oui,Oui,Oui,Oui,Oui,Non,Non,Non,Oui,Oui,Non,Non,Non,Non,Oui,Non,Non,Non,Oui,Non,Non,Oui,Oui,Tout à fait,Oui,Oui,Oui,Non,Oui,Non,Non,2,1,1,3,1,1,1,2,1,2,1,1,1,1,Non,Non,Oui,Oui,Oui,Oui,Oui,Oui,Oui,Non,Non,Oui,Non,Non,Non,Toujours,Toujours,Toujours,Toujours,Oui,Non,Oui,Non,Non,Non,Non,Non,Non,Non,Oui,Non,Non,Non,Oui,Oui,Non,Oui,Non,Non,"Un manque d’habitude de cette pratique dans les communautés de recherche (savoir faire, etc.)",Une mauvaise qualité des données en l’état.,Un temps trop important nécessaire à leur mise à disposition.,Une volonté de valoriser le travail effectué avant un partage pour garder un avantage compétitif.,Oui,Souvent,Oui,Non,Oui,Non,Non,Non,Oui,Non,Non,Oui,Oui,Non,Non,Non,Oui,Non,Non,Nous sommes entre 2 et 5 personnes,Oui,Non,Oui,Oui,Non,Non,Non,Non,Non,Non,Non,Linux,Oui,Non,Non,Oui,Non,Non,Non,Oui,Non,Non,Non,Non,Non,Non,Non,Non,Oui,Oui,Non,Non,Non,Non,Non,Oui,Non,Oui,Oui,Non,Non,Non,Non,Non,Non,Non,Non,Oui,Non,Oui,Non,Oui,Parfois,Plutôt satisfait,Oui,Oui,Non,Non,Non,Non,Non,Non,Non,Non,Oui,Non,Non,Non,Non,Non,Non,Non,Non,Non,Non,Non,Oui,Non,Moins de cinq ans,CNRS,Non,Non,Oui,Non,Fonctionnaire ou assimilé,Oui,Oui,Non,Non,Non,Non,Non,Non,Non,autre,Un homme
362,118,Non,Non,Oui,Oui,Oui,Oui,Oui,Non,Oui,Oui,Oui,Oui,Oui,Oui,Oui,Non,Oui,Oui,Non,Oui,Oui,Non,Oui,Non,Non,Non,Non,Oui,Assez,Oui,Non,Non,Oui,Non,Non,Oui,P,,M,M,M,1,,,1,M,1,,M,1,Oui,Non,Non,Non,Oui,Oui,Non,Non,Oui,Non,Oui,Non,Non,Oui,Oui,Souvent,Souvent,Jamais,Jamais,Non,Non,Oui,Non,Non,Non,Non,Non,Non,Non,Non,Non,Non,Non,Non,Non,Oui,Non,Non,Non,"Des barrières juridiques et économiques contraignant leurs partage (contrat de consortium, valorisation, exclusivité, droit d’auteur).","Une perspective de mise à disposition qui vient limiter, freiner le travail interprétatif possible.",Un temps trop important nécessaire à leur mise à disposition.,Un doute sur la capacité de réutilisation des données par d’autres (contextualisation et documentation nécessaire).,Je ne sais pas,Jamais,Non,Non,Oui,Oui,Oui,Non,Non,Oui,Non,Non,Oui,Oui,Non,Non,Non,Oui,Non,Nous sommes entre 21 et 50 personnes,Oui,Oui,Oui,Oui,Oui,Oui,Oui,Oui,Oui,Oui,Oui,Windows,Oui,Non,Non,Non,Oui,Non,Non,Non,Non,Non,Non,Oui,Non,Non,Non,Non,Non,Non,Non,Non,Non,Oui,Oui,Oui,Oui,Non,Oui,Oui,Oui,Oui,Non,Non,Non,Oui,Oui,Non,Oui,Non,Non,Oui,Toujours,"Ni satisfait, ni insatisfait",Non,Non,Non,Non,Non,Oui,Non,Non,Non,Non,Non,Oui,Oui,Non,Non,Non,Non,Non,Non,Non,Non,Non,Non,Non,Plus de dix ans,,Non,Non,Oui,Non,Fonctionnaire ou assimilé,Non,Non,Oui,Non,Non,Non,Non,Non,Non,sociologie,Une femme
363,128,Non,Non,Oui,Oui,Oui,Oui,Oui,Non,Non,Non,Non,Non,Oui,Oui,Oui,Non,Oui,Oui,Non,Oui,Non,Oui,Oui,Oui,Oui,Oui,Oui,Oui,Tout à fait,Oui,Oui,Oui,Oui,Oui,Non,Non,1,M,,1,1,2,M,2,M,M,1,1,1,1,Oui,Non,Oui,Oui,Oui,Oui,Oui,Non,Oui,Non,Oui,Oui,Oui,Oui,Non,Souvent,Souvent,Souvent,Souvent,Oui,Non,Oui,Non,Non,Non,Oui,Oui,Oui,Oui,Oui,Oui,Oui,Oui,Oui,Non,Oui,Oui,Non,Non,Une peur de mésusage des données par les personnes les réutilisant.,Un temps trop important nécessaire à leur mise à disposition.,Une volonté de valoriser le travail effectué avant un partage pour garder un avantage compétitif.,Une mauvaise qualité des données en l’état.,Oui,Souvent,Oui,Non,Oui,Oui,Non,Oui,Oui,Oui,Oui,Oui,Oui,Oui,Oui,Non,Oui,Oui,Non,Nous sommes entre 2 et 5 personnes,Oui,Oui,Oui,Oui,Non,Non,Non,Non,Non,Non,Non,MacOS,Oui,Non,Oui,Oui,Oui,Oui,Oui,Oui,Oui,Non,,,,,,,,,,,,,,,,,,,,,,Non,Oui,Oui,Oui,Oui,Non,Oui,Non,Oui,Parfois,Plutôt insatisfait,Oui,Oui,Non,Non,Non,Oui,Non,Non,Non,Oui,Non,Oui,Oui,Non,Non,Non,Oui,Oui,Non,Oui,Oui,Non,Oui,Non,Plus de dix ans,Université,Oui,Non,Non,Non,Fonctionnaire ou assimilé,Non,Oui,Oui,Non,Non,Non,Non,Non,Non,géographie,Un homme
364,242,Oui,Non,Oui,Oui,Oui,Non,Non,Non,Non,Oui,Non,Oui,Non,Oui,Oui,Non,Oui,Oui,Non,Non,Non,Non,Non,Non,Non,Oui,Non,Oui,Tout à fait,Oui,Non,Oui,Non,Oui,Non,Non,2,M,M,2,3,3,3,P,1,M,2,1,M,2,Oui,Oui,Oui,Oui,Oui,Non,Non,Non,Oui,Non,Oui,Oui,Oui,Oui,Non,Souvent,Parfois,Parfois,Souvent,Oui,Non,Non,Non,Non,Non,Oui,Oui,Oui,Oui,Non,Oui,Oui,Oui,Oui,Non,Non,Oui,Non,Non,Un temps trop important nécessaire à leur mise à disposition.,"Un manque d’habitude de cette pratique dans les communautés de recherche (savoir faire, etc.)",Une peur de mésusage des données par les personnes les réutilisant.,Une volonté de valoriser le travail effectué avant un partage pour garder un avantage compétitif.,Oui,Souvent,Non,Oui,Oui,Oui,Oui,Non,Non,Oui,Oui,Oui,Non,Non,Non,Non,Non,Non,Non,Nous sommes entre 2 et 5 personnes,Oui,Oui,Oui,Oui,Non,Non,Non,Non,Non,Non,Non,Linux,Oui,Non,Non,Oui,Non,Non,Non,Oui,Non,Non,Oui,Non,Non,Non,Non,Non,Oui,Non,Non,Oui,Non,Non,Non,Non,Non,Oui,Oui,Oui,Oui,Non,Non,Non,Non,Oui,Non,Oui,Oui,Non,Non,Oui,Parfois,Plutôt satisfait,Non,Oui,Oui,Non,Non,Oui,Non,Non,Non,Non,Non,Oui,Oui,Oui,Non,Non,Oui,Non,Non,Non,Non,Non,Non,Non,Plus de dix ans,Université,Non,Non,Oui,Non,Fonctionnaire ou assimilé,Non,Oui,Non,Non,Non,Non,Non,Oui,Non,autre,Une femme
365,244,Non,Non,Oui,Oui,Oui,Oui,Non,Non,Non,Non,Oui,Oui,Oui,Oui,Oui,Non,Oui,Oui,Non,Oui,Non,Non,Oui,Oui,Oui,Non,Oui,Non,Tout à fait,Non,Oui,Oui,Non,Oui,Non,Oui,M,,,M,M,M,M,M,M,,M,M,,,Non,Non,Oui,Oui,Oui,Non,Oui,Oui,Oui,Oui,Non,Non,Non,Non,Oui,Souvent,Souvent,Souvent,Souvent,Oui,Non,Oui,Non,Non,Non,Non,Non,Oui,Non,Non,Oui,Non,Non,Non,Non,Non,Oui,Non,Non,"Un manque d’habitude de cette pratique dans les communautés de recherche (savoir faire, etc.)",Un temps trop important nécessaire à leur mise à disposition.,Des conditions éthiques limitant leur partage.,Une volonté de valoriser le travail effectué avant un partage pour garder un avantage compétitif.,Oui,Souvent,Non,Oui,Oui,Oui,Oui,Non,Oui,Non,Non,Non,Non,Non,Non,Oui,Oui,Non,Non,Nous sommes entre 2 et 5 personnes,Oui,Non,Non,Non,Non,Non,Non,Non,Non,Non,Non,MacOS,Oui,Non,Non,Non,Oui,Non,Non,Oui,Non,Non,Oui,Oui,Non,Non,Oui,Non,Oui,Non,Non,Non,Non,Non,Non,Non,Non,Non,Non,Non,Oui,Non,Non,Non,Non,Oui,Oui,Oui,Non,Non,Non,Oui,Jamais,,Non,Oui,Non,Non,Non,Oui,Oui,Non,Non,Oui,Oui,Oui,Oui,Oui,Oui,Non,Oui,Non,Oui,Non,Oui,Non,Non,Non,Moins de cinq ans,autre,Non,Oui,Non,Non,Contrat doctoral,Non,Non,Oui,Non,Non,Non,Non,Non,Non,sociologie,Un homme
366,262,Oui,Non,Non,Non,Oui,Oui,Non,Non,Oui,Non,Non,Oui,Oui,Oui,Oui,Oui,Oui,Oui,Non,Oui,Oui,Oui,Non,Oui,Non,Oui,Non,Non,Tout à fait,Oui,Oui,Oui,Non,Non,Non,Oui,1,,,1,M,1,,1,M,1,1,1,,1,Non,Oui,Oui,Oui,Oui,Oui,Non,Non,Oui,Oui,Oui,Oui,Oui,Oui,Oui,Souvent,Jamais,Souvent,Jamais,Non,Non,Non,Non,Oui,Non,Non,Oui,Oui,Oui,Non,Non,Oui,Oui,Oui,Non,Non,Oui,Non,Non,Un temps trop important nécessaire à leur mise à disposition.,Une volonté de valoriser le travail effectué avant un partage pour garder un avantage compétitif.,"Un manque d’habitude de cette pratique dans les communautés de recherche (savoir faire, etc.)","Des barrières juridiques et économiques contraignant leurs partage (contrat de consortium, valorisation, exclusivité, droit d’auteur).",Oui,Parfois,Non,Oui,Non,Oui,Oui,Non,Non,Non,Oui,Oui,Non,Oui,Oui,Non,Non,Non,Non,Nous sommes entre 6 et 10 personnes,Oui,Oui,Oui,Oui,Non,Non,Non,Non,Non,Non,Oui,Windows,Oui,Non,Non,Oui,Non,Oui,Non,Oui,Oui,Non,,,,,,,,,,,,,,,,,,,,,,Non,Non,Oui,Non,Oui,Oui,Non,Non,Non,,,Non,Non,Non,Non,Oui,Non,Non,Non,Oui,Non,Non,Oui,Oui,Oui,Oui,Non,Oui,Oui,Non,Non,Non,Oui,Non,Non,Plus de dix ans,organisme,Non,Non,Oui,Non,Fonctionnaire ou assimilé,Non,Oui,Non,Non,Oui,Oui,Non,Non,Non,biologie,Une femme
367,273,Non,Oui,Oui,Oui,Oui,Oui,Oui,Oui,Non,Oui,Oui,Oui,Oui,Oui,Oui,Non,Oui,Oui,Non,Oui,Non,Oui,Oui,Oui,Oui,Oui,Oui,Oui,Tout à fait,Non,Oui,Oui,Oui,Oui,Non,Oui,2,M,1,M,M,2,1,M,1,M,2,M,2,2,Oui,Oui,Oui,Oui,Oui,Oui,Oui,Oui,Oui,Non,Oui,Non,Non,Oui,Oui,Souvent,Parfois,Jamais,Jamais,Oui,Oui,Oui,Oui,Oui,Non,Oui,Oui,Non,Oui,Oui,Non,Non,Oui,Oui,Non,Non,Oui,Non,Non,La peur d’un renforcement d’inégalités entre des personnes produisant des données d’une part et celles les analysant et en tirant des publications d’autre part.,Des conditions éthiques limitant leur partage.,Un doute sur la capacité de réutilisation des données par d’autres (contextualisation et documentation nécessaire).,"Des barrières juridiques et économiques contraignant leurs partage (contrat de consortium, valorisation, exclusivité, droit d’auteur).",Oui,Souvent,Oui,Non,Oui,Oui,Oui,Oui,Non,Oui,Oui,Non,Oui,Non,Non,Non,Non,Non,Non,Nous sommes entre 11 et 20 personnes,Oui,Oui,Oui,Non,Oui,Non,Non,Non,Non,Non,Oui,Windows,Oui,Non,Oui,Non,Oui,Oui,Non,Non,Non,Non,Oui,Oui,Oui,Non,Non,Oui,Oui,Oui,Oui,Oui,Non,Non,Non,Oui,Non,Non,Oui,Oui,Oui,Oui,Non,Non,Non,Oui,Oui,Oui,Non,Oui,Non,Oui,Parfois,Très insatisfait,Oui,Non,Non,Non,Non,Oui,Oui,Non,Non,Non,Non,Non,Non,Non,Oui,Non,Non,Non,Non,Non,Non,Non,Non,Oui,Plus de dix ans,,Oui,Non,Oui,Non,Fonctionnaire ou assimilé,Non,Non,Oui,Non,Non,Non,Non,Non,Non,psychologie,Une femme
368,276,Non,Non,Non,Non,Oui,Oui,Oui,Non,Non,Oui,Oui,Non,Oui,Oui,Oui,Non,Oui,Oui,Non,Oui,Non,Oui,Oui,Oui,Oui,Non,Non,Oui,Assez,Oui,Non,Non,Oui,Oui,Non,Non,1,,,1,1,3,2,2,M,M,2,1,1,M,Oui,Non,Oui,Non,Oui,Non,Oui,Non,Oui,Non,Non,Oui,Oui,Oui,Non,Toujours,Toujours,Parfois,Souvent,Non,Non,Non,Non,Oui,Non,Non,Oui,Non,Oui,Non,Non,Oui,Non,Oui,Non,Non,Non,Non,Non,Une volonté de valoriser le travail effectué avant un partage pour garder un avantage compétitif.,"Un manque d’habitude de cette pratique dans les communautés de recherche (savoir faire, etc.)",La peur d’un renforcement d’inégalités entre des personnes produisant des données d’une part et celles les analysant et en tirant des publications d’autre part.,Une mauvaise qualité des données en l’état.,Oui,Jamais,Non,Oui,Oui,Non,Oui,Oui,Non,Oui,Oui,Non,Oui,Non,Non,Non,Non,Non,Non,Nous sommes entre 2 et 5 personnes,Oui,Non,Oui,Non,Non,Non,Non,Non,Non,Non,Non,Windows,Oui,Non,Non,Non,Non,Non,Non,Oui,Non,Non,Non,Oui,Non,Non,Non,Non,Oui,Non,Non,Non,Non,Oui,Non,Non,Non,Oui,Non,Non,Oui,Non,Non,Non,Non,Oui,Oui,Oui,Non,Non,Non,Oui,Parfois,Plutôt insatisfait,Non,Non,Oui,Non,Non,Oui,Oui,Non,Non,Oui,Non,Oui,Non,Non,Oui,Non,Oui,Non,Oui,Non,Non,Non,Non,Non,Cinq à dix ans,Université,Non,Oui,Non,Non,En CDD,Non,Non,Oui,Non,Non,Non,Non,Non,Non,sociologie,Un homme
369,293,Non,Non,Non,Oui,Oui,Oui,Non,Non,Non,Oui,Non,Oui,Oui,Oui,Oui,Non,Oui,Oui,Non,Oui,Non,Non,Oui,Oui,Oui,Non,Non,Oui,Tout à fait,Oui,Oui,Oui,Oui,Oui,Oui,Oui,1,1,,1,1,1,M,M,M,M,M,M,M,,Non,Non,Oui,Oui,Oui,Oui,Non,Oui,Oui,Non,Non,Oui,Non,Non,Oui,Jamais,Souvent,Jamais,Souvent,Oui,Non,Oui,Non,Non,Non,Non,Non,Non,Oui,Oui,Oui,Non,Non,Non,Oui,Non,Non,Non,Non,Un temps trop important nécessaire à leur mise à disposition.,Une volonté de valoriser le travail effectué avant un partage pour garder un avantage compétitif.,La peur d’un renforcement d’inégalités entre des personnes produisant des données d’une part et celles les analysant et en tirant des publications d’autre part.,"Un manque d’habitude de cette pratique dans les communautés de recherche (savoir faire, etc.)",Oui,Souvent,Oui,Oui,Oui,Oui,Oui,Non,Non,Non,Non,Oui,Non,Oui,Oui,Non,Non,Non,Non,Nous sommes entre 2 et 5 personnes,Oui,Non,Oui,Non,Non,Non,Non,Non,Non,Non,Non,Windows,Oui,Non,Oui,Oui,Oui,Non,Non,Oui,Oui,Non,,,,,,,,,,,,,,,,,,,,,,Oui,Oui,Oui,Oui,Oui,Non,Non,Non,Oui,Parfois,Plutôt satisfait,Non,Non,Oui,Non,Non,Oui,Non,Non,Non,Non,Non,Oui,Non,Non,Non,Non,Non,Oui,Oui,Non,Oui,Non,Non,Non,Cinq à dix ans,Université,Oui,Non,Non,Non,En CDD,Oui,Non,Non,Non,Oui,Non,Non,Non,Non,histoire,Un homme
370,297,Non,Non,Oui,Oui,Oui,Oui,Oui,Non,Non,Oui,Oui,Non,Oui,Oui,Oui,Non,Non,Non,Non,Oui,Non,Non,Non,Non,Non,Oui,Non,Non,Assez,Non,Oui,Non,Non,Oui,Non,Non,1,M,M,2,1,2,1,2,2,2,2,2,2,3,Non,Non,Oui,Non,Oui,Non,Oui,Oui,Oui,Non,Non,Oui,Oui,Oui,Oui,Toujours,Souvent,Parfois,Souvent,Non,Non,Non,Non,Oui,Non,Non,Non,Non,Oui,Non,Non,Oui,Oui,Oui,Non,Non,Oui,Non,Non,Une volonté de valoriser le travail effectué avant un partage pour garder un avantage compétitif.,Des conditions éthiques limitant leur partage.,"Des barrières juridiques et économiques contraignant leurs partage (contrat de consortium, valorisation, exclusivité, droit d’auteur).",,Oui,Toujours,Oui,Oui,Oui,Oui,Oui,Oui,Non,Oui,Oui,Non,Oui,Oui,Non,Non,Non,Non,Non,Nous sommes plus de 50 personnes,Oui,Oui,Oui,Non,Non,Non,Non,Non,Non,Non,Non,Windows,Oui,Non,Non,Non,Oui,Non,Non,Oui,Non,Non,Oui,Oui,Oui,Non,Non,Non,Oui,Non,Non,Oui,Non,Oui,Oui,Non,Non,Non,Non,Non,Oui,Non,Non,Non,Non,Oui,Oui,Oui,Oui,Non,Non,Oui,Souvent,Plutôt satisfait,Oui,Oui,Non,Non,Non,Non,Non,Non,Non,Non,Non,Oui,Oui,Non,Non,Non,Oui,Non,Non,Non,Non,Non,Non,Non,Plus de dix ans,,Oui,Non,Non,Non,Fonctionnaire ou assimilé,Non,Non,Oui,Non,Non,Non,Non,Non,Non,,Un homme
371,315,Oui,Non,Oui,Oui,Oui,Oui,Oui,Oui,Oui,Oui,Oui,Oui,Oui,Oui,Oui,Non,Non,Non,Oui,Oui,Non,Oui,Oui,Oui,Oui,Oui,Oui,Oui,Tout à fait,Non,Oui,Oui,Oui,Oui,Non,Oui,M,M,M,1,2,2,2,M,M,M,M,M,,M,Oui,Oui,Oui,Oui,Oui,Oui,Non,Oui,Oui,Non,Non,Non,Non,Non,Oui,Souvent,Toujours,Parfois,Parfois,Non,Non,Oui,Non,Non,Non,Non,Non,Non,Non,Non,Non,Oui,Non,Non,Non,Oui,Oui,Non,Non,Une volonté de valoriser le travail effectué avant un partage pour garder un avantage compétitif.,Une peur de mésusage des données par les personnes les réutilisant.,Une mauvaise qualité des données en l’état.,"Des barrières juridiques et économiques contraignant leurs partage (contrat de consortium, valorisation, exclusivité, droit d’auteur).",Oui,Toujours,Non,Oui,Non,Oui,Non,Non,Oui,Oui,Oui,Oui,Oui,Non,Oui,Non,Non,Oui,Non,Nous sommes entre 2 et 5 personnes,Oui,Oui,Oui,Oui,Non,Non,Non,Non,Non,Non,Non,Windows,Oui,Non,Oui,Oui,Non,Non,Non,Non,Oui,Non,,,,,,,,,,,,,,,,,,,,,,Non,Oui,Non,Oui,Non,Non,Non,Non,Oui,Souvent,Très satisfait,Oui,Oui,Non,Non,Oui,Oui,Non,Non,Non,Oui,Oui,Oui,Non,Non,Non,Non,Oui,Oui,Oui,Oui,Non,Non,Non,Non,Plus de dix ans,Université,Oui,Non,Non,Non,Fonctionnaire ou assimilé,Non,Non,Oui,Non,Non,Non,Non,Non,Non,archéologie,Un homme
372,320,Non,Non,Oui,Oui,Non,Oui,Oui,Oui,Non,Oui,Non,Non,Non,Oui,Oui,Non,Oui,Oui,Non,Oui,Non,Oui,Oui,Oui,Non,Oui,Oui,Oui,Assez,Oui,Oui,Oui,Oui,Oui,Oui,Oui,P,2,1,3,1,1,1,1,3,3,2,1,M,2,Oui,Non,Oui,Non,Oui,Oui,Non,Oui,Oui,Non,Oui,Oui,Non,Oui,Oui,Parfois,Souvent,Souvent,Souvent,Non,Non,Oui,Non,Non,Non,Non,Non,Non,Oui,Non,Non,Oui,Non,Oui,Oui,Oui,Oui,Non,Non,"Un manque d’habitude de cette pratique dans les communautés de recherche (savoir faire, etc.)",Un temps trop important nécessaire à leur mise à disposition.,"Une perspective de mise à disposition qui vient limiter, freiner le travail interprétatif possible.",Une mauvaise qualité des données en l’état.,Oui,Parfois,Oui,Oui,Oui,Oui,Oui,Oui,Non,Non,Non,Oui,Oui,Non,Oui,Non,Non,Oui,Non,Nous sommes entre 2 et 5 personnes,Oui,Oui,Oui,Oui,Oui,Non,Non,Non,Non,Non,Non,MacOS,Oui,Non,Oui,Non,Non,Oui,Non,Oui,Oui,Non,,,,,,,,,,,,,,,,,,,,,,Non,Oui,Oui,Oui,Oui,Oui,Non,Non,Oui,Souvent,Plutôt satisfait,Oui,Non,Non,Non,Non,Oui,Oui,Non,Non,Non,Non,Non,Non,Oui,Oui,Non,Oui,Oui,Oui,Oui,Oui,Oui,Oui,Non,Moins de cinq ans,CNRS,Non,Non,Oui,Non,Fonctionnaire ou assimilé,Non,Oui,Oui,Non,Non,Non,Non,Non,Non,archéologie,Un homme
373,324,Oui,Non,Oui,Oui,Non,Oui,Oui,Oui,Oui,Oui,Non,Non,Oui,Oui,Oui,Oui,Oui,Oui,Non,Non,Non,Non,Oui,Oui,Oui,Non,Non,Non,Tout à fait,Oui,Oui,Oui,Non,Oui,Non,Oui,2,M,1,1,1,1,1,1,M,M,M,M,1,1,Oui,Oui,Oui,Non,Oui,Oui,Non,Non,Oui,Oui,Oui,Oui,Non,Oui,Oui,Souvent,Parfois,Parfois,Souvent,Oui,Non,Oui,Non,Non,Non,Non,Oui,Non,Non,Oui,Non,Non,Oui,Oui,Oui,Oui,Oui,Non,Non,Un temps trop important nécessaire à leur mise à disposition.,Des conditions éthiques limitant leur partage.,"Un manque d’habitude de cette pratique dans les communautés de recherche (savoir faire, etc.)","Des barrières juridiques et économiques contraignant leurs partage (contrat de consortium, valorisation, exclusivité, droit d’auteur).",Oui,Parfois,Non,Oui,Non,Non,Oui,Oui,Non,Oui,Oui,Oui,Oui,Oui,Non,Non,Non,Non,Non,Nous sommes entre 11 et 20 personnes,Oui,Oui,Oui,Non,Non,Non,Non,Non,Non,Non,Oui,MacOS,Oui,Non,Oui,Oui,Non,Non,Non,Oui,Non,Non,Oui,Oui,Oui,Non,Non,Non,Non,Non,Oui,Oui,Non,Oui,Oui,Non,Oui,Non,Non,Non,Non,Non,Non,Non,Oui,Non,Oui,Oui,Oui,Non,Non,Non,,,Non,Oui,Oui,Non,Non,Non,Non,Non,Oui,Non,Non,Oui,Oui,Oui,Non,Non,Oui,Non,Non,Non,Non,Non,Oui,Non,Plus de dix ans,organisme,Oui,Non,Non,Non,Fonctionnaire ou assimilé,Non,Non,Non,Non,Non,Oui,Non,Non,Non,autre,Une femme
374,326,Non,Non,Non,Oui,Oui,Non,Oui,Non,Non,Oui,Non,Non,Oui,Oui,Oui,Non,Oui,Oui,Non,Oui,Non,Non,Non,Non,Oui,Non,Non,Oui,Tout à fait,Non,Oui,Oui,Oui,Oui,Non,Oui,M,,2,1,,1,M,1,,,M,M,1,M,Non,Non,Oui,Oui,Non,Non,Non,Non,Oui,Non,Non,Oui,Non,Oui,Non,Parfois,Jamais,Parfois,Parfois,Non,Non,Non,Non,Oui,Non,Non,Non,Oui,Oui,Non,Non,Non,Non,Non,Oui,Non,Oui,Non,Non,"Un manque d’habitude de cette pratique dans les communautés de recherche (savoir faire, etc.)",Un temps trop important nécessaire à leur mise à disposition.,"Des barrières juridiques et économiques contraignant leurs partage (contrat de consortium, valorisation, exclusivité, droit d’auteur).",,Oui,Toujours,Non,Oui,Oui,Oui,Oui,Non,Non,Oui,Non,Non,Oui,Non,Non,Non,Non,Non,Non,Nous sommes entre 6 et 10 personnes,Oui,Non,Oui,Oui,Oui,Non,Non,Non,Non,Non,Non,Windows,Oui,Non,Non,Oui,Non,Non,Non,Oui,Non,Non,Non,Oui,Non,Non,Non,Non,Oui,Non,Non,Non,Non,Non,Non,Non,Non,Non,Non,Non,Oui,Non,Non,Non,Oui,Oui,Oui,Oui,Non,Oui,Non,Oui,Parfois,Plutôt satisfait,Non,Non,Oui,Non,Non,Oui,Non,Non,Non,Non,Non,Non,Oui,Oui,Non,Non,Oui,Non,Non,Non,Non,Non,Oui,Non,Moins de cinq ans,Université,Non,Non,Oui,Non,En CDI,Non,Oui,Non,Non,Non,Non,Non,Non,Non,autre,Un homme
375,328,Non,Non,Oui,Oui,Oui,Oui,Oui,Non,Oui,Oui,Oui,Oui,Oui,Oui,Oui,Oui,Oui,Oui,Non,Oui,Non,Oui,Oui,Non,Oui,Oui,Oui,Non,Tout à fait,Oui,Oui,Oui,Oui,Oui,Oui,Oui,1,M,1,2,1,1,1,1,M,M,,,M,1,Oui,Non,Oui,Oui,Oui,Non,Oui,Oui,Oui,Non,Non,Oui,Oui,Oui,Oui,Souvent,Parfois,Jamais,Jamais,Non,Non,Non,Non,Non,Oui,Oui,Non,Non,Non,Non,Non,Non,Non,Oui,Non,Non,Oui,Non,Non,"Un manque d’habitude de cette pratique dans les communautés de recherche (savoir faire, etc.)",Un temps trop important nécessaire à leur mise à disposition.,Des conditions éthiques limitant leur partage.,Une volonté de valoriser le travail effectué avant un partage pour garder un avantage compétitif.,Oui,Souvent,Oui,Oui,Oui,Oui,Oui,Oui,Non,Oui,Oui,Non,Non,Non,Oui,Oui,Oui,Non,Non,Nous sommes entre 2 et 5 personnes,Oui,Oui,Oui,Non,Non,Non,Non,Non,Non,Non,Non,Linux,Oui,Non,Non,Oui,Non,Oui,Non,Oui,Non,Non,Oui,Non,Oui,Non,Oui,Oui,Oui,Non,Oui,Oui,Non,Non,Non,Non,Oui,Non,Non,Non,Oui,Non,Non,Non,Non,Oui,Oui,Oui,Non,Non,Non,Oui,Parfois,"Ni satisfait, ni insatisfait",Non,Non,Non,Non,Oui,Oui,Oui,Non,Oui,Oui,Oui,Oui,Oui,Non,Oui,Non,Oui,Oui,Oui,Oui,Oui,Oui,Oui,Non,Plus de dix ans,Université,Non,Oui,Non,Non,En CDD,Non,Non,Oui,Non,Non,Non,Non,Non,Non,autre,Un homme
376,333,Non,Non,Oui,Non,Oui,Oui,Oui,Non,Non,Oui,Oui,Oui,Oui,Non,Oui,Non,Oui,Oui,Non,Non,Non,Non,Oui,Oui,Oui,Non,Oui,Non,Tout à fait,Oui,Oui,Oui,Oui,Oui,Non,Non,,,,,M,3,2,M,M,M,M,,2,2,Non,Non,Oui,Oui,Oui,Oui,Non,Oui,Oui,Oui,Oui,Non,Oui,Oui,Non,Souvent,Souvent,Parfois,Souvent,Oui,Non,Oui,Non,Non,Non,Oui,Non,Non,Non,Oui,Non,Non,Oui,Non,Non,Non,Oui,Non,Non,Une volonté de valoriser le travail effectué avant un partage pour garder un avantage compétitif.,La peur d’un renforcement d’inégalités entre des personnes produisant des données d’une part et celles les analysant et en tirant des publications d’autre part.,"Un manque d’habitude de cette pratique dans les communautés de recherche (savoir faire, etc.)",Une peur de mésusage des données par les personnes les réutilisant.,Oui,Souvent,Non,Oui,Non,Oui,Non,Non,Non,Oui,Non,Oui,Non,Non,Oui,Non,Non,Non,Non,Nous sommes entre 6 et 10 personnes,Oui,Oui,Oui,Non,Non,Non,Non,Oui,Non,Non,Oui,Windows,Oui,Non,Non,Non,Oui,Non,Non,Oui,Non,Non,Non,Oui,Non,Non,Non,Non,Non,Non,Non,Oui,Non,Oui,Non,Oui,Non,Non,Non,Non,Non,Oui,Non,Non,Oui,Oui,Oui,Oui,Oui,Non,Non,Oui,Toujours,Très satisfait,Oui,Oui,Non,Non,Non,Non,Non,Non,Non,Oui,Non,Oui,Oui,Non,Non,Non,Oui,Non,Oui,Non,Oui,Non,Non,Non,Plus de dix ans,CNRS,Oui,Non,Non,Non,Fonctionnaire ou assimilé,Non,Non,Oui,Non,Non,Non,Non,Non,Non,géographie,Une femme
377,355,Oui,Non,Non,Oui,Non,Oui,Oui,Oui,Oui,Oui,Oui,Oui,Oui,Oui,Oui,Non,Oui,Oui,Oui,Oui,Non,Non,Oui,Oui,Oui,Non,Non,Oui,Assez,Oui,Oui,Oui,Oui,Oui,Non,Oui,3,2,3,1,2,2,,2,1,2,3,2,2,1,Non,Non,Oui,Non,Non,Oui,Oui,Oui,Oui,Non,Oui,Non,Oui,Oui,Oui,Souvent,Souvent,Parfois,Parfois,Non,Oui,Oui,Non,Non,Non,Oui,Oui,Oui,Oui,Non,Non,Oui,Oui,Oui,Non,Oui,Oui,Non,Non,Un doute sur la capacité de réutilisation des données par d’autres (contextualisation et documentation nécessaire).,"Un manque d’habitude de cette pratique dans les communautés de recherche (savoir faire, etc.)","Une perspective de mise à disposition qui vient limiter, freiner le travail interprétatif possible.",Une mauvaise qualité des données en l’état.,Oui,Souvent,Oui,Oui,Oui,Oui,Oui,Oui,Oui,Oui,Oui,Oui,Oui,Oui,Oui,Oui,Non,Oui,Non,Nous sommes entre 6 et 10 personnes,Oui,Oui,Oui,Non,Oui,Non,Oui,Non,Oui,Non,Oui,Windows,Oui,Non,Oui,Oui,Non,Oui,Non,Oui,Oui,Non,,,,,,,,,,,,,,,,,,,,,,Oui,Oui,Oui,Oui,Non,Oui,Non,Non,Oui,Toujours,Très satisfait,Non,Oui,Non,Non,Oui,Oui,Oui,Non,Oui,Non,Oui,Oui,Non,Non,Oui,Non,Non,Non,Oui,Oui,Non,Oui,Oui,Non,Plus de dix ans,CNRS,Oui,Non,Non,Non,Fonctionnaire ou assimilé,Non,Non,Oui,Non,Non,Non,Non,Non,Non,histoire,Un homme
378,361,Non,Non,Non,Oui,Non,Oui,Non,Non,Non,Non,Non,Non,Non,Non,Oui,Non,Oui,Non,Non,Oui,Non,Non,Oui,Non,Non,Non,Oui,Non,Tout à fait,Oui,Oui,Non,Oui,Non,Non,Non,M,3,,2,2,M,M,,M,,M,,,1,Non,Non,Oui,Non,Oui,Oui,Non,Oui,Oui,Oui,Non,Oui,Oui,Non,Non,Parfois,Toujours,Parfois,Souvent,Non,Non,Oui,Non,Non,Non,Non,Non,Non,Oui,Non,Non,Non,Non,Non,Oui,Non,Non,Non,Non,Un doute sur la capacité de réutilisation des données par d’autres (contextualisation et documentation nécessaire).,Une peur de mésusage des données par les personnes les réutilisant.,,,Oui,Souvent,Oui,Oui,Oui,Oui,Oui,Oui,Oui,Oui,Non,Non,Non,Non,Oui,Oui,Non,Non,Non,Nous sommes entre 11 et 20 personnes,Oui,Oui,Oui,Non,Oui,Non,Non,Non,Non,Non,Oui,Windows,Oui,Non,Oui,Oui,Non,Non,Non,Oui,Non,Non,Oui,Oui,Oui,Non,Non,Non,Non,Non,Oui,Non,Non,Oui,Non,Non,Oui,Non,Non,Non,Oui,Non,Non,Non,Oui,Non,Non,Non,Oui,Non,Non,Oui,Souvent,Très satisfait,Non,Non,Oui,Non,Non,Non,Non,Non,Non,Non,Non,Oui,Non,Non,Non,Non,Non,Non,Oui,Non,Non,Non,Oui,Non,Plus de dix ans,CNRS,Oui,Non,Non,Non,Fonctionnaire ou assimilé,Non,Non,Oui,Non,Non,Non,Non,Non,Non,histoire,Un homme
379,379,Oui,Non,Non,Non,Non,Non,Non,Non,Non,Non,Non,Oui,Non,Non,Non,Non,Oui,Non,Non,Non,Non,Non,Oui,Non,Oui,Non,Non,Non,Assez,Non,Oui,Non,Oui,Non,Non,Non,3,,,,,,3,3,,1,3,2,3,3,Non,Oui,Oui,Non,Oui,Oui,Oui,Non,Oui,Non,Oui,Oui,Oui,Oui,Oui,Toujours,Parfois,Souvent,Souvent,Oui,Non,Oui,Non,Non,Non,Non,Non,Oui,Oui,Non,Oui,Oui,Oui,Oui,Oui,Non,Oui,Non,Non,"Un manque d’habitude de cette pratique dans les communautés de recherche (savoir faire, etc.)","Une perspective de mise à disposition qui vient limiter, freiner le travail interprétatif possible.",Une volonté de valoriser le travail effectué avant un partage pour garder un avantage compétitif.,Un temps trop important nécessaire à leur mise à disposition.,Non,Parfois,Non,Oui,Oui,Non,Non,Non,Oui,Oui,Non,Oui,Oui,Oui,Non,Non,Oui,Non,Non,Nous sommes entre 2 et 5 personnes,Oui,Oui,Oui,Non,Non,Non,Non,Non,Non,Non,Non,MacOS,Oui,Non,Oui,Non,Non,Non,Non,Oui,Non,Non,Oui,Oui,Oui,Non,Oui,Non,Oui,Oui,Oui,Non,Non,Oui,Oui,Oui,Oui,Oui,Non,Non,Oui,Non,Non,Non,Non,Oui,Oui,Oui,Non,Non,Non,Oui,Parfois,"Ni satisfait, ni insatisfait",Oui,Non,Oui,Non,Non,Non,Non,Non,Non,Non,Non,Oui,Oui,Non,Non,Non,Oui,Oui,Oui,Oui,Non,Non,Non,Non,Plus de dix ans,CNRS,Oui,Non,Non,Non,Fonctionnaire ou assimilé,Non,Non,Non,Non,Non,Non,Non,Non,Oui,autre,Un homme
380,386,Non,Non,Oui,Oui,Non,Oui,Oui,Oui,Non,Oui,Oui,Non,Oui,Oui,Oui,Non,Oui,Oui,Non,Non,Non,Non,Oui,Non,Oui,Non,Non,Oui,Assez,Oui,Non,Oui,Oui,Oui,Non,Oui,1,,1,,,1,,,1,M,,M,1,,Oui,Non,Oui,Non,Oui,Oui,Oui,Oui,Oui,Non,Oui,Non,Non,Oui,Non,Parfois,Parfois,,Souvent,Non,Non,Non,Non,Oui,Non,Non,Non,Non,Non,Non,Non,Oui,Oui,Oui,Oui,Oui,Non,Non,Non,Un temps trop important nécessaire à leur mise à disposition.,"Des barrières juridiques et économiques contraignant leurs partage (contrat de consortium, valorisation, exclusivité, droit d’auteur).",Une peur de mésusage des données par les personnes les réutilisant.,Des conditions éthiques limitant leur partage.,Non applicable,Souvent,Oui,Oui,Oui,Oui,Oui,Oui,Oui,Oui,Oui,Non,Non,Non,Oui,Oui,Non,Non,Non,Nous sommes entre 6 et 10 personnes,Oui,Non,Non,Oui,Non,Non,Non,Oui,Non,Non,Non,Windows,Non,Non,Non,Oui,Non,Oui,Non,Non,Oui,Non,,,,,,,,,,,,,,,,,,,,,,Oui,Non,Oui,Oui,Oui,Oui,Non,Non,Oui,Parfois,,Oui,Oui,Non,Non,Non,Non,Non,Non,Non,Non,Non,Non,Non,Oui,Oui,Non,Oui,Non,Non,Non,Non,Non,Non,Non,Plus de dix ans,Université,Oui,Non,Non,Non,Fonctionnaire ou assimilé,Non,Non,Oui,Non,Non,Non,Non,Non,Non,linguistique,Un homme
381,445,Non,Non,Non,Oui,Oui,Oui,Oui,Oui,Non,Oui,Oui,Non,Oui,Oui,Oui,Non,Oui,Oui,Non,Oui,Non,Oui,Non,Non,Non,Oui,Oui,Oui,Assez,Oui,Non,Oui,Oui,Oui,Non,Non,M,M,1,P,2,3,P,3,P,3,P,2,3,P,Oui,Non,Oui,Non,Oui,Non,Non,Oui,Oui,Non,Oui,Oui,Oui,Oui,Oui,Jamais,Souvent,Souvent,Toujours,Non,Non,Oui,Non,Non,Non,Non,Oui,Oui,Oui,Oui,Oui,Oui,Non,Oui,Oui,Oui,Oui,Non,Non,"Un manque d’habitude de cette pratique dans les communautés de recherche (savoir faire, etc.)",Un temps trop important nécessaire à leur mise à disposition.,Une peur de mésusage des données par les personnes les réutilisant.,Une mauvaise qualité des données en l’état.,Oui,Souvent,Non,Oui,Oui,Oui,Oui,Oui,Non,Oui,Oui,Non,Non,Non,Oui,Non,Non,Non,Non,Nous sommes entre 6 et 10 personnes,Oui,Oui,Oui,Non,Oui,Non,Non,Oui,Non,Non,Non,MacOS,Oui,Non,Oui,Oui,Non,Non,Non,Oui,Oui,Non,,,,,,,,,,,,,,,,,,,,,,Non,Oui,Oui,Oui,Oui,Oui,Oui,Non,Oui,Souvent,Plutôt satisfait,Oui,Oui,Non,Non,Non,Non,Non,Non,Non,Non,Non,Non,Non,Non,Non,Oui,Non,Non,Non,Non,Non,Non,Non,Oui,Moins de cinq ans,Université,Non,Non,Oui,Non,En CDD,Non,Oui,Oui,Non,Non,Non,Non,Non,Non,histoire,Une femme
382,457,Oui,Non,Oui,Non,Oui,Non,Non,Non,Oui,Non,Non,Oui,Oui,Oui,Oui,Oui,Oui,Oui,Non,Oui,Non,Non,Oui,Non,Non,Oui,Non,Non,Assez,Non,Non,Oui,Non,Non,Non,Oui,M,M,1,,1,P,P,P,1,M,P,P,1,1,Non,Oui,Oui,Non,Oui,Non,Non,Non,Oui,Non,Non,Non,Oui,Non,Non,Parfois,Non applicable,Souvent,Non applicable,Non,Non,Oui,Non,Non,Non,Non,Non,Non,Non,Non,Non,Oui,Non,Oui,Non,Non,Non,Oui,Non,Un temps trop important nécessaire à leur mise à disposition.,La peur d’un renforcement d’inégalités entre des personnes produisant des données d’une part et celles les analysant et en tirant des publications d’autre part.,Une mauvaise qualité des données en l’état.,"Un manque d’habitude de cette pratique dans les communautés de recherche (savoir faire, etc.)",Oui,Souvent,Non,Oui,Non,Oui,Non,Non,Non,Oui,Non,Oui,Oui,Non,Oui,Non,Non,Oui,Non,Nous sommes entre 11 et 20 personnes,Oui,Oui,Oui,Oui,Non,Non,Non,Non,Non,Non,Non,MacOS,Non,Non,Non,Oui,Oui,Non,Non,Oui,Oui,Non,,,,,,,,,,,,,,,,,,,,,,Non,Oui,Oui,Non,Oui,Non,Oui,Non,Oui,Souvent,Plutôt satisfait,Non,Oui,Non,Non,Oui,Non,Non,Non,Non,Non,Oui,Non,Oui,Non,Oui,Non,Oui,Oui,Non,Non,Non,Oui,Non,Non,Plus de dix ans,CNRS,Oui,Non,Non,Non,Fonctionnaire ou assimilé,Non,Non,Non,Non,Non,Non,Non,Oui,Non,autre,Un homme
383,495,Non,Non,Non,Non,Oui,Non,Oui,Non,Non,Oui,Non,Oui,Non,Non,Non,Non,Non,Non,Non,Oui,Non,Non,Non,Non,Non,Non,Non,Oui,Tout à fait,Non,Oui,Oui,Non,Oui,Non,Oui,,,,,,,,,,,,,,,Non,Non,Oui,Non,Non,Non,Non,Oui,Oui,Non,Oui,Non,Oui,Non,Non,Jamais,Parfois,Souvent,Parfois,Non,Non,Non,Non,Oui,Non,Non,Non,Non,Non,Non,Non,Oui,Non,Non,Non,Non,Oui,Non,Non,La peur d’un renforcement d’inégalités entre des personnes produisant des données d’une part et celles les analysant et en tirant des publications d’autre part.,Une volonté de valoriser le travail effectué avant un partage pour garder un avantage compétitif.,"Un manque d’habitude de cette pratique dans les communautés de recherche (savoir faire, etc.)",,Oui,Souvent,Non,Oui,Oui,Non,Oui,Non,Non,Non,Non,Non,Oui,Oui,Oui,Non,Oui,Non,Non,Nous sommes entre 2 et 5 personnes,Oui,Oui,Oui,Oui,Non,Non,Non,Non,Non,Non,Non,Linux,Oui,Non,Non,Oui,Oui,Oui,Non,Oui,Non,Non,Non,Non,Non,Non,Non,Non,Non,Non,Non,Non,Oui,Oui,Non,Non,Non,Non,Non,Non,Non,Non,Non,Non,Non,Oui,Oui,Oui,Oui,Oui,Non,Non,,,Non,Non,Non,Non,Non,Non,Non,Oui,Oui,Oui,Oui,Non,Non,Non,Non,Non,Non,Non,Oui,Non,Non,Oui,Non,Non,Cinq à dix ans,école,Non,Non,Oui,Non,Fonctionnaire ou assimilé,Non,Non,Oui,Non,Non,Non,Non,Non,Non,linguistique,Un homme
384,532,Oui,Non,Non,Non,Oui,Oui,Non,Oui,Non,Non,Non,Non,Non,Oui,Oui,Non,Oui,Oui,Non,Oui,Non,Non,Non,Non,Non,Oui,Non,Oui,Tout à fait,Oui,Non,Oui,Oui,Oui,Non,Oui,M,,M,2,1,M,,M,1,M,1,M,1,1,Oui,Oui,Oui,Oui,Oui,Non,Non,Non,Oui,Non,Oui,Non,Oui,Non,Non,Souvent,Parfois,Parfois,Parfois,Oui,Non,Oui,Non,Non,Non,Non,Oui,Non,Oui,Oui,Non,Non,Oui,Oui,Oui,Oui,Oui,Non,Non,"Un manque d’habitude de cette pratique dans les communautés de recherche (savoir faire, etc.)",Un temps trop important nécessaire à leur mise à disposition.,Une peur de mésusage des données par les personnes les réutilisant.,Un doute sur la capacité de réutilisation des données par d’autres (contextualisation et documentation nécessaire).,Oui,Parfois,Non,Oui,Oui,Oui,Oui,Oui,Non,Oui,Oui,Oui,Oui,Non,Oui,Non,Non,Non,Non,Nous sommes entre 6 et 10 personnes,Oui,Oui,Oui,Non,Non,Non,Non,Non,Non,Non,Non,Windows,Oui,Non,Oui,Non,Oui,Oui,Non,Oui,Oui,Non,,,,,,,,,,,,,,,,,,,,,,Non,Oui,Oui,Oui,Oui,Non,Oui,Non,Oui,,,Non,Oui,Oui,Oui,Non,Oui,Non,Non,Oui,Oui,Non,Oui,Oui,Non,Oui,Non,Oui,Oui,Oui,Oui,Oui,Oui,Oui,Non,Plus de dix ans,CNRS,Non,Non,Oui,Non,Fonctionnaire ou assimilé,Non,Oui,Non,Non,Oui,Non,Non,Non,Non,autre,Une femme
385,538,Oui,Non,Non,Oui,Oui,Oui,Non,Oui,Non,Oui,Oui,Oui,Oui,Oui,Oui,Non,Oui,Non,Non,Oui,Non,Non,Oui,Non,Oui,Non,Oui,Non,Tout à fait,Non,Non,Oui,Oui,Oui,Non,Oui,2,,2,1,M,P,2,3,2,,,,,,Non,Oui,Oui,Non,Oui,Oui,Oui,Non,Oui,Oui,Non,Non,Non,Non,Non,Toujours,Toujours,Parfois,,Non,Non,Oui,Non,Non,Non,Oui,Non,Non,Non,Non,Non,Oui,Non,Oui,Non,Non,Oui,Non,Non,Une peur de mésusage des données par les personnes les réutilisant.,Un doute sur la capacité de réutilisation des données par d’autres (contextualisation et documentation nécessaire).,"Un manque d’habitude de cette pratique dans les communautés de recherche (savoir faire, etc.)","Une perspective de mise à disposition qui vient limiter, freiner le travail interprétatif possible.",Je ne sais pas,Souvent,Non,Oui,Oui,Oui,Oui,Oui,Non,Oui,Oui,Oui,Oui,Non,Oui,Non,Non,Non,Non,Nous sommes entre 2 et 5 personnes,Oui,Oui,Oui,Oui,Non,Non,Non,Non,Non,Non,Non,MacOS,Non,Non,Non,Non,Non,Non,Non,Oui,Non,Non,Non,Oui,Oui,Non,Non,Non,Non,Non,Non,Non,Non,Oui,Non,Non,Non,Non,Non,Non,Oui,Non,Non,Oui,Non,Oui,Non,Oui,Non,Non,Non,Non,,,Oui,Oui,Non,Oui,Non,Non,Non,Non,Non,Non,Non,Oui,Oui,Non,Oui,Non,Oui,Oui,Oui,Non,Non,Non,Oui,Non,Plus de dix ans,école,Oui,Non,Non,Non,Fonctionnaire ou assimilé,Non,Non,Non,Non,Non,Non,Non,Non,Oui,physique ,Une femme
386,541,Oui,Non,Non,Non,Oui,Oui,Oui,Non,Non,Non,Non,Oui,Non,Oui,Oui,Non,Oui,Oui,Oui,Non,Non,Non,Oui,Oui,Oui,Oui,Oui,Oui,Tout à fait,Non,Non,Oui,Non,Oui,Non,Oui,M,,,M,,1,M,,M,M,M,,,M,Non,Oui,Non,Oui,Non,Oui,Non,Non,Oui,Non,Non,Oui,Oui,Oui,Oui,Parfois,Jamais,Jamais,Parfois,Non,Non,Oui,Non,Non,Non,Non,Oui,Oui,Oui,Non,Non,Non,Non,Oui,Non,Non,Non,Non,Non,"Un manque d’habitude de cette pratique dans les communautés de recherche (savoir faire, etc.)",Une volonté de valoriser le travail effectué avant un partage pour garder un avantage compétitif.,Un temps trop important nécessaire à leur mise à disposition.,Une peur de mésusage des données par les personnes les réutilisant.,Oui,Parfois,Non,Non,Oui,Oui,Oui,Oui,Non,Non,Oui,Oui,Oui,Non,Non,Non,Non,Non,Non,Nous sommes entre 2 et 5 personnes,Oui,Oui,Oui,Non,Non,Non,Non,Non,Non,Non,Non,Windows,Oui,Non,Non,Non,Non,Oui,Non,Oui,Non,Non,Non,Oui,Non,Non,Non,Non,Non,Non,Oui,Non,Non,Non,Oui,Non,Oui,Non,Non,Non,Oui,Non,Non,Non,Non,Oui,Oui,Non,Non,Oui,Non,Oui,Souvent,Plutôt satisfait,Non,Oui,Non,Non,Non,Non,Non,Non,Non,Non,Non,Non,Oui,Oui,Non,Non,Oui,Non,Oui,Non,Non,Non,Non,Non,Plus de dix ans,Université,Oui,Non,Non,Non,Fonctionnaire ou assimilé,Non,Non,Non,Non,Non,Non,Non,Oui,Non,autre,Un homme
387,543,Non,Non,Oui,Oui,Oui,Oui,Non,Non,Non,Oui,Non,Non,Oui,Oui,Oui,Non,Oui,Oui,Non,Oui,Non,Oui,Non,Non,Oui,Oui,Oui,Oui,Tout à fait,Non,Oui,Oui,Non,Oui,Non,Oui,1,M,M,2,2,3,2,P,2,1,3,3,1,1,Oui,Oui,Oui,Non,Oui,Oui,Non,Oui,Oui,Oui,Oui,Oui,Non,Oui,Non,Parfois,Parfois,Toujours,Toujours,Non,Non,Non,Oui,Non,Non,Oui,Oui,Oui,Oui,Non,Non,Non,Oui,Oui,Oui,Oui,Oui,Non,Non,"Un manque d’habitude de cette pratique dans les communautés de recherche (savoir faire, etc.)",Une volonté de valoriser le travail effectué avant un partage pour garder un avantage compétitif.,Une mauvaise qualité des données en l’état.,,Oui,Souvent,Oui,Oui,Oui,Oui,Oui,Oui,Non,Non,Oui,Oui,Oui,Oui,Non,Non,Non,Non,Non,Nous sommes entre 11 et 20 personnes,Oui,Oui,Non,Non,Non,Non,Non,Non,Non,Non,Oui,Windows,Oui,Non,Oui,Oui,Non,Oui,Non,Oui,Oui,Non,,,,,,,,,,,,,,,,,,,,,,Non,Oui,Oui,Non,Oui,Non,Non,Non,Oui,Parfois,Très satisfait,Oui,Non,Non,Non,Non,Oui,Non,Non,Non,Non,Non,Oui,Non,Oui,Non,Non,Non,Non,Oui,Oui,Non,Oui,Oui,Non,Cinq à dix ans,,Non,Oui,Non,Non,En CDD,Non,Non,Oui,Non,Oui,Non,Non,Non,Non,géographie,Un homme
388,586,Non,Non,Oui,Oui,Non,Oui,Oui,Oui,Non,Oui,Oui,Non,Non,Oui,Oui,Non,Non,Non,Non,Oui,Non,Non,Oui,Non,Oui,Non,Oui,Oui,Tout à fait,Non,Oui,Non,Oui,Oui,Oui,Non,P,3,P,M,1,P,1,2,,3,P,P,P,3,Oui,Non,Oui,Oui,Non,Oui,Oui,Oui,Oui,Non,Non,Non,Oui,Oui,Oui,Souvent,Souvent,Jamais,Souvent,Oui,Non,Oui,Non,Non,Non,Non,Oui,Oui,Oui,Non,Oui,Oui,Oui,Oui,Oui,Oui,Non,Non,Non,"Un manque d’habitude de cette pratique dans les communautés de recherche (savoir faire, etc.)",La peur d’un renforcement d’inégalités entre des personnes produisant des données d’une part et celles les analysant et en tirant des publications d’autre part.,Un temps trop important nécessaire à leur mise à disposition.,,Oui,Souvent,Non,Non,Non,Non,Non,Oui,Oui,Oui,Oui,Non,Oui,Oui,Oui,Oui,Non,Oui,Non,Nous sommes entre 6 et 10 personnes,Oui,Oui,Oui,Non,Oui,Oui,Oui,Oui,Oui,Oui,Oui,MacOS,Oui,Non,Oui,Non,Non,Oui,Non,Oui,Oui,Non,,,,,,,,,,,,,,,,,,,,,,Non,Oui,Oui,Oui,Non,Non,Non,Non,Oui,Souvent,Plutôt insatisfait,Non,Oui,Non,Non,Non,Non,Non,Non,Oui,Oui,Oui,Oui,Oui,Non,Oui,Non,Oui,Non,Oui,Non,Non,Non,Oui,Non,Plus de dix ans,CNRS,Oui,Non,Non,Non,Fonctionnaire ou assimilé,Non,Non,Oui,Non,Non,Non,Non,Non,Non,histoire,Un homme
389,621,Non,Non,Oui,Non,Non,Non,Oui,Oui,Non,Oui,Oui,Non,Non,Non,Oui,Non,Oui,Oui,Oui,Oui,Non,Oui,Oui,Oui,Non,Non,Non,Oui,Tout à fait,Oui,Oui,Non,Non,Oui,Oui,Oui,2,M,3,P,1,1,1,1,2,2,2,2,3,3,Oui,Non,Non,Non,Non,Non,Non,Oui,Oui,Non,Non,Non,Non,Oui,Oui,Parfois,Parfois,Non applicable,Toujours,Non,Non,Oui,Oui,Non,Non,Non,Non,Non,Oui,Non,Non,Non,Non,Oui,Non,Non,Non,Non,Non,Une volonté de valoriser le travail effectué avant un partage pour garder un avantage compétitif.,"Un manque d’habitude de cette pratique dans les communautés de recherche (savoir faire, etc.)","Des barrières juridiques et économiques contraignant leurs partage (contrat de consortium, valorisation, exclusivité, droit d’auteur).",Un temps trop important nécessaire à leur mise à disposition.,Oui,Souvent,Oui,Non,Oui,Oui,Oui,Oui,Non,Non,Non,Oui,Oui,Non,Oui,Non,Non,Non,Non,Je travaille seul.e,,,,,,,,,,,,Windows,Oui,Non,Oui,Non,Non,Non,Non,Non,Oui,Non,,,,,,,,,,,,,,,,,,,,,,Oui,Oui,Oui,Oui,Non,Oui,Oui,Non,Oui,Souvent,Très satisfait,Non,Oui,Non,Non,Non,Non,Non,Non,Non,Oui,Non,Non,Oui,Non,Oui,Non,Non,Non,Non,Oui,Oui,Non,Non,Non,Plus de dix ans,Université,Non,Non,Non,Oui,Fonctionnaire ou assimilé,Non,Non,Oui,Non,Non,Non,Non,Non,Non,,Une femme
390,639,Non,Non,Non,Non,Oui,Oui,Non,Non,Non,Oui,Non,Non,Non,Oui,Oui,Non,Oui,Non,Non,Oui,Non,Oui,Non,Non,Non,Oui,Non,Oui,Tout à fait,Non,Oui,Oui,Oui,Oui,Non,Oui,M,,,M,M,2,1,M,1,,M,M,,M,Non,Non,Oui,Non,Oui,Non,Non,Non,Oui,Non,Oui,Oui,Non,Non,Non,Jamais,Parfois,Toujours,Toujours,Non,Non,Oui,Oui,Non,Non,Non,Non,Non,Non,Non,Non,Non,Non,Non,Non,Non,Oui,Non,Non,"Un manque d’habitude de cette pratique dans les communautés de recherche (savoir faire, etc.)","Des barrières juridiques et économiques contraignant leurs partage (contrat de consortium, valorisation, exclusivité, droit d’auteur).",Une mauvaise qualité des données en l’état.,,Non applicable,Toujours,Non,Non,Oui,Non,Non,Non,Non,Non,Non,Non,Non,Non,Non,Non,Oui,Non,Non,Nous sommes entre 2 et 5 personnes,Oui,Oui,Oui,Non,Non,Non,Non,Non,Non,Non,Oui,Linux,Non,Non,Non,Non,Non,Non,Non,Non,Non,Oui,Non,Non,Non,Non,Non,Non,Non,Non,Non,Non,Oui,Non,Non,Non,Non,Non,Non,Non,Non,Non,Oui,Non,Oui,Oui,Non,Oui,Non,Non,Non,Non,,,Non,Non,Non,Non,Non,Oui,Non,Non,Non,Non,Non,Non,Non,Oui,Non,Non,Non,Non,Oui,Non,Oui,Oui,Non,Non,Cinq à dix ans,organisme,Non,Oui,Non,Non,En CDD,Non,Oui,Non,Non,Non,Non,Non,Non,Non,autre,Un homme
391,650,Non,Oui,Non,Non,Oui,Oui,Non,Non,Non,Non,Non,Non,Oui,Oui,Oui,Oui,Oui,Oui,Non,Non,Non,Non,Non,Non,Oui,Non,Oui,Non,Tout à fait,Oui,Oui,Oui,Oui,Oui,Non,Oui,M,,,1,1,2,2,1,,,,,,2,Non,Oui,Oui,Non,Oui,Oui,Non,Non,Oui,Oui,Non,Oui,Oui,Oui,Non,Souvent,Parfois,Souvent,Jamais,Oui,Non,Non,Non,Non,Non,Non,Oui,Oui,Oui,Non,Non,Oui,Non,Oui,Oui,Non,Oui,Non,Non,Une volonté de valoriser le travail effectué avant un partage pour garder un avantage compétitif.,La peur d’un renforcement d’inégalités entre des personnes produisant des données d’une part et celles les analysant et en tirant des publications d’autre part.,"Des barrières juridiques et économiques contraignant leurs partage (contrat de consortium, valorisation, exclusivité, droit d’auteur).",,Oui,Souvent,Non,Oui,Oui,Non,Oui,Non,Non,Oui,Non,Non,Non,Non,Non,Non,Non,Non,Non,Nous sommes entre 2 et 5 personnes,Non,Oui,Oui,Non,Non,Oui,Oui,Non,Non,Non,Non,MacOS,Oui,Non,Non,Non,Non,Non,Non,Oui,Non,Non,Oui,Non,Non,Non,Non,Non,Non,Non,Non,Oui,Non,Oui,Non,Non,Non,Non,Non,Non,Non,Non,Non,Non,Non,Oui,Non,Oui,Non,Oui,Non,Non,,,Non,Non,Oui,Non,Non,Oui,Oui,Non,Oui,Non,Non,Non,Non,Non,Oui,Non,Oui,Non,Non,Non,Non,Non,Non,Non,Cinq à dix ans,organisme,Oui,Non,Non,Non,Fonctionnaire ou assimilé,Non,Oui,Non,Oui,Non,Oui,Non,Non,Non,autre,Un homme
392,684,Non,Non,Non,Non,Oui,Oui,Non,Non,Non,Oui,Non,Non,Oui,Oui,Oui,Oui,Non,Non,Non,Oui,Non,Non,Non,Non,Oui,Non,Oui,Non,Tout à fait,Non,Non,Oui,Oui,Oui,Non,Oui,M,,,,M,P,3,M,,,M,,,,Non,Oui,Oui,Non,Oui,Non,Non,Non,Oui,Oui,Non,Oui,Non,Non,Non,Souvent,Souvent,Parfois,Jamais,Non,Non,Oui,Non,Non,Non,Non,Oui,Non,Oui,Non,Non,Non,Non,Non,Non,Non,Oui,Non,Non,Des conditions éthiques limitant leur partage.,"Des barrières juridiques et économiques contraignant leurs partage (contrat de consortium, valorisation, exclusivité, droit d’auteur).",Un temps trop important nécessaire à leur mise à disposition.,,Oui,Parfois,Non,Oui,Oui,Oui,Oui,Non,Non,Oui,Non,Oui,Oui,Non,Non,Non,Non,Non,Non,Nous sommes entre 2 et 5 personnes,Oui,Oui,Non,Non,Non,Non,Non,Non,Non,Non,Non,Linux,Oui,Non,Non,Oui,Non,Non,Non,Oui,Non,Non,Oui,Oui,Non,Non,Non,Non,Non,Non,Non,Non,Non,Oui,Non,Non,Non,Non,Non,Non,Oui,Non,Non,Non,Non,Oui,Non,Oui,Non,Non,Non,Oui,Parfois,"Ni satisfait, ni insatisfait",Non,Non,Oui,Non,Non,Non,Non,Non,Non,Oui,Non,Non,Non,Non,Non,Non,Non,Non,Non,Non,Non,Non,Non,Oui,Moins de cinq ans,organisme,Non,Oui,Non,Non,Contrat doctoral,Non,Oui,Non,Oui,Non,Non,Non,Non,Non,autre,Un homme
393,686,Non,Non,Oui,Oui,Oui,Oui,Oui,Oui,Non,Oui,Non,Non,Oui,Non,Oui,Non,Oui,Oui,Non,Oui,Non,Non,Oui,Oui,Oui,Non,Oui,Non,Tout à fait,Oui,Oui,Oui,Oui,Oui,Non,Oui,1,M,1,M,1,1,1,1,M,M,1,M,1,M,Oui,Non,Oui,Oui,Oui,Oui,Oui,Oui,Oui,Non,Oui,Non,Non,Oui,Oui,Parfois,Parfois,Parfois,Jamais,Oui,Non,Oui,Non,Non,Non,Non,Oui,Oui,Non,Non,Oui,Oui,Oui,Oui,Non,Non,Oui,Non,Non,Un temps trop important nécessaire à leur mise à disposition.,Des conditions éthiques limitant leur partage.,"Des barrières juridiques et économiques contraignant leurs partage (contrat de consortium, valorisation, exclusivité, droit d’auteur).","Un manque d’habitude de cette pratique dans les communautés de recherche (savoir faire, etc.)",Oui,Parfois,Non,Non,Oui,Oui,Oui,Non,Non,Oui,Oui,Non,Oui,Non,Non,Oui,Non,Non,Non,Nous sommes entre 21 et 50 personnes,Oui,Oui,Oui,Non,Non,Non,Non,Non,Non,Non,Oui,Windows,Oui,Non,Non,Non,Non,Non,Non,Oui,Oui,Non,,,,,,,,,,,,,,,,,,,,,,Non,Non,Oui,Oui,Oui,Non,Non,Non,Oui,Parfois,Plutôt satisfait,Non,Oui,Non,Oui,Oui,Non,Non,Non,Oui,Oui,Non,Non,Non,Non,Non,Non,Non,Non,Non,Oui,Non,Non,Non,Non,Plus de dix ans,CNRS,Oui,Non,Non,Non,En CDI,Non,Non,Oui,Non,Non,Non,Non,Non,Non,linguistique,Un homme
394,693,Oui,Non,Non,Non,Oui,Oui,Non,Non,Non,Non,Non,Non,Non,Oui,Non,Non,Oui,Oui,Non,Oui,Non,Non,Oui,Non,Non,Oui,Oui,Non,Tout à fait,Oui,Oui,Oui,Oui,Non,Non,Oui,2,,1,3,,3,1,2,M,M,1,,,M,Non,Oui,Non,Non,Non,Non,Non,Non,Non,Oui,Non,Non,Oui,Oui,Non,Toujours,,,,Non,Non,Oui,Non,Non,Non,Non,Non,Non,Non,Non,Non,Non,Non,Non,Non,Oui,Oui,Non,Non,"Un manque d’habitude de cette pratique dans les communautés de recherche (savoir faire, etc.)",Un doute sur la capacité de réutilisation des données par d’autres (contextualisation et documentation nécessaire).,Un temps trop important nécessaire à leur mise à disposition.,Une peur de mésusage des données par les personnes les réutilisant.,Oui,Parfois,Non,Oui,Oui,Oui,Oui,Non,Non,Non,Non,Non,Oui,Non,Oui,Non,Non,Non,Non,Nous sommes plus de 50 personnes,Oui,Oui,Oui,Non,Non,Non,Non,Non,Non,Non,Oui,Linux,Non,Non,Non,Non,Non,Non,Non,Oui,Non,Non,Non,Oui,Oui,Non,Non,Non,Non,Non,Non,Non,Non,Oui,Oui,Non,Non,Non,Non,Non,Non,Non,Non,Non,Non,Non,Non,Non,Oui,Oui,Non,Oui,Parfois,Très satisfait,Non,Oui,Oui,Non,Non,Non,Non,Non,Non,Non,Oui,Oui,Oui,Non,Non,Non,Oui,Oui,Oui,Oui,Non,Non,Non,Non,Plus de dix ans,Université,Oui,Non,Non,Non,Fonctionnaire ou assimilé,Non,Non,Non,Non,Non,Non,Non,Non,Oui,physique ,Un homme
395,696,Non,Non,Non,Non,Oui,Non,Non,Non,Non,Non,Non,Non,Non,Oui,Oui,Non,Non,Non,Non,Non,Non,Non,Non,Non,Non,Oui,Oui,Oui,Tout à fait,Non,Non,Oui,Non,Oui,Non,Oui,,,,,,3,3,2,,1,M,2,,M,Non,Non,Oui,Non,Oui,Non,Non,Non,Non,Oui,Non,Oui,Oui,Non,Non,Toujours,Jamais,Jamais,Parfois,Oui,Non,Oui,Non,Non,Non,Non,Non,Non,Oui,Non,Non,Non,Oui,Non,Oui,Non,Non,Non,Non,Une volonté de valoriser le travail effectué avant un partage pour garder un avantage compétitif.,"Un manque d’habitude de cette pratique dans les communautés de recherche (savoir faire, etc.)",Un doute sur la capacité de réutilisation des données par d’autres (contextualisation et documentation nécessaire).,Une mauvaise qualité des données en l’état.,Oui,Souvent,Non,Oui,Oui,Oui,Non,Non,Non,Non,Non,Non,Non,Oui,Non,Non,Non,Non,Non,Nous sommes entre 6 et 10 personnes,Oui,Oui,Oui,Non,Non,Non,Non,Non,Non,Non,Non,Linux,Non,Non,Non,Non,Non,Non,Non,Oui,Non,Non,Non,Oui,Non,Non,Non,Non,Oui,Non,Non,Non,Non,Non,Non,Non,Oui,Non,Oui,Non,Oui,Non,Non,Non,Non,Non,Non,Oui,Non,Non,Non,Oui,Parfois,Plutôt satisfait,Non,Non,Non,Non,Oui,Non,Non,Non,Non,Non,Non,Oui,Oui,Non,Non,Non,Non,Non,Non,Non,Non,Oui,Oui,Non,Plus de dix ans,autre,Non,Non,Oui,Non,En CDD,Non,Non,Non,Non,Non,Non,Non,Oui,Non,autre,Une femme
396,701,Non,Non,Oui,Oui,Oui,Oui,Oui,Non,Non,Non,Non,Non,Non,Oui,Oui,Non,Oui,Oui,Non,Non,Non,Non,Oui,Non,Oui,Oui,Oui,Oui,Assez,Non,Non,Oui,Oui,Oui,Non,Oui,2,,,2,1,1,,,1,M,2,,,,Oui,Non,Non,Non,Non,Oui,Non,Non,Oui,Non,Oui,Oui,Oui,Oui,Non,Souvent,Parfois,Jamais,Jamais,Non,Oui,Non,Non,Non,Non,Non,Non,Non,Oui,Non,Non,Non,Non,Oui,Non,Non,Oui,Non,Non,Des conditions éthiques limitant leur partage.,,,,Oui,Parfois,Non,Oui,Oui,Oui,Oui,Non,Non,Oui,Oui,Non,Non,Oui,Oui,Non,Non,Non,Non,Nous sommes entre 6 et 10 personnes,Oui,Oui,Oui,Non,Non,Non,Non,Non,Non,Non,Non,Windows,Oui,Non,Non,Non,Non,Non,Non,Oui,Non,Non,Oui,Oui,Oui,Non,Non,Oui,Non,Oui,Oui,Oui,Non,Oui,Non,Non,Oui,Oui,Non,Non,Oui,Non,Non,Non,Oui,Oui,Oui,Oui,Non,Non,Non,Oui,Parfois,Plutôt satisfait,Oui,Oui,Non,Oui,Non,Non,Non,Non,Non,Oui,Non,Oui,Non,Non,Non,Non,Oui,Non,Oui,Non,Non,Non,Non,Non,Plus de dix ans,Université,Non,Non,Oui,Non,Fonctionnaire ou assimilé,Non,Non,Oui,Non,Non,Non,Non,Non,Non,linguistique,Une femme
397,707,Non,Non,Oui,Non,Oui,Oui,Non,Non,Non,Non,Non,Oui,Non,Oui,Oui,Oui,Oui,Non,Oui,Non,Non,Non,Oui,Non,Oui,Oui,Oui,Non,Tout à fait,Non,Oui,Oui,Non,Oui,Non,Oui,M,,,M,M,1,1,M,,M,,M,1,,Oui,Non,Oui,Non,Oui,Oui,Non,Non,Oui,Non,Non,Oui,Oui,Non,Non,Non applicable,Parfois,Souvent,Non applicable,Non,Non,Non,Non,Oui,Non,Non,Non,Non,Oui,Oui,Non,Oui,Non,Oui,Non,Non,Oui,Non,Non,Un temps trop important nécessaire à leur mise à disposition.,Une volonté de valoriser le travail effectué avant un partage pour garder un avantage compétitif.,La peur d’un renforcement d’inégalités entre des personnes produisant des données d’une part et celles les analysant et en tirant des publications d’autre part.,Une mauvaise qualité des données en l’état.,Oui,Parfois,Non,Oui,Oui,Oui,Non,Non,Non,Oui,Non,Non,Oui,Non,Non,Non,Non,Oui,Non,Nous sommes entre 2 et 5 personnes,Oui,Non,Non,Oui,Non,Non,Non,Non,Non,Non,Non,Linux,Non,Non,Non,Non,Non,Non,Non,Oui,Non,Non,Oui,Non,Non,Non,Non,Non,Non,Non,Non,Oui,Non,Oui,Non,Non,Non,Non,Non,Oui,Oui,Non,Non,Non,Non,Non,Oui,Oui,Oui,Non,Non,Oui,Parfois,Plutôt satisfait,Non,Oui,Oui,Non,Non,Non,Non,Non,Non,Non,Non,Oui,Oui,Non,Non,Non,Oui,Non,Oui,Non,Non,Oui,Non,Non,Plus de dix ans,CNRS,Oui,Non,Non,Non,Fonctionnaire ou assimilé,Non,Non,Non,Non,Non,Non,Non,Oui,Non,autre,Un homme
398,730,Oui,Non,Non,Non,Oui,Oui,Non,Non,Non,Non,Non,Oui,Oui,Oui,Oui,Oui,Oui,Oui,Non,Oui,Non,Non,Oui,Non,Non,Non,Non,Non,Tout à fait,Oui,Non,Non,Non,Oui,Non,Oui,2,,1,1,,2,,2,,2,2,M,M,M,Non,Oui,Non,Non,Non,Oui,Non,Non,Oui,Oui,Non,Oui,Oui,Oui,Oui,Parfois,Souvent,Parfois,Parfois,Oui,Non,Non,Non,Non,Non,Non,Non,Non,Non,Non,Non,Oui,Non,Non,Non,Non,Oui,Non,Non,"Un manque d’habitude de cette pratique dans les communautés de recherche (savoir faire, etc.)",Une volonté de valoriser le travail effectué avant un partage pour garder un avantage compétitif.,La peur d’un renforcement d’inégalités entre des personnes produisant des données d’une part et celles les analysant et en tirant des publications d’autre part.,"Une perspective de mise à disposition qui vient limiter, freiner le travail interprétatif possible.",Oui,Parfois,Oui,Oui,Oui,Non,Oui,Non,Non,Oui,Oui,Oui,Oui,Non,Non,Non,Non,Non,Non,Nous sommes entre 2 et 5 personnes,Oui,Oui,Non,Non,Non,Non,Non,Non,Non,Non,Non,Linux,Oui,Non,Non,Non,Non,Oui,Non,Oui,Non,Non,Non,Non,Non,Non,Oui,Non,Oui,Oui,Oui,Non,Non,Non,Non,Oui,Oui,Non,Non,Non,Oui,Non,Non,Non,Non,Oui,Oui,Oui,Non,Non,Non,Oui,Jamais,,Non,Non,Non,Non,Non,Non,Non,Oui,Non,Non,Oui,Non,Non,Non,Oui,Non,Oui,Non,Non,Oui,Oui,Oui,Oui,Non,Cinq à dix ans,autre,Non,Oui,Non,Non,En CDD,Non,Non,Non,Non,Non,Oui,Non,Non,Non,autre,Une femme
399,738,Non,Non,Oui,Non,Oui,Oui,Oui,Non,Non,Non,Non,Non,Non,Oui,Oui,Non,Oui,Oui,Non,Non,Non,Non,Non,Non,Non,Non,Non,Oui,Tout à fait,Oui,Non,Oui,Non,Oui,Non,Oui,2,M,2,2,2,2,2,2,2,M,,M,M,,Oui,Non,Oui,Non,Oui,Oui,Oui,Oui,Oui,Non,Non,Oui,Non,Oui,Oui,Parfois,Toujours,Toujours,Toujours,Non,Non,Non,Non,Oui,Non,Oui,Oui,Oui,Non,Non,Non,Non,Oui,Non,Non,Non,Oui,Non,Non,Une peur de mésusage des données par les personnes les réutilisant.,Un temps trop important nécessaire à leur mise à disposition.,"Des barrières juridiques et économiques contraignant leurs partage (contrat de consortium, valorisation, exclusivité, droit d’auteur).","Un manque d’habitude de cette pratique dans les communautés de recherche (savoir faire, etc.)",Oui,Souvent,Oui,Oui,Oui,Oui,Oui,Oui,Oui,Non,Oui,Non,Oui,Non,Non,Non,Non,Non,Non,Nous sommes entre 2 et 5 personnes,Oui,Non,Oui,Non,Non,Non,Non,Non,Non,Non,Non,Windows,Oui,Non,Non,Oui,Non,Oui,Non,Oui,Non,Non,Non,Oui,Non,Non,Oui,Non,Oui,Non,Oui,Non,Non,Oui,Non,Oui,Oui,Oui,Oui,Non,Oui,Non,Non,Non,Non,Oui,Oui,Oui,Oui,Non,Non,Oui,Souvent,Plutôt satisfait,Oui,Non,Non,Non,Non,Non,Non,Non,Non,Non,Non,Non,Non,Non,Non,Oui,Oui,Non,Oui,Non,Non,Non,Non,Non,Moins de cinq ans,Université,Non,Oui,Non,Non,Contrat doctoral,Non,Non,Oui,Non,Non,Non,Non,Non,Non,autre,Une femme
400,740,Non,Non,Oui,Oui,Non,Oui,Oui,Oui,Non,Oui,Oui,Oui,Oui,Non,Oui,Non,Oui,Non,Non,Oui,Non,Non,Oui,Non,Oui,Non,Non,Oui,Assez,Oui,Oui,Oui,Oui,Oui,Non,Oui,P,M,3,2,1,P,M,2,1,2,3,2,2,1,Oui,Non,Oui,Oui,Oui,Oui,Oui,Oui,Oui,Oui,Oui,Non,Non,Oui,Oui,Souvent,Parfois,Souvent,Toujours,Oui,Oui,Oui,Oui,Non,Non,Oui,Oui,Oui,Oui,Non,Oui,Non,Oui,Non,Non,Non,Non,Non,Non,Non applicable.,,,,Oui,Toujours,Oui,Oui,Oui,Oui,Non,Oui,Oui,Oui,Oui,Non,Oui,Oui,Non,Oui,Non,Oui,Non,Je travaille seul.e,,,,,,,,,,,,MacOS,Oui,Non,Oui,Non,Non,Oui,Non,Non,Oui,Oui,,,,,,,,,,,,,,,,,,,,,,Non,Oui,Oui,Non,Non,Non,Non,Oui,Oui,Parfois,Plutôt satisfait,Non,Non,Non,Non,Non,Oui,Oui,Non,Non,Non,Non,Non,Non,Oui,Non,Non,Non,Non,Non,Non,Non,Non,Oui,Oui,Plus de dix ans,autre,Oui,Non,Non,Non,En CDI,Non,Non,Oui,Non,Oui,Non,Non,Non,Non,autre,Un homme
401,754,Non,Non,Oui,Oui,Non,Oui,Oui,Oui,Non,Non,Oui,Non,Oui,Non,Oui,Non,Non,Non,Non,Non,Non,Non,Oui,Non,Non,Non,Non,Non,Assez,Non,Non,Oui,Oui,Oui,Non,Non,P,1,3,M,2,P,3,2,3,2,1,M,3,M,Oui,Non,Oui,Oui,Oui,Oui,Oui,Oui,Oui,Non,Non,Non,Oui,Oui,Oui,Parfois,Souvent,Jamais,Souvent,Non,Non,Non,Non,Oui,Non,Non,Non,Non,Non,Oui,Oui,Oui,Non,Non,Non,Non,Non,Non,Non,"Un manque d’habitude de cette pratique dans les communautés de recherche (savoir faire, etc.)",Une volonté de valoriser le travail effectué avant un partage pour garder un avantage compétitif.,La peur d’un renforcement d’inégalités entre des personnes produisant des données d’une part et celles les analysant et en tirant des publications d’autre part.,"Des barrières juridiques et économiques contraignant leurs partage (contrat de consortium, valorisation, exclusivité, droit d’auteur).",Non,Souvent,Non,Oui,Oui,Oui,Oui,Non,Oui,Non,Non,Non,Non,Non,Non,Non,Non,Non,Non,Je travaille seul.e,,,,,,,,,,,,MacOS,Oui,Non,Non,Non,Non,Non,Non,Non,Non,Non,Oui,Oui,Non,Non,Non,Oui,Oui,Oui,Oui,Non,Non,Non,Non,Oui,Non,Oui,Oui,Non,Oui,Oui,Non,Non,Oui,Non,Oui,Non,Oui,Non,Non,Oui,Toujours,Très satisfait,Non,Non,Non,Non,Non,Oui,Non,Non,Oui,Oui,Non,Non,Non,Oui,Oui,Non,Oui,Non,Oui,Oui,Oui,Oui,Oui,Non,Cinq à dix ans,autre,Non,Oui,Non,Non,Autre (précisez en commentaire),Non,Non,Oui,Non,Non,Non,Non,Non,Non,autre,Une femme
402,757,Oui,Non,Non,Non,Oui,Oui,Non,Non,Non,Non,Oui,Oui,Non,Non,Non,Non,Oui,Oui,Non,Oui,Non,Non,Non,Non,Oui,Non,Non,Non,Tout à fait,Oui,Oui,Oui,Oui,Oui,Non,Oui,M,,,,,M,M,M,,M,,,,,Non,Oui,Non,Non,Non,Non,Non,Non,Oui,Non,Non,Non,Oui,Non,Non,Jamais,Jamais,Parfois,Parfois,Non,Non,Non,Non,Oui,Non,Non,Non,Non,Non,Non,Non,Non,Non,Non,Oui,Non,Non,Non,Non,Une volonté de valoriser le travail effectué avant un partage pour garder un avantage compétitif.,Un temps trop important nécessaire à leur mise à disposition.,Une mauvaise qualité des données en l’état.,Une peur de mésusage des données par les personnes les réutilisant.,Oui,Jamais,Non,Oui,Oui,Oui,Oui,Non,Non,Oui,Non,Non,Oui,Non,Non,Non,Non,Non,Non,Nous sommes entre 6 et 10 personnes,Oui,Oui,Oui,Non,Non,Non,Non,Non,Non,Non,Non,Linux,Oui,Non,Non,Non,Non,Oui,Non,Oui,Non,Non,Oui,Non,Non,Non,Oui,Non,Non,Non,Non,Oui,Non,Non,Non,Non,Non,Non,Non,Non,Oui,Non,Non,Non,Oui,Non,Non,Oui,Oui,Non,Non,Oui,Toujours,Très satisfait,Oui,Oui,Non,Non,Non,Non,Non,Non,Oui,Non,Non,Oui,Non,Oui,Oui,Non,Oui,Non,Oui,Non,Oui,Non,Non,Non,Plus de dix ans,Université,Oui,Non,Non,Non,Fonctionnaire ou assimilé,Non,Non,Non,Non,Non,Non,Non,Non,Oui,autre,Un homme
403,758,Non,Non,Non,Oui,Non,Oui,Oui,Non,Non,Oui,Non,Non,Oui,Oui,Oui,Non,Oui,Oui,Non,Non,Non,Non,Non,Non,Non,Non,Non,Oui,Peu,Non,Non,Oui,Oui,Non,Non,Non,,,,,1,3,M,M,,,,M,,M,Non,Non,Oui,Non,Oui,Oui,Oui,Non,Oui,Oui,Non,Non,Oui,Oui,Non,Parfois,Jamais,Parfois,Jamais,Oui,Non,Non,Non,Non,Non,Non,Oui,Non,Non,Non,Non,Oui,Non,Non,Non,Non,Oui,Non,Non,"Un manque d’habitude de cette pratique dans les communautés de recherche (savoir faire, etc.)","Des barrières juridiques et économiques contraignant leurs partage (contrat de consortium, valorisation, exclusivité, droit d’auteur).",Un temps trop important nécessaire à leur mise à disposition.,Des conditions éthiques limitant leur partage.,Oui,Souvent,Non,Non,Oui,Oui,Non,Oui,Non,Oui,Oui,Non,Oui,Non,Non,Non,Non,Non,Non,Nous sommes entre 2 et 5 personnes,Oui,Oui,Non,Non,Non,Non,Oui,Non,Non,Non,Non,Windows,Oui,Non,Non,Non,Non,Non,Non,Oui,Non,Non,Non,Oui,Non,Non,Non,Non,Non,Non,Non,Oui,Non,Oui,Non,Non,Non,Oui,Non,Non,Oui,Non,Non,Non,Non,Oui,Non,Oui,Non,Non,Non,Oui,Parfois,Très satisfait,Oui,Oui,Non,Non,Oui,Non,Non,Non,Non,Non,Non,Oui,Non,Non,Oui,Non,Non,Non,Oui,Non,Non,Non,Oui,Non,Plus de dix ans,autre,Oui,Non,Non,Non,En CDI,Non,Oui,Non,Non,Non,Non,Non,Non,Non,autre,Un homme
404,770,Non,Non,Non,Non,Oui,Non,Oui,Oui,Non,Non,Non,Non,Non,Oui,Oui,Non,Oui,Oui,Non,Non,Non,Non,Non,Non,Oui,Oui,Non,Non,Assez,Non,Non,Oui,Oui,Oui,Non,Non,M,,,1,,3,1,1,1,,,M,,1,Non,Non,Oui,Non,Oui,Non,Non,Non,Oui,Oui,Oui,Oui,Oui,Non,Non,Parfois,Jamais,Jamais,Souvent,Oui,Non,Oui,Non,Non,Non,Non,Non,Non,Non,Non,Oui,Oui,Non,Non,Non,Non,Oui,Non,Non,Des conditions éthiques limitant leur partage.,Une mauvaise qualité des données en l’état.,"Un manque d’habitude de cette pratique dans les communautés de recherche (savoir faire, etc.)",,Oui,Toujours,Non,Non,Oui,Non,Oui,Non,Non,Oui,Non,Non,Oui,Non,Non,Non,Non,Oui,Non,Nous sommes entre 2 et 5 personnes,Oui,Oui,Non,Non,Non,Non,Non,Non,Non,Non,Non,Windows,Oui,Non,Non,Non,Non,Non,Non,Oui,Non,Non,Non,Non,Non,Non,Non,Non,Non,Oui,Oui,Oui,Non,Non,Non,Oui,Oui,Non,Non,Non,Oui,Non,Non,Non,Non,Oui,Non,Non,Oui,Non,Non,Oui,Souvent,,Non,Non,Non,Non,Non,Non,Non,Oui,Non,Non,Oui,Non,Non,Non,Non,Non,Non,Non,Oui,Non,Non,Non,Non,Non,Plus de dix ans,Université,Oui,Non,Non,Non,Fonctionnaire ou assimilé,Non,Oui,Oui,Non,Non,Non,Non,Non,Non,linguistique,Une femme
405,775,Oui,Non,Non,Non,Oui,Oui,Non,Non,Non,Non,Non,Oui,Oui,Oui,Oui,Oui,Oui,Oui,Non,Non,Non,Non,Oui,Non,Oui,Non,Non,Non,Assez,Oui,Oui,Oui,Non,Non,Non,Non,1,,,1,,2,1,,,,M,,,2,Non,Oui,Non,Non,Non,Oui,Non,Non,Oui,Non,Non,Oui,Non,Oui,Oui,Souvent,Jamais,Jamais,Parfois,Oui,Non,Oui,Non,Non,Non,Non,Non,Non,Non,Non,Non,Non,Non,Non,Non,Non,Oui,Non,Non,"Un manque d’habitude de cette pratique dans les communautés de recherche (savoir faire, etc.)",La peur d’un renforcement d’inégalités entre des personnes produisant des données d’une part et celles les analysant et en tirant des publications d’autre part.,Une volonté de valoriser le travail effectué avant un partage pour garder un avantage compétitif.,Un temps trop important nécessaire à leur mise à disposition.,Je ne sais pas,Souvent,Oui,Oui,Oui,Non,Non,Non,Non,Oui,Non,Oui,Oui,Non,Non,Non,Non,Non,Non,Nous sommes entre 6 et 10 personnes,Oui,Oui,Oui,Non,Non,Non,Non,Non,Non,Non,Oui,Linux,Non,Non,Non,Non,Non,Non,Non,Oui,Non,Non,Non,Oui,Oui,Non,Non,Non,Non,Non,Oui,Oui,Non,Non,Non,Non,Oui,Non,Non,Non,Oui,Oui,Non,Non,Non,Oui,Oui,Oui,Oui,Non,Non,Oui,Parfois,Très satisfait,Non,Non,Non,Non,Non,Oui,Non,Non,Non,Oui,Non,Non,Non,Non,Non,Non,Oui,Non,Oui,Oui,Oui,Non,Non,Non,Cinq à dix ans,Université,Oui,Non,Non,Non,Fonctionnaire ou assimilé,Non,Oui,Non,Non,Oui,Oui,Oui,Non,Non,autre,Un homme
406,778,Oui,Non,Non,Non,Oui,Oui,Non,Non,Non,Non,Non,Oui,Oui,Oui,Non,Non,Oui,Oui,Non,Non,Non,Non,Oui,Non,Oui,Non,Non,Non,Tout à fait,Oui,Oui,Oui,Oui,Oui,Non,Oui,P,M,1,1,M,3,2,3,2,1,P,M,2,P,Non,Oui,Non,Non,Non,Oui,Non,Non,Oui,Non,Non,Oui,Non,Oui,Oui,Toujours,Toujours,Jamais,Souvent,Non,Non,Oui,Non,Non,Non,Non,Oui,Oui,Oui,Non,Oui,Non,Oui,Non,Non,Non,Oui,Non,Non,Un temps trop important nécessaire à leur mise à disposition.,"Un manque d’habitude de cette pratique dans les communautés de recherche (savoir faire, etc.)",Un doute sur la capacité de réutilisation des données par d’autres (contextualisation et documentation nécessaire).,Une mauvaise qualité des données en l’état.,Oui,Parfois,Oui,Non,Oui,Oui,Oui,Non,Non,Non,Oui,Oui,Oui,Non,Non,Non,Non,Non,Non,Nous sommes entre 2 et 5 personnes,Oui,Oui,Non,Non,Non,Non,Non,Non,Non,Non,Oui,Linux,Non,Non,Non,Non,Non,Non,Non,Oui,Non,Non,Non,Oui,Oui,Non,Oui,Non,Oui,Oui,Oui,Non,Non,Oui,Oui,Non,Non,Oui,Oui,Oui,Oui,Non,Non,Oui,Non,Oui,Oui,Oui,Oui,Non,Non,Oui,Souvent,Plutôt satisfait,Non,Non,Non,Non,Non,Non,Non,Oui,Oui,Non,Non,Oui,Oui,Non,Non,Non,Oui,Non,Oui,Non,Non,Oui,Oui,Non,Cinq à dix ans,autre,Non,Oui,Non,Non,En CDD,Non,Non,Non,Non,Non,Non,Non,Non,Oui,physique ,Un homme
407,779,Oui,Non,Oui,Non,Oui,Oui,Non,Oui,Non,Oui,Non,Non,Oui,Non,Oui,Oui,Oui,Oui,Non,Oui,Non,Oui,Oui,Non,Oui,Oui,Non,Oui,Tout à fait,Oui,Oui,Oui,Non,Oui,Non,Oui,M,,,M,M,M,,M,,M,M,M,M,M,Oui,Non,Oui,Non,Oui,Non,Oui,Non,Oui,Non,Oui,Oui,Oui,Oui,Non,Souvent,Souvent,Parfois,Parfois,Non,Oui,Oui,Oui,Non,Non,Non,Oui,Non,Oui,Oui,Non,Oui,Non,Oui,Non,Oui,Oui,Non,Non,Des conditions éthiques limitant leur partage.,Une peur de mésusage des données par les personnes les réutilisant.,Une volonté de valoriser le travail effectué avant un partage pour garder un avantage compétitif.,"Un manque d’habitude de cette pratique dans les communautés de recherche (savoir faire, etc.)",Je ne sais pas,Parfois,Non,Oui,Oui,Non,Non,Non,Non,Oui,Non,Oui,Oui,Oui,Oui,Non,Oui,Non,Non,Nous sommes entre 2 et 5 personnes,Oui,Oui,Oui,Oui,Non,Non,Non,Non,Non,Non,Non,Linux,Non,Non,Non,Oui,Non,Oui,Non,Oui,Oui,Non,,,,,,,,,,,,,,,,,,,,,,Non,Non,Oui,Oui,Oui,Oui,Oui,Non,Oui,Parfois,,Oui,Non,Non,Non,Non,Oui,Oui,Non,Non,Non,Non,Non,Non,Non,Non,Oui,Non,Non,Oui,Oui,Oui,Non,Non,Non,Plus de dix ans,autre,Non,Non,Oui,Non,Fonctionnaire ou assimilé,Non,Oui,Non,Non,Non,Non,Non,Non,Non,,Un homme
408,806,Oui,Non,Oui,Oui,Non,Oui,Oui,Non,Non,Oui,Oui,Oui,Non,Non,Oui,Non,Oui,Oui,Non,Oui,Non,Non,Oui,Non,Oui,Oui,Non,Oui,Assez,Oui,Non,Oui,Oui,Oui,Non,Non,1,M,1,M,M,3,M,2,1,M,M,M,,M,Oui,Oui,Non,Non,Non,Oui,Oui,Oui,Non,Oui,Non,Oui,Oui,Oui,Oui,Souvent,Jamais,Parfois,Jamais,Non,Non,Oui,Oui,Non,Non,Oui,Non,Oui,Non,Non,Non,Non,Non,Non,Non,Non,Non,Non,Non,Une peur de mésusage des données par les personnes les réutilisant.,"Des barrières juridiques et économiques contraignant leurs partage (contrat de consortium, valorisation, exclusivité, droit d’auteur).",Des conditions éthiques limitant leur partage.,,Non,Souvent,Non,Oui,Oui,Oui,Non,Non,Non,Oui,Non,Non,Non,Non,Non,Non,Non,Non,Non,Nous sommes entre 2 et 5 personnes,Oui,Oui,Oui,Non,Non,Non,Non,Non,Oui,Non,Non,Linux,Oui,Non,Oui,Oui,Non,Non,Non,Oui,Non,Non,Oui,Non,Non,Non,Non,Oui,Non,Non,Non,Non,Non,Non,Non,Non,Oui,Oui,Non,Non,Oui,Oui,Non,Non,Oui,Non,Oui,Non,Non,Oui,Non,Oui,Souvent,Plutôt satisfait,Non,Non,Non,Non,Non,Non,Oui,Non,Non,Non,Non,Non,Non,Non,Non,Oui,Non,Non,Non,Oui,Oui,Oui,Oui,Non,Moins de cinq ans,autre,Non,Non,Oui,Non,Contrat doctoral,Non,Non,Oui,Non,Non,Non,Non,Non,Oui,,
409,835,Non,Non,Oui,Non,Oui,Oui,Non,Oui,Non,Non,Non,Oui,Oui,Oui,Oui,Non,Oui,Oui,Non,Oui,Oui,Non,Oui,Non,Oui,Non,Non,Oui,Assez,Oui,Non,Oui,Oui,Oui,Non,Oui,1,1,2,,,2,2,3,2,,M,2,2,1,Oui,Non,Oui,Non,Oui,Oui,Oui,Non,Oui,Non,Non,Non,Non,Oui,Oui,Parfois,Jamais,Jamais,Parfois,Non,Non,Oui,Non,Non,Non,Non,Non,Non,Non,Non,Oui,Oui,Oui,Non,Non,Non,Oui,Non,Non,Un doute sur la capacité de réutilisation des données par d’autres (contextualisation et documentation nécessaire).,Une peur de mésusage des données par les personnes les réutilisant.,"Des barrières juridiques et économiques contraignant leurs partage (contrat de consortium, valorisation, exclusivité, droit d’auteur).",,Oui,Parfois,Non,Non,Oui,Oui,Oui,Oui,Non,Oui,Non,Non,Oui,Non,Non,Non,Non,Non,Non,Nous sommes entre 6 et 10 personnes,Oui,Oui,Oui,Non,Non,Non,Non,Non,Non,Non,Oui,Windows,Oui,Non,Oui,Non,Non,Non,Non,Non,Non,Non,Oui,Oui,Oui,Non,Non,Non,Non,Non,Non,Non,Non,Oui,Oui,Non,Oui,Non,Non,Non,Oui,Non,Non,Non,Oui,Oui,Oui,Oui,Oui,Oui,Non,Non,,,Non,Non,Non,Oui,Non,Non,Non,Non,Non,Non,Non,Oui,Oui,Oui,Non,Non,Oui,Oui,Non,Oui,Oui,Non,Non,Non,Plus de dix ans,CNRS,Non,Non,Oui,Non,Fonctionnaire ou assimilé,Oui,Non,Non,Non,Non,Non,Non,Non,Non,autre,
410,852,Non,Non,Oui,Non,Oui,Oui,Non,Non,Non,Non,Non,Non,Non,Oui,Non,Non,Non,Non,Non,Non,Non,Oui,Oui,Non,Oui,Non,Non,Non,Tout à fait,Oui,Non,Oui,Oui,Oui,Non,Oui,1,M,1,1,M,1,1,1,,,M,M,,M,Non,Non,Non,Non,Oui,Oui,Non,Non,Oui,Non,Non,Oui,Non,Oui,Non,,,,,Non,Oui,Non,Non,Non,Non,Non,Non,Non,Non,Non,Non,Non,Non,Non,Non,Non,Oui,Non,Non,Une volonté de valoriser le travail effectué avant un partage pour garder un avantage compétitif.,La peur d’un renforcement d’inégalités entre des personnes produisant des données d’une part et celles les analysant et en tirant des publications d’autre part.,"Un manque d’habitude de cette pratique dans les communautés de recherche (savoir faire, etc.)",Un doute sur la capacité de réutilisation des données par d’autres (contextualisation et documentation nécessaire).,Oui,Jamais,Non,Oui,Oui,Non,Oui,Non,Non,Non,Non,Non,Non,Non,Non,Non,Oui,Non,Non,Je travaille seul.e,,,,,,,,,,,,Windows,Non,Non,Non,Non,Non,Non,Non,Oui,Non,Non,Non,Non,Oui,Non,Non,Non,Oui,Non,Oui,Non,Non,Non,Non,Non,Non,Non,Non,Non,Oui,Non,Non,Non,Non,Non,Oui,Oui,Non,Non,Non,Oui,Parfois,Plutôt satisfait,Non,Non,Oui,Non,Non,Non,Non,Non,Non,Oui,Non,Non,Oui,Non,Oui,Non,Oui,Oui,Non,Oui,Oui,Oui,Oui,Non,Moins de cinq ans,autre,Non,Oui,Non,Non,En CDD,Non,Oui,Non,Non,Non,Non,Non,Non,Non,autre,Un homme
411,883,Non,Non,Oui,Oui,Oui,Oui,Oui,Non,Non,Oui,Oui,Oui,Oui,Oui,Oui,Non,Oui,Oui,Non,Oui,Non,Non,Oui,Non,Non,Oui,Oui,Oui,Assez,Non,Oui,Oui,Non,Oui,Non,Oui,P,,,P,,P,1,P,1,1,P,M,M,M,Non,Non,Oui,Non,Oui,Non,Oui,Oui,Oui,Non,Non,Oui,Oui,Non,Non,Souvent,Jamais,Jamais,Souvent,Oui,Non,Non,Non,Non,Non,Non,Non,Non,Non,Oui,Oui,Oui,Non,Non,Oui,Non,Oui,Non,Non,Une volonté de valoriser le travail effectué avant un partage pour garder un avantage compétitif.,Une mauvaise qualité des données en l’état.,"Un manque d’habitude de cette pratique dans les communautés de recherche (savoir faire, etc.)","Des barrières juridiques et économiques contraignant leurs partage (contrat de consortium, valorisation, exclusivité, droit d’auteur).",Oui,Souvent,Non,Oui,Oui,Oui,Oui,Non,Oui,Non,Oui,Non,Non,Non,Non,Non,Oui,Non,Non,Je travaille seul.e,,,,,,,,,,,,MacOS,Non,Non,Non,Non,Non,Non,Non,Oui,Non,Non,Oui,Non,Non,Non,Non,Non,Non,Non,Oui,Non,Non,Non,Non,Non,Oui,Non,Non,Non,Oui,Non,Non,Non,Non,Oui,Oui,Oui,Oui,Non,Oui,Non,,,Non,Non,Oui,Non,Non,Non,Non,Non,Non,Non,Oui,Non,Non,Oui,Non,Non,Non,Oui,Non,Oui,Non,Non,Oui,Non,Plus de dix ans,,Oui,Non,Non,Non,En CDI,Non,Non,Oui,Non,Non,Non,Non,Non,Non,,Un homme
412,884,Oui,Oui,Non,Non,Oui,Oui,Non,Non,Non,Oui,Oui,Oui,Oui,Oui,Oui,Oui,Oui,Oui,Oui,Non,Non,Non,Oui,Non,Non,Non,Non,Oui,Tout à fait,Oui,Non,Non,Non,Oui,Non,Non,1,M,M,M,1,2,2,1,M,M,M,M,M,2,Non,Oui,Non,Non,Non,Oui,Oui,Non,Oui,Oui,Oui,Oui,Oui,Oui,Oui,Parfois,Jamais,Toujours,Toujours,Non,Non,Oui,Non,Non,Non,Non,Non,Non,Non,Non,Non,Oui,Oui,Oui,Non,Non,Oui,Non,Non,Une volonté de valoriser le travail effectué avant un partage pour garder un avantage compétitif.,Un doute sur la capacité de réutilisation des données par d’autres (contextualisation et documentation nécessaire).,Un temps trop important nécessaire à leur mise à disposition.,Une mauvaise qualité des données en l’état.,Oui,Jamais,Non,Oui,Oui,Oui,Oui,Oui,Non,Oui,Oui,Oui,Oui,Oui,Non,Non,Non,Oui,Non,Nous sommes entre 2 et 5 personnes,Oui,Oui,Non,Non,Non,Non,Non,Non,Non,Non,Non,MacOS,Oui,Non,Non,Non,Non,Oui,Non,Oui,Non,Non,Oui,Oui,Non,Oui,Non,Non,Non,Non,Non,Non,Non,Oui,Non,Non,Non,Non,Non,Non,Oui,Non,Non,Oui,Non,Oui,Oui,Oui,Oui,Oui,Non,Oui,Parfois,Plutôt insatisfait,Non,Non,Non,Non,Non,Non,Oui,Non,Non,Non,Non,Non,Non,Oui,Oui,Non,Non,Non,Non,Oui,Non,Non,Oui,Non,Cinq à dix ans,autre,Non,Oui,Non,Non,En CDD,Non,Non,Non,Non,Non,Oui,Non,Non,Non,autre,Un homme
413,888,Non,Non,Non,Oui,Non,Oui,Oui,Non,Non,Oui,Non,Non,Oui,Non,Oui,Non,Oui,Oui,Non,Oui,Non,Non,Oui,Non,Oui,Non,Non,Non,Assez,Non,Oui,Oui,Non,Oui,Non,Non,1,1,M,1,1,1,1,1,1,1,1,1,M,1,Non,Non,Non,Non,Oui,Oui,Non,Oui,Oui,Non,Oui,Oui,Non,Oui,Non,Toujours,Jamais,Toujours,Toujours,Oui,Non,Non,Non,Oui,Non,Non,Oui,Oui,Non,Oui,Non,Oui,Non,Non,Non,Non,Oui,Non,Non,Une volonté de valoriser le travail effectué avant un partage pour garder un avantage compétitif.,Un temps trop important nécessaire à leur mise à disposition.,"Un manque d’habitude de cette pratique dans les communautés de recherche (savoir faire, etc.)",Une mauvaise qualité des données en l’état.,Oui,Souvent,Non,Oui,Oui,Oui,Non,Non,Oui,Oui,Oui,Non,Non,Oui,Non,Oui,Oui,Non,Non,Nous sommes entre 2 et 5 personnes,Oui,Non,Oui,Non,Non,Non,Non,Non,Non,Non,Oui,MacOS,Oui,Non,Non,Non,Oui,Non,Non,Oui,Non,Non,Oui,Oui,Oui,Non,Non,Oui,Non,Oui,Oui,Non,Non,Oui,Non,Non,Oui,Non,Non,Non,Oui,Oui,Non,Non,Oui,Oui,Oui,Oui,Non,Oui,Non,Oui,Jamais,Très insatisfait,Oui,Non,Oui,Oui,Non,Non,Non,Non,Non,Non,Non,Oui,Oui,Non,Oui,Non,Oui,Oui,Non,Oui,Non,Non,Non,Non,Plus de dix ans,Université,Oui,Non,Non,Non,Fonctionnaire ou assimilé,Oui,Non,Oui,Non,Oui,Non,Non,Non,Non,histoire,Un homme
414,906,Non,Non,Non,Oui,Non,Oui,Oui,Oui,Non,Oui,Non,Non,Non,Oui,Oui,Non,Non,Non,Non,Non,Non,Oui,Non,Oui,Non,Oui,Non,Oui,Peu,Non,Non,Non,Oui,Oui,Non,Non,1,M,2,3,2,M,2,3,P,3,1,,,1,Non,Non,Non,Non,Oui,Non,Oui,Oui,Oui,Non,Oui,Oui,Oui,Oui,Oui,Souvent,Souvent,Parfois,Parfois,Non,Non,Non,Non,Oui,Non,Non,Non,Non,Oui,Non,Non,Oui,Non,Non,Non,Oui,Oui,Non,Non,Une peur de mésusage des données par les personnes les réutilisant.,La peur d’un renforcement d’inégalités entre des personnes produisant des données d’une part et celles les analysant et en tirant des publications d’autre part.,Une volonté de valoriser le travail effectué avant un partage pour garder un avantage compétitif.,Un temps trop important nécessaire à leur mise à disposition.,Oui,Parfois,Non,Oui,Oui,Oui,Non,Oui,Non,Oui,Non,Oui,Oui,Oui,Oui,Non,Non,Non,Non,Nous sommes entre 2 et 5 personnes,Oui,Oui,Oui,Oui,Oui,Non,Non,Non,Non,Non,Non,MacOS,Oui,Non,Non,Oui,Non,Non,Oui,Oui,Oui,Non,,,,,,,,,,,,,,,,,,,,,,Non,Oui,Non,Non,Oui,Non,Oui,Oui,Oui,Parfois,"Ni satisfait, ni insatisfait",Non,Oui,Non,Non,Oui,Non,Non,Non,Non,Non,Oui,Non,Non,Non,Non,Non,Oui,Oui,Non,Non,Non,Oui,Non,Non,Cinq à dix ans,CNRS,Non,Non,Oui,Non,Fonctionnaire ou assimilé,Non,Non,Oui,Non,Non,Non,Non,Non,Non,histoire,Une femme
415,920,Non,Non,Non,Oui,Non,Non,Oui,Non,Non,Non,Non,Non,Oui,Oui,Oui,Non,Oui,Non,Non,Non,Non,Non,Non,Non,Non,Non,Non,Oui,Assez,Oui,Oui,Oui,Oui,Oui,Oui,Oui,,,,,,,,,,,,,,,Oui,Non,Oui,Oui,Oui,Non,Oui,Oui,Oui,Non,Non,Oui,Non,Oui,Oui,Souvent,Souvent,Parfois,Parfois,Non,Non,Oui,Non,Non,Non,Non,Non,Non,Non,Non,Non,Non,Non,Oui,Oui,Oui,Oui,Non,Non,Une volonté de valoriser le travail effectué avant un partage pour garder un avantage compétitif.,"Des barrières juridiques et économiques contraignant leurs partage (contrat de consortium, valorisation, exclusivité, droit d’auteur).",Un temps trop important nécessaire à leur mise à disposition.,"Un manque d’habitude de cette pratique dans les communautés de recherche (savoir faire, etc.)",Non applicable,Souvent,Non,Oui,Oui,Oui,Oui,Oui,Non,Non,Non,Non,Non,Non,Non,Non,Non,Non,Oui,Nous sommes entre 2 et 5 personnes,Oui,Oui,Oui,Oui,Oui,Oui,Oui,Non,Non,Non,Non,Windows,Non,Non,Non,Non,Non,Non,Non,Non,Oui,Non,,,,,,,,,,,,,,,,,,,,,,Non,Non,Oui,Oui,Non,Non,Oui,Non,Non applicable,,,Non,Non,Non,Non,Non,Non,Non,Oui,Non,Non,Non,Non,Non,Non,Non,Oui,Non,Non,Non,Non,Non,Non,Non,Oui,Plus de dix ans,Université,Non,Non,Non,Oui,Fonctionnaire ou assimilé,Non,Non,Oui,Non,Non,Non,Non,Non,Non,,Une femme
416,952,Non,Non,Non,Oui,Oui,Oui,Oui,Non,Non,Oui,Non,Non,Oui,Oui,Oui,Non,Oui,Oui,Non,Oui,Non,Non,Oui,Oui,Oui,Non,Non,Oui,Tout à fait,Oui,Non,Oui,Non,Oui,Oui,Oui,2,,2,2,,2,,2,,2,3,M,M,M,Non,Non,Oui,Oui,Oui,Oui,Oui,Oui,Oui,Non,Oui,Non,Oui,Oui,Non,Parfois,Toujours,Jamais,Jamais,Oui,Non,Non,Non,Non,Non,Oui,Oui,Oui,Oui,Non,Non,Non,Oui,Oui,Oui,Non,Non,Non,Non,"Un manque d’habitude de cette pratique dans les communautés de recherche (savoir faire, etc.)",Une peur de mésusage des données par les personnes les réutilisant.,"Des barrières juridiques et économiques contraignant leurs partage (contrat de consortium, valorisation, exclusivité, droit d’auteur).",Une volonté de valoriser le travail effectué avant un partage pour garder un avantage compétitif.,Oui,Non applicable,Oui,Oui,Oui,Oui,Oui,Non,Non,Oui,Oui,Non,Oui,Non,Non,Non,Non,Non,Non,Nous sommes entre 11 et 20 personnes,Non,Non,Oui,Non,Oui,Oui,Oui,Oui,Non,Oui,Non,Windows,Oui,Non,Non,Non,Oui,Oui,Non,Non,Oui,Non,,,,,,,,,,,,,,,,,,,,,,Non,Oui,Oui,Oui,Non,Oui,Non,Non,Oui,Toujours,Très satisfait,Non,Non,Non,Non,Non,Non,Non,Oui,Non,Non,Non,Oui,Non,Non,Non,Non,Oui,Oui,Oui,Oui,Oui,Non,Non,Non,Plus de dix ans,école,Non,Non,Non,Oui,Fonctionnaire ou assimilé,Oui,Non,Oui,Non,Oui,Oui,Non,Non,Non,autre,Une femme
417,959,Oui,Non,Oui,Oui,Non,Oui,Oui,Oui,Oui,Oui,Non,Oui,Oui,Oui,Oui,Non,Oui,Oui,Oui,Oui,Non,Non,Oui,Oui,Oui,Non,Non,Oui,Tout à fait,Oui,Non,Oui,Oui,Oui,Non,Non,,,,,,,,,,,,,,,Oui,Non,Oui,Oui,Oui,Oui,Oui,Oui,Oui,Oui,Oui,Oui,Oui,Oui,Oui,Parfois,Parfois,Jamais,Parfois,Oui,Oui,Oui,Oui,Non,Non,Oui,Non,Oui,Oui,Non,Non,Non,Non,Oui,Oui,Oui,Oui,Non,Non,"Un manque d’habitude de cette pratique dans les communautés de recherche (savoir faire, etc.)",Des conditions éthiques limitant leur partage.,"Des barrières juridiques et économiques contraignant leurs partage (contrat de consortium, valorisation, exclusivité, droit d’auteur).",Un temps trop important nécessaire à leur mise à disposition.,Oui,Parfois,Non,Oui,Oui,Oui,Oui,Non,Non,Oui,Non,Oui,Oui,Oui,Oui,Oui,Non,Non,Non,Nous sommes entre 6 et 10 personnes,Oui,Oui,Oui,Oui,Oui,Oui,Oui,Oui,Oui,Oui,Non,Windows,Oui,Non,Oui,Oui,Oui,Oui,Oui,Oui,Oui,Non,,,,,,,,,,,,,,,,,,,,,,Oui,Oui,Oui,Oui,Oui,Non,Oui,Non,Oui,Souvent,Plutôt satisfait,Non,Non,Oui,Oui,Non,Non,Non,Non,Non,Non,Non,Oui,Oui,Non,Non,Non,Oui,Non,Non,Non,Oui,Oui,Oui,Non,Plus de dix ans,,Non,Non,Non,Oui,En CDD,Non,Oui,Non,Non,Non,Non,Non,Non,Non,,Une femme
418,972,Non,Non,Non,Non,Oui,Oui,Oui,Oui,Non,Non,Non,Non,Non,Oui,Oui,Non,Non,Non,Non,Oui,Non,Non,Non,Non,Oui,Oui,Non,Non,Assez,Non,Non,Oui,Oui,Oui,Non,Oui,M,,,M,M,1,1,M,M,M,M,M,M,M,Non,Non,Oui,Non,Non,Non,Oui,Non,Oui,Non,Oui,Oui,Oui,Oui,Non,Souvent,Souvent,Parfois,Toujours,Oui,Non,Oui,Non,Non,Non,Non,Oui,Non,Oui,Non,Non,Oui,Oui,Non,Non,Non,Oui,Non,Non,"Un manque d’habitude de cette pratique dans les communautés de recherche (savoir faire, etc.)","Des barrières juridiques et économiques contraignant leurs partage (contrat de consortium, valorisation, exclusivité, droit d’auteur).",Une mauvaise qualité des données en l’état.,Un temps trop important nécessaire à leur mise à disposition.,Oui,Toujours,Oui,Oui,Oui,Oui,Oui,Non,Non,Oui,Non,Non,Non,Oui,Oui,Non,Oui,Non,Non,Nous sommes plus de 50 personnes,Oui,Oui,Non,Non,Non,Non,Non,Non,Non,Non,Oui,Linux,Oui,Non,Non,Non,Non,Oui,Oui,Oui,Non,Non,Non,Non,Non,Non,Non,Non,Oui,Non,Non,Non,Non,Non,Oui,Non,Non,Non,Non,Non,Oui,Non,Non,Non,Non,Oui,Oui,Oui,Oui,Non,Non,Non,,,Non,Oui,Non,Non,Non,Non,Non,Non,Oui,Non,Non,Non,Non,Non,Non,Non,Non,Non,Non,Non,Non,Non,Non,Non,Plus de dix ans,Université,Oui,Non,Non,Non,Fonctionnaire ou assimilé,Non,Oui,Non,Non,Non,Non,Non,Non,Non,linguistique,Une femme
419,1034,Oui,Non,Non,Oui,Oui,Oui,Oui,Oui,Non,Non,Oui,Oui,Non,Non,Oui,Non,Oui,Non,Non,Non,Non,Oui,Non,Oui,Non,Non,Non,Oui,Assez,Oui,Non,Non,Oui,Oui,Non,Oui,M,M,,M,,M,,M,M,1,2,M,2,1,Oui,Oui,Oui,Non,Oui,Oui,Non,Oui,Oui,Oui,Oui,Non,Oui,Oui,Oui,Souvent,Souvent,Parfois,Parfois,Oui,Non,Oui,Oui,Non,Non,Oui,Oui,Oui,Oui,Non,Oui,Oui,Oui,Non,Non,Non,Non,Non,Non,Une volonté de valoriser le travail effectué avant un partage pour garder un avantage compétitif.,"Un manque d’habitude de cette pratique dans les communautés de recherche (savoir faire, etc.)",Une peur de mésusage des données par les personnes les réutilisant.,Un temps trop important nécessaire à leur mise à disposition.,Oui,Parfois,Oui,Non,Oui,Oui,Oui,Non,Non,Non,Non,Oui,Oui,Non,Non,Non,Non,Non,Non,Nous sommes entre 2 et 5 personnes,Oui,Oui,Oui,Non,Non,Non,Non,Non,Non,Non,Non,Windows,Oui,Non,Oui,Oui,Non,Oui,Non,Non,Non,Non,Non,Oui,Oui,Non,Non,Non,Non,Non,Oui,Non,Non,Non,Non,Non,Non,Non,Oui,Non,Oui,Oui,Non,Non,Non,Oui,Oui,Non,Non,Oui,Non,Oui,Parfois,Plutôt satisfait,Oui,Oui,Non,Oui,Non,Non,Non,Non,Non,Non,Non,Oui,Oui,Oui,Non,Non,Oui,Non,Non,Non,Non,Non,Non,Non,Plus de dix ans,Université,Non,Non,Oui,Non,Fonctionnaire ou assimilé,Non,Non,Oui,Non,Non,Non,Non,Non,Non,archéologie,Une femme
420,1041,Non,Non,Oui,Oui,Oui,Oui,Oui,Oui,Non,Oui,Non,Non,Non,Oui,Oui,Non,Oui,Oui,Non,Oui,Non,Oui,Oui,Oui,Non,Oui,Non,Oui,Assez,Oui,Non,Oui,Non,Oui,Non,Oui,1,1,1,M,M,M,,M,M,M,,,M,2,Non,Non,Oui,Oui,Oui,Oui,Oui,Oui,Oui,Non,Oui,Non,Non,Oui,Oui,Souvent,Souvent,Souvent,Souvent,Non,Non,Oui,Non,Non,Non,Non,Non,Non,Oui,Oui,Non,Oui,Oui,Oui,Oui,Oui,Oui,Non,Non,"Un manque d’habitude de cette pratique dans les communautés de recherche (savoir faire, etc.)",Une peur de mésusage des données par les personnes les réutilisant.,La peur d’un renforcement d’inégalités entre des personnes produisant des données d’une part et celles les analysant et en tirant des publications d’autre part.,Un temps trop important nécessaire à leur mise à disposition.,Je ne sais pas,Parfois,Oui,Oui,Oui,Oui,Oui,Oui,Non,Non,Non,Non,Oui,Oui,Oui,Oui,Oui,Non,Non,Nous sommes entre 2 et 5 personnes,Oui,Oui,Oui,Non,Oui,Non,Non,Non,Non,Non,Non,MacOS,Oui,Non,Oui,Oui,Non,Oui,Non,Oui,Non,Non,Oui,Oui,Oui,Non,Non,Oui,Oui,Non,Oui,Non,Non,Non,Non,Oui,Non,Oui,Non,Non,Oui,Non,Non,Oui,Oui,Oui,Oui,Oui,Non,Oui,Non,Oui,Toujours,Très insatisfait,Non,Oui,Non,Oui,Non,Oui,Non,Non,Non,Oui,Oui,Non,Oui,Non,Non,Non,Oui,Non,Non,Non,Oui,Oui,Non,Non,Cinq à dix ans,Université,Non,Non,Non,Non,En CDD,Non,Non,Oui,Non,Non,Non,Non,Non,Non,autre,Une femme
421,1045,Non,Non,Oui,Oui,Oui,Oui,Oui,Oui,Non,Oui,Non,Non,Oui,Oui,Oui,Oui,Oui,Oui,Non,Oui,Non,Oui,Oui,Non,Oui,Non,Non,Oui,Assez,Oui,Oui,Oui,Oui,Oui,Oui,Oui,1,,1,M,M,3,M,M,M,M,M,M,M,1,Oui,Non,Non,Non,Non,Non,Non,Non,Oui,Oui,Oui,Non,Oui,Oui,Non,Souvent,Parfois,,,Oui,Oui,Oui,Non,Non,Non,Oui,Oui,Oui,Oui,Non,Oui,Oui,Non,Oui,Non,Oui,Oui,Non,Non,"Un manque d’habitude de cette pratique dans les communautés de recherche (savoir faire, etc.)",Une peur de mésusage des données par les personnes les réutilisant.,Des conditions éthiques limitant leur partage.,Une volonté de valoriser le travail effectué avant un partage pour garder un avantage compétitif.,Oui,Souvent,Oui,Oui,Oui,Oui,Oui,Oui,Non,Oui,Oui,Oui,Oui,Oui,Oui,Non,Non,Oui,Non,Nous sommes entre 11 et 20 personnes,Oui,Oui,Oui,Non,Non,Non,Non,Non,Non,Non,Oui,MacOS,Oui,Non,Non,Non,Non,Non,Non,Non,Non,Non,Oui,Oui,Oui,Non,Non,Non,Non,Non,Non,Non,Non,Oui,Oui,Non,Non,Non,Non,Non,Non,Non,Non,Non,Oui,Oui,Oui,Oui,Oui,Oui,Non,Oui,Souvent,Plutôt satisfait,Non,Oui,Non,Non,Oui,Oui,Oui,Non,Oui,Oui,Oui,Oui,Oui,Oui,Oui,Non,Oui,Oui,Oui,Oui,Non,Non,Non,Non,Plus de dix ans,Université,Oui,Non,Non,Non,Fonctionnaire ou assimilé,Non,Non,Oui,Non,Non,Non,Non,Non,Non,linguistique,Une femme
422,1070,Oui,Non,Oui,Non,Oui,Oui,Non,Oui,Non,Oui,Non,Oui,Non,Oui,Oui,Non,Oui,Oui,Oui,Non,Non,Oui,Non,Non,Non,Non,Non,Oui,Tout à fait,Oui,Oui,Oui,Oui,Non,Non,Non,1,M,M,1,1,M,M,1,1,1,1,1,1,1,Oui,Oui,Non,Non,Oui,Non,Non,Non,Non,Oui,Oui,Oui,Non,Oui,Oui,Parfois,Parfois,Jamais,Souvent,Non,Non,Oui,Non,Non,Non,Non,Non,Non,Non,Non,Non,Non,Non,Non,Oui,Non,Oui,Non,Non,Un doute sur la capacité de réutilisation des données par d’autres (contextualisation et documentation nécessaire).,La peur d’un renforcement d’inégalités entre des personnes produisant des données d’une part et celles les analysant et en tirant des publications d’autre part.,Un temps trop important nécessaire à leur mise à disposition.,"Un manque d’habitude de cette pratique dans les communautés de recherche (savoir faire, etc.)",Oui,Parfois,Oui,Oui,Oui,Oui,Oui,Oui,Non,Oui,Non,Oui,Non,Non,Non,Non,Oui,Non,Non,Nous sommes entre 6 et 10 personnes,Oui,Oui,Oui,Oui,Oui,Oui,Oui,Oui,Oui,Oui,Non,Linux,Oui,Non,Non,Oui,Non,Oui,Oui,Oui,Oui,Non,,,,,,,,,,,,,,,,,,,,,,Non,Non,Oui,Oui,Oui,Non,Non,Non,Oui,Souvent,Plutôt satisfait,Non,Oui,Non,Non,Non,Non,Non,Non,Non,Non,Non,Oui,Non,Non,Oui,Non,Non,Non,Non,Non,Non,Non,Non,Non,Plus de dix ans,organisme,Non,Non,Oui,Non,Fonctionnaire ou assimilé,Non,Oui,Non,Non,Non,Oui,Non,Non,Non,,Une femme
423,1086,Non,Non,Non,Oui,Oui,Oui,Oui,Non,Non,Oui,Non,Non,Non,Non,Non,Non,Non,Non,Non,Oui,Non,Non,Non,Non,Non,Non,Non,Non,Assez,Oui,Oui,Oui,Oui,Oui,Non,Oui,M,M,M,M,M,1,M,1,M,M,M,M,M,M,Non,Non,Oui,Non,Oui,Oui,Non,Oui,Oui,Non,Oui,Non,Oui,Oui,Non,Parfois,Parfois,Parfois,Parfois,Non,Non,Oui,Non,Non,Non,Non,Non,Non,Oui,Non,Oui,Non,Non,Oui,Non,Non,Non,Non,Non,Un temps trop important nécessaire à leur mise à disposition.,"Des barrières juridiques et économiques contraignant leurs partage (contrat de consortium, valorisation, exclusivité, droit d’auteur).",,,Oui,Parfois,Non,Oui,Oui,Oui,Oui,Non,Non,Oui,Oui,Non,Oui,Non,Oui,Non,Non,Non,Non,Nous sommes entre 6 et 10 personnes,Oui,Oui,Oui,Non,Non,Non,Non,Non,Non,Non,Non,Linux,Oui,Non,Non,Oui,Oui,Non,Non,Non,Non,Non,Non,Oui,Oui,Non,Non,Non,Non,Non,Oui,Oui,Non,Oui,Non,Oui,Oui,Non,Non,Non,Oui,Non,Non,Non,Non,Oui,Oui,Non,Oui,Non,Non,Oui,Souvent,Plutôt satisfait,Non,Oui,Non,Non,Non,Non,Non,Non,Non,Non,Non,Non,Oui,Non,Non,Non,Oui,Oui,Oui,Non,Non,Non,Non,Non,Plus de dix ans,CNRS,Oui,Non,Non,Non,Fonctionnaire ou assimilé,Non,Non,Oui,Non,Non,Non,Non,Non,Non,linguistique,Une femme
424,1087,Non,Non,Oui,Oui,Oui,Non,Oui,Oui,Non,Oui,Non,Oui,Non,Oui,Oui,Non,Oui,Oui,Non,Oui,Non,Oui,Oui,Non,Non,Non,Non,Non,Tout à fait,Non,Non,Oui,Oui,Oui,Non,Non,3,M,1,1,M,2,2,1,2,,M,1,,M,Oui,Non,Oui,Non,Non,Non,Non,Oui,Oui,Non,Oui,Non,Non,Non,Non,Parfois,Parfois,Jamais,Souvent,Non,Non,Oui,Oui,Non,Non,Non,Non,Non,Non,Non,Non,Oui,Non,Non,Non,Oui,Oui,Non,Non,"Un manque d’habitude de cette pratique dans les communautés de recherche (savoir faire, etc.)",Un temps trop important nécessaire à leur mise à disposition.,"Des barrières juridiques et économiques contraignant leurs partage (contrat de consortium, valorisation, exclusivité, droit d’auteur).",Une mauvaise qualité des données en l’état.,Oui,Souvent,Non,Non,Oui,Oui,Non,Non,Non,Oui,Oui,Non,Non,Non,Oui,Non,Oui,Non,Non,Nous sommes entre 11 et 20 personnes,Oui,Oui,Non,Non,Oui,Oui,Non,Non,Non,Non,Non,MacOS,Oui,Non,Oui,Oui,Non,Oui,Oui,Oui,Non,Non,Oui,Non,Oui,Non,Non,Non,Oui,Non,Non,Non,Non,Oui,Non,Non,Non,Oui,Non,Non,Oui,Non,Non,Non,Oui,Oui,Oui,Oui,Oui,Non,Non,Non applicable,,,Non,Oui,Non,Non,Non,Non,Non,Non,Non,Non,Non,Non,Non,Non,Non,Oui,Non,Non,Oui,Non,Non,Non,Non,Non,Cinq à dix ans,Université,Oui,Non,Non,Non,Fonctionnaire ou assimilé,Non,Oui,Oui,Non,Non,Non,Non,Non,Non,autre,Un homme
425,1119,Oui,Non,Non,Non,Non,Non,Non,Oui,Oui,Oui,Oui,Oui,Oui,Oui,Oui,Non,Oui,Oui,Oui,Oui,Oui,Non,Oui,Oui,Non,Non,Non,Non,Tout à fait,Oui,Oui,Oui,Oui,Oui,Oui,Oui,P,,2,1,1,2,,1,1,,M,M,1,1,Non,Oui,Non,Non,Oui,Non,Non,Non,Oui,Non,Non,Non,Oui,Oui,Oui,Jamais,Parfois,Jamais,Non applicable,Oui,Oui,Oui,Non,Non,Non,Oui,Non,Oui,Oui,Non,Non,Non,Oui,Non,Non,Oui,Non,Non,Non,Un doute sur la capacité de réutilisation des données par d’autres (contextualisation et documentation nécessaire).,Un temps trop important nécessaire à leur mise à disposition.,"Un manque d’habitude de cette pratique dans les communautés de recherche (savoir faire, etc.)","Des barrières juridiques et économiques contraignant leurs partage (contrat de consortium, valorisation, exclusivité, droit d’auteur).",Je ne sais pas,Parfois,Non,Oui,Oui,Oui,Oui,Oui,Non,Non,Non,Oui,Oui,Non,Non,Non,Non,Non,Non,Nous sommes entre 11 et 20 personnes,Oui,Oui,Oui,Non,Non,Non,Non,Non,Non,Non,Oui,Windows,Oui,Non,Non,Oui,Non,Non,Oui,Non,Non,Non,Oui,Oui,Oui,Non,Oui,Non,Oui,Non,Non,Non,Non,Oui,Oui,Oui,Oui,Oui,Oui,Oui,Oui,Non,Non,Non,Non,Oui,Non,Non,Non,Oui,Non,Oui,Parfois,Plutôt satisfait,Non,Oui,Non,Non,Non,Non,Non,Non,Oui,Oui,Oui,Oui,Oui,Oui,Oui,Non,Oui,Non,Non,Non,Non,Oui,Oui,Non,Plus de dix ans,organisme,Non,Non,Oui,Non,En CDI,Non,Non,Non,Non,Non,Oui,Non,Non,Non,autre,Une femme
426,1148,Non,Non,Non,Oui,Oui,Oui,Oui,Oui,Non,Non,Non,Non,Non,Non,Oui,Non,Oui,Oui,Non,Oui,Non,Non,Oui,Non,Oui,Oui,Non,Oui,Assez,Non,Oui,Oui,Oui,Oui,Oui,Oui,2,,,3,1,P,,P,1,P,P,P,P,P,Oui,Non,Oui,Non,Non,Oui,Oui,Oui,Non,Oui,Non,Non,Non,Oui,Non,Jamais,Parfois,Souvent,,Non,Non,Oui,Oui,Non,Non,Non,Non,Non,Oui,Non,Non,Oui,Non,Non,Non,Non,Non,Non,Non,"Un manque d’habitude de cette pratique dans les communautés de recherche (savoir faire, etc.)",Une volonté de valoriser le travail effectué avant un partage pour garder un avantage compétitif.,Une peur de mésusage des données par les personnes les réutilisant.,"Des barrières juridiques et économiques contraignant leurs partage (contrat de consortium, valorisation, exclusivité, droit d’auteur).",Oui,Souvent,Oui,Non,Oui,Oui,Oui,Oui,Oui,Oui,Oui,Non,Oui,Non,Non,Non,Non,Non,Non,Nous sommes entre 6 et 10 personnes,Oui,Oui,Oui,Oui,Oui,Oui,Oui,Oui,Oui,Non,Oui,Windows,Oui,Non,Oui,Non,Non,Non,Non,Non,Oui,Non,,,,,,,,,,,,,,,,,,,,,,Non,Non,Oui,Oui,Non,Non,Non,Non,Oui,Toujours,Plutôt satisfait,Oui,Oui,Non,Non,Non,Non,Non,Non,Non,Non,Non,Non,Non,Oui,Oui,Non,Oui,Non,Oui,Non,Non,Non,Oui,Non,Plus de dix ans,Université,Oui,Non,Non,Non,Fonctionnaire ou assimilé,Non,Non,Oui,Non,Non,Non,Non,Non,Non,linguistique,Une femme
427,1156,Non,Non,Oui,Oui,Oui,Oui,Oui,Non,Oui,Oui,Oui,Oui,Oui,Oui,Oui,Non,Oui,Oui,Non,Oui,Non,Oui,Oui,Oui,Non,Oui,Oui,Non,Tout à fait,Oui,Oui,Oui,Oui,Oui,Non,Non,2,,,M,M,2,2,1,,M,1,,,1,Oui,Non,Oui,Oui,Oui,Oui,Oui,Oui,Oui,Oui,Non,Oui,Oui,Oui,Oui,Souvent,Parfois,Parfois,Parfois,Non,Non,Non,Non,Oui,Non,Non,Oui,Non,Oui,Non,Non,Non,Oui,Oui,Non,Non,Non,Non,Non,Une volonté de valoriser le travail effectué avant un partage pour garder un avantage compétitif.,La peur d’un renforcement d’inégalités entre des personnes produisant des données d’une part et celles les analysant et en tirant des publications d’autre part.,Un temps trop important nécessaire à leur mise à disposition.,Une mauvaise qualité des données en l’état.,Je ne sais pas,Souvent,Non,Non,Oui,Oui,Non,Non,Non,Oui,Oui,Non,Non,Non,Non,Non,Non,Non,Non,Nous sommes entre 2 et 5 personnes,Oui,Oui,Oui,Non,Non,Non,Non,Non,Non,Non,Non,MacOS,Oui,Non,Non,Non,Oui,Non,Non,Oui,Non,Non,Oui,Non,Oui,Non,Non,Non,Oui,Oui,Non,Oui,Non,Oui,Oui,Non,Oui,Oui,Oui,Non,Non,Non,Non,Non,Non,Oui,Oui,Non,Oui,Non,Non,Oui,Parfois,Très satisfait,Oui,Oui,Non,Oui,Non,Non,Non,Non,Oui,Non,Non,Oui,Non,Non,Non,Non,Oui,Non,Non,Oui,Non,Oui,Non,Non,Plus de dix ans,,Non,Non,Oui,Non,Fonctionnaire ou assimilé,Non,Non,Oui,Non,Non,Non,Non,Non,Non,sociologie,Une femme
428,1210,Non,Non,Oui,Oui,Oui,Oui,Oui,Oui,Non,Oui,Non,Non,Non,Oui,Oui,Non,Non,Non,Non,Non,Non,Oui,Non,Non,Non,Non,Non,Oui,Peu,Oui,Oui,Non,Oui,Oui,Non,Oui,P,P,P,P,2,P,3,2,P,1,3,3,2,,Oui,Non,Oui,Non,Oui,Oui,Non,Oui,Oui,Oui,Oui,Non,Non,Oui,Oui,Parfois,Parfois,Parfois,Souvent,Oui,Non,Non,Non,Non,Non,Non,Non,Oui,Non,Non,Non,Oui,Non,Non,Oui,Oui,Oui,Non,Non,Une peur de mésusage des données par les personnes les réutilisant.,"Un manque d’habitude de cette pratique dans les communautés de recherche (savoir faire, etc.)",Une mauvaise qualité des données en l’état.,"Des barrières juridiques et économiques contraignant leurs partage (contrat de consortium, valorisation, exclusivité, droit d’auteur).",Non,Souvent,Non,Oui,Oui,Oui,Oui,Oui,Oui,Oui,Non,Non,Oui,Non,Non,Non,Non,Non,Non,Nous sommes entre 2 et 5 personnes,Oui,Non,Oui,Oui,Oui,Oui,Oui,Oui,Non,Oui,Non,Windows,Oui,Non,Oui,Non,Non,Non,Non,Oui,Oui,Non,,,,,,,,,,,,,,,,,,,,,,Non,Oui,Oui,Oui,Oui,Oui,Oui,Non,Oui,Souvent,Plutôt satisfait,Oui,Oui,Non,Non,Oui,Non,Oui,Non,Oui,Oui,Oui,Oui,Oui,Non,Oui,Non,Oui,Non,Oui,Non,Non,Oui,Oui,Non,Plus de dix ans,autre,Non,Non,Oui,Oui,Fonctionnaire ou assimilé,Non,Non,Oui,Non,Non,Non,Oui,Non,Non,histoire,Une femme
