"ID","classes_opendata","classes_travail","terme_corpus","terme_ressources","terme_valeurs","terme_sources","terme_materiaux","terme_mesures","terme_stat","terme_jeuxdo","terme_basedo","terme_pipeline","terme_brutes","terme_nettoyees","terme_negatives","reprofam","quali_tracabilite","quali_replicabilite","quali_reproductibilite","quali_explicabilite","quali_rechouv","quali_openschol","quali_transparence","partagerestreint","partagecontrole","partageligne","partagelicence","oblig_comedit","oblig_comethique","oblig_financeur","oblig_partenaire","oblig_non","oblig_nonapp","dispo_amov","dispo_envoi","dispo_mail","dispo_servsecu","dispo_datapaper","dispo_supplem","dispo_site","dispo_cloudnoninst","dispo_cloudinst","dispo_entrepgal","dispo_entrepdiscip","dispo_git","dispo_nsp","dispo_nonapp","limite_habitude","limite_valo","limite_doute","limite_temps","limite_mesusage","reutilisable","reutilise","mettredispo_cahiers","mettredispo_logiciels","mettredispo_doc","mettredispo_metado","mettredispo_protocole","mettredispo_blog","conserv_ordiperso","conserv_ordiprof","conserv_externe","conserv_servint","conserv_servinst","conserv_servautre","conserv_servinfrastr","conserv_servprive","conserv_web","conserv_archivage","conserv_nonappl","collab_cahier","collab_bdd","collab_dosspartage","collab_redacpartage","collab_codepartage","collab_wiki","collab_gestionproj","collab_seul","connsoutien","bénésoutien","oksoutien","soutien_fi","soutien_rh","soutien_infrastr","soutien_tech","soutien_forma","soutien_jur","soutien_ethique","soutien_nonapp","aide_amont","aide_constitution","aide_traitement","aide_stockage","aide_misedispo","aide_valo","aide_publi","aide_nonappl","aidequi_speetab","aidequi_sepecentres","aidequi_labo","aidequi_liste","aidequi_platef","aidequi_formation","aidequi_JE","aidequi_nonappl","anciennete","structure","fct_perma","fct_nonperma","fct_IT","fct_bib","fct_autre","statut","disc_dt","disc_inf","disc_lsh","disc_math","disc_pluri","disc_vie","disc_inge","disc_terre","disc_matiere","specialite","sexe","envir_labo","envir_clinique","envir_terrain","envir_bibarchives","envir_modele","envir_theoredac","plus_tech","plus_expe","plus_autom","plus_dorares","plus_dostandards","plus_theo","plus_workflow","plus_modeli","plus_support","temps_collecte","temps_numeriser","temps_corpus","temps_nettoyer","temps_structurer","temps_analyser","temps_modeliser","temps_visu","temps_qualifier","temps_archiver","temps_qualite","temps_disporech","temps_com","temps_formation","source_terrain","source_instru","source_bddOA","source_bddabo","source_bddcoll","source_article","source_web","source_archive","produit_fichierordi","produit_fichierhteperf","produit_norme","produit_script","produit_logiciel","produit_notesnum","produit_notespap","tailleequipe","wavec_perman","wavec_nonperman","wavec_IT","wavec_SI","wavec_bib","wavec_jur","wavec_valo","wavec_scouv","wavec_manag","wavec_com","wavec_intnat","sysOS","log_tab","log_tabsci","log_bdd","log_visu","log_stat","log_image","log_datasci","log_prog","log_entrep","log_nonapp","outil_moi","outil_equipe","outil_parten","outil_employeur","outil_reso","outil_liste","outil_formation","outil_colloque","outil_informel","outil_veille","outil_nonapp","forma_equipe","forma_parten","forma_atelier","forma_informel","forma_mooc","forma_presentiel","forma_continue","forma_tuto","forma_papier","forma_nonapp"
29,1,1,"Oui","Non","Non","Oui","Oui","Non","Non","Non","Oui","Non","Non","Non","Non","Assez","Oui","Non","Non","Non","Non","Non","Non","NA","NA","Toujours","NA","Non","Non","Non","Non","Oui","Non","Non","Non","Non","Non","Non","Non","Oui","Non","Non","Non","Non","Non","Non","Non","non","oui","oui","non","non","Oui","Souvent","Non","Non","Non","Oui","Oui","Oui","Non","Non","Non","Non","Oui","Non","Non","Non","Non","Non","Non","Non","Non","Oui","Oui","Non","Non","Oui","Non","Oui","Souvent","plutotsat","Non","Non","Non","Oui","Oui","Non","Non","Non","Non","Non","Non","Non","Non","Non","Non","Oui","Non","Non","Non","Non","Oui","Oui","Non","Non","Cinq à dix ans","autre","Non","Non","Non","Oui","Non","fonct","Non","Non","Oui","Non","Non","Non","Non","Non","Non","autre","Une femme","Non","Non","Oui","Oui","Non","Oui","Non","Non","Non","Oui","Non","Oui","Non","Non","Oui","moins","moins","moins","moins","moins","moins","NA","moins","NA","moins","moins","NA","moins","NA","Oui","Non","Oui","Non","Non","Oui","Oui","Oui","Oui","Non","Oui","Non","Non","Oui","Non","seule","NA","NA","NA","NA","NA","NA","NA","NA","NA","NA","NA","Windows","Non","Non","Non","Oui","Non","Non","Non","Non","Non","Non","Non","Oui","Non","Non","Non","Non","Non","Non","Non","Non","Non","Oui","Non","Non","Non","Non","Non","Non","Non","Non","Non"
211,2,1,"Oui","Non","Non","Oui","Oui","Non","Non","Non","Non","Non","Non","Non","Non","Pas du tout","Non","Non","Non","Non","Non","Non","Non","Parfois","Jamais","Jamais","Jamais","Non","Non","Non","Non","Oui","Non","Non","Non","Non","Non","Non","Non","Non","Non","Non","Non","Non","Non","Oui","Non","non","non","oui","non","oui","Non","Souvent","Non","Non","Non","Non","Non","Oui","Oui","Non","Oui","Non","Non","Non","Non","Oui","Non","Non","Non","Non","Non","Oui","Oui","Non","Non","Non","Non","Non","NA","NA","Non","Non","Non","Non","Non","Non","Non","Oui","Non","Non","Non","Non","Non","Non","Non","Oui","Non","Non","Non","Non","Non","Non","Non","Oui","Plus de dix ans","CNRS","Oui","Non","Non","Non","Non","fonct","Non","Non","Oui","Non","Non","Non","Non","Non","Non","autre","Une femme","Non","Non","Oui","Oui","Non","Oui","Non","Non","Non","Oui","Non","Oui","Non","Non","Non","moins","NA","NA","moins","NA","plus","NA","NA","NA","moins","moins","NA","moins","NA","Oui","Non","Non","Non","Non","Oui","Oui","Non","Oui","Non","Non","Non","Non","Non","Oui","seule","NA","NA","NA","NA","NA","NA","NA","NA","NA","NA","NA","Windows","Non","Non","Non","Non","Non","Non","Non","Non","Non","Oui","Non","Non","Non","Non","Non","Non","Non","Non","Non","Non","Oui","Non","Non","Non","Non","Non","Non","Non","Non","Non","Oui"
321,1,1,"Oui","Oui","Non","Oui","Non","Non","Non","Non","Oui","Non","Non","Non","Non","Assez","Non","Non","Non","Non","Non","Non","Non","NA","NA","NA","Parfois","Non","Non","Non","Non","Non","Oui","Non","Non","Non","Non","Non","Non","Non","Non","Non","Non","Non","Non","Non","Oui","oui","non","non","non","non","Je ne sais pas","Parfois","Non","Non","Oui","Oui","Oui","Non","Oui","Non","Oui","Non","Non","Non","Non","Non","Non","Non","Non","Non","Non","Oui","Non","Non","Non","Non","Oui","Oui","Parfois","NA","Non","Non","Non","Non","Non","Non","Non","Oui","Oui","Oui","Oui","Oui","Oui","Oui","Oui","Non","Oui","Non","Oui","Non","Non","Oui","Non","Non","Plus de dix ans","Université","Oui","Non","Non","Non","Non","fonct","Non","Non","Oui","Non","Non","Non","Non","Non","Non","autre","Une femme","Non","Non","Non","Oui","Non","Oui","Non","Non","Non","Non","Non","Oui","Non","Non","Non","moins","NA","NA","NA","NA","plus","NA","NA","NA","NA","NA","NA","NA","NA","Non","Non","Oui","Non","Non","Oui","Non","Oui","Non","Non","Non","Non","Non","Non","Oui","seule","NA","NA","NA","NA","NA","NA","NA","NA","NA","NA","NA","Windows","Non","Non","Non","Non","Non","Non","Non","Non","Non","Oui","Non","Oui","Non","Non","Non","Non","Non","Oui","Non","Non","Non","Non","Non","Non","Non","Non","Oui","Non","Oui","Non","Non"
382,3,1,"Oui","Oui","Non","Oui","Oui","Oui","Oui","Non","Oui","Non","Non","Non","Non","Pas du tout","Oui","Non","Non","Oui","Non","Non","Oui","Souvent","Jamais","Jamais","Jamais","Oui","Non","Oui","Oui","Non","Non","Oui","Oui","Oui","Non","Non","Non","Non","Oui","Non","Non","Non","Non","Non","Non","oui","non","non","oui","oui","Je ne sais pas","Parfois","Oui","Non","Non","Non","Non","Oui","Oui","Non","Oui","Non","Non","Non","Non","Non","Non","Non","Non","Non","Non","Oui","Non","Non","Non","Non","Oui","Oui","Parfois","plutotsat","Oui","Oui","Non","Non","Non","Non","Non","Non","Oui","Oui","Oui","Non","Non","Non","Oui","Non","Oui","Non","Oui","Non","Non","Non","Non","Non","Plus de dix ans","autre","Oui","Non","Non","Non","Non","fonct","Non","Non","Non","Non","Non","Non","Non","Non","Non","autre","Une femme","Non","Non","Oui","Oui","Oui","Oui","Non","Non","Non","Oui","Non","Oui","Non","Non","Non","plus","moins","plus","plus","moins","plus","plus","moins","moins","plus","moins","moins","moins","moins","Non","Non","Oui","Non","Non","Oui","Non","Oui","Oui","Non","Non","Non","Non","Oui","Oui","seule","NA","NA","NA","NA","NA","NA","NA","NA","NA","NA","NA","Windows","Oui","Non","Non","Non","Non","Oui","Non","Non","Non","Non","Oui","Non","Non","Non","Non","Non","Oui","Non","Oui","Non","Non","Oui","Non","Non","Oui","Non","Non","Non","Oui","Non","Non"
426,1,1,"Oui","Oui","Non","Oui","Oui","Non","Non","Non","Oui","Non","Non","Non","Non","Pas du tout","Non","Oui","Non","Non","Oui","Non","Non","Non applicable","Non applicable","Non applicable","Non applicable","Non","Non","Non","Non","Oui","Non","Non","Non","Non","Non","Non","Non","Non","Non","Non","Non","Non","Non","Non","Oui","non","non","non","non","non","Non applicable","Non applicable","Non","Oui","Oui","Non","Oui","Oui","Non","Non","Non","Non","Non","Non","Non","Non","Non","Non","Oui","Non","Non","Non","Non","Non","Non","Non","Oui","Oui","Parfois","insatisfait","Non","Non","Non","Oui","Oui","Non","Non","Non","Oui","Oui","Oui","Non","Oui","Oui","Non","Non","Oui","Non","Oui","Non","Oui","Non","Oui","Non","Moins de cinq ans","NA","Non","Oui","Non","Non","Non","autre","Oui","Non","Oui","Non","Non","Non","Non","Non","Non","autre","Un homme","Non","Non","Non","Oui","Oui","Non","Oui","Non","Non","Oui","Non","Non","Non","Non","Non","moins","moins","moins","moins","plus","moins","moins","moins","moins","moins","moins","moins","moins","moins","Non","Non","Non","Non","Non","Oui","Oui","Oui","Oui","Non","Non","Non","Oui","Non","Non","seule","NA","NA","NA","NA","NA","NA","NA","NA","NA","NA","NA","MacOS","Oui","Non","Non","Non","Non","Non","Non","Non","Non","Non","Oui","Oui","Non","Non","Non","Non","Non","Non","Non","Non","Non","Non","Non","Oui","Non","Oui","Oui","Oui","Non","Non","Non"
456,1,1,"Oui","Oui","Non","Non","Non","Non","Non","Non","Non","Non","Non","Non","Non","Pas du tout","Non","Non","Non","Non","Oui","Non","Non","NA","NA","NA","NA","Non","Non","Non","Non","Oui","Non","Non","Non","Oui","Non","Non","Non","Non","Non","Non","Non","Non","Non","Non","Non","non","non","non","oui","oui","Je ne sais pas","Je ne sais pas","Non","Non","Non","Oui","Non","Non","Oui","Non","Oui","Non","Non","Non","Non","Non","Non","Non","Non","Non","Non","Non","Non","Non","Non","Non","Oui","Non applicable","NA","NA","Non","Non","Non","Non","Non","Non","Non","Oui","Non","Non","Non","Non","Non","Non","Non","Oui","Non","Non","Non","Non","Non","Non","Non","Oui","Moins de cinq ans","NA","Non","Oui","Non","Non","Non","fonct","Non","Non","Oui","Non","Non","Non","Non","Non","Non","autre","Une femme","Non","Non","Oui","Oui","Non","Oui","Non","Non","Non","Non","Non","Non","Non","Non","Oui","plus","moins","plus","NA","NA","plus","NA","plus","moins","plus","moins","NA","moins","NA","Non","Non","Oui","Non","Oui","Oui","Non","Oui","Oui","Non","Non","Non","Non","Oui","Oui","seule","NA","NA","NA","NA","NA","NA","NA","NA","NA","NA","NA","MacOS","Non","Non","Non","Non","Non","Non","Non","Non","Non","Oui","Oui","Non","Non","Non","Non","Non","Non","Non","Oui","Non","Non","Non","Non","Non","Non","Non","Non","Non","Oui","Non","Non"
461,1,1,"Oui","Oui","Non","Oui","Oui","Non","Non","Non","Oui","Non","Oui","Non","Non","Assez","Oui","Non","Non","Oui","Oui","Non","Oui","NA","NA","NA","Parfois","Oui","Non","Non","Non","Non","Non","Non","Oui","Non","Non","Non","Non","Oui","Oui","Non","Non","Oui","Non","Non","Non","non","non","non","oui","non","Oui","Toujours","Non","Non","Non","Oui","Oui","Non","Oui","Non","Oui","Non","Non","Non","Non","Non","Non","Non","Non","Non","Non","Non","Non","Non","Non","Non","Oui","Non","NA","NA","Oui","Non","Non","Non","Non","Non","Non","Non","Oui","Non","Non","Non","Non","Non","Non","Non","Non","Non","Oui","Non","Non","Non","Oui","Non","Plus de dix ans","autre","Non","Oui","Non","Non","Non","autre","Non","Non","Oui","Non","Oui","Non","Non","Non","Non","autre","Un homme","Non","Non","Oui","Oui","Oui","Oui","Non","Non","Non","Oui","Non","Oui","Non","Oui","Non","moins","NA","moins","NA","NA","plus","NA","moins","moins","moins","NA","NA","moins","NA","Oui","Non","Non","Non","Oui","Oui","Non","Oui","Oui","Non","Non","Non","Non","Oui","Oui","seule","NA","NA","NA","NA","NA","NA","NA","NA","NA","NA","NA","Windows","Oui","Non","Non","Non","Non","Oui","Non","Non","Non","Non","Oui","Oui","Oui","Oui","Non","Non","Non","Non","Non","Non","Non","Oui","Oui","Oui","Oui","Oui","Oui","Non","Oui","Non","Non"
474,1,1,"Oui","Oui","Non","Non","Non","Non","Non","Non","Oui","Non","Non","Non","Non","Peu","Non","Non","Non","Non","Oui","Oui","Oui","NA","Toujours","NA","NA","Non","Non","Non","Non","Oui","Non","Non","Non","Non","Non","Non","Oui","Oui","Non","Non","Non","Non","Non","Non","Non","non","non","non","non","oui","Oui","Souvent","Non","Non","Oui","Non","Non","Oui","Non","Non","Oui","Non","Non","Non","Non","Non","Non","Non","Non","Non","Non","Non","Non","Non","Non","Non","Oui","Oui","Toujours","tressat","Non","Oui","Non","Non","Non","Non","Non","Non","Non","Oui","Non","Non","Oui","Non","Non","Non","Non","Oui","Oui","Non","Non","Non","Non","Non","Cinq à dix ans","autre","Non","Non","Non","Non","Non","autre","Non","Non","Oui","Non","Non","Non","Non","Non","Non","autre","Un homme","Non","Non","Non","Oui","Oui","Oui","Non","Non","Non","Non","Non","Oui","Non","Non","Non","moins","NA","moins","NA","NA","NA","NA","moins","NA","plus","plus","NA","NA","NA","Non","Non","Oui","Non","Oui","Oui","Oui","Non","Oui","Non","Non","Non","Non","Oui","Non","seule","NA","NA","NA","NA","NA","NA","NA","NA","NA","NA","NA","Windows","Non","Non","Oui","Non","Non","Oui","Non","Non","Non","Non","Oui","Non","Non","Non","Non","Non","Oui","Non","Non","Non","Non","Non","Non","Non","Non","Non","Non","Non","Oui","Oui","Non"
496,2,1,"Non","Oui","Non","Oui","Oui","Non","Non","Non","Non","Non","Oui","Non","Non","Assez","Oui","Non","Non","Oui","Non","Non","Non","Jamais","Jamais","Jamais","Jamais","Non","Non","Non","Non","Oui","Non","Non","Non","Non","Non","Non","Non","Non","Non","Non","Non","Non","Non","Non","Oui","oui","non","oui","non","oui","Je ne sais pas","Jamais","Oui","Oui","Oui","Oui","Oui","Non","Oui","Non","Oui","Non","Non","Non","Non","Oui","Non","Non","Non","Non","Non","Non","Non","Non","Non","Non","Oui","Non","NA","NA","Non","Non","Non","Non","Non","Non","Non","Oui","Non","Non","Non","Oui","Non","Non","Oui","Non","Oui","Oui","Oui","Non","Oui","Oui","Non","Non","Cinq à dix ans","autre","Non","Oui","Non","Non","Non","autre","Non","Non","Oui","Non","Non","Non","Non","Non","Non","autre","Un homme","Non","Non","Oui","Non","Non","Oui","Oui","Non","Non","Oui","Non","Oui","Non","Non","Non","moins","NA","moins","moins","NA","moins","moins","NA","NA","moins","NA","NA","NA","NA","Oui","Non","Non","Non","Non","Non","Non","Non","Oui","Non","Non","Non","Non","Oui","Oui","seule","NA","NA","NA","NA","NA","NA","NA","NA","NA","NA","NA","Windows","Oui","Non","Non","Non","Non","Non","Non","Non","Non","Non","Oui","Non","Non","Oui","Non","Non","Oui","Non","Non","Non","Non","Non","Non","Non","Non","Non","Non","Non","Non","Non","Oui"
502,2,1,"Oui","Non","Non","Oui","Oui","Non","Non","Non","Oui","Non","Non","Non","Non","Peu","Oui","Oui","Non","Oui","Oui","Non","Oui","Parfois","Parfois","Jamais","Jamais","Non","Non","Non","Non","Oui","Non","Non","Non","Non","Non","Non","Non","Non","Non","Non","Non","Non","Non","Non","Oui","non","oui","oui","non","oui","Je ne sais pas","Parfois","Non","Non","Non","Non","Oui","Oui","Oui","Non","Non","Non","Non","Non","Non","Non","Non","Non","Non","Oui","Non","Oui","Oui","Non","Non","Non","Non","Non","NA","NA","Non","Non","Oui","Oui","Non","Non","Non","Non","Oui","Oui","Oui","Non","Oui","Oui","Non","Non","Oui","Non","Non","Non","Non","Oui","Non","Non","Moins de cinq ans","NA","Non","Oui","Non","Non","Non","doct","Non","Non","Oui","Non","Non","Non","Non","Non","Non","autre","Une femme","Non","Non","Oui","Oui","Non","Oui","Non","Non","Non","Oui","Non","Non","Non","Non","Non","moins","moins","moins","moins","moins","moins","moins","moins","moins","moins","moins","moins","moins","moins","Oui","Non","Non","Oui","Non","Non","Non","Non","Non","Non","Non","Non","Non","Oui","Oui","seule","NA","NA","NA","NA","NA","NA","NA","NA","NA","NA","NA","MacOS","Oui","Non","Non","Non","Non","Non","Non","Non","Non","Non","Oui","Non","Non","Non","Non","Non","Non","Non","Non","Non","Non","Oui","Oui","Non","Non","Non","Non","Non","Non","Non","Non"
572,2,1,"Oui","Non","Non","Oui","Non","Non","Non","Non","Non","Non","Non","Non","Non","Pas du tout","Non","Non","Non","Non","Non","Non","Non","Souvent","Jamais","Jamais","Jamais","Non","Non","Non","Non","Oui","Non","Oui","Non","Non","Non","Non","Non","Non","Non","Non","Non","Non","Non","Non","Non","non","non","oui","non","oui","Oui","Je ne sais pas","Non","Non","Non","Non","Non","Non","Oui","Non","Oui","Non","Non","Non","Non","Non","Non","Non","Non","Non","Non","Oui","Non","Non","Non","Non","Non","Oui","Parfois","nini","Non","Non","Non","Non","Non","Non","Non","Oui","Non","Non","Non","Non","Non","Non","Non","Oui","Non","Non","Non","Non","Non","Non","Non","Oui","Plus de dix ans","autre","Non","Oui","Non","Non","Non","autre","Non","Non","Oui","Non","Non","Non","Non","Non","Non","autre","Un homme","Non","Non","Non","Oui","Non","Oui","Non","Non","Non","Non","Non","Oui","Non","Non","Non","moins","moins","moins","moins","NA","plus","NA","NA","NA","moins","NA","moins","NA","NA","Non","Non","Non","Non","Non","Non","Non","Oui","Non","Non","Non","Non","Non","Non","Non","seule","NA","NA","NA","NA","NA","NA","NA","NA","NA","NA","NA","Windows","Non","Non","Non","Non","Non","Oui","Non","Non","Non","Non","Non","Non","Non","Non","Non","Non","Non","Non","Non","Non","Oui","Non","Non","Non","Non","Non","Non","Non","Non","Non","Oui"
580,3,1,"Oui","Oui","Non","Oui","Oui","Non","Non","Non","Oui","Non","Non","Non","Non","Peu","Oui","Non","Non","Oui","Oui","Oui","Oui","Parfois","Jamais","Souvent","Jamais","Non","Non","Non","Non","Oui","Non","Non","Non","Non","Non","Non","Non","Non","Oui","Non","Non","Non","Non","Non","Non","oui","non","oui","non","non","Oui","Parfois","Oui","Non","Non","Non","Oui","Oui","Oui","Non","Oui","Non","Non","Non","Non","Non","Oui","Non","Non","Oui","Non","Oui","Oui","Non","Non","Non","Oui","Non","NA","NA","Oui","Non","Non","Oui","Non","Non","Non","Non","Oui","Oui","Oui","Oui","Oui","Oui","Oui","Non","Non","Non","Oui","Non","Oui","Oui","Oui","Non","Cinq à dix ans","autre","Non","Oui","Non","Non","Non","autre","Non","Non","Oui","Non","Oui","Non","Non","Non","Non","autre","Une femme","Non","Non","Oui","Oui","Oui","Oui","Non","Non","Non","Oui","Non","Oui","Non","Non","Non","plus","moins","plus","moins","moins","plus","moins","moins","moins","moins","moins","moins","moins","moins","Oui","Non","Oui","Non","Oui","Oui","Non","Oui","Oui","Non","Non","Non","Non","Non","Non","seule","NA","NA","NA","NA","NA","NA","NA","NA","NA","NA","NA","Windows","Oui","Non","Oui","Non","Non","Oui","Non","Non","Non","Non","Oui","Non","Non","Non","Non","Non","Non","Oui","Non","Non","Non","Non","Non","Non","Oui","Oui","Non","Non","Non","Non","Non"
591,2,1,"Oui","Oui","Non","Oui","Non","Non","Non","Non","Non","Non","Non","Non","Non","Peu","Non","Non","Non","Non","Non","Non","Non","Parfois","Jamais","Jamais","Jamais","Non","Non","Non","Non","Oui","Oui","Oui","Oui","Oui","Oui","Oui","Non","Oui","Oui","Oui","Non","Non","Non","Non","Non","non","non","non","non","non","Non","Parfois","Non","Non","Non","Oui","Non","Non","Oui","Non","Oui","Non","Non","Non","Non","Oui","Non","Non","Non","Non","Non","Oui","Non","Non","Non","Non","Oui","Non","NA","NA","Oui","Oui","Non","Non","Non","Non","Non","Non","Non","Non","Non","Non","Oui","Non","Non","Non","Non","Oui","Non","Non","Non","Non","Non","Non","Plus de dix ans","autre","Oui","Non","Non","Non","Non","fonct","Non","Non","Oui","Non","Non","Non","Non","Non","Non","autre","Une femme","Non","Non","Non","Oui","Non","Oui","Non","Non","Non","Non","Non","Non","Non","Non","Non","plus","moins","plus","NA","NA","plus","NA","NA","NA","moins","moins","NA","NA","moins","Non","Non","Oui","Non","Non","Oui","Non","Oui","Oui","Non","Non","Non","Non","Non","Oui","seule","NA","NA","NA","NA","NA","NA","NA","NA","NA","NA","NA","MacOS","Oui","Non","Non","Non","Non","Oui","Non","Non","Non","Non","Oui","Non","Non","Non","Non","Non","Non","Non","Non","Non","Non","Non","Non","Non","Non","Non","Non","Non","Oui","Non","Non"
616,2,1,"Oui","Oui","Non","Oui","Oui","Non","Non","Non","Oui","Non","Oui","Oui","Non","Assez","Non","Non","Non","Oui","Oui","Oui","Oui","Toujours","Jamais","Jamais","Parfois","Non","Non","Non","Non","Oui","Non","Oui","Oui","Oui","Non","Non","Non","Oui","Non","Non","Non","Non","Non","Non","Non","non","non","oui","non","non","Je ne sais pas","Parfois","Non","Non","Non","Oui","Non","Non","Non","Oui","Oui","Oui","Non","Non","Non","Non","Non","Non","Non","Non","Non","Non","Oui","Non","Non","Oui","Non","Oui","Parfois","nini","Non","Non","Non","Non","Non","Non","Non","Oui","Non","Non","Non","Non","Non","Non","Non","Oui","Oui","Non","Oui","Non","Non","Oui","Oui","Non","Moins de cinq ans","Université","Oui","Non","Non","Non","Non","fonct","Non","Non","Oui","Non","Non","Non","Non","Non","Non","autre","Une femme","Non","Non","Non","Oui","Non","Oui","Non","Non","Non","Non","Non","Oui","Non","Non","Non","plus","moins","moins","moins","moins","plus","NA","moins","moins","moins","plus","moins","NA","NA","Oui","Non","Non","Non","Non","Oui","Oui","Oui","Oui","Non","Non","Non","Non","Oui","Oui","seule","NA","NA","NA","NA","NA","NA","NA","NA","NA","NA","NA","MacOS","Oui","Non","Non","Non","Non","Oui","Non","Non","Non","Non","Oui","Oui","Non","Non","Non","Non","Non","Non","Non","Non","Non","Non","Non","Non","Non","Non","Non","Non","Oui","Non","Non"
754,5,1,"Oui","Oui","Non","Non","Oui","Non","Oui","Non","Oui","Non","Non","Non","Non","Assez","Non","Non","Oui","Oui","Oui","Non","Non","Parfois","Souvent","Jamais","Souvent","Non","Non","Non","Non","Oui","Non","Non","Non","Non","Non","Oui","Oui","Oui","Non","Non","Non","Non","Non","Non","Non","oui","oui","non","non","non","Non","Souvent","Non","Oui","Oui","Oui","Oui","Non","Oui","Non","Non","Non","Non","Non","Non","Non","Non","Non","Non","Non","Oui","Non","Oui","Non","Oui","Non","Non","Oui","Toujours","tressat","Non","Non","Non","Non","Non","Oui","Non","Non","Oui","Oui","Non","Non","Non","Oui","Oui","Non","Oui","Non","Oui","Oui","Oui","Oui","Oui","Non","Cinq à dix ans","autre","Non","Oui","Non","Non","Non","autre","Non","Non","Oui","Non","Non","Non","Non","Non","Non","autre","Une femme","Non","Non","Oui","Oui","Non","Oui","Non","Non","Non","Oui","Non","Non","Non","Non","Non","plus","moins","plus","moins","moins","plus","plus","moins","plus","moins","moins","moins","plus","moins","Oui","Non","Oui","Oui","Oui","Oui","Oui","Oui","Oui","Non","Non","Non","Oui","Oui","Oui","seule","NA","NA","NA","NA","NA","NA","NA","NA","NA","NA","NA","MacOS","Oui","Non","Non","Non","Non","Non","Non","Non","Non","Non","Oui","Oui","Non","Non","Non","Oui","Oui","Oui","Oui","Non","Non","Non","Non","Oui","Non","Oui","Oui","Non","Oui","Oui","Non"
798,2,1,"Oui","Oui","Non","Non","Non","Non","Non","Non","Non","Non","Non","Non","Non","Pas du tout","Non","Non","Non","Non","Oui","Non","Non","Jamais","Jamais","Jamais","Jamais","Non","Non","Non","Non","Oui","Non","Non","Non","Non","Non","Non","Non","Non","Non","Non","Non","Non","Non","Oui","Non","oui","non","non","non","oui","Je ne sais pas","Je ne sais pas","Oui","Non","Non","Non","Oui","Oui","Oui","Non","Oui","Non","Non","Non","Non","Non","Non","Non","Non","Non","Non","Non","Non","Non","Non","Non","Oui","Non","NA","NA","Oui","Non","Non","Non","Non","Non","Non","Non","Oui","Non","Non","Non","Non","Oui","Oui","Non","Oui","Non","Non","Non","Oui","Non","Oui","Non","Moins de cinq ans","NA","Non","Oui","Non","Non","Non","autre","Non","Non","Oui","Non","Non","Non","Non","Non","Non","autre","Un homme","Non","Non","Oui","Oui","Non","Oui","Non","Non","Non","Non","Non","Non","Non","Non","Oui","moins","moins","moins","NA","NA","NA","NA","NA","moins","NA","NA","NA","moins","NA","Oui","Non","Oui","Oui","Non","Oui","Oui","Oui","Oui","Non","Non","Non","Non","Oui","Oui","seule","NA","NA","NA","NA","NA","NA","NA","NA","NA","NA","NA","MacOS","Non","Non","Non","Non","Non","Oui","Non","Non","Non","Non","Oui","Non","Non","Non","Non","Non","Non","Non","Non","Non","Non","Non","Non","Non","Non","Oui","Oui","Oui","Oui","Non","Non"
821,2,1,"Oui","Oui","Non","Oui","Non","Non","Non","Non","Oui","Non","Non","Non","Non","Peu","Non","Non","Non","Oui","Oui","Non","Non","Parfois","Jamais","Jamais","Jamais","Non","Non","Non","Non","Oui","Non","Non","Non","Oui","Non","Non","Non","Non","Non","Non","Non","Non","Non","Non","Non","oui","oui","non","oui","oui","Oui","Souvent","Non","Non","Oui","Non","Non","Non","Oui","Non","Oui","Non","Non","Non","Non","Non","Non","Non","Non","Non","Non","Non","Non","Non","Non","Non","Oui","Non","NA","NA","Oui","Non","Oui","Non","Non","Non","Non","Non","Non","Non","Non","Non","Non","Non","Oui","Non","Oui","Non","Oui","Non","Oui","Non","Non","Non","Plus de dix ans","Université","Oui","Non","Non","Non","Non","fonct","Non","Non","Oui","Non","Non","Non","Non","Non","Non","autre","Un homme","Non","Non","Non","Oui","Non","Oui","Non","Non","Non","Oui","Non","Oui","Non","Non","Oui","plus","moins","plus","NA","NA","plus","NA","NA","moins","plus","plus","moins","NA","NA","Oui","Non","Oui","Non","Non","Oui","Oui","Oui","Oui","Non","Non","Non","Non","Non","Non","seule","NA","NA","NA","NA","NA","NA","NA","NA","NA","NA","NA","MacOS","Non","Non","Non","Non","Non","Non","Non","Non","Non","Oui","Non","Non","Non","Non","Non","Non","Non","Non","Non","Non","Oui","Non","Non","Non","Non","Non","Non","Non","Non","Non","Oui"
833,3,1,"Oui","Oui","Non","Oui","Non","Non","Non","Non","Non","Non","Non","Non","Non","Assez","Oui","Non","Non","Non","Oui","Non","Oui","Parfois","Parfois","Jamais","Parfois","Oui","Non","Non","Non","Non","Non","Non","Non","Oui","Non","Non","Oui","Non","Non","Non","Non","Non","Non","Non","Non","oui","oui","non","non","oui","Oui","Souvent","Oui","Non","Non","Non","Non","Non","Oui","Oui","Oui","Non","Non","Non","Non","Non","Non","Non","Non","Non","Non","Non","Non","Non","Non","Non","Oui","Oui","Parfois","nini","Oui","Non","Non","Non","Non","Non","Non","Non","Non","Non","Non","Non","Non","Non","Oui","Non","Non","Non","Oui","Non","Non","Non","Oui","Non","Plus de dix ans","Université","Oui","Non","Non","Non","Non","CDI","Non","Non","Oui","Non","Non","Non","Non","Non","Non","autre","Une femme","Non","Non","Non","Oui","Non","Oui","Non","Non","Non","Oui","Non","Non","Non","Non","Non","plus","moins","moins","NA","NA","NA","NA","NA","moins","moins","NA","moins","moins","moins","Oui","Non","Oui","Oui","Non","Oui","Oui","Oui","Oui","Non","Non","Non","Non","Non","Non","seule","NA","NA","NA","NA","NA","NA","NA","NA","NA","NA","NA","Windows","Non","Non","Non","Non","Non","Non","Non","Non","Non","Oui","Non","Non","Non","Non","Non","Non","Non","Non","Non","Non","Oui","Non","Non","Non","Non","Non","Non","Non","Non","Non","Oui"
852,5,1,"Non","Non","Non","Non","Non","Non","Non","Oui","Non","Non","Non","Non","Non","Tout à fait","Oui","Non","Oui","Oui","Oui","Non","Oui","NA","NA","NA","NA","Non","Oui","Non","Non","Non","Non","Non","Non","Non","Non","Non","Non","Non","Non","Non","Non","Non","Oui","Non","Non","oui","oui","oui","non","non","Oui","Jamais","Non","Oui","Oui","Non","Oui","Non","Non","Non","Non","Non","Non","Non","Non","Non","Oui","Non","Non","Non","Non","Non","Oui","Oui","Non","Non","Non","Oui","Parfois","plutotsat","Non","Non","Oui","Non","Non","Non","Non","Non","Non","Oui","Non","Non","Oui","Non","Oui","Non","Oui","Oui","Non","Oui","Oui","Oui","Oui","Non","Moins de cinq ans","autre","Non","Oui","Non","Non","Non","CDD","Non","Oui","Non","Non","Non","Non","Non","Non","Non","autre","Un homme","Non","Non","Oui","Non","Oui","Oui","Non","Non","Oui","Oui","Non","Oui","Non","Non","Non","moins","moins","moins","moins","moins","moins","moins","moins","NA","NA","moins","moins","NA","moins","Non","Non","Non","Non","Oui","Oui","Non","Non","Oui","Non","Non","Oui","Non","Oui","Non","seule","NA","NA","NA","NA","NA","NA","NA","NA","NA","NA","NA","Windows","Non","Non","Non","Non","Non","Non","Non","Oui","Non","Non","Non","Non","Oui","Non","Non","Non","Oui","Non","Oui","Non","Non","Non","Non","Non","Non","Non","Non","Non","Oui","Non","Non"
914,3,1,"Non","Oui","Non","Oui","Non","Non","Oui","Non","Oui","Non","Oui","Non","Non","Assez","Oui","Non","Non","Non","Non","Non","Oui","Souvent","Parfois","Parfois","Jamais","Oui","Non","Non","Non","Non","Non","Non","Non","Oui","Oui","Non","Non","Oui","Oui","Non","Non","Non","Non","Non","Non","oui","non","non","non","non","Je ne sais pas","Souvent","Non","Non","Non","Non","Non","Non","Oui","Oui","Oui","Non","Non","Non","Non","Non","Non","Oui","Non","Non","Non","Oui","Oui","Non","Non","Oui","Non","Oui","Souvent","plutotsat","Non","Non","Non","Non","Non","Non","Non","Oui","Non","Oui","Non","Non","Oui","Non","Non","Non","Non","Non","Non","Non","Oui","Oui","Oui","Non","Moins de cinq ans","Université","Non","Oui","Non","Non","Non","CDD","Oui","Non","Non","Non","Non","Non","Non","Non","Non","autre","Autre","Non","Non","Non","Oui","Non","Oui","Non","Non","Non","Non","Non","Oui","Non","Non","Non","moins","moins","NA","moins","moins","moins","NA","NA","moins","moins","moins","NA","NA","NA","Oui","Non","Oui","Oui","Non","Oui","Oui","Oui","Oui","Non","Non","Non","Non","Oui","Oui","seule","NA","NA","NA","NA","NA","NA","NA","NA","NA","NA","NA","MacOS","Oui","Non","Non","Non","Non","Oui","Non","Non","Non","Non","Oui","Non","Non","Non","Non","Non","Non","Non","Non","Non","Non","Non","Non","Non","Oui","Oui","Oui","Oui","Oui","Oui","Non"
1001,4,1,"Non","Non","Oui","Non","Non","Oui","Non","Oui","Non","Non","Oui","Non","Non","Assez","Oui","Non","Oui","Oui","Non","Non","Oui","Souvent","NA","Jamais","NA","Non","Non","Non","Non","Oui","Non","Oui","Non","Non","Non","Non","Non","Non","Non","Non","Non","Non","Non","Non","Non","oui","non","non","non","non","Je ne sais pas","Parfois","Oui","Oui","Non","Non","Oui","Non","Oui","Oui","Oui","Oui","Non","Non","Non","Non","Non","Non","Non","Oui","Non","Oui","Non","Non","Non","Non","Oui","Non","NA","NA","Non","Non","Non","Non","Non","Non","Non","Oui","Oui","Non","Non","Non","Non","Oui","Oui","Non","Non","Non","Oui","Non","Non","Non","Non","Non","Moins de cinq ans","autre","Non","Oui","Non","Non","Non","doct","Non","Non","Non","Non","Non","Non","Non","Non","Oui","autre","Un homme","Oui","Non","Non","Oui","Oui","Oui","Oui","Oui","Non","Non","Non","Oui","Non","Non","Non","plus","NA","moins","moins","NA","plus","NA","moins","moins","moins","moins","NA","NA","NA","Non","Oui","Oui","Non","Non","Oui","Non","Non","Oui","Non","Non","Non","Oui","Non","Oui","seule","NA","NA","NA","NA","NA","NA","NA","NA","NA","NA","NA","Windows","Non","Oui","Non","Non","Non","Non","Non","Non","Non","Non","Oui","Non","Non","Non","Non","Non","Non","Non","Non","Non","Non","Non","Non","Oui","Non","Non","Non","Non","Oui","Non","Non"
1063,1,1,"Oui","Oui","Non","Oui","Oui","Non","Non","Non","Oui","Non","Non","Non","Non","Pas du tout","Non","Non","Non","Non","Non","Non","Oui","NA","NA","NA","NA","Non","Non","Non","Non","Oui","Non","Non","Non","Non","Non","Non","Non","Non","Non","Non","Non","Non","Non","Non","Oui","non","non","non","non","non","Non applicable","Souvent","Non","Non","Non","Non","Non","Non","Oui","Non","Oui","Non","Non","Non","Non","Non","Non","Non","Non","Non","Non","Non","Non","Non","Non","Non","Oui","Non","NA","NA","Non","Non","Non","Non","Non","Non","Non","Oui","Non","Non","Non","Non","Non","Non","Non","Oui","Non","Non","Non","Non","Non","Non","Non","Oui","Plus de dix ans","autre","Oui","Non","Non","Non","Non","fonct","Non","Non","Oui","Non","Non","Non","Non","Non","Non","autre","Une femme","Non","Non","Oui","Oui","Non","Oui","Non","Non","Non","Oui","Non","Oui","Non","Non","Non","plus","moins","plus","NA","moins","plus","NA","NA","NA","moins","NA","NA","NA","moins","Oui","Non","Oui","Oui","Non","Oui","Non","Oui","Non","Non","Non","Non","Non","Non","Oui","seule","NA","NA","NA","NA","NA","NA","NA","NA","NA","NA","NA","Windows","Non","Non","Non","Non","Non","Non","Non","Non","Non","Oui","Oui","Non","Non","Non","Non","Non","Non","Non","Non","Non","Non","Non","Non","Non","Non","Non","Non","Non","Oui","Oui","Non"
1090,3,1,"Non","Oui","Non","Non","Non","Non","Non","Non","Non","Non","Non","Non","Non","Assez","Non","Non","Non","Non","Oui","Non","Non","Souvent","NA","Souvent","NA","Oui","Non","Non","Non","Non","Non","Non","Non","Oui","Non","Non","Non","Non","Oui","Non","Non","Non","Non","Non","Non","oui","oui","non","oui","oui","Je ne sais pas","Souvent","Non","Non","Non","Non","Non","Oui","Oui","Non","Non","Non","Non","Non","Non","Non","Non","Non","Non","Non","Non","Oui","Non","Non","Non","Non","Non","Non","NA","NA","Oui","Oui","Non","Non","Non","Non","Non","Non","Oui","Oui","Oui","Non","Oui","Oui","Oui","Non","Oui","Non","Oui","Non","Oui","Oui","Non","Non","Cinq à dix ans","autre","Non","Oui","Non","Non","Non","autre","Non","Non","Oui","Non","Non","Non","Non","Non","Non","autre","Une femme","Non","Non","Oui","Non","Non","Non","Non","Non","Non","Oui","Non","Non","Non","Non","Non","plus","NA","moins","NA","NA","plus","NA","NA","NA","NA","NA","NA","moins","NA","Oui","Non","Non","Non","Non","Oui","Non","Non","Oui","Non","Non","Non","Non","Non","Oui","seule","NA","NA","NA","NA","NA","NA","NA","NA","NA","NA","NA","MacOS","Oui","Non","Non","Non","Non","Non","Non","Non","Non","Non","Oui","Non","Non","Non","Non","Non","Non","Non","Non","Non","Non","Non","Non","Non","Non","Non","Non","Non","Non","Non","Oui"
1122,1,1,"Oui","Oui","Non","Non","Non","Non","Non","Non","Oui","Non","Non","Non","Non","Pas du tout","Non","Non","Non","Non","Non","Non","Non","NA","NA","NA","NA","Non","Non","Non","Non","Oui","Non","Non","Non","Non","Non","Non","Non","Non","Non","Non","Non","Non","Non","Non","Oui","oui","non","non","oui","non","Non applicable","Souvent","Non","Non","Oui","Non","Non","Non","Oui","Non","Oui","Non","Non","Non","Non","Non","Non","Non","Non","Non","Non","Non","Non","Non","Non","Non","Oui","Non applicable","NA","NA","Non","Non","Non","Non","Non","Non","Non","Oui","Non","Non","Non","Non","Non","Non","Non","Oui","Non","Oui","Non","Non","Non","Oui","Non","Non","Plus de dix ans","autre","Oui","Non","Non","Non","Non","fonct","Oui","Non","Non","Non","Non","Non","Non","Non","Non","autre","Un homme","Non","Non","Non","Oui","Non","Oui","Non","Non","Non","Oui","Non","Non","Non","Non","Non","NA","NA","moins","NA","NA","plus","NA","NA","NA","NA","NA","NA","NA","NA","Non","Non","Oui","Oui","Non","Oui","Non","Oui","Oui","Non","Non","Non","Non","Non","Non","seule","NA","NA","NA","NA","NA","NA","NA","NA","NA","NA","NA","MacOS","Non","Non","Non","Non","Non","Non","Non","Non","Non","Oui","Non","Non","Non","Non","Non","Non","Non","Non","Non","Non","Oui","Non","Non","Non","Non","Non","Non","Non","Non","Non","Oui"
1144,2,1,"Non","Oui","Non","Oui","Non","Non","Non","Non","Oui","Non","Non","Non","Non","Pas du tout","Non","Non","Non","Oui","Non","Non","Oui","Jamais","Jamais","Jamais","Jamais","Oui","Non","Non","Non","Non","Non","Non","Non","Non","Non","Non","Non","Non","Non","Non","Non","Non","Non","Oui","Non","oui","non","non","non","non","Non","Je ne sais pas","Non","Non","Non","Non","Non","Oui","Oui","Non","Oui","Non","Non","Non","Non","Non","Non","Non","Non","Non","Oui","Non","Non","Non","Non","Non","Oui","Oui","Parfois","plutotsat","Non","Non","Non","Non","Oui","Non","Non","Non","Non","Non","Non","Non","Non","Non","Non","Oui","Non","Non","Non","Non","Non","Oui","Non","Non","Plus de dix ans","Université","Oui","Non","Non","Non","Non","fonct","Oui","Non","Non","Non","Non","Non","Non","Non","Non","autre","Une femme","Non","Non","Non","Oui","Non","Oui","Non","Non","Non","Non","Oui","Oui","Non","Non","Non","NA","NA","moins","NA","NA","NA","NA","NA","NA","NA","NA","NA","NA","NA","Non","Non","Non","Non","Non","Oui","Oui","Oui","Non","Non","Non","Non","Non","Non","Oui","seule","NA","NA","NA","NA","NA","NA","NA","NA","NA","NA","NA","Windows","Non","Non","Non","Non","Non","Non","Non","Non","Non","Oui","Non","Non","Non","Non","Non","Non","Non","Non","Non","Non","Oui","Non","Non","Non","Oui","Non","Non","Non","Non","Non","Non"
1158,2,1,"Oui","Non","Non","Non","Non","Non","Non","Non","Non","Non","Non","Non","Non","Tout à fait","Non","Non","Oui","Oui","Oui","Non","Oui","Parfois","Parfois","Parfois","Parfois","Non","Non","Non","Non","Oui","Non","Oui","Non","Non","Oui","Non","Non","Oui","Non","Oui","Non","Non","Non","Non","Non","oui","non","oui","non","non","Oui","Jamais","Non","Non","Non","Oui","Non","Non","Non","Oui","Oui","Non","Non","Non","Non","Non","Non","Non","Non","Non","Non","Oui","Oui","Non","Non","Non","Non","Oui","Jamais","NA","Non","Oui","Non","Non","Non","Non","Non","Non","Non","Non","Oui","Oui","Oui","Non","Non","Non","Oui","Non","Oui","Non","Non","Non","Non","Non","Cinq à dix ans","Université","Oui","Non","Non","Non","Non","fonct","Non","Non","Oui","Non","Non","Non","Non","Non","Non","autre","Un homme","Non","Non","Oui","Non","Non","Oui","Non","Non","Non","Oui","Non","Oui","Non","Non","Non","moins","NA","NA","moins","NA","moins","NA","NA","NA","moins","NA","moins","moins","NA","Oui","Non","Non","Non","Non","Oui","Oui","Oui","Oui","Non","Non","Non","Non","Oui","Oui","seule","NA","NA","NA","NA","NA","NA","NA","NA","NA","NA","NA","MacOS","Oui","Non","Non","Non","Non","Non","Non","Non","Non","Non","Oui","Non","Non","Non","Non","Non","Non","Non","Non","Non","Non","Oui","Non","Non","Oui","Non","Oui","Non","Oui","Oui","Non"
1164,2,1,"Non","Oui","Non","Oui","Non","Non","Non","Non","Non","Non","Non","Non","Non","Pas du tout","Non","Non","Non","Non","Oui","Non","Non","Parfois","Jamais","Jamais","Jamais","Non","Non","Non","Non","Oui","Non","Non","Non","Oui","Non","Non","Non","Non","Non","Non","Non","Non","Non","Non","Non","oui","non","non","non","non","Je ne sais pas","Toujours","Non","Non","Non","Non","Oui","Oui","Oui","Non","Non","Non","Non","Non","Non","Non","Non","Non","Non","Non","Non","Non","Non","Non","Non","Non","Oui","Non","NA","NA","Non","Non","Non","Non","Non","Non","Non","Oui","Non","Oui","Non","Oui","Non","Non","Non","Non","Oui","Non","Non","Non","Non","Non","Non","Non","Moins de cinq ans","autre","Non","Oui","Non","Non","Non","doct","Oui","Non","Non","Non","Non","Non","Non","Non","Non","autre","Une femme","Non","Non","Non","Oui","Non","Oui","Non","Non","Non","Non","Non","Oui","Non","Non","Non","plus","plus","plus","moins","moins","plus","moins","plus","moins","plus","moins","moins","moins","moins","Non","Non","Oui","Oui","Non","Oui","Non","Oui","Oui","Non","Non","Non","Non","Oui","Oui","seule","NA","NA","NA","NA","NA","NA","NA","NA","NA","NA","NA","Windows","Oui","Non","Non","Non","Non","Non","Non","Non","Non","Non","Oui","Non","Non","Non","Non","Non","Non","Non","Non","Non","Non","Non","Non","Non","Non","Non","Non","Non","Oui","Non","Non"
1193,3,1,"Non","Oui","Non","Oui","Non","Non","Oui","Non","Oui","Non","Non","Non","Non","Pas du tout","Non","Non","Non","Oui","Oui","Non","Oui","Parfois","Parfois","Jamais","NA","Oui","Non","Oui","Non","Non","Non","Non","Non","Oui","Non","Non","Non","Non","Non","Non","Non","Non","Non","Non","Non","oui","oui","non","non","non","Oui","Souvent","Non","Non","Oui","Oui","Oui","Oui","Oui","Non","Oui","Non","Non","Non","Non","Non","Non","Non","Non","Non","Non","Non","Non","Non","Non","Non","Oui","Oui","Parfois","plutotsat","Non","Non","Non","Non","Oui","Non","Non","Non","Non","Non","Non","Oui","Oui","Non","Oui","Non","Oui","Non","Oui","Non","Oui","Oui","Oui","Non","Plus de dix ans","autre","Oui","Non","Non","Non","Non","fonct","Oui","Non","Non","Non","Non","Non","Non","Non","Non","autre","Une femme","Non","Non","Non","Oui","Non","Oui","Non","Non","Non","Non","Non","Non","Non","Non","Oui","plus","moins","NA","moins","NA","moins","NA","NA","NA","NA","NA","NA","NA","NA","Non","Non","Oui","Oui","Non","Oui","Oui","Non","Non","Non","Non","Non","Non","Non","Oui","seule","NA","NA","NA","NA","NA","NA","NA","NA","NA","NA","NA","Windows","Oui","Non","Non","Non","Non","Non","Non","Non","Non","Non","Oui","Non","Non","Non","Non","Non","Non","Non","Non","Non","Non","Non","Non","Non","Non","Non","Non","Non","Oui","Non","Non"
39,3,1,"Non","Non","Non","Non","Oui","Non","Oui","Oui","Oui","Non","Oui","Oui","Non","Assez","Non","Non","Non","Non","Oui","Non","Oui","Jamais","Jamais","Jamais","Jamais","Non","Non","Non","Non","Oui","Oui","Non","Non","Non","Non","Non","Non","Non","Non","Non","Non","Non","Non","Non","Oui","non","non","non","non","oui","Non","Parfois","Non","Oui","Oui","Oui","Oui","Oui","Oui","Oui","Oui","Non","Non","Oui","Non","Non","Oui","Non","Non","Non","Non","Oui","Oui","Non","Non","Non","Non","Non","NA","NA","Non","Non","Oui","Oui","Oui","Oui","Oui","Non","Oui","Oui","Oui","Oui","Oui","Non","Oui","Non","Oui","Oui","Oui","Oui","Oui","Oui","Non","Non","Moins de cinq ans","NA","Non","Oui","Non","Non","Non","doct","Non","Non","Oui","Non","Non","Non","Non","Non","Non","géographie","Un homme","Non","Non","Oui","Non","Oui","Oui","Oui","Non","Non","Oui","Non","Oui","Non","Non","Oui","moins","NA","NA","moins","moins","moins","NA","moins","moins","moins","NA","NA","NA","NA","Oui","Non","Oui","Non","Non","Non","Non","Non","Oui","Non","Non","Oui","Oui","Oui","Oui","seule","NA","NA","NA","NA","NA","NA","NA","NA","NA","NA","NA","Windows","Oui","Non","Non","Oui","Oui","Oui","Non","Oui","Non","Non","Oui","Oui","Non","Oui","Non","Non","Oui","Non","Oui","Non","Non","Non","Non","Non","Non","Oui","Non","Non","Oui","Non","Non"
1163,2,1,"Non","Non","Non","Oui","Non","Non","Oui","Non","Non","Non","Non","Non","Non","Assez","Non","Non","Non","Oui","Non","Non","Oui","Parfois","Jamais","Jamais","Jamais","Non","Non","Non","Non","Oui","Non","Non","Non","Non","Non","Non","Non","Non","Non","Non","Non","Non","Non","Non","Oui","oui","oui","non","non","oui","Je ne sais pas","Parfois","Non","Oui","Non","Oui","Oui","Non","Oui","Non","Oui","Non","Non","Oui","Non","Oui","Non","Non","Non","Non","Non","Oui","Oui","Non","Non","Non","Non","Non","NA","NA","Non","Non","Non","Oui","Oui","Non","Non","Non","Oui","Oui","Oui","Non","Non","Non","Non","Non","Oui","Non","Oui","Non","Oui","Non","Oui","Non","Moins de cinq ans","NA","Non","Oui","Non","Non","Non","autre","Non","Non","Oui","Non","Non","Non","Non","Non","Non","géographie","Une femme","Non","Non","Oui","Oui","Non","Oui","Non","Non","Non","Oui","Non","Oui","Non","Non","Non","plus","moins","plus","moins","NA","moins","NA","moins","moins","moins","NA","NA","moins","moins","Oui","Non","Oui","Non","Non","Oui","Oui","Oui","Oui","Non","Non","Non","Oui","Oui","Oui","seule","NA","NA","NA","NA","NA","NA","NA","NA","NA","NA","NA","Windows","Oui","Non","Non","Oui","Oui","Non","Non","Non","Non","Non","Non","Oui","Non","Oui","Non","Non","Oui","Oui","Oui","Non","Non","Oui","Non","Oui","Oui","Non","Oui","Oui","Oui","Non","Non"
92,2,1,"Oui","Non","Non","Oui","Oui","Non","Non","Non","Non","Non","Non","Non","Non","Peu","Oui","Non","Non","Oui","Non","Non","Oui","Jamais","Jamais","Jamais","Jamais","Non","Non","Non","Non","Oui","Non","Non","Non","Non","Non","Non","Non","Non","Non","Non","Non","Non","Non","Non","Oui","non","oui","non","non","oui","Oui","Parfois","Non","Non","Non","Non","Oui","Oui","Oui","Non","Oui","Non","Non","Non","Non","Non","Non","Non","Non","Non","Non","Oui","Non","Non","Non","Non","Oui","Non","NA","NA","Non","Non","Non","Non","Oui","Non","Non","Non","Non","Oui","Oui","Oui","Non","Non","Non","Non","Non","Non","Non","Non","Non","Non","Non","Oui","Moins de cinq ans","Université","Non","Oui","Non","Non","Non","doct","Non","Non","Oui","Non","Non","Non","Non","Non","Non","histoire","Un homme","Non","Non","Oui","Oui","Non","Oui","Non","Non","Non","Oui","Non","Oui","Non","Non","Non","plus","moins","moins","NA","NA","NA","NA","NA","NA","moins","NA","NA","NA","NA","Oui","Non","Non","Non","Non","Oui","Oui","Oui","Oui","Non","Non","Non","Non","Oui","Non","seule","NA","NA","NA","NA","NA","NA","NA","NA","NA","NA","NA","MacOS","Oui","Non","Non","Non","Non","Non","Non","Non","Non","Non","Non","Non","Non","Non","Non","Non","Non","Non","Non","Non","Oui","Non","Non","Non","Non","Non","Non","Non","Oui","Non","Non"
94,1,1,"Oui","Non","Non","Oui","Non","Non","Non","Non","Oui","Non","Oui","Oui","Non","Tout à fait","Oui","Non","Non","Oui","Oui","Oui","Oui","NA","NA","NA","NA","Non","Non","Non","Non","Oui","Non","Non","Non","Non","Non","Non","Non","Non","Non","Non","Non","Non","Non","Non","Oui","non","non","oui","non","oui","Non","Souvent","Non","Oui","Oui","Oui","Oui","Oui","Oui","Non","Oui","Non","Non","Non","Non","Non","Non","Non","Non","Non","Non","Non","Non","Non","Non","Non","Oui","Non","NA","NA","Non","Non","Non","Non","Non","Non","Non","Oui","Non","Non","Non","Non","Non","Oui","Oui","Non","Non","Non","Non","Non","Oui","Oui","Oui","Non","Plus de dix ans","NA","Non","Oui","Non","Non","Non","fonct","Non","Non","Oui","Non","Non","Non","Non","Non","Non","histoire","Une femme","Non","Non","Oui","Oui","Oui","Oui","Oui","Non","Non","Oui","Non","Oui","Oui","Non","Non","plus","moins","plus","moins","NA","plus","moins","moins","moins","moins","plus","NA","moins","NA","Oui","Non","Non","Non","Non","Oui","Oui","Oui","Oui","Non","Oui","Oui","Oui","Oui","Oui","seule","NA","NA","NA","NA","NA","NA","NA","NA","NA","NA","NA","Windows","Oui","Non","Oui","Oui","Non","Oui","Non","Non","Non","Non","Oui","Non","Non","Non","Non","Non","Non","Non","Non","Oui","Non","Non","Non","Non","Non","Oui","Non","Non","Oui","Non","Non"
114,2,1,"Oui","Non","Non","Oui","Oui","Non","Oui","Non","Oui","Non","Non","Non","Non","Tout à fait","Non","Oui","Oui","Oui","Non","Non","Non","Parfois","Jamais","Jamais","Jamais","Oui","Non","Non","Non","Non","Non","Non","Non","Oui","Non","Non","Non","Non","Non","Non","Non","Non","Non","Non","Oui","non","oui","non","oui","non","Oui","Souvent","Non","Non","Oui","Non","Oui","Non","Oui","Non","Oui","Non","Non","Non","Non","Non","Non","Non","Non","Non","Non","Non","Non","Non","Non","Non","Oui","Oui","Parfois","NA","Non","Non","Non","Non","Oui","Non","Non","Non","Oui","Non","Non","Non","Oui","Oui","Non","Non","Oui","Non","Non","Non","Oui","Oui","Non","Non","Plus de dix ans","Université","Non","Non","Non","Oui","Non","fonct","Non","Non","Oui","Non","Non","Non","Non","Non","Non","histoire","Un homme","Non","Non","Non","Oui","Non","Oui","Oui","Non","Non","Oui","Non","Oui","Non","Non","Oui","plus","moins","moins","moins","moins","moins","moins","moins","moins","moins","moins","moins","moins","moins","Non","Non","Oui","Oui","Non","Oui","Non","Oui","Oui","Non","Non","Non","Non","Oui","Non","seule","NA","NA","NA","NA","NA","NA","NA","NA","NA","NA","NA","Windows","Oui","Non","Oui","Non","Non","Oui","Non","Non","Non","Non","Oui","Oui","Non","Non","Non","Non","Oui","Non","Non","Non","Non","Non","Non","Oui","Non","Non","Non","Oui","Oui","Oui","Non"
115,2,1,"Oui","Non","Non","Oui","Non","Non","Oui","Oui","Oui","Non","Non","Non","Non","Pas du tout","Oui","Non","Non","Oui","Non","Non","Non","Souvent","Jamais","Parfois","Jamais","Non","Non","Non","Non","Oui","Non","Non","Non","Non","Non","Non","Non","Non","Non","Non","Non","Non","Non","Non","Oui","oui","non","oui","non","non","Oui","Parfois","Non","Non","Non","Non","Oui","Non","Oui","Non","Oui","Non","Non","Non","Non","Non","Non","Non","Non","Non","Non","Non","Non","Non","Non","Non","Oui","Oui","Parfois","plutotsat","Non","Non","Non","Non","Non","Non","Non","Oui","Non","Oui","Oui","Non","Non","Non","Non","Non","Oui","Oui","Oui","Non","Non","Oui","Oui","Non","Plus de dix ans","Université","Oui","Non","Non","Non","Non","fonct","Non","Non","Oui","Non","Non","Non","Non","Non","Non","histoire","Un homme","Non","Non","Non","Oui","Oui","Oui","Non","Non","Non","Oui","Oui","Oui","Non","Non","Non","moins","moins","moins","moins","moins","moins","NA","NA","NA","NA","NA","NA","NA","NA","Non","Non","Oui","Non","Non","Oui","Non","Oui","Oui","Non","Non","Non","Non","Oui","Oui","seule","NA","NA","NA","NA","NA","NA","NA","NA","NA","NA","NA","Windows","Oui","Non","Oui","Oui","Oui","Non","Non","Oui","Non","Non","Oui","Oui","Oui","Non","Non","Non","Oui","Non","Oui","Non","Non","Non","Non","Oui","Non","Non","Oui","Oui","Oui","Oui","Non"
193,3,1,"Oui","Non","Non","Oui","Non","Non","Non","Non","Oui","Non","Non","Non","Non","Peu","Oui","Non","Non","Non","Non","Non","Oui","Parfois","Parfois","Jamais","Jamais","Oui","Non","Non","Non","Non","Non","Non","Oui","Oui","Non","Non","Non","Non","Oui","Non","Non","Non","Non","Non","Non","oui","non","non","oui","oui","Je ne sais pas","Parfois","Non","Non","Oui","Non","Non","Non","Oui","Non","Oui","Non","Non","Non","Non","Non","Non","Non","Non","Non","Non","Oui","Non","Non","Non","Non","Non","Non","NA","NA","Oui","Non","Non","Non","Non","Non","Non","Non","Non","Non","Non","Non","Non","Non","Non","Oui","Oui","Non","Non","Non","Non","Oui","Non","Non","Plus de dix ans","CNRS","Oui","Non","Non","Non","Non","fonct","Non","Non","Oui","Non","Non","Non","Non","Non","Non","histoire","Une femme","Non","Non","Non","Oui","Non","Oui","Non","Non","Non","Oui","Non","Oui","Non","Non","Non","moins","moins","moins","NA","NA","moins","NA","NA","NA","moins","NA","NA","NA","NA","Non","Non","Oui","Non","Oui","Oui","Non","Oui","Oui","Non","Non","Non","Non","Oui","Oui","seule","NA","NA","NA","NA","NA","NA","NA","NA","NA","NA","NA","Windows","Oui","Non","Non","Non","Non","Non","Non","Non","Non","Non","Oui","Non","Non","Non","Non","Non","Non","Non","Non","Non","Non","Non","Non","Non","Non","Non","Non","Oui","Non","Non","Non"
231,2,1,"Non","Non","Non","Oui","Non","Non","Non","Non","Non","Non","Non","Non","Non","Pas du tout","Non","Non","Oui","Non","Non","Non","Oui","Jamais","Jamais","Jamais","Jamais","Non","Non","Non","Non","Oui","Non","Non","Non","Non","Non","Non","Non","Non","Non","Non","Non","Non","Non","Non","Oui","non","non","non","non","non","Oui","Parfois","Non","Non","Non","Non","Non","Oui","Oui","Non","Non","Non","Non","Non","Non","Non","Non","Non","Non","Non","Non","Non","Non","Non","Non","Non","Oui","Oui","Jamais","NA","Oui","Non","Non","Non","Non","Non","Non","Non","Non","Non","Non","Oui","Non","Non","Oui","Non","Non","Non","Non","Oui","Non","Non","Non","Non","Plus de dix ans","autre","Oui","Non","Non","Non","Non","fonct","Non","Non","Oui","Non","Non","Non","Non","Non","Non","histoire","Un homme","Non","Non","Non","Oui","Non","Oui","Non","Non","Non","Oui","Non","Oui","Non","Non","Non","moins","NA","moins","NA","NA","NA","NA","NA","NA","NA","NA","NA","NA","plus","Non","Non","Non","Non","Non","Non","Non","Oui","Non","Non","Non","Non","Non","Non","Non","seule","NA","NA","NA","NA","NA","NA","NA","NA","NA","NA","NA","Windows","Non","Non","Non","Non","Non","Non","Non","Non","Non","Oui","Non","Non","Non","Non","Non","Non","Non","Non","Non","Non","Oui","Non","Non","Non","Non","Non","Non","Non","Non","Non","Oui"
238,2,1,"Oui","Non","Non","Oui","Oui","Non","Oui","Non","Oui","Non","Non","Non","Non","Peu","Oui","Non","Non","Oui","Oui","Non","Oui","Parfois","Jamais","Jamais","Jamais","Non","Non","Non","Non","Oui","Non","Non","Non","Non","Non","Non","Non","Non","Non","Non","Non","Non","Non","Non","Oui","oui","oui","non","oui","non","Je ne sais pas","Parfois","Oui","Non","Non","Non","Non","Oui","Oui","Oui","Oui","Non","Non","Non","Non","Oui","Non","Non","Non","Non","Non","Oui","Non","Non","Non","Non","Oui","Non","NA","NA","Non","Non","Non","Non","Oui","Non","Non","Non","Non","Non","Oui","Non","Non","Non","Non","Non","Oui","Non","Non","Oui","Non","Non","Non","Non","Plus de dix ans","Université","Oui","Non","Non","Non","Non","fonct","Non","Non","Oui","Non","Non","Non","Non","Non","Non","histoire","Une femme","Non","Non","Non","Oui","Non","Oui","Non","Non","Non","Oui","Non","Oui","Non","Non","Non","moins","moins","moins","NA","NA","plus","NA","NA","plus","moins","moins","NA","NA","NA","Non","Non","Non","Oui","Oui","Oui","Oui","Oui","Oui","Non","Non","Non","Non","Oui","Oui","seule","NA","NA","NA","NA","NA","NA","NA","NA","NA","NA","NA","MacOS","Oui","Non","Non","Non","Non","Non","Non","Non","Non","Non","Oui","Non","Non","Non","Non","Non","Non","Non","Non","Non","Non","Non","Non","Non","Oui","Non","Non","Non","Oui","Non","Non"
252,1,1,"Oui","Non","Non","Oui","Non","Non","Non","Non","Non","Non","Non","Non","Non","Pas du tout","Non","Non","Non","Non","Non","Non","Non","Non applicable","Non applicable","Non applicable","Non applicable","Non","Non","Non","Non","Oui","Non","Non","Non","Non","Non","Non","Non","Non","Non","Non","Non","Non","Non","Non","Oui","non","non","non","non","non","Je ne sais pas","Souvent","Non","Non","Non","Non","Non","Non","Oui","Non","Oui","Non","Non","Non","Non","Non","Non","Non","Non","Non","Non","Non","Non","Non","Non","Non","Oui","Non applicable","NA","NA","Non","Non","Non","Non","Non","Non","Non","Oui","Non","Non","Non","Non","Non","Non","Non","Oui","Non","Non","Non","Non","Non","Non","Non","Oui","Plus de dix ans","autre","Oui","Non","Non","Non","Non","fonct","Non","Non","Oui","Non","Non","Non","Non","Non","Non","histoire","Une femme","Non","Non","Oui","Oui","Non","Oui","Non","Non","Non","Non","Non","Non","Non","Non","Non","NA","NA","moins","NA","NA","moins","NA","NA","NA","NA","moins","NA","moins","moins","Oui","Non","Non","Non","Non","Oui","Non","Oui","Oui","Non","Non","Non","Non","Non","Oui","seule","NA","NA","NA","NA","NA","NA","NA","NA","NA","NA","NA","Windows","Oui","Non","Non","Non","Non","Non","Non","Non","Non","Non","Oui","Non","Non","Non","Non","Non","Non","Non","Non","Non","Non","Non","Non","Non","Non","Non","Non","Non","Non","Non","Oui"
330,2,1,"Oui","Non","Non","Oui","Non","Non","Oui","Non","Oui","Non","Non","Non","Non","Peu","Oui","Non","Non","Oui","Non","Non","Non","Parfois","Jamais","Parfois","Jamais","Non","Non","Non","Non","Oui","Non","Non","Oui","Oui","Non","Non","Non","Oui","Non","Non","Non","Non","Non","Non","Non","oui","non","non","oui","non","Oui","Souvent","Non","Non","Oui","Oui","Oui","Oui","Oui","Oui","Oui","Non","Non","Non","Non","Non","Non","Non","Non","Non","Non","Oui","Non","Non","Non","Non","Oui","Oui","Parfois","nini","Non","Non","Non","Non","Non","Non","Non","Oui","Non","Non","Oui","Non","Non","Non","Non","Non","Oui","Non","Oui","Non","Non","Non","Non","Non","Plus de dix ans","CNRS","Oui","Non","Non","Non","Non","fonct","Non","Non","Oui","Non","Non","Non","Non","Non","Non","histoire","Un homme","Non","Non","Non","Oui","Non","Oui","Non","Non","Non","Oui","Oui","Non","Non","Non","Non","moins","NA","NA","NA","NA","moins","NA","NA","NA","moins","NA","NA","NA","moins","Non","Non","Non","Non","Oui","Oui","Oui","Oui","Oui","Non","Non","Non","Non","Oui","Non","seule","NA","NA","NA","NA","NA","NA","NA","NA","NA","NA","NA","Windows","Oui","Non","Non","Non","Non","Non","Non","Non","Non","Non","Oui","Non","Non","Non","Non","Non","Non","Non","Non","Non","Non","Non","Non","Non","Non","Non","Non","Non","Non","Non","Oui"
357,3,1,"Oui","Non","Non","Oui","Oui","Non","Oui","Non","Oui","Non","Non","Non","Non","Peu","Oui","Non","Non","Non","Oui","Non","Oui","Souvent","Jamais","Jamais","Jamais","Non","Non","Non","Non","Non","Oui","Non","Oui","Oui","Non","Non","Non","Non","Oui","Non","Non","Non","Non","Non","Non","non","non","non","non","oui","Oui","Parfois","Oui","Non","Non","Non","Non","Oui","Oui","Non","Oui","Non","Non","Non","Non","Non","Non","Non","Non","Non","Non","Oui","Non","Non","Non","Non","Non","Non","NA","NA","Oui","Non","Non","Non","Non","Oui","Oui","Non","Oui","Non","Non","Non","Non","Non","Non","Non","Oui","Non","Non","Non","Non","Non","Non","Non","Moins de cinq ans","Université","Non","Oui","Non","Non","Non","fonct","Non","Non","Oui","Non","Non","Non","Non","Non","Non","histoire","Un homme","Non","Non","Oui","Oui","Non","Oui","Non","Non","Non","Oui","Non","Non","Non","Non","Non","moins","moins","moins","NA","moins","moins","NA","NA","moins","moins","NA","NA","NA","NA","Oui","Non","Non","Non","Oui","Non","Oui","Oui","Oui","Non","Non","Non","Non","Oui","Oui","seule","NA","NA","NA","NA","NA","NA","NA","NA","NA","NA","NA","MacOS","Oui","Non","Oui","Non","Non","Oui","Non","Oui","Non","Non","Oui","Oui","Non","Non","Non","Non","Non","Oui","Non","Non","Non","Non","Oui","Non","Non","Non","Non","Non","Non","Non","Non"
372,2,1,"Oui","Non","Non","Oui","Non","Non","Non","Non","Oui","Non","Non","Non","Non","Pas du tout","Non","Non","Non","Oui","Non","Non","Oui","Jamais","Jamais","Jamais","Jamais","Non","Non","Non","Non","Oui","Oui","Non","Non","Non","Non","Non","Non","Non","Non","Non","Non","Non","Non","Non","Oui","non","non","oui","non","non","Je ne sais pas","Jamais","Non","Oui","Non","Oui","Oui","Oui","Oui","Non","Oui","Non","Oui","Non","Non","Non","Non","Non","Non","Non","Non","Non","Oui","Non","Non","Non","Oui","Oui","Jamais","insatisfait","Oui","Non","Non","Oui","Non","Non","Non","Non","Oui","Non","Non","Non","Non","Non","Non","Non","Oui","Non","Oui","Non","Non","Non","Non","Non","Moins de cinq ans","NA","Non","Oui","Non","Non","Non","autre","Non","Non","Oui","Non","Non","Non","Non","Non","Non","histoire","Une femme","Non","Non","Oui","Oui","Non","Oui","Non","Non","Non","Non","Oui","Oui","Non","Non","Non","moins","NA","moins","moins","moins","moins","moins","moins","moins","moins","moins","NA","NA","NA","Oui","Non","Oui","Oui","Non","Oui","Non","Oui","Oui","Non","Non","Non","Non","Oui","Oui","seule","NA","NA","NA","NA","NA","NA","NA","NA","NA","NA","NA","MacOS","Oui","Non","Oui","Non","Non","Non","Non","Non","Non","Non","Oui","Oui","Non","Non","Non","Non","Oui","Oui","Oui","Non","Non","Oui","Non","Oui","Non","Oui","Oui","Non","Oui","Non","Non"
388,2,1,"Oui","Non","Non","Oui","Oui","Non","Oui","Non","Oui","Non","Oui","Oui","Non","Peu","Oui","Non","Non","Non","Non","Non","Oui","Jamais","Jamais","Jamais","Jamais","Non","Non","Non","Non","Oui","Non","Non","Oui","Oui","Non","Non","Non","Non","Oui","Non","Non","Non","Non","Non","Non","non","non","oui","non","oui","Oui","Parfois","Non","Oui","Non","Oui","Oui","Non","Oui","Non","Oui","Non","Non","Non","Non","Non","Non","Non","Non","Non","Non","Non","Non","Non","Non","Non","Oui","Oui","Parfois","nini","Oui","Oui","Non","Non","Oui","Non","Non","Non","Non","Oui","Oui","Non","Non","Non","Non","Non","Oui","Non","Non","Non","Non","Non","Oui","Non","Plus de dix ans","autre","Oui","Non","Non","Non","Non","fonct","Non","Non","Oui","Non","Non","Non","Non","Non","Non","histoire","Un homme","Non","Non","Non","Oui","Oui","Oui","Non","Non","Non","Oui","Non","Non","Non","Non","Non","moins","moins","NA","moins","moins","moins","NA","moins","NA","moins","NA","NA","NA","NA","Non","Non","Non","Non","Non","Non","Non","Oui","Oui","Non","Non","Non","Non","Non","Oui","seule","NA","NA","NA","NA","NA","NA","NA","NA","NA","NA","NA","LinuxUnix","Oui","Non","Non","Oui","Non","Oui","Non","Oui","Non","Non","Oui","Non","Oui","Non","Non","Non","Non","Non","Non","Non","Non","Non","Non","Non","Oui","Non","Non","Non","Oui","Oui","Non"
401,1,1,"Non","Non","Non","Oui","Non","Non","Non","Non","Non","Non","Non","Non","Non","Assez","Oui","Non","Oui","Non","Oui","Non","Oui","NA","NA","NA","NA","Non","Non","Non","Non","Oui","Non","Non","Non","Non","Non","Non","Non","Non","Non","Non","Oui","Non","Non","Non","Non","oui","non","non","non","non","Oui","Non applicable","Non","Oui","Oui","Oui","Oui","Non","Oui","Non","Oui","Non","Non","Oui","Non","Non","Non","Non","Non","Non","Non","Oui","Oui","Non","Non","Non","Oui","Oui","Jamais","NA","Non","Non","Non","Non","Non","Non","Non","Oui","Non","Non","Non","Non","Non","Non","Non","Oui","Non","Non","Non","Oui","Non","Non","Oui","Non","Moins de cinq ans","Université","Non","Oui","Non","Non","Non","autre","Non","Non","Oui","Non","Non","Non","Non","Non","Non","histoire","Un homme","Non","Non","Non","Oui","Oui","Oui","Non","Non","Non","Oui","Non","Non","Oui","Oui","Oui","NA","NA","NA","NA","NA","NA","NA","NA","moins","moins","NA","NA","NA","NA","Non","Non","Non","Non","Non","Non","Non","Oui","Oui","Non","Non","Oui","Non","Non","Non","seule","NA","NA","NA","NA","NA","NA","NA","NA","NA","NA","NA","LinuxUnix","Non","Non","Non","Non","Non","Non","Non","Non","Non","Non","Oui","Non","Non","Non","Non","Non","Non","Non","Non","Non","Non","Non","Non","Non","Non","Non","Non","Non","Oui","Oui","Non"
467,3,1,"Oui","Oui","Non","Oui","Non","Non","Non","Non","Non","Non","Non","Non","Non","Pas du tout","Oui","Non","Non","Non","Oui","Non","Oui","Parfois","NA","NA","NA","Non","Non","Non","Non","Oui","Non","Non","Non","Oui","Non","Non","Non","Non","Non","Non","Non","Non","Non","Non","Non","non","non","non","oui","oui","Je ne sais pas","Parfois","Non","Non","Non","Oui","Oui","Non","Oui","Non","Oui","Non","Non","Non","Non","Non","Non","Non","Non","Non","Non","Oui","Non","Non","Non","Non","Oui","Non","NA","NA","Oui","Oui","Non","Non","Oui","Oui","Oui","Non","Oui","Non","Oui","Oui","Non","Oui","Non","Non","Non","Non","Oui","Non","Non","Non","Non","Non","Plus de dix ans","autre","Non","Non","Oui","Non","Non","CDI","Non","Non","Oui","Non","Non","Non","Non","Non","Non","histoire","Un homme","Non","Non","Oui","Oui","Non","Oui","Non","Non","Non","Oui","Non","Oui","Non","Non","Oui","moins","NA","plus","NA","NA","NA","NA","NA","NA","NA","moins","NA","moins","NA","Oui","Non","Non","Non","Non","Oui","Oui","Oui","Non","Non","Non","Non","Non","Non","Oui","seule","NA","NA","NA","NA","NA","NA","NA","NA","NA","NA","NA","Windows","Non","Non","Non","Non","Non","Non","Non","Non","Non","Oui","Non","Non","Non","Non","Non","Non","Non","Non","Non","Non","Oui","Non","Non","Non","Non","Non","Non","Non","Non","Non","Oui"
525,1,1,"Oui","Oui","Non","Oui","Non","Non","Non","Non","Oui","Non","Non","Non","Non","Peu","Non","Non","Non","Non","Oui","Oui","Non","NA","NA","NA","NA","Non","Non","Non","Non","Oui","Non","Non","Non","Non","Non","Non","Non","Non","Non","Non","Non","Non","Non","Non","Oui","oui","non","oui","non","non","Oui","Souvent","Non","Non","Oui","Non","Non","Oui","Oui","Oui","Non","Non","Oui","Non","Non","Oui","Non","Non","Non","Non","Oui","Oui","Non","Non","Non","Non","Oui","Oui","Souvent","tressat","Non","Non","Non","Non","Non","Non","Non","Oui","Non","Oui","Oui","Non","Non","Non","Non","Non","Non","Non","Oui","Non","Non","Non","Oui","Non","Cinq à dix ans","Université","Non","Oui","Non","Non","Non","CDD","Non","Non","Oui","Non","Non","Non","Non","Non","Non","histoire","Un homme","Non","Non","Non","Oui","Oui","Oui","Non","Non","Non","Oui","Oui","Non","Non","Non","Non","plus","NA","moins","moins","moins","moins","moins","NA","NA","NA","NA","NA","NA","NA","Non","Non","Oui","Non","Non","Oui","Oui","Oui","Oui","Non","Non","Non","Non","Oui","Non","seule","NA","NA","NA","NA","NA","NA","NA","NA","NA","NA","NA","Windows","Oui","Non","Oui","Oui","Non","Oui","Non","Non","Non","Non","Non","Oui","Non","Non","Non","Non","Oui","Oui","Non","Non","Non","Oui","Non","Oui","Non","Non","Non","Non","Oui","Non","Non"
578,1,1,"Oui","Oui","Non","Oui","Non","Non","Non","Non","Oui","Non","Non","Non","Non","Peu","Oui","Non","Non","Oui","Non","Non","Oui","NA","NA","NA","NA","Non","Non","Non","Non","Oui","Non","Non","Non","Non","Non","Non","Non","Non","Non","Non","Non","Non","Non","Non","Oui","oui","oui","non","oui","non","Je ne sais pas","Parfois","Non","Non","Non","Non","Non","Oui","Oui","Non","Oui","Non","Non","Non","Non","Non","Non","Non","Non","Non","Non","Non","Non","Non","Non","Non","Oui","Non","NA","NA","Non","Non","Non","Non","Non","Non","Non","Oui","Non","Oui","Oui","Oui","Non","Non","Oui","Non","Oui","Non","Non","Oui","Oui","Non","Non","Non","Cinq à dix ans","autre","Non","Non","Non","Non","Non","fonct","Non","Non","Oui","Non","Non","Non","Non","Non","Non","histoire","Une femme","Non","Non","Non","Oui","Non","Oui","Non","Non","Non","Oui","Non","Non","Non","Non","Non","plus","NA","NA","NA","NA","plus","NA","NA","NA","moins","NA","NA","NA","NA","Non","Non","Oui","Non","Non","Oui","Non","Oui","Non","Non","Non","Non","Non","Oui","Oui","seule","NA","NA","NA","NA","NA","NA","NA","NA","NA","NA","NA","MacOS","Oui","Non","Oui","Non","Non","Non","Non","Non","Non","Non","Oui","Non","Non","Non","Non","Non","Non","Non","Non","Non","Non","Non","Non","Non","Non","Non","Non","Non","Oui","Oui","Non"
583,1,1,"Oui","Non","Non","Oui","Non","Non","Non","Non","Non","Non","Non","Non","Non","Tout à fait","Non","Non","Non","Non","Oui","Non","Oui","Souvent","NA","NA","NA","Non","Non","Non","Non","Oui","Non","Oui","Non","Oui","Non","Non","Non","Non","Non","Non","Non","Non","Non","Non","Non","non","non","non","non","non","Oui","Non applicable","Oui","Non","Non","Non","Non","Oui","Oui","Non","Oui","Non","Non","Non","Non","Non","Non","Non","Non","Non","Non","Non","Oui","Non","Oui","Non","Oui","Non","NA","NA","Oui","Non","Non","Non","Non","Non","Non","Non","Non","Oui","Non","Oui","Oui","Non","Non","Non","Non","Non","Non","Non","Non","Non","Non","Oui","Plus de dix ans","Université","Oui","Non","Non","Non","Non","fonct","Non","Non","Oui","Non","Non","Non","Non","Non","Non","histoire","Un homme","Non","Non","Oui","Oui","Non","Oui","Non","Non","Non","Oui","Non","Oui","Non","Non","Non","plus","moins","plus","moins","moins","plus","NA","NA","moins","plus","plus","moins","plus","plus","Oui","Non","Non","Non","Non","Oui","Oui","Oui","Oui","Non","Oui","Non","Non","Oui","Oui","seule","NA","NA","NA","NA","NA","NA","NA","NA","NA","NA","NA","MacOS","Oui","Non","Non","Non","Non","Oui","Non","Non","Non","Non","Oui","Non","Non","Non","Non","Non","Non","Non","Non","Oui","Non","Non","Non","Non","Non","Non","Non","Non","Oui","Oui","Non"
588,1,1,"Oui","Non","Non","Oui","Oui","Non","Non","Non","Oui","Non","Non","Non","Non","Pas du tout","Oui","Non","Non","Oui","Non","Non","Non","NA","NA","Parfois","NA","Non","Non","Non","Non","Oui","Non","Non","Non","Non","Non","Non","Non","Oui","Non","Non","Non","Non","Non","Non","Non","non","oui","non","non","oui","Oui","Souvent","Non","Non","Oui","Non","Non","Non","Oui","Non","Oui","Non","Non","Non","Non","Non","Non","Non","Non","Non","Non","Non","Non","Non","Non","Non","Oui","Non applicable","NA","NA","Oui","Non","Non","Non","Non","Oui","Non","Non","Non","Non","Oui","Non","Oui","Oui","Non","Non","Non","Oui","Oui","Non","Non","Non","Non","Non","Plus de dix ans","NA","Oui","Non","Non","Non","Non","fonct","Non","Non","Oui","Non","Non","Non","Non","Non","Non","histoire","Une femme","Non","Non","Non","Oui","Oui","Oui","Non","Non","Non","Oui","Non","Oui","Non","Non","Oui","plus","NA","plus","NA","plus","plus","NA","plus","NA","plus","NA","moins","plus","NA","Non","Non","Non","Non","Non","Non","Non","Oui","Oui","Non","Non","Non","Non","Oui","Non","seule","NA","NA","NA","NA","NA","NA","NA","NA","NA","NA","NA","Windows","Oui","Non","Non","Non","Non","Non","Non","Non","Non","Non","Non","Oui","Non","Non","Non","Non","Non","Non","Non","Non","Non","Non","Non","Non","Non","Non","Non","Non","Non","Non","Oui"
592,2,1,"Oui","Oui","Oui","Oui","Non","Non","Oui","Non","Oui","Non","Non","Non","Non","Peu","Oui","Non","Non","Oui","Oui","Non","Oui","Jamais","Jamais","Toujours","Jamais","Non","Non","Non","Non","Oui","Non","Non","Non","Non","Non","Non","Non","Oui","Non","Non","Non","Non","Non","Non","Non","oui","non","oui","non","oui","Je ne sais pas","Parfois","Oui","Oui","Oui","Oui","Oui","Oui","Oui","Oui","Oui","Non","Non","Oui","Oui","Non","Non","Non","Non","Non","Oui","Non","Non","Non","Non","Non","Oui","Oui","Parfois","plutotsat","Non","Non","Non","Non","Non","Non","Non","Oui","Non","Non","Oui","Non","Non","Non","Non","Non","Oui","Non","Non","Non","Non","Non","Oui","Non","Moins de cinq ans","autre","Oui","Non","Non","Non","Non","fonct","Non","Non","Oui","Non","Non","Non","Non","Non","Non","histoire","Un homme","Non","Non","Non","Oui","Non","Oui","Oui","Non","Non","Non","Non","Oui","Non","Oui","Non","moins","moins","moins","NA","moins","moins","moins","moins","moins","moins","moins","moins","moins","moins","Non","Non","Non","Non","Non","Non","Non","Oui","Oui","Non","Non","Non","Oui","Non","Oui","seule","NA","NA","NA","NA","NA","NA","NA","NA","NA","NA","NA","Windows","Oui","Non","Oui","Oui","Non","Oui","Non","Non","Non","Non","Oui","Non","Oui","Non","Non","Non","Non","Oui","Non","Non","Non","Non","Oui","Non","Non","Oui","Oui","Non","Oui","Oui","Non"
599,1,1,"Oui","Non","Non","Oui","Oui","Non","Non","Non","Non","Non","Non","Non","Non","Pas du tout","Non","Non","Non","Oui","Non","Non","Non","Parfois","NA","Parfois","NA","Non","Non","Non","Non","Oui","Non","Non","Non","Non","Non","Non","Non","Non","Non","Non","Non","Non","Non","Non","Oui","non","oui","non","non","oui","Non applicable","Non applicable","Oui","Non","Non","Non","Oui","Non","Oui","Non","Non","Non","Non","Non","Non","Non","Non","Non","Non","Non","Non","Non","Non","Non","Non","Non","Oui","Non applicable","NA","NA","Non","Non","Non","Non","Non","Non","Non","Oui","Non","Non","Non","Non","Non","Non","Non","Oui","Non","Non","Non","Non","Non","Non","Non","Oui","Plus de dix ans","autre","Oui","Non","Non","Non","Non","fonct","Non","Non","Oui","Non","Non","Non","Non","Non","Non","histoire","Autre","Non","Non","Non","Non","Non","Oui","Non","Non","Non","Non","Non","Oui","Non","Non","Non","NA","NA","plus","NA","NA","plus","NA","NA","NA","NA","NA","NA","NA","NA","Oui","Non","Oui","Non","Non","Oui","Non","Oui","Oui","Non","Non","Non","Non","Oui","Oui","seule","NA","NA","NA","NA","NA","NA","NA","NA","NA","NA","NA","Windows","Non","Non","Non","Non","Non","Non","Non","Non","Non","Oui","Non","Non","Non","Non","Non","Non","Non","Non","Non","Non","Oui","Non","Non","Non","Non","Non","Non","Non","Non","Non","Oui"
607,1,1,"Non","Oui","Non","Oui","Non","Non","Oui","Non","Non","Non","Non","Non","Non","Peu","Oui","Non","Non","Oui","Oui","Non","Non","Parfois","NA","NA","NA","Non","Non","Non","Non","Non","Oui","Non","Non","Oui","Non","Non","Non","Non","Non","Non","Non","Non","Non","Non","Non","oui","non","oui","oui","non","Non","Parfois","Non","Oui","Oui","Non","Non","Oui","Oui","Non","Non","Non","Oui","Non","Non","Non","Non","Non","Non","Non","Non","Non","Non","Non","Non","Non","Oui","Oui","Parfois","plutotsat","Non","Non","Non","Non","Non","Non","Non","Oui","Non","Non","Oui","Non","Non","Non","Non","Non","Non","Oui","Non","Non","Non","Oui","Oui","Non","Moins de cinq ans","Université","Non","Oui","Non","Non","Non","autre","Non","Non","Oui","Non","Non","Non","Non","Non","Non","histoire","Un homme","Non","Non","Non","Oui","Non","Non","Oui","Non","Non","Non","Non","Oui","Non","Non","Oui","plus","moins","moins","NA","moins","moins","NA","NA","moins","moins","NA","NA","moins","NA","Non","Non","Oui","Non","Non","Oui","Oui","Oui","Oui","Non","Non","Non","Non","Oui","Oui","seule","NA","NA","NA","NA","NA","NA","NA","NA","NA","NA","NA","Windows","Oui","Non","Non","Non","Non","Non","Non","Non","Non","Non","Oui","Non","Non","Oui","Non","Non","Non","Non","Non","Non","Non","Non","Non","Non","Non","Non","Non","Non","Oui","Non","Non"
685,3,1,"Oui","Non","Non","Oui","Non","Non","Oui","Non","Oui","Non","Non","Non","Non","Assez","Non","Non","Non","Non","Oui","Non","Non","Souvent","Parfois","Jamais","Jamais","Non","Non","Oui","Non","Non","Non","Oui","Oui","Oui","Oui","Non","Non","Non","Oui","Oui","Non","Oui","Non","Non","Non","oui","non","oui","oui","non","Je ne sais pas","Souvent","Non","Non","Non","Oui","Oui","Oui","Oui","Non","Oui","Non","Non","Non","Non","Non","Non","Non","Non","Non","Oui","Oui","Oui","Non","Non","Non","Non","Oui","Souvent","plutotsat","Oui","Non","Non","Non","Non","Non","Non","Non","Non","Oui","Oui","Non","Non","Non","Oui","Non","Oui","Non","Oui","Non","Non","Oui","Oui","Non","Moins de cinq ans","Université","Non","Oui","Non","Non","Non","autre","Non","Non","Oui","Non","Non","Non","Non","Non","Non","histoire","Autre","Non","Non","Oui","Oui","Oui","Oui","Non","Non","Non","Non","Non","Oui","Non","Oui","Non","moins","moins","moins","moins","moins","moins","moins","moins","moins","moins","moins","moins","moins","moins","Oui","Non","Non","Non","Non","Oui","Oui","Oui","Oui","Non","Oui","Non","Non","Non","Oui","seule","NA","NA","NA","NA","NA","NA","NA","NA","NA","NA","NA","Windows","Oui","Non","Oui","Oui","Non","Oui","Non","Non","Non","Non","Oui","Oui","Non","Non","Non","Non","Oui","Non","Oui","Non","Non","Oui","Non","Non","Oui","Non","Oui","Non","Non","Non","Non"
789,3,1,"Oui","Non","Non","Oui","Oui","Non","Oui","Non","Oui","Non","Non","Non","Non","Pas du tout","Oui","Non","Non","Oui","Non","Non","Oui","Parfois","NA","NA","NA","Non","Non","Non","Non","Oui","Non","Non","Non","Non","Non","Non","Non","Non","Oui","Non","Non","Non","Non","Non","Non","oui","non","non","oui","non","Oui","Parfois","Non","Non","Non","Non","Oui","Non","Non","Non","Oui","Non","Non","Non","Non","Non","Non","Non","Non","Non","Non","Oui","Non","Non","Non","Non","Non","Non","NA","NA","Non","Oui","Non","Oui","Oui","Non","Non","Non","Oui","Non","Oui","Non","Oui","Oui","Oui","Non","Oui","Oui","Non","Non","Non","Non","Oui","Non","Moins de cinq ans","Université","Non","Oui","Non","Non","Non","doct","Non","Non","Oui","Non","Non","Non","Non","Non","Non","histoire","Un homme","Non","Non","Non","Oui","Non","Oui","Non","Non","Non","Oui","Non","Non","Non","Non","Non","plus","moins","moins","NA","plus","plus","NA","NA","plus","moins","moins","NA","NA","NA","Non","Non","Non","Non","Non","Non","Non","Oui","Non","Non","Non","Non","Oui","Non","Non","seule","NA","NA","NA","NA","NA","NA","NA","NA","NA","NA","NA","Windows","Oui","Non","Oui","Oui","Non","Non","Non","Non","Non","Non","Oui","Non","Non","Non","Non","Non","Non","Non","Oui","Non","Non","Non","Non","Non","Non","Non","Non","Non","Oui","Non","Non"
831,2,1,"Oui","Non","Non","Oui","Oui","Non","Non","Non","Oui","Non","Non","Non","Non","Pas du tout","Oui","Non","Non","Oui","Non","Non","Non","Souvent","Jamais","Jamais","Jamais","Non","Non","Non","Non","Oui","Non","Non","Non","Non","Non","Non","Non","Non","Non","Non","Non","Non","Non","Non","Oui","oui","oui","non","non","oui","Non","Parfois","Oui","Non","Oui","Non","Non","Oui","Oui","Non","Oui","Non","Non","Non","Non","Non","Non","Non","Non","Non","Non","Non","Non","Non","Non","Non","Oui","Non","NA","NA","Oui","Non","Non","Non","Non","Non","Non","Non","Non","Non","Oui","Non","Non","Non","Non","Non","Oui","Non","Oui","Non","Non","Non","Non","Non","Cinq à dix ans","Université","Non","Oui","Non","Non","Non","doct","Non","Non","Oui","Non","Non","Non","Non","Non","Non","histoire","Un homme","Non","Non","Non","Oui","Non","Oui","Oui","Non","Non","Non","Non","Non","Non","Non","Non","plus","moins","plus","NA","moins","moins","NA","NA","NA","moins","NA","moins","NA","NA","Non","Non","Non","Non","Non","Non","Non","Oui","Oui","Non","Non","Non","Non","Oui","Non","seule","NA","NA","NA","NA","NA","NA","NA","NA","NA","NA","NA","Windows","Oui","Non","Oui","Non","Non","Oui","Non","Non","Non","Non","Oui","Non","Non","Non","Non","Non","Non","Non","Non","Non","Non","Non","Non","Non","Non","Non","Non","Non","Oui","Non","Non"
916,3,1,"Oui","Non","Non","Oui","Non","Oui","Oui","Oui","Oui","Non","Non","Non","Non","Assez","Non","Non","Oui","Oui","Non","Non","Non","Souvent","NA","NA","NA","Oui","Non","Oui","Non","Non","Non","Oui","Oui","Oui","Non","Non","Non","Non","Oui","Non","Non","Oui","Non","Non","Non","non","non","oui","non","non","Non","Souvent","Oui","Non","Oui","Non","Non","Non","Oui","Non","Oui","Non","Non","Non","Non","Non","Non","Non","Non","Non","Non","Oui","Non","Non","Oui","Non","Non","Non","NA","NA","Oui","Oui","Non","Oui","Non","Non","Non","Non","Non","Oui","Non","Non","Oui","Non","Non","Non","Non","Non","Non","Non","Non","Non","Non","Oui","Plus de dix ans","autre","Oui","Non","Non","Non","Non","fonct","Non","Non","Oui","Non","Non","Non","Non","Non","Non","linguistique","Un homme","Oui","Non","Oui","Oui","Non","Oui","Non","Non","Non","Oui","Oui","Non","Non","Non","Oui","plus","moins","plus","NA","moins","moins","NA","NA","NA","moins","moins","NA","moins","moins","Oui","Non","Non","Non","Oui","Oui","Non","Oui","Oui","Non","Non","Non","Non","Non","Oui","seule","NA","NA","NA","NA","NA","NA","NA","NA","NA","NA","NA","MacOS","Non","Non","Non","Non","Non","Non","Non","Non","Non","Oui","Non","Non","Oui","Non","Non","Non","Non","Non","Non","Oui","Non","Non","Non","Non","Oui","Non","Oui","Non","Non","Non","Non"
1152,2,1,"Oui","Non","Non","Non","Non","Non","Non","Non","Oui","Non","Non","Non","Non","Assez","Non","Oui","Non","Oui","Non","Non","Oui","Jamais","Jamais","Jamais","Jamais","Non","Non","Non","Non","Oui","Non","Non","Non","Non","Non","Non","Non","Non","Non","Non","Non","Non","Non","Non","Oui","non","non","non","non","non","Oui","Je ne sais pas","Non","Non","Non","Non","Oui","Non","Oui","Non","Oui","Non","Non","Non","Non","Non","Non","Non","Non","Non","Non","Non","Non","Non","Non","Non","Oui","Oui","Souvent","tressat","Oui","Non","Non","Non","Non","Non","Non","Non","Non","Non","Oui","Non","Non","Non","Non","Non","Non","Non","Oui","Non","Non","Oui","Non","Non","Cinq à dix ans","autre","Non","Oui","Non","Non","Non","autre","Non","Non","Oui","Non","Non","Non","Non","Non","Non","linguistique","Une femme","Non","Non","Oui","Oui","Non","Oui","Non","Non","Non","Oui","Oui","Non","Non","Non","Non","moins","moins","plus","moins","plus","plus","NA","plus","moins","moins","NA","NA","NA","NA","Oui","Non","Oui","Non","Non","Oui","Non","Non","Oui","Non","Non","Non","Oui","Non","Oui","seule","NA","NA","NA","NA","NA","NA","NA","NA","NA","NA","NA","MacOS","Oui","Non","Non","Non","Non","Non","Non","Non","Non","Non","Non","Non","Non","Non","Non","Non","Non","Non","Oui","Non","Non","Non","Non","Non","Non","Oui","Non","Non","Oui","Non","Non"
205,1,1,"Oui","Non","Non","Oui","Non","Non","Non","Non","Non","Non","Non","Non","Non","Pas du tout","Non","Non","Non","Oui","Non","Non","Non","Parfois","Jamais","Jamais","Jamais","Non","Non","Non","Non","Oui","Non","Non","Non","Non","Non","Non","Non","Non","Non","Non","Non","Non","Non","Non","Oui","oui","oui","non","non","non","Je ne sais pas","Parfois","Non","Non","Non","Non","Non","Oui","Oui","Non","Oui","Non","Non","Non","Non","Non","Non","Non","Non","Non","Non","Non","Non","Non","Non","Non","Oui","Non","NA","NA","Non","Non","Non","Non","Non","Non","Non","Oui","Non","Non","Non","Non","Non","Non","Non","Oui","Non","Non","Non","Non","Non","Non","Non","Oui","Plus de dix ans","NA","Oui","Non","Non","Non","Non","fonct","Non","Non","Oui","Non","Non","Non","Non","Non","Non","NA","Un homme","Non","Non","Non","Oui","Non","Oui","Non","Non","Non","Non","Oui","Non","Non","Non","Non","moins","NA","moins","NA","NA","NA","NA","NA","NA","moins","NA","NA","NA","NA","Non","Non","Non","Non","Non","Non","Non","Oui","Non","Non","Non","Non","Non","Non","Oui","seule","NA","NA","NA","NA","NA","NA","NA","NA","NA","NA","NA","Windows","Non","Non","Non","Non","Non","Non","Non","Non","Non","Oui","Non","Non","Non","Non","Non","Non","Non","Non","Non","Non","Oui","Non","Non","Non","Non","Non","Non","Non","Non","Non","Oui"
290,3,1,"Oui","Non","Non","Non","Non","Non","Oui","Non","Non","Non","Oui","Oui","Oui","Assez","Oui","Non","Oui","Oui","Non","Non","Oui","Souvent","NA","NA","NA","Non","Non","Non","Non","Non","Oui","Non","Non","Non","Non","Non","Non","Non","Non","Non","Oui","Non","Non","Non","Non","oui","oui","non","non","non","Oui","Jamais","Non","Oui","Oui","Oui","Oui","Oui","Non","Oui","Oui","Non","Non","Non","Non","Non","Non","Non","Non","Non","Non","Oui","Non","Non","Non","Non","Oui","Oui","Jamais","nini","Non","Non","Oui","Oui","Oui","Non","Non","Non","Oui","Oui","Non","Non","Non","Non","Non","Non","Oui","Oui","Oui","Oui","Non","Non","Non","Non","Plus de dix ans","autre","Non","Non","Oui","Non","Non","fonct","Non","Non","Non","Non","Oui","Non","Non","Non","Non","NA","Une femme","Non","Non","Oui","Non","Non","Non","Oui","Non","Non","Non","Oui","Oui","Oui","Non","Oui","NA","NA","NA","NA","NA","NA","NA","NA","NA","NA","NA","NA","NA","NA","Non","Non","Oui","Oui","Non","Oui","Non","Non","Oui","Non","Non","Non","Non","Non","Non","seule","NA","NA","NA","NA","NA","NA","NA","NA","NA","NA","NA","Windows","Oui","Non","Non","Non","Non","Non","Non","Non","Non","Non","Non","Non","Non","Non","Non","Non","Oui","Non","Non","Non","Non","Non","Non","Oui","Non","Non","Non","Non","Non","Non","Non"
622,1,1,"Oui","Oui","Non","Oui","Non","Non","Non","Non","Oui","Non","Non","Non","Non","Peu","Non","Non","Non","Oui","Oui","Oui","Oui","NA","NA","NA","NA","Non","Non","Non","Non","Oui","Non","Non","Non","Non","Non","Non","Non","Non","Non","Non","Non","Non","Non","Non","Oui","oui","non","non","non","non","Je ne sais pas","Je ne sais pas","Oui","Non","Non","Non","Non","Oui","Non","Non","Non","Non","Oui","Non","Non","Oui","Non","Non","Non","Non","Non","Oui","Non","Non","Non","Non","Oui","Oui","Jamais","NA","Non","Non","Non","Oui","Oui","Non","Non","Non","Oui","Oui","Non","Oui","Oui","Non","Oui","Non","Oui","Non","Oui","Non","Non","Oui","Non","Non","Plus de dix ans","Université","Oui","Non","Non","Non","Non","fonct","Non","Non","Oui","Non","Non","Non","Non","Non","Non","NA","Une femme","Non","Non","Non","Oui","Non","Oui","Non","Non","Non","Non","Non","Oui","Non","Non","Oui","moins","NA","plus","NA","moins","NA","NA","NA","NA","NA","NA","NA","moins","NA","Non","Non","Non","Oui","Non","Oui","Oui","Oui","Oui","Non","Non","Non","Non","Non","Non","seule","NA","NA","NA","NA","NA","NA","NA","NA","NA","NA","NA","MacOS","Oui","Non","Non","Non","Non","Non","Non","Non","Non","Non","Oui","Non","Non","Non","Non","Non","Non","Non","Non","Non","Oui","Non","Non","Non","Non","Non","Non","Non","Non","Non","Oui"
883,5,1,"Oui","Non","Non","Oui","Oui","Oui","Oui","Oui","Oui","Non","Oui","Oui","Non","Assez","Non","Oui","Oui","Non","Oui","Non","Oui","Souvent","Jamais","Jamais","Souvent","Oui","Non","Non","Non","Non","Non","Non","Non","Non","Non","Oui","Oui","Oui","Non","Non","Oui","Non","Oui","Non","Non","oui","oui","non","non","non","Oui","Souvent","Non","Oui","Oui","Oui","Oui","Non","Oui","Non","Oui","Non","Non","Non","Non","Non","Oui","Non","Non","Non","Non","Oui","Oui","Oui","Oui","Non","Oui","Non","NA","NA","Non","Non","Oui","Non","Non","Non","Non","Non","Non","Non","Oui","Non","Non","Oui","Non","Non","Non","Oui","Non","Oui","Non","Non","Oui","Non","Plus de dix ans","NA","Oui","Non","Non","Non","Non","CDI","Non","Non","Oui","Non","Non","Non","Non","Non","Non","NA","Un homme","Non","Non","Oui","Oui","Oui","Oui","Oui","Non","Non","Oui","Non","Non","Oui","Oui","Oui","plus","NA","NA","plus","NA","plus","moins","plus","moins","moins","plus","moins","moins","moins","Non","Non","Oui","Non","Oui","Non","Oui","Oui","Oui","Non","Non","Oui","Oui","Non","Non","seule","NA","NA","NA","NA","NA","NA","NA","NA","NA","NA","NA","MacOS","Non","Non","Non","Non","Non","Non","Non","Oui","Non","Non","Oui","Non","Non","Non","Non","Non","Non","Non","Oui","Non","Non","Non","Non","Non","Oui","Non","Non","Non","Oui","Non","Non"
1074,4,1,"Non","Non","Non","Non","Non","Non","Non","Oui","Oui","Non","Oui","Non","Non","Assez","Oui","Non","Oui","Non","Non","Non","Non","Parfois","NA","NA","NA","Non","Non","Non","Non","Oui","Non","Non","Oui","Oui","Non","Non","Non","Non","Non","Non","Non","Non","Non","Non","Non","oui","non","non","oui","non","Je ne sais pas","Jamais","Non","Oui","Oui","Oui","Oui","Non","Non","Non","Non","Non","Oui","Non","Non","Non","Non","Non","Non","Oui","Non","Oui","Oui","Non","Non","Non","Non","Oui","NA","NA","Non","Oui","Non","Non","Non","Non","Non","Non","Non","Non","Non","Non","Non","Non","Non","Oui","Non","Non","Non","Non","Non","Non","Non","Oui","Plus de dix ans","autre","Non","Non","Non","Non","Oui","CDI","Non","Oui","Non","Non","Non","Non","Non","Non","Non","NA","Autre","Non","Non","Non","Non","Non","Oui","Non","Non","Non","Non","Non","Non","Non","Non","Oui","NA","NA","NA","NA","NA","NA","NA","NA","NA","NA","NA","NA","NA","moins","Non","Non","Non","Non","Non","Non","Oui","Non","Non","Non","Non","Non","Non","Oui","Oui","seule","NA","NA","NA","NA","NA","NA","NA","NA","NA","NA","NA","Windows","Non","Non","Non","Non","Non","Non","Non","Non","Non","Oui","Non","Non","Non","Non","Non","Non","Non","Non","Non","Non","Oui","Non","Non","Non","Non","Non","Non","Non","Non","Non","Oui"
1097,1,1,"Oui","Non","Non","Oui","Non","Non","Oui","Non","Non","Non","Oui","Non","Non","Pas du tout","Non","Non","Non","Oui","Non","Non","Non","Jamais","Jamais","Jamais","Jamais","Non","Non","Non","Non","Non","Oui","Non","Non","Non","Non","Non","Non","Non","Non","Non","Non","Non","Non","Non","Oui","non","non","non","non","non","Non applicable","Non applicable","Oui","Non","Non","Oui","Non","Non","Oui","Non","Oui","Non","Oui","Non","Non","Non","Non","Non","Non","Non","Non","Non","Non","Non","Non","Non","Oui","Non","NA","NA","Non","Non","Non","Non","Non","Non","Non","Oui","Non","Non","Non","Non","Non","Non","Non","Oui","Non","Non","Non","Non","Non","Non","Non","Oui","Moins de cinq ans","NA","Non","Oui","Non","Non","Non","CDD","Non","Non","Oui","Non","Non","Non","Non","Non","Non","NA","Une femme","Non","Non","Non","Oui","Oui","Oui","Non","Non","Non","Non","Oui","Oui","Non","Non","Oui","plus","moins","plus","NA","plus","plus","NA","NA","NA","NA","plus","NA","NA","plus","Non","Non","Oui","Non","Non","Oui","Oui","Non","Oui","Non","Non","Non","Non","Oui","Non","seule","NA","NA","NA","NA","NA","NA","NA","NA","NA","NA","NA","Windows","Oui","Non","Non","Non","Non","Non","Non","Non","Non","Non","Oui","Non","Non","Non","Non","Non","Non","Non","Non","Non","Non","Non","Non","Non","Non","Non","Non","Non","Non","Non","Oui"
1166,1,1,"Non","Non","Non","Non","Non","Non","Non","Non","Non","Non","Non","Non","Non","Peu","Oui","Non","Oui","Non","Oui","Non","Oui","NA","NA","NA","NA","Non","Non","Non","Non","Oui","Non","Non","Non","Non","Non","Non","Non","Non","Non","Non","Non","Non","Non","Non","Oui","oui","non","oui","non","non","Non applicable","Non applicable","Oui","Oui","Oui","Oui","Oui","Oui","Non","Non","Non","Non","Non","Non","Non","Non","Non","Non","Oui","Non","Non","Non","Non","Non","Non","Non","Oui","Oui","Parfois","insatisfait","Non","Oui","Oui","Oui","Oui","Non","Non","Non","Oui","Oui","Oui","Oui","Oui","Oui","Oui","Non","Oui","Oui","Non","Oui","Oui","Oui","Oui","Non","Moins de cinq ans","Université","Non","Non","Oui","Oui","Oui","fonct","Non","Non","Non","Non","Oui","Non","Non","Non","Non","NA","Une femme","Non","Non","Non","Oui","Non","Non","Non","Non","Non","Non","Non","Non","Non","Non","Oui","NA","NA","NA","NA","NA","NA","NA","NA","NA","NA","NA","NA","moins","moins","Non","Non","Non","Non","Non","Non","Non","Non","Non","Non","Non","Non","Non","Non","Non","seule","NA","NA","NA","NA","NA","NA","NA","NA","NA","NA","NA","Windows","Non","Non","Non","Non","Non","Non","Non","Non","Non","Oui","Non","Non","Non","Non","Non","Non","Non","Non","Non","Non","Oui","Non","Non","Non","Non","Non","Non","Non","Non","Non","Oui"
1183,2,1,"Oui","Non","Non","Oui","Oui","Non","Non","Non","Non","Non","Non","Non","Non","Pas du tout","Non","Non","Non","Oui","Oui","Non","Non","Toujours","Jamais","Parfois","Jamais","Oui","Non","Non","Non","Non","Non","Non","Oui","Oui","Non","Non","Non","Non","Non","Non","Non","Non","Non","Non","Non","oui","oui","non","non","non","Je ne sais pas","Parfois","Oui","Non","Non","Non","Non","Non","Oui","Non","Oui","Non","Non","Non","Non","Non","Non","Non","Non","Non","Non","Non","Non","Non","Non","Non","Oui","Non applicable","NA","NA","Non","Non","Non","Non","Oui","Non","Non","Non","Non","Non","Non","Non","Non","Oui","Oui","Non","Oui","Non","Oui","Non","Non","Oui","Non","Non","Moins de cinq ans","NA","Non","Oui","Non","Non","Oui","doct","Non","Non","Oui","Non","Non","Non","Non","Non","Non","NA","Une femme","Non","Non","Non","Oui","Non","Non","Non","Non","Non","Oui","Non","Oui","Non","Non","Non","plus","moins","plus","NA","moins","moins","NA","NA","NA","moins","NA","moins","moins","NA","Non","Non","Oui","Non","Oui","Oui","Non","Oui","Oui","Non","Non","Non","Non","Oui","Oui","seule","NA","NA","NA","NA","NA","NA","NA","NA","NA","NA","NA","MacOS","Oui","Non","Non","Non","Non","Oui","Non","Non","Non","Non","Oui","Non","Non","Non","Non","Non","Oui","Oui","Non","Non","Non","Non","Non","Non","Non","Non","Non","Non","Oui","Non","Non"
417,4,1,"Non","Non","Non","Non","Non","Oui","Oui","Oui","Oui","Non","Oui","Oui","Non","Tout à fait","Non","Oui","Oui","Oui","Non","Non","Non","Parfois","Jamais","Jamais","Jamais","Non","Non","Non","Non","Oui","Non","Oui","Oui","Oui","Non","Non","Non","Non","Oui","Non","Non","Non","Non","Non","Non","non","non","non","non","oui","Oui","Parfois","Non","Oui","Oui","Non","Oui","Non","Non","Oui","Oui","Non","Non","Non","Non","Non","Non","Non","Non","Non","Non","Oui","Non","Non","Non","Non","Oui","Oui","Jamais","NA","Oui","Non","Non","Non","Non","Oui","Oui","Non","Non","Non","Non","Non","Oui","Non","Non","Non","Oui","Non","Non","Oui","Non","Non","Non","Non","Plus de dix ans","autre","Oui","Non","Non","Non","Non","CDI","Non","Non","Oui","Non","Non","Non","Non","Non","Non","psychologie","Un homme","Oui","Non","Oui","Non","Oui","Oui","Oui","Non","Non","Oui","Oui","Oui","Non","Oui","Non","moins","moins","moins","moins","moins","moins","moins","moins","moins","moins","moins","moins","moins","moins","Non","Oui","Non","Non","Non","Oui","Non","Non","Oui","Non","Non","Oui","Oui","Oui","Oui","seule","NA","NA","NA","NA","NA","NA","NA","NA","NA","NA","NA","MacOS","Oui","Oui","Non","Non","Oui","Non","Non","Oui","Non","Non","Oui","Non","Non","Non","Non","Non","Non","Non","Non","Non","Non","Non","Non","Non","Non","Non","Non","Non","Oui","Oui","Non"
513,3,1,"Oui","Non","Oui","Non","Non","Oui","Oui","Non","Non","Non","Oui","Non","Non","Peu","Non","Oui","Oui","Oui","Non","Non","Oui","Parfois","Jamais","Jamais","Jamais","Non","Non","Non","Non","Oui","Non","Non","Non","Non","Non","Non","Non","Non","Non","Non","Non","Non","Non","Non","Oui","oui","non","oui","oui","oui","Oui","Jamais","Non","Oui","Oui","Non","Oui","Oui","Non","Oui","Oui","Non","Non","Non","Non","Non","Non","Non","Non","Non","Non","Non","Non","Non","Non","Non","Oui","Non","NA","NA","Non","Oui","Non","Oui","Oui","Oui","Oui","Non","Non","Non","Non","Oui","Oui","Oui","Oui","Non","Oui","Non","Oui","Non","Oui","Oui","Oui","Non","Plus de dix ans","autre","Non","Non","Oui","Non","Non","fonct","Non","Non","Oui","Non","Non","Non","Non","Non","Non","psychologie","Une femme","Non","Non","Oui","Non","Oui","Oui","Oui","Non","Non","Non","Oui","Oui","Non","Non","Non","plus","moins","moins","plus","plus","plus","NA","NA","moins","moins","plus","NA","moins","moins","Oui","Oui","Non","Non","Non","Oui","Oui","Oui","Oui","Non","Non","Non","Oui","Oui","Non","seule","NA","NA","NA","NA","NA","NA","NA","NA","NA","NA","NA","Windows","Oui","Non","Non","Non","Oui","Non","Non","Non","Non","Non","Oui","Non","Non","Non","Non","Non","Non","Non","Non","Non","Non","Non","Non","Non","Non","Non","Non","Non","Non","Oui","Non"
976,2,1,"Oui","Non","Non","Non","Non","Non","Oui","Non","Oui","Non","Oui","Oui","Non","Assez","Non","Oui","Oui","Oui","Non","Non","Non","Toujours","Jamais","Jamais","Jamais","Non","Non","Non","Non","Oui","Non","Oui","Non","Oui","Non","Non","Non","Non","Non","Non","Non","Non","Non","Non","Non","non","oui","oui","non","oui","Non","Jamais","Non","Oui","Oui","Non","Oui","Oui","Oui","Non","Oui","Non","Non","Non","Non","Non","Non","Non","Non","Non","Non","Non","Non","Non","Non","Non","Oui","Oui","Parfois","insatisfait","Non","Non","Non","Non","Oui","Non","Non","Non","Non","Non","Oui","Non","Non","Non","Non","Non","Oui","Non","Oui","Non","Non","Non","Non","Non","Moins de cinq ans","Université","Non","Oui","Non","Non","Non","CDD","Non","Non","Oui","Non","Non","Non","Non","Non","Non","psychologie","Une femme","Non","Oui","Non","Non","Oui","Non","Non","Non","Non","Non","Oui","Non","Non","Non","Oui","moins","NA","moins","moins","moins","plus","moins","moins","moins","NA","NA","NA","moins","NA","Oui","Non","Non","Non","Non","Non","Non","Non","Oui","Non","Non","Non","Oui","Non","Non","seule","NA","NA","NA","NA","NA","NA","NA","NA","NA","NA","NA","Windows","Oui","Non","Non","Non","Oui","Non","Non","Non","Non","Non","Non","Oui","Non","Non","Non","Non","Non","Non","Oui","Non","Non","Oui","Non","Non","Non","Non","Oui","Non","Oui","Non","Non"
72,3,1,"Oui","Non","Non","Oui","Oui","Non","Oui","Non","Oui","Non","Oui","Oui","Non","Tout à fait","Oui","Oui","Non","Non","Oui","Non","Oui","Souvent","Parfois","Jamais","Non applicable","Non","Non","Non","Non","Oui","Non","Oui","Non","Non","Oui","Non","Non","Non","Non","Non","Non","Non","Non","Non","Non","oui","oui","non","non","non","Oui","Parfois","Non","Oui","Oui","Oui","Non","Oui","Oui","Oui","Non","Non","Non","Non","Non","Oui","Non","Non","Non","Non","Non","Oui","Oui","Non","Non","Non","Non","Oui","Parfois","tressat","Oui","Non","Non","Oui","Non","Oui","Non","Non","Non","Non","Non","Oui","Oui","Non","Oui","Non","Oui","Oui","Oui","Oui","Non","Non","Non","Non","Plus de dix ans","CNRS","Oui","Non","Non","Non","Non","fonct","Non","Non","Oui","Non","Non","Non","Non","Non","Non","sociologie","Un homme","Non","Non","Oui","Oui","Oui","Oui","Oui","Non","Non","Non","Oui","Oui","Non","Non","Non","NA","NA","NA","NA","NA","NA","NA","NA","NA","NA","NA","NA","NA","NA","Oui","Non","Oui","Oui","Oui","Oui","Oui","Oui","Oui","Non","Non","Non","Non","Oui","Oui","seule","NA","NA","NA","NA","NA","NA","NA","NA","NA","NA","NA","Windows","Oui","Non","Non","Non","Oui","Oui","Non","Oui","Non","Non","Non","Oui","Oui","Non","Non","Non","Non","Non","Oui","Non","Non","Oui","Non","Non","Oui","Non","Non","Non","Oui","Oui","Non"
73,2,1,"Oui","Non","Non","Oui","Oui","Non","Oui","Oui","Oui","Non","Non","Non","Non","Tout à fait","Non","Non","Non","Oui","Non","Non","Non","Souvent","Jamais","Jamais","Jamais","Non","Non","Non","Non","Oui","Non","Non","Non","Non","Oui","Oui","Non","Non","Non","Non","Non","Non","Non","Non","Non","non","non","non","oui","oui","Non","Parfois","Non","Oui","Non","Non","Oui","Non","Non","Non","Non","Non","Oui","Non","Non","Non","Non","Non","Non","Non","Oui","Oui","Oui","Non","Non","Non","Non","Non","NA","NA","Oui","Oui","Oui","Non","Non","Non","Non","Non","Non","Oui","Non","Oui","Non","Non","Non","Non","Non","Non","Oui","Non","Non","Non","Non","Non","Plus de dix ans","CNRS","Oui","Non","Non","Non","Non","fonct","Non","Non","Oui","Non","Non","Non","Non","Non","Non","sociologie","Un homme","Non","Non","Oui","Oui","Oui","Oui","Non","Non","Non","Oui","Non","Oui","Non","Non","Non","moins","NA","NA","moins","moins","moins","NA","moins","moins","moins","moins","moins","NA","moins","Oui","Non","Oui","Oui","Non","Non","Oui","Non","Oui","Non","Non","Non","Oui","Non","Non","seule","NA","NA","NA","NA","NA","NA","NA","NA","NA","NA","NA","Windows","Oui","Non","Non","Non","Oui","Non","Non","Non","Non","Non","Non","Non","Non","Non","Non","Non","Oui","Non","Non","Non","Non","Non","Non","Non","Non","Non","Non","Non","Oui","Non","Non"
110,3,1,"Oui","Non","Non","Oui","Oui","Non","Oui","Oui","Oui","Non","Oui","Oui","Non","Assez","Oui","Oui","Non","Oui","Non","Non","Oui","Souvent","Jamais","Jamais","Jamais","Non","Non","Non","Non","Oui","Non","Non","Non","Non","Non","Non","Non","Non","Non","Non","Non","Non","Non","Non","Oui","non","oui","non","oui","non","Oui","Parfois","Non","Oui","Oui","Oui","Oui","Oui","Oui","Non","Oui","Non","Non","Non","Non","Non","Non","Non","Non","Non","Non","Oui","Non","Non","Non","Non","Non","Non","NA","NA","Non","Non","Oui","Oui","Non","Oui","Non","Non","Oui","Oui","Oui","Oui","Oui","Oui","Oui","Non","Oui","Oui","Oui","Oui","Non","Non","Non","Non","Cinq à dix ans","école","Non","Oui","Non","Non","Non","fonct","Non","Non","Oui","Non","Non","Non","Non","Non","Non","sociologie","Un homme","Non","Non","Oui","Oui","Oui","Oui","Non","Non","Non","Oui","Oui","Oui","Non","Oui","Non","plus","moins","moins","moins","moins","moins","moins","moins","moins","moins","moins","moins","moins","moins","Oui","Non","Oui","Oui","Non","Oui","Oui","Oui","Oui","Oui","Oui","Oui","Oui","Oui","Oui","seule","NA","NA","NA","NA","NA","NA","NA","NA","NA","NA","NA","MacOS","Oui","Non","Non","Non","Non","Non","Non","Oui","Non","Non","Oui","Non","Non","Non","Non","Non","Oui","Non","Non","Non","Non","Non","Non","Non","Non","Oui","Non","Oui","Oui","Oui","Non"
113,4,1,"Non","Non","Non","Oui","Non","Oui","Oui","Oui","Oui","Non","Oui","Oui","Non","Assez","Non","Non","Non","Oui","Oui","Non","Oui","Non applicable","Non applicable","Non applicable","Non applicable","Non","Oui","Non","Non","Non","Non","Non","Oui","Oui","Non","Non","Non","Non","Non","Non","Non","Non","Non","Non","Non","non","non","non","oui","non","Oui","Parfois","Non","Non","Oui","Non","Oui","Non","Oui","Oui","Non","Non","Non","Non","Non","Oui","Non","Non","Non","Oui","Oui","Oui","Non","Non","Non","Non","Non","Non","NA","NA","Oui","Oui","Non","Oui","Oui","Non","Non","Non","Oui","Non","Oui","Non","Oui","Non","Non","Non","Oui","Oui","Non","Oui","Non","Non","Non","Non","Moins de cinq ans","autre","Non","Oui","Non","Non","Non","doct","Non","Non","Oui","Non","Non","Non","Non","Non","Non","sociologie","Un homme","Non","Non","Oui","Non","Oui","Oui","Non","Non","Non","Non","Non","Non","Non","Non","Non","moins","NA","moins","moins","moins","moins","moins","moins","moins","NA","NA","NA","NA","NA","Oui","Non","Oui","Oui","Oui","Non","Non","Non","Oui","Oui","Non","Oui","Non","Oui","Oui","seule","NA","NA","NA","NA","NA","NA","NA","NA","NA","NA","NA","Windows","Oui","Non","Non","Oui","Non","Non","Non","Oui","Non","Non","Non","Non","Non","Non","Non","Non","Non","Non","Non","Non","Non","Oui","Oui","Oui","Oui","Oui","Oui","Oui","Oui","Oui","Non"
209,2,1,"Oui","Non","Non","Oui","Oui","Non","Oui","Non","Oui","Non","Non","Non","Non","Peu","Non","Non","Oui","Non","Non","Non","Oui","Parfois","Jamais","Jamais","Jamais","Non","Non","Non","Non","Oui","Non","Non","Non","Non","Non","Non","Non","Non","Non","Oui","Non","Non","Non","Non","Non","oui","non","oui","oui","non","Non","Parfois","Non","Non","Non","Non","Oui","Non","Non","Oui","Non","Non","Oui","Non","Non","Non","Non","Non","Non","Non","Non","Oui","Oui","Non","Non","Non","Oui","Oui","Parfois","plutotsat","Non","Non","Non","Non","Non","Non","Non","Oui","Non","Oui","Oui","Non","Non","Non","Non","Non","Non","Non","Oui","Non","Non","Non","Non","Non","Plus de dix ans","NA","Oui","Non","Non","Non","Non","fonct","Non","Non","Oui","Non","Non","Non","Non","Non","Non","sociologie","Un homme","Non","Non","Oui","Oui","Non","Oui","Oui","Non","Non","Non","Non","Non","Non","Non","Non","plus","NA","moins","NA","NA","moins","NA","NA","NA","NA","NA","NA","NA","NA","Oui","Non","Oui","Non","Non","Oui","Non","Oui","Oui","Non","Non","Non","Non","Non","Non","seule","NA","NA","NA","NA","NA","NA","NA","NA","NA","NA","NA","Windows","Oui","Non","Non","Non","Non","Non","Non","Oui","Non","Non","Non","Non","Non","Non","Non","Non","Oui","Oui","Oui","Non","Non","Oui","Non","Oui","Oui","Non","Oui","Non","Oui","Non","Non"
239,2,1,"Non","Non","Non","Non","Non","Non","Oui","Oui","Oui","Non","Non","Non","Non","Peu","Non","Non","Non","Oui","Non","Non","Oui","Parfois","Jamais","Jamais","Jamais","Non","Non","Non","Non","Oui","Non","Non","Non","Non","Non","Non","Non","Non","Non","Non","Non","Non","Non","Non","Oui","oui","non","oui","non","oui","Je ne sais pas","Toujours","Non","Non","Oui","Non","Non","Non","Oui","Oui","Non","Non","Oui","Non","Non","Non","Non","Non","Non","Non","Non","Non","Non","Non","Non","Non","Oui","Oui","Jamais","NA","Non","Non","Non","Non","Non","Non","Non","Oui","Non","Oui","Non","Oui","Oui","Oui","Oui","Non","Oui","Non","Oui","Non","Non","Oui","Non","Non","Moins de cinq ans","organisme","Non","Oui","Non","Non","Non","doct","Non","Non","Oui","Non","Non","Non","Non","Non","Non","sociologie","Une femme","Non","Non","Non","Non","Oui","Oui","Non","Non","Non","Non","Non","Oui","Non","Non","Non","NA","NA","NA","moins","NA","plus","moins","moins","moins","NA","moins","NA","NA","NA","Non","Non","Oui","Non","Non","Non","Non","Non","Oui","Oui","Non","Oui","Non","Oui","Oui","seule","NA","NA","NA","NA","NA","NA","NA","NA","NA","NA","NA","Windows","Non","Non","Non","Non","Oui","Non","Non","Oui","Non","Non","Non","Non","Non","Non","Non","Non","Oui","Non","Non","Non","Non","Non","Non","Non","Non","Non","Non","Oui","Oui","Oui","Non"
240,2,1,"Oui","Non","Non","Oui","Oui","Oui","Oui","Oui","Oui","Non","Oui","Oui","Non","Tout à fait","Oui","Non","Oui","Oui","Non","Non","Oui","Parfois","Jamais","Jamais","Jamais","Non","Non","Non","Non","Oui","Non","Non","Non","Oui","Non","Non","Non","Non","Non","Non","Non","Non","Non","Non","Non","non","oui","non","oui","non","Non","Souvent","Non","Oui","Oui","Oui","Oui","Oui","Oui","Oui","Oui","Non","Non","Non","Non","Non","Non","Non","Non","Non","Non","Oui","Oui","Non","Non","Non","Non","Oui","Parfois","plutotsat","Oui","Oui","Non","Oui","Non","Non","Non","Non","Non","Oui","Non","Non","Non","Non","Non","Non","Non","Non","Non","Oui","Oui","Non","Non","Non","Plus de dix ans","autre","Oui","Non","Non","Non","Non","fonct","Non","Non","Oui","Non","Non","Non","Non","Non","Non","sociologie","Un homme","Non","Non","Oui","Non","Oui","Oui","Oui","Non","Non","Oui","Non","Oui","Non","Non","Non","moins","NA","NA","moins","moins","moins","NA","moins","moins","moins","moins","NA","moins","moins","Oui","Non","Oui","Oui","Oui","Oui","Oui","Oui","Oui","Oui","Non","Oui","Oui","Oui","Oui","seule","NA","NA","NA","NA","NA","NA","NA","NA","NA","NA","NA","Windows","Oui","Non","Non","Non","Oui","Non","Non","Oui","Non","Non","Non","Oui","Non","Non","Non","Non","Oui","Non","Non","Non","Non","Non","Non","Non","Non","Non","Oui","Non","Oui","Oui","Non"
253,3,1,"Non","Non","Non","Oui","Oui","Non","Oui","Non","Oui","Non","Oui","Oui","Non","Assez","Oui","Oui","Oui","Oui","Oui","Non","Oui","Jamais","Jamais","Jamais","Jamais","Non","Non","Non","Non","Oui","Non","Non","Non","Non","Non","Non","Non","Non","Non","Non","Non","Non","Non","Non","Oui","oui","non","non","non","non","Je ne sais pas","Souvent","Non","Non","Oui","Oui","Oui","Oui","Oui","Oui","Oui","Non","Oui","Non","Non","Oui","Non","Non","Non","Non","Non","Oui","Oui","Non","Non","Non","Non","Non","NA","NA","Oui","Oui","Non","Oui","Oui","Non","Non","Non","Oui","Oui","Oui","Non","Oui","Oui","Non","Non","Oui","Non","Oui","Non","Non","Oui","Non","Non","Moins de cinq ans","NA","Non","Oui","Non","Non","Non","CDD","Non","Non","Oui","Non","Non","Non","Non","Non","Non","sociologie","Un homme","Non","Non","Oui","Non","Oui","Oui","Non","Non","Non","Non","Oui","Non","Non","Non","Non","plus","moins","moins","moins","moins","plus","moins","moins","moins","moins","moins","moins","moins","moins","Oui","Non","Non","Oui","Non","Oui","Non","Non","Oui","Non","Non","Non","Oui","Oui","Oui","seule","NA","NA","NA","NA","NA","NA","NA","NA","NA","NA","NA","Windows","Oui","Non","Non","Non","Non","Non","Non","Oui","Non","Non","Oui","Oui","Non","Non","Non","Non","Oui","Non","Non","Non","Non","Oui","Non","Non","Oui","Non","Oui","Oui","Oui","Non","Non"
266,2,1,"Oui","Non","Non","Non","Oui","Non","Non","Oui","Oui","Non","Non","Non","Non","Tout à fait","Non","Oui","Non","Non","Non","Non","Oui","Parfois","Jamais","Jamais","Jamais","Non","Non","Non","Non","Oui","Non","Oui","Non","Non","Non","Non","Non","Non","Non","Non","Non","Non","Non","Non","Non","oui","oui","non","non","non","Oui","Souvent","Non","Oui","Oui","Non","Oui","Non","Oui","Non","Oui","Non","Non","Non","Oui","Non","Non","Non","Non","Non","Non","Oui","Non","Non","Non","Non","Oui","Oui","Parfois","plutotsat","Oui","Non","Non","Non","Non","Non","Non","Non","Oui","Oui","Non","Oui","Non","Non","Non","Non","Non","Non","Oui","Non","Non","Non","Oui","Non","Moins de cinq ans","école","Non","Oui","Non","Non","Non","doct","Non","Non","Oui","Non","Non","Non","Non","Non","Non","sociologie","Autre","Non","Non","Oui","Non","Oui","Oui","Oui","Non","Non","Non","Non","Oui","Non","Non","Non","moins","moins","moins","moins","moins","moins","moins","moins","moins","moins","moins","moins","moins","moins","Oui","Non","Oui","Non","Non","Non","Non","Non","Oui","Non","Non","Oui","Non","Oui","Oui","seule","NA","NA","NA","NA","NA","NA","NA","NA","NA","NA","NA","MacOS","Oui","Non","Non","Non","Oui","Non","Non","Oui","Non","Non","Non","Non","Non","Non","Non","Non","Oui","Non","Non","Non","Non","Non","Non","Non","Non","Oui","Oui","Non","Oui","Non","Non"
275,3,1,"Non","Non","Non","Oui","Non","Non","Oui","Oui","Non","Non","Non","Non","Non","Peu","Non","Oui","Non","Oui","Non","Non","Oui","Parfois","Jamais","Jamais","Jamais","Non","Non","Oui","Non","Non","Non","Oui","Non","Non","Non","Non","Non","Non","Non","Non","Non","Non","Non","Non","Non","non","oui","non","non","non","Je ne sais pas","Parfois","Oui","Non","Oui","Non","Non","Non","Oui","Non","Oui","Non","Non","Non","Non","Oui","Non","Non","Non","Non","Non","Oui","Oui","Non","Non","Non","Oui","Oui","Parfois","nini","Oui","Non","Non","Oui","Non","Oui","Non","Non","Oui","Oui","Oui","Oui","Oui","Non","Oui","Non","Oui","Non","Oui","Non","Oui","Non","Non","Non","Moins de cinq ans","NA","Non","Oui","Non","Non","Non","autre","Non","Non","Oui","Non","Non","Non","Non","Non","Non","sociologie","Un homme","Non","Non","Oui","Oui","Non","Oui","Non","Non","Non","Oui","Non","Oui","Non","Non","Non","moins","moins","moins","moins","moins","moins","moins","moins","moins","moins","moins","moins","moins","moins","Oui","Non","Oui","Non","Non","Non","Non","Oui","Oui","Non","Non","Non","Non","Non","Non","seule","NA","NA","NA","NA","NA","NA","NA","NA","NA","NA","NA","Windows","Oui","Non","Non","Oui","Oui","Non","Non","Non","Non","Non","Oui","Non","Non","Non","Oui","Non","Non","Non","Oui","Non","Non","Non","Non","Non","Non","Oui","Non","Non","Oui","Non","Non"
335,1,1,"Oui","Oui","Non","Oui","Oui","Non","Non","Non","Oui","Non","Oui","Non","Non","Assez","Oui","Oui","Non","Oui","Oui","Non","Oui","Jamais","Jamais","Jamais","Jamais","Non","Non","Non","Non","Non","Oui","Non","Non","Non","Non","Non","Non","Non","Non","Non","Non","Non","Non","Non","Oui","non","non","non","non","non","Non applicable","Parfois","Oui","Non","Non","Non","Non","Non","Oui","Non","Oui","Non","Non","Non","Non","Oui","Non","Non","Non","Non","Non","Non","Non","Non","Non","Non","Oui","Non applicable","NA","NA","Non","Non","Non","Non","Non","Non","Non","Oui","Non","Non","Non","Non","Non","Non","Non","Oui","Non","Non","Non","Non","Non","Non","Non","Oui","Cinq à dix ans","Université","Non","Oui","Non","Non","Non","CDD","Non","Non","Oui","Non","Non","Non","Non","Non","Non","sociologie","Une femme","Non","Non","Oui","Oui","Non","Oui","Oui","Non","Non","Oui","Non","Oui","Non","Non","Non","plus","NA","moins","moins","moins","moins","NA","NA","NA","moins","moins","NA","NA","moins","Oui","Non","Non","Non","Non","Oui","Oui","Non","Oui","Non","Non","Non","Non","Oui","Oui","seule","NA","NA","NA","NA","NA","NA","NA","NA","NA","NA","NA","Windows","Non","Non","Non","Non","Non","Non","Non","Non","Non","Oui","Non","Non","Non","Non","Non","Non","Non","Non","Non","Non","Oui","Non","Non","Non","Non","Non","Non","Non","Non","Non","Oui"
437,3,1,"Non","Oui","Non","Oui","Oui","Non","Oui","Non","Oui","Non","Non","Non","Non","Peu","Non","Non","Non","Oui","Non","Non","Non","Parfois","Parfois","Parfois","Parfois","Non","Non","Non","Non","Oui","Non","Non","Non","Non","Non","Non","Non","Non","Non","Non","Non","Non","Non","Oui","Non","oui","oui","non","oui","non","Je ne sais pas","Parfois","Oui","Non","Oui","Non","Oui","Oui","Oui","Non","Oui","Non","Non","Non","Non","Non","Non","Non","Non","Non","Non","Non","Non","Non","Non","Non","Oui","Non","NA","NA","Non","Oui","Non","Oui","Oui","Non","Oui","Non","Oui","Oui","Oui","Oui","Oui","Oui","Oui","Non","Oui","Non","Non","Non","Non","Non","Non","Non","Moins de cinq ans","école","Non","Oui","Non","Non","Non","doct","Non","Non","Oui","Non","Non","Non","Non","Non","Non","sociologie","Une femme","Non","Non","Oui","Oui","Non","Oui","Non","Non","Non","Oui","Non","Non","Non","Non","Non","plus","moins","moins","moins","moins","plus","moins","moins","moins","moins","moins","moins","moins","moins","Oui","Non","Oui","Non","Non","Oui","Oui","Non","Oui","Non","Non","Non","Non","Oui","Oui","seule","NA","NA","NA","NA","NA","NA","NA","NA","NA","NA","NA","MacOS","Oui","Non","Non","Non","Non","Non","Non","Non","Non","Non","Oui","Non","Non","Non","Non","Non","Non","Non","Non","Non","Non","Non","Non","Non","Oui","Non","Non","Non","Non","Non","Non"
489,3,1,"Oui","Oui","Non","Oui","Oui","Non","Oui","Non","Oui","Non","Oui","Non","Non","Peu","Oui","Non","Non","Oui","Non","Non","Oui","NA","NA","NA","NA","Non","Non","Non","Non","Non","Oui","Non","Non","Non","Non","Non","Non","Non","Non","Non","Non","Non","Non","Non","Oui","oui","oui","non","non","non","Je ne sais pas","Parfois","Non","Oui","Oui","Non","Oui","Oui","Oui","Non","Oui","Non","Non","Non","Non","Non","Non","Non","Non","Non","Non","Non","Non","Non","Non","Non","Oui","Oui","NA","NA","Non","Non","Oui","Oui","Non","Oui","Non","Non","Oui","Non","Oui","Oui","Non","Oui","Oui","Non","Oui","Non","Oui","Non","Non","Oui","Non","Non","Moins de cinq ans","NA","Non","Oui","Non","Non","Non","doct","Non","Non","Oui","Non","Non","Non","Non","Non","Non","sociologie","Une femme","Non","Non","Oui","Oui","Non","Oui","Non","Non","Non","Non","Non","Oui","Non","Non","Non","plus","moins","plus","NA","plus","NA","NA","NA","plus","moins","moins","NA","NA","NA","Oui","Non","Oui","Non","Non","Oui","Oui","Oui","Oui","Non","Non","Non","Oui","Oui","Oui","seule","NA","NA","NA","NA","NA","NA","NA","NA","NA","NA","NA","Windows","Non","Non","Non","Non","Non","Non","Non","Non","Non","Oui","Oui","Oui","Non","Non","Non","Non","Oui","Non","Non","Non","Non","Non","Non","Non","Oui","Oui","Non","Non","Oui","Non","Non"
575,2,1,"Oui","Non","Non","Oui","Oui","Non","Non","Non","Non","Non","Non","Non","Non","Peu","Oui","Non","Non","Oui","Non","Non","Non","Jamais","Jamais","Jamais","Jamais","Non","Non","Non","Non","Oui","Non","Non","Non","Non","Non","Non","Non","Non","Non","Non","Non","Non","Non","Non","Oui","oui","non","oui","non","oui","Oui","Jamais","Non","Non","Oui","Oui","Oui","Non","Oui","Oui","Oui","Non","Oui","Non","Non","Oui","Non","Non","Non","Non","Non","Oui","Oui","Non","Non","Non","Non","Non","NA","NA","Non","Non","Non","Non","Non","Non","Non","Oui","Non","Non","Non","Non","Non","Non","Non","Oui","Non","Non","Non","Oui","Non","Oui","Oui","Non","Cinq à dix ans","école","Non","Oui","Non","Non","Non","CDD","Non","Non","Oui","Non","Non","Non","Non","Non","Non","sociologie","Un homme","Non","Non","Oui","Non","Non","Oui","Non","Non","Non","Oui","Non","Oui","Non","Non","Non","plus","NA","NA","moins","NA","plus","NA","NA","NA","moins","NA","NA","NA","NA","Oui","Non","Non","Non","Non","Non","Non","Non","Oui","Non","Non","Non","Non","Oui","Oui","seule","NA","NA","NA","NA","NA","NA","NA","NA","NA","NA","NA","MacOS","Oui","Non","Non","Non","Non","Non","Non","Non","Non","Non","Non","Non","Non","Non","Non","Non","Non","Non","Non","Non","Oui","Non","Non","Non","Non","Non","Non","Non","Oui","Non","Oui"
643,2,1,"Oui","Oui","Non","Oui","Oui","Non","Oui","Non","Oui","Non","Oui","Non","Non","Peu","Non","Non","Oui","Oui","Oui","Non","Oui","Parfois","Parfois","Souvent","Jamais","Non","Non","Non","Non","Non","Oui","Non","Non","Non","Non","Non","Non","Non","Non","Non","Non","Non","Non","Non","Oui","non","non","non","non","non","Non applicable","Parfois","Oui","Oui","Non","Non","Oui","Oui","Oui","Non","Oui","Non","Non","Non","Non","Oui","Non","Non","Non","Non","Non","Oui","Oui","Non","Non","Non","Oui","Oui","Jamais","nini","Non","Non","Non","Non","Non","Non","Non","Oui","Oui","Oui","Oui","Non","Non","Non","Non","Non","Oui","Non","Oui","Non","Non","Oui","Non","Non","Moins de cinq ans","autre","Non","Oui","Non","Non","Non","doct","Oui","Non","Oui","Non","Non","Non","Non","Non","Non","sociologie","Un homme","Non","Non","Oui","Oui","Non","Oui","Non","Non","Non","Oui","Non","Oui","Non","Non","Oui","moins","moins","moins","NA","moins","moins","NA","NA","NA","moins","NA","moins","moins","moins","Oui","Non","Oui","Non","Non","Oui","Oui","Oui","Non","Non","Non","Non","Non","Oui","Oui","seule","NA","NA","NA","NA","NA","NA","NA","NA","NA","NA","NA","Windows","Oui","Non","Non","Non","Non","Non","Non","Non","Non","Non","Oui","Oui","Oui","Oui","Non","Oui","Oui","Non","Oui","Non","Non","Oui","Non","Non","Oui","Oui","Non","Non","Non","Non","Non"
691,3,1,"Oui","Non","Non","Oui","Oui","Oui","Oui","Oui","Oui","Non","Oui","Oui","Non","Assez","Non","Non","Oui","Oui","Non","Non","Oui","Parfois","Jamais","Parfois","Jamais","Oui","Non","Non","Non","Non","Non","Non","Non","Non","Non","Non","Oui","Non","Non","Non","Non","Non","Non","Non","Non","oui","oui","non","non","non","Oui","Parfois","Non","Oui","Oui","Oui","Oui","Oui","Non","Oui","Oui","Non","Oui","Non","Non","Non","Non","Non","Non","Non","Non","Oui","Oui","Non","Non","Non","Oui","Oui","Toujours","tressat","Non","Non","Non","Oui","Non","Non","Non","Non","Non","Oui","Oui","Non","Non","Oui","Non","Non","Oui","Non","Non","Non","Non","Non","Non","Non","Moins de cinq ans","Université","Non","Oui","Non","Non","Non","doct","Oui","Non","Oui","Non","Non","Non","Non","Non","Non","sociologie","Un homme","Non","Non","Oui","Oui","Oui","Oui","Oui","Non","Non","Oui","Non","Oui","Non","Non","Non","moins","NA","moins","moins","moins","plus","NA","moins","moins","moins","NA","moins","moins","moins","Oui","Non","Oui","Non","Non","Oui","Non","Oui","Oui","Non","Oui","Oui","Oui","Oui","Oui","seule","NA","NA","NA","NA","NA","NA","NA","NA","NA","NA","NA","Windows","Oui","Non","Non","Non","Non","Non","Non","Oui","Non","Non","Non","Oui","Oui","Non","Non","Non","Oui","Non","Non","Oui","Non","Non","Non","Non","Oui","Non","Oui","Oui","Oui","Oui","Non"
1190,2,1,"Oui","Non","Non","Oui","Oui","Non","Non","Non","Non","Non","Non","Non","Non","Tout à fait","Non","Non","Non","Oui","Non","Non","Non","Parfois","Jamais","Jamais","Jamais","Non","Non","Non","Non","Oui","Non","Non","Non","Oui","Non","Non","Non","Non","Non","Oui","Non","Non","Non","Non","Non","non","non","oui","oui","non","Oui","Parfois","Non","Non","Non","Non","Oui","Oui","Oui","Non","Oui","Non","Oui","Non","Non","Non","Non","Non","Non","Non","Non","Oui","Oui","Non","Non","Non","Non","Oui","Jamais","plutotsat","Non","Oui","Non","Non","Non","Non","Non","Non","Non","Non","Non","Non","Oui","Non","Oui","Non","Non","Non","Oui","Non","Oui","Oui","Oui","Non","Cinq à dix ans","autre","Oui","Non","Non","Non","Non","CDD","Non","Non","Oui","Non","Non","Non","Non","Non","Non","sociologie","Une femme","Non","Non","Oui","Oui","Non","Oui","Non","Non","Non","Oui","Non","Oui","Non","Non","Non","plus","NA","moins","moins","moins","plus","NA","NA","NA","moins","moins","NA","moins","moins","Oui","Non","Non","Non","Oui","Oui","Oui","Oui","Oui","Non","Non","Non","Non","Oui","Oui","seule","NA","NA","NA","NA","NA","NA","NA","NA","NA","NA","NA","Windows","Oui","Non","Non","Oui","Oui","Non","Non","Non","Non","Non","Non","Non","Non","Non","Non","Non","Oui","Non","Oui","Non","Non","Non","Non","Non","Oui","Non","Oui","Non","Oui","Non","Non"
54,3,2,"Oui","Non","Non","Oui","Oui","Oui","Non","Non","Oui","Non","Oui","Non","Non","Assez","Non","Non","Oui","Oui","Oui","Non","Oui","Jamais","Jamais","Parfois","Parfois","Non","Non","Non","Non","Oui","Non","Non","Non","Non","Non","Non","Non","Non","Non","Non","Non","Non","Non","Non","Oui","oui","oui","non","oui","non","Oui","Toujours","Non","Non","Oui","Oui","Oui","Non","Non","Oui","Oui","Oui","Oui","Oui","Oui","Non","Non","Non","Non","Non","Oui","Oui","Oui","Non","Non","Non","Non","Oui","Souvent","plutotsat","Oui","Oui","Oui","Oui","Oui","Oui","Oui","Non","Oui","Oui","Oui","Oui","Oui","Oui","Oui","Non","Oui","Oui","Non","Non","Non","Oui","Oui","Non","Plus de dix ans","CNRS","Non","Non","Oui","Non","Non","fonct","Non","Non","Oui","Non","Non","Non","Non","Non","Non","archéologie","Un homme","Non","Non","Oui","Non","Oui","Oui","Non","Non","Non","Oui","Non","Oui","Non","Non","Non","plus","moins","moins","NA","moins","plus","moins","moins","moins","moins","moins","plus","moins","moins","Oui","Oui","Oui","Non","Oui","Oui","Oui","Oui","Oui","Oui","Oui","Non","Non","Oui","Oui","2a5","Oui","Oui","Oui","Non","Non","Non","Non","Non","Non","Non","Non","Windows","Oui","Non","Oui","Oui","Non","Oui","Non","Non","Non","Non","Oui","Oui","Oui","Non","Non","Oui","Oui","Oui","Oui","Oui","Non","Oui","Non","Oui","Non","Non","Non","Oui","Oui","Non","Non"
249,4,2,"Oui","Non","Non","Oui","Oui","Non","Non","Non","Oui","Non","Non","Non","Oui","Pas du tout","Non","Non","Non","Oui","Oui","Non","Oui","Souvent","Souvent","Jamais","Jamais","Oui","Non","Non","Non","Non","Non","Non","Oui","Oui","Oui","Non","Non","Non","Non","Oui","Non","Non","Non","Non","Non","non","oui","non","non","non","Non","Souvent","Non","Oui","Non","Oui","Non","Non","Non","Oui","Non","Non","Oui","Non","Non","Non","Non","Non","Non","Non","Oui","Oui","Non","Non","Non","Non","Non","Oui","Parfois","nini","Oui","Oui","Non","Non","Non","Non","Non","Non","Non","Non","Non","Non","Non","Non","Non","Oui","Non","Non","Non","Non","Non","Non","Oui","Non","Plus de dix ans","autre","Oui","Non","Oui","Non","Non","fonct","Non","Non","Oui","Non","Non","Non","Non","Non","Non","archéologie","Un homme","Non","Non","Oui","Non","Oui","Oui","Oui","Non","Non","Oui","Oui","Oui","Non","Oui","Oui","plus","moins","plus","moins","moins","plus","moins","moins","plus","moins","moins","moins","moins","moins","Oui","Oui","Non","Non","Non","Oui","Oui","Oui","Non","Non","Non","Non","Non","Oui","Oui","2a5","Oui","Oui","Oui","Non","Non","Non","Non","Non","Non","Non","Non","Windows","Non","Non","Oui","Oui","Non","Oui","Non","Non","Non","Non","Oui","Oui","Non","Non","Non","Non","Oui","Non","Oui","Non","Non","Oui","Non","Non","Oui","Non","Non","Non","Non","Non","Non"
256,3,2,"Oui","Non","Non","Non","Non","Non","Oui","Non","Oui","Non","Non","Non","Non","Assez","Non","Non","Non","Oui","Non","Oui","Oui","Souvent","Parfois","Jamais","Jamais","Non","Non","Non","Non","Oui","Non","Oui","Oui","Oui","Non","Non","Non","Non","Oui","Non","Non","Non","Non","Non","Non","oui","oui","oui","non","non","Non","Souvent","Oui","Non","Non","Non","Oui","Non","Oui","Non","Oui","Non","Non","Non","Oui","Non","Non","Non","Non","Non","Non","Oui","Non","Non","Oui","Non","Non","Non","NA","NA","Non","Non","Non","Oui","Oui","Non","Non","Non","Non","Non","Non","Oui","Non","Oui","Oui","Non","Oui","Non","Oui","Non","Oui","Non","Non","Non","Moins de cinq ans","autre","Non","Oui","Non","Non","Non","doct","Non","Non","Oui","Non","Non","Non","Non","Non","Non","archéologie","Une femme","Non","Non","Oui","Oui","Oui","Oui","Non","Non","Non","Oui","Non","Oui","Non","Oui","Non","plus","moins","moins","NA","moins","moins","moins","moins","NA","moins","moins","NA","moins","NA","Oui","Non","Non","Non","Oui","Non","Non","Oui","Oui","Non","Non","Non","Oui","Oui","Non","2a5","Oui","Oui","Non","Non","Non","Non","Non","Non","Non","Non","Non","Windows","Oui","Non","Oui","Oui","Non","Oui","Non","Non","Non","Non","Non","Oui","Non","Non","Non","Non","Oui","Non","Non","Non","Non","Non","Non","Oui","Oui","Oui","Oui","Non","Oui","Non","Non"
346,3,2,"Oui","Non","Non","Oui","Non","Non","Non","Oui","Oui","Non","Non","Non","Non","Assez","Oui","Non","Oui","Non","Non","Non","Oui","Souvent","Jamais","Toujours","NA","Non","Non","Oui","Non","Non","Non","Oui","Non","Oui","Non","Non","Non","Oui","Non","Non","Non","Oui","Non","Non","Non","non","oui","non","non","oui","Non","Parfois","Oui","Oui","Oui","Oui","Oui","Oui","Oui","Oui","Oui","Non","Non","Non","Non","Non","Non","Non","Non","Non","Non","Oui","Oui","Non","Non","Non","Non","Non","NA","NA","Non","Non","Oui","Oui","Oui","Non","Non","Non","Non","Non","Non","Oui","Oui","Non","Oui","Non","Oui","Non","Oui","Non","Oui","Non","Non","Non","Cinq à dix ans","autre","Non","Oui","Non","Non","Non","CDD","Non","Non","Oui","Non","Non","Non","Non","Non","Non","archéologie","Une femme","Non","Non","Non","Oui","Oui","Oui","Oui","Non","Non","Oui","Oui","Non","Non","Non","Oui","plus","moins","plus","moins","moins","moins","moins","moins","moins","moins","moins","moins","moins","moins","Oui","Non","Oui","Non","Oui","Oui","Non","Oui","Oui","Non","Non","Non","Non","Oui","Oui","2a5","Oui","Oui","Non","Non","Non","Non","Non","Non","Non","Non","Non","Windows","Oui","Non","Oui","Oui","Non","Oui","Non","Non","Non","Non","Oui","Non","Non","Non","Oui","Non","Oui","Oui","Oui","Non","Non","Non","Non","Non","Oui","Non","Non","Non","Oui","Non","Non"
492,3,2,"Oui","Oui","Oui","Oui","Oui","Non","Non","Non","Oui","Non","Oui","Non","Non","Peu","Oui","Oui","Non","Non","Oui","Oui","Oui","Souvent","Parfois","Jamais","Jamais","Non","Non","Non","Non","Oui","Non","Oui","Oui","Oui","Oui","Non","Non","Non","Oui","Oui","Non","Non","Non","Non","Non","oui","oui","non","oui","non","Je ne sais pas","Souvent","Oui","Oui","Non","Non","Non","Oui","Oui","Non","Oui","Non","Non","Non","Non","Non","Non","Non","Non","Oui","Non","Oui","Oui","Non","Non","Non","Non","Non","NA","NA","Non","Non","Non","Non","Non","Non","Non","Oui","Non","Non","Oui","Non","Non","Non","Oui","Non","Oui","Non","Non","Non","Oui","Oui","Oui","Non","Plus de dix ans","NA","Non","Oui","Non","Non","Non","autre","Non","Non","Oui","Non","Non","Non","Non","Non","Non","archéologie","Une femme","Non","Non","Oui","Oui","Non","Oui","Oui","Non","Non","Oui","Oui","Non","Non","Non","Non","plus","moins","plus","plus","plus","plus","moins","plus","moins","moins","moins","moins","moins","moins","Oui","Non","Non","Non","Non","Oui","Non","Oui","Oui","Non","Non","Non","Non","Oui","Oui","2a5","Oui","Oui","Non","Non","Non","Non","Non","Non","Non","Non","Oui","Windows","Oui","Non","Oui","Non","Non","Oui","Non","Non","Non","Non","Oui","Non","Non","Non","Non","Non","Non","Non","Oui","Non","Non","Non","Non","Non","Non","Non","Non","Non","Non","Non","Oui"
504,2,2,"Oui","Non","Non","Non","Non","Non","Non","Non","Non","Non","Non","Non","Non","Pas du tout","Non","Non","Non","Oui","Oui","Non","Oui","Parfois","Jamais","Jamais","Jamais","Non","Non","Non","Non","Oui","Non","Oui","Oui","Oui","Non","Non","Non","Non","Oui","Non","Non","Non","Non","Non","Non","oui","non","oui","oui","non","Je ne sais pas","Parfois","Non","Non","Non","Non","Oui","Oui","Oui","Non","Oui","Non","Non","Non","Non","Non","Non","Non","Non","Non","Non","Non","Oui","Non","Non","Non","Non","Non","NA","NA","Oui","Non","Non","Non","Non","Non","Non","Non","Non","Non","Non","Non","Oui","Non","Oui","Non","Oui","Non","Oui","Non","Non","Non","Non","Non","Moins de cinq ans","Université","Non","Oui","Non","Non","Non","autre","Non","Non","Oui","Non","Non","Non","Non","Non","Non","archéologie","Une femme","Oui","Non","Oui","Oui","Non","Oui","Non","Non","Non","Oui","Oui","Non","Non","Non","Oui","moins","NA","NA","NA","NA","moins","NA","NA","NA","moins","moins","moins","moins","moins","Oui","Oui","Non","Non","Non","Oui","Non","Non","Non","Non","Non","Non","Non","Oui","Oui","2a5","Oui","Oui","Non","Non","Non","Non","Non","Non","Non","Non","Oui","Windows","Oui","Non","Oui","Non","Non","Oui","Non","Non","Non","Non","Oui","Oui","Oui","Non","Non","Non","Oui","Oui","Oui","Non","Non","Non","Non","Non","Oui","Non","Non","Non","Oui","Non","Non"
610,3,2,"Oui","Non","Non","Oui","Oui","Non","Oui","Non","Oui","Non","Oui","Non","Non","Assez","Oui","Non","Non","Oui","Oui","Non","Oui","Toujours","NA","Toujours","NA","Non","Non","Non","Non","Oui","Non","Oui","Non","Oui","Non","Non","Non","Oui","Non","Non","Non","Non","Non","Non","Non","oui","non","non","non","oui","Oui","Parfois","Oui","Non","Oui","Non","Oui","Non","Non","Non","Oui","Non","Non","Non","Non","Non","Oui","Non","Non","Non","Non","Oui","Non","Non","Non","Non","Non","Non","NA","NA","Oui","Oui","Oui","Non","Non","Non","Non","Non","Oui","Oui","Oui","Oui","Oui","Oui","Oui","Non","Oui","Non","Oui","Non","Non","Non","Oui","Non","Plus de dix ans","CNRS","Oui","Non","Non","Non","Non","fonct","Non","Non","Oui","Non","Oui","Non","Non","Non","Non","archéologie","Un homme","Oui","Non","Oui","Oui","Oui","Oui","Non","Non","Non","Oui","Oui","Oui","Non","Oui","Oui","moins","moins","moins","moins","moins","moins","moins","moins","moins","moins","moins","moins","moins","moins","Oui","Non","Non","Non","Oui","Non","Oui","Non","Oui","Non","Non","Non","Non","Non","Oui","6a10","Oui","Oui","Oui","Non","Non","Non","Non","Non","Non","Non","Non","Windows","Oui","Non","Non","Non","Non","Non","Non","Non","Non","Non","Oui","Non","Non","Non","Non","Non","Non","Non","Non","Non","Non","Non","Non","Non","Oui","Non","Non","Non","Non","Non","Non"
943,3,2,"Oui","Non","Non","Oui","Oui","Non","Non","Oui","Oui","Non","Oui","Oui","Non","Peu","Non","Non","Non","Oui","Oui","Oui","Oui","Toujours","Jamais","Toujours","Jamais","Non","Non","Non","Non","Oui","Non","Non","Non","Non","Oui","Non","Non","Non","Non","Oui","Non","Non","Non","Non","Non","oui","non","non","non","non","Oui","Souvent","Oui","Oui","Oui","Oui","Oui","Oui","Non","Oui","Oui","Oui","Non","Non","Non","Non","Non","Non","Non","Non","Oui","Oui","Non","Non","Non","Non","Non","Oui","Parfois","insatisfait","Non","Oui","Non","Non","Non","Non","Non","Non","Oui","Non","Oui","Oui","Non","Non","Non","Non","Oui","Oui","Oui","Non","Non","Oui","Non","Non","Plus de dix ans","autre","Non","Non","Oui","Non","Oui","fonct","Non","Non","Oui","Non","Non","Non","Non","Non","Non","archéologie","Un homme","Non","Non","Oui","Oui","Non","Oui","Non","Non","Non","Oui","Oui","Oui","Non","Non","Oui","plus","NA","moins","moins","NA","moins","NA","NA","moins","moins","moins","NA","NA","NA","Oui","Non","Non","Non","Oui","Oui","Oui","Oui","Oui","Oui","Non","Non","Non","Non","Non","6a10","Non","Non","Oui","Non","Oui","Non","Oui","Non","Non","Non","Non","Windows","Oui","Non","Oui","Oui","Non","Oui","Non","Non","Non","Non","Non","Oui","Non","Oui","Non","Non","Oui","Non","Non","Non","Non","Non","Non","Non","Non","Non","Oui","Non","Oui","Non","Non"
1034,5,2,"Oui","Oui","Non","Non","Oui","Oui","Non","Non","Oui","Non","Oui","Non","Non","Assez","Oui","Non","Non","Oui","Oui","Non","Oui","Souvent","Souvent","Parfois","Parfois","Oui","Non","Oui","Oui","Non","Non","Oui","Oui","Oui","Oui","Non","Oui","Oui","Oui","Non","Non","Non","Non","Non","Non","oui","oui","non","oui","oui","Oui","Parfois","Oui","Non","Oui","Oui","Oui","Non","Non","Non","Non","Oui","Oui","Non","Non","Non","Non","Non","Non","Non","Non","Oui","Oui","Non","Non","Oui","Non","Oui","Parfois","plutotsat","Oui","Oui","Non","Oui","Non","Non","Non","Non","Non","Non","Non","Oui","Oui","Oui","Non","Non","Oui","Non","Non","Non","Non","Non","Non","Non","Plus de dix ans","Université","Non","Non","Oui","Non","Non","fonct","Non","Non","Oui","Non","Non","Non","Non","Non","Non","archéologie","Une femme","Oui","Non","Non","Oui","Oui","Oui","Non","Non","Oui","Non","Oui","Non","Non","Non","Oui","moins","moins","NA","moins","NA","moins","NA","moins","moins","moins","moins","moins","moins","moins","Oui","Oui","Oui","Non","Oui","Oui","Non","Oui","Oui","Oui","Oui","Non","Oui","Oui","Oui","2a5","Oui","Oui","Oui","Non","Non","Non","Non","Non","Non","Non","Non","Windows","Oui","Non","Oui","Oui","Non","Oui","Non","Non","Non","Non","Non","Oui","Oui","Non","Non","Non","Non","Non","Oui","Non","Non","Non","Non","Non","Non","Non","Oui","Non","Oui","Oui","Non"
24,2,2,"Oui","Oui","Non","Oui","Oui","Non","Non","Non","Non","Non","Non","Non","Non","Pas du tout","Oui","Non","Non","Non","Oui","Non","Oui","Parfois","Parfois","Jamais","Jamais","Non","Non","Non","Non","Oui","Non","Oui","Non","Oui","Oui","Non","Non","Non","Non","Oui","Non","Non","Non","Non","Non","oui","non","non","non","non","Je ne sais pas","Parfois","Oui","Non","Non","Non","Non","Non","Oui","Non","Oui","Non","Non","Non","Non","Non","Non","Non","Non","Non","Non","Oui","Non","Non","Non","Non","Non","Oui","Parfois","nini","Oui","Non","Non","Non","Non","Non","Non","Non","Non","Non","Non","Oui","Non","Non","Non","Non","Oui","Non","Non","Oui","Non","Non","Non","Non","Plus de dix ans","autre","Oui","Non","Non","Non","Non","fonct","Non","Non","Oui","Non","Non","Non","Non","Non","Non","autre","Une femme","Non","Non","Oui","Oui","Non","Oui","Non","Non","Non","Oui","Non","Oui","Non","Non","Non","moins","moins","moins","NA","NA","NA","NA","NA","NA","NA","NA","NA","NA","NA","Oui","Non","Oui","Non","Non","Oui","Non","Oui","Oui","Non","Non","Non","Non","Oui","Oui","2a5","Oui","Oui","Non","Non","Non","Non","Non","Non","Non","Non","Non","MacOS","Non","Non","Non","Non","Non","Oui","Non","Non","Non","Non","Oui","Non","Non","Non","Non","Non","Non","Non","Non","Non","Non","Non","Non","Non","Non","Non","Non","Non","Oui","Non","Non"
33,5,2,"Oui","Oui","Non","Oui","Oui","Non","Non","Oui","Oui","Oui","Oui","Oui","Non","Tout à fait","Oui","Non","Non","Non","Non","Non","Oui","Parfois","Souvent","Jamais","Toujours","Non","Non","Oui","Non","Non","Non","Non","Non","Non","Non","Non","Non","Oui","Non","Oui","Oui","Oui","Oui","Non","Non","oui","oui","non","oui","non","Oui","Souvent","Non","Oui","Oui","Oui","Oui","Non","Non","Oui","Oui","Non","Non","Non","Oui","Oui","Oui","Non","Non","Non","Oui","Non","Non","Oui","Oui","Non","Non","Oui","Jamais","tressat","Oui","Oui","Oui","Oui","Oui","Oui","Oui","Non","Oui","Oui","Oui","Oui","Oui","Non","Non","Non","Oui","Non","Oui","Non","Non","Oui","Oui","Non","Moins de cinq ans","CNRS","Non","Non","Oui","Non","Non","CDD","Non","Non","Oui","Non","Non","Non","Oui","Non","Non","autre","Une femme","Non","Non","Oui","Oui","Non","Oui","Oui","Non","Oui","Oui","Oui","Non","Oui","Non","Oui","moins","moins","moins","plus","plus","moins","moins","moins","moins","moins","moins","moins","NA","moins","Oui","Non","Oui","Non","Oui","Non","Non","Oui","Oui","Non","Oui","Oui","Oui","Oui","Non","11plus","Oui","Oui","Oui","Non","Non","Non","Non","Non","Non","Non","Non","MacOS","Oui","Non","Non","Oui","Non","Non","Non","Oui","Non","Non","Oui","Non","Oui","Non","Non","Non","Non","Non","Non","Oui","Non","Non","Non","Oui","Non","Non","Non","Non","Oui","Non","Non"
48,4,2,"Non","Non","Non","Non","Non","Non","Oui","Non","Non","Non","Non","Oui","Non","Pas du tout","Oui","Non","Non","Non","Non","Non","Oui","Parfois","Non applicable","Non applicable","Non applicable","Non","Non","Non","Non","Non","Oui","Non","Oui","Non","Non","Non","Non","Non","Oui","Non","Non","Non","Oui","Non","Non","oui","non","non","oui","non","Oui","Souvent","Non","Oui","Non","Non","Oui","Non","Non","Oui","Oui","Non","Non","Non","Non","Oui","Non","Non","Non","Non","Non","Oui","Oui","Oui","Non","Non","Non","Non","NA","NA","Non","Oui","Non","Oui","Oui","Non","Non","Non","Non","Non","Oui","Non","Oui","Non","Non","Non","Oui","Oui","Non","Non","Non","Non","Non","Non","Plus de dix ans","Université","Oui","Non","Non","Non","Oui","fonct","Non","Non","Oui","Non","Non","Non","Non","Non","Non","autre","Une femme","Non","Non","Oui","Non","Oui","Oui","Non","Non","Non","Non","Oui","Non","Non","Non","Non","moins","NA","plus","NA","NA","moins","NA","NA","NA","NA","NA","NA","NA","NA","Non","Non","Oui","Non","Non","Non","Non","Non","Oui","Non","Non","Oui","Oui","Oui","Non","2a5","Oui","Non","Non","Non","Non","Non","Non","Non","Non","Non","Non","Windows","Oui","Non","Non","Oui","Non","Non","Non","Oui","Non","Non","Non","Oui","Non","Non","Non","Non","Non","Non","Non","Non","Non","Oui","Non","Non","Non","Non","Oui","Non","Oui","Non","Non"
67,3,2,"Oui","Non","Non","Non","Oui","Non","Non","Non","Oui","Non","Non","Non","Non","Assez","Non","Non","Oui","Oui","Oui","Non","Oui","Parfois","Jamais","Jamais","Jamais","Non","Non","Non","Non","Oui","Non","Oui","Oui","Oui","Non","Non","Non","Non","Oui","Oui","Non","Non","Non","Non","Non","oui","oui","oui","non","non","Non","Parfois","Oui","Non","Oui","Oui","Oui","Non","Oui","Non","Oui","Non","Oui","Non","Non","Non","Non","Non","Non","Non","Oui","Oui","Oui","Non","Non","Non","Non","Non","NA","NA","Non","Oui","Non","Non","Non","Oui","Oui","Non","Non","Non","Non","Oui","Oui","Non","Oui","Non","Oui","Non","Oui","Non","Non","Oui","Non","Non","Cinq à dix ans","NA","Non","Oui","Non","Non","Non","autre","Non","Non","Oui","Non","Non","Non","Non","Non","Non","autre","Une femme","Oui","Non","Oui","Oui","Non","Oui","Oui","Non","Non","Non","Non","Oui","Non","Non","Oui","NA","NA","NA","NA","NA","NA","NA","NA","NA","NA","NA","NA","NA","NA","Oui","Non","Non","Non","Oui","Oui","Non","Oui","Oui","Non","Oui","Non","Non","Oui","Oui","2a5","Oui","Oui","Oui","Non","Non","Non","Non","Non","Non","Non","Oui","MacOS","Oui","Non","Oui","Non","Non","Oui","Non","Non","Non","Non","Oui","Non","Non","Non","Non","Non","Non","Oui","Non","Non","Non","Non","Non","Non","Oui","Non","Non","Non","Oui","Non","Non"
78,4,2,"Non","Non","Non","Non","Oui","Oui","Oui","Oui","Oui","Non","Non","Oui","Non","Tout à fait","Non","Non","Oui","Non","Non","Non","Oui","Parfois","Jamais","Jamais","Jamais","Oui","Non","Non","Non","Non","Non","Non","Oui","Non","Non","Non","Non","Non","Non","Non","Non","Non","Non","Non","Non","oui","oui","non","non","non","Oui","Souvent","Non","Non","Oui","Non","Oui","Non","Non","Oui","Non","Non","Oui","Non","Non","Non","Non","Non","Non","Non","Non","Oui","Non","Non","Non","Non","Non","Oui","Jamais","NA","Non","Non","Non","Non","Non","Non","Non","Oui","Non","Non","Non","Oui","Non","Non","Oui","Non","Non","Non","Oui","Non","Non","Non","Non","Non","Plus de dix ans","NA","Oui","Non","Non","Non","Non","fonct","Non","Non","Oui","Non","Non","Non","Non","Non","Non","autre","Une femme","Non","Non","Non","Non","Oui","Non","Oui","Non","Non","Non","Non","Oui","Non","Non","Non","plus","NA","moins","moins","moins","plus","plus","moins","NA","moins","plus","NA","NA","moins","Non","Non","Oui","Non","Oui","Non","Non","Non","Oui","Non","Non","Non","Oui","Non","Non","2a5","Oui","Oui","Non","Non","Non","Non","Non","Non","Non","Non","Non","Windows","Non","Non","Non","Non","Oui","Non","Non","Non","Non","Non","Non","Oui","Non","Non","Non","Non","Oui","Non","Non","Non","Non","Oui","Non","Non","Non","Non","Non","Non","Non","Non","Non"
81,2,2,"Non","Non","Non","Non","Non","Non","Oui","Oui","Oui","Non","Non","Non","Non","Assez","Non","Non","Non","Non","Non","Non","Oui","Parfois","Parfois","Jamais","Jamais","Non","Non","Non","Non","Oui","Non","Non","Oui","Non","Non","Non","Non","Non","Non","Non","Non","Non","Non","Non","Non","non","oui","oui","oui","non","Je ne sais pas","Souvent","Non","Non","Oui","Non","Oui","Non","Non","Non","Oui","Non","Non","Non","Non","Non","Non","Non","Non","Non","Non","Oui","Oui","Non","Non","Non","Non","Oui","Parfois","NA","Non","Non","Non","Oui","Non","Oui","Non","Non","Non","Non","Non","Oui","Oui","Non","Non","Non","Non","Oui","Oui","Non","Non","Non","Non","Non","Cinq à dix ans","CNRS","Oui","Non","Non","Non","Non","fonct","Non","Non","Oui","Non","Non","Non","Non","Non","Non","autre","Une femme","Non","Non","Oui","Oui","Non","Oui","Non","Non","Non","Oui","Non","Oui","Non","Non","Non","moins","NA","moins","moins","moins","moins","NA","moins","moins","moins","moins","NA","NA","NA","Non","Non","Oui","Non","Oui","Oui","Non","Non","Oui","Non","Non","Non","Non","Oui","Non","6a10","Oui","Oui","Non","Non","Non","Non","Non","Non","Non","Non","Non","Windows","Oui","Non","Non","Non","Oui","Non","Non","Non","Non","Non","Non","Oui","Oui","Non","Non","Non","Non","Non","Non","Non","Non","Oui","Non","Non","Non","Non","Oui","Non","Non","Non","Non"
87,2,2,"Oui","Oui","Oui","Oui","Oui","Non","Non","Oui","Oui","Non","Oui","Non","Non","Assez","Non","Oui","Non","Non","Non","Non","Oui","Parfois","Jamais","Jamais","Jamais","Non","Non","Non","Non","Oui","Non","Non","Non","Non","Non","Non","Non","Non","Non","Non","Non","Non","Non","Non","Oui","non","non","oui","oui","oui","Non","Parfois","Oui","Non","Non","Non","Oui","Oui","Oui","Non","Oui","Non","Non","Non","Non","Non","Non","Non","Non","Non","Non","Oui","Oui","Non","Non","Non","Non","Oui","Jamais","tressat","Oui","Oui","Non","Non","Oui","Oui","Oui","Non","Oui","Oui","Non","Oui","Oui","Oui","Non","Non","Non","Non","Non","Non","Non","Non","Non","Oui","Plus de dix ans","autre","Oui","Non","Non","Non","Non","fonct","Oui","Non","Non","Non","Non","Non","Non","Non","Non","autre","Une femme","Non","Non","Oui","Oui","Non","Oui","Non","Non","Non","Oui","Non","Oui","Non","Non","Non","moins","NA","moins","NA","NA","plus","plus","NA","NA","moins","moins","NA","moins","moins","Oui","Non","Oui","Oui","Oui","Oui","Non","Non","Oui","Non","Non","Non","Non","Oui","Oui","2a5","Non","Oui","Oui","Non","Non","Non","Non","Non","Non","Non","Non","Windows","Oui","Non","Non","Non","Oui","Non","Oui","Non","Non","Non","Non","Oui","Oui","Non","Non","Non","Non","Non","Oui","Non","Non","Non","Non","Non","Oui","Non","Non","Non","Non","Non","Non"
103,5,2,"Oui","Oui","Oui","Oui","Non","Non","Non","Oui","Oui","Non","Non","Non","Non","Tout à fait","Oui","Oui","Oui","Non","Oui","Non","Non","Toujours","Toujours","Toujours","Toujours","Oui","Non","Oui","Non","Non","Non","Non","Non","Non","Non","Oui","Non","Non","Non","Oui","Oui","Non","Oui","Non","Non","oui","oui","non","oui","non","Oui","Souvent","Oui","Non","Oui","Non","Non","Non","Oui","Non","Non","Oui","Oui","Non","Non","Non","Oui","Non","Non","Non","Non","Non","Non","Oui","Non","Oui","Non","Oui","Parfois","plutotsat","Oui","Oui","Non","Non","Non","Non","Non","Non","Non","Non","Oui","Non","Non","Non","Non","Non","Non","Non","Non","Non","Non","Non","Oui","Non","Moins de cinq ans","CNRS","Non","Non","Oui","Non","Non","fonct","Oui","Oui","Non","Non","Non","Non","Non","Non","Non","autre","Un homme","Non","Non","Oui","Oui","Non","Oui","Oui","Non","Non","Non","Oui","Non","Non","Oui","Oui","moins","moins","moins","plus","moins","moins","moins","moins","moins","moins","moins","moins","moins","moins","Non","Non","Oui","Oui","Oui","Oui","Oui","Oui","Oui","Non","Non","Oui","Non","Non","Non","2a5","Oui","Non","Oui","Oui","Non","Non","Non","Non","Non","Non","Non","LinuxUnix","Oui","Non","Non","Oui","Non","Non","Non","Oui","Non","Non","Non","Non","Non","Non","Non","Non","Oui","Oui","Non","Non","Non","Non","Non","Oui","Non","Oui","Oui","Non","Non","Non","Non"
225,3,2,"Oui","Non","Non","Non","Non","Non","Oui","Non","Non","Non","Non","Non","Non","Tout à fait","Non","Non","Non","Oui","Non","Non","Oui","Toujours","Souvent","NA","NA","Non","Non","Non","Oui","Non","Non","Non","Non","Non","Non","Non","Non","Non","Oui","Non","Non","Non","Non","Non","Non","oui","oui","non","non","non","Je ne sais pas","Souvent","Non","Non","Non","Non","Oui","Oui","Non","Oui","Non","Non","Non","Non","Non","Oui","Non","Non","Non","Non","Non","Oui","Oui","Non","Non","Non","Non","Non","NA","NA","Non","Oui","Non","Oui","Non","Non","Non","Non","Non","Oui","Non","Non","Non","Non","Non","Non","Non","Non","Oui","Non","Non","Non","Non","Non","Plus de dix ans","Université","Oui","Non","Non","Non","Non","fonct","Oui","Non","Oui","Non","Oui","Non","Non","Non","Non","autre","Un homme","Non","Non","Non","Non","Oui","Oui","Non","Non","Non","Oui","Non","Oui","Non","Non","Non","moins","NA","moins","moins","moins","moins","moins","moins","NA","NA","moins","NA","moins","NA","Non","Non","Non","Non","Non","Non","Oui","Non","Oui","Oui","Non","Oui","Oui","Oui","Non","2a5","Oui","Non","Non","Non","Non","Non","Non","Non","Non","Non","Non","Windows","Non","Non","Non","Oui","Non","Non","Non","Non","Non","Non","Non","Oui","Non","Non","Non","Non","Non","Non","Oui","Oui","Non","Non","Non","Non","Non","Non","Non","Non","Oui","Non","Non"
227,2,2,"Oui","Non","Non","Oui","Non","Non","Non","Non","Non","Non","Non","Non","Non","Tout à fait","Oui","Non","Non","Oui","Non","Non","Non","Souvent","Jamais","Parfois","Jamais","Non","Non","Non","Non","Oui","Non","Non","Oui","Non","Oui","Non","Non","Oui","Non","Oui","Non","Oui","Non","Non","Non","non","non","oui","oui","non","Non","Parfois","Non","Non","Non","Oui","Oui","Non","Oui","Non","Non","Non","Oui","Non","Non","Non","Non","Oui","Non","Non","Non","Oui","Non","Non","Non","Non","Non","Oui","Parfois","plutotsat","Non","Non","Non","Non","Non","Non","Non","Oui","Non","Non","Non","Non","Non","Non","Non","Oui","Oui","Non","Oui","Non","Non","Non","Non","Non","Plus de dix ans","école","Oui","Non","Non","Non","Non","fonct","Non","Non","Oui","Non","Non","Non","Non","Non","Non","autre","Une femme","Non","Non","Oui","Oui","Oui","Oui","Non","Non","Non","Oui","Non","Oui","Non","Non","Non","moins","moins","moins","moins","moins","moins","moins","moins","moins","NA","NA","NA","NA","NA","Oui","Non","Oui","Oui","Oui","Oui","Oui","Non","Oui","Non","Non","Oui","Non","Non","Oui","2a5","Non","Oui","Non","Non","Non","Non","Non","Non","Non","Non","Non","Windows","Non","Non","Non","Oui","Oui","Non","Non","Non","Non","Non","Non","Oui","Non","Non","Non","Non","Oui","Non","Oui","Oui","Non","Oui","Non","Non","Non","Non","Oui","Non","Oui","Non","Non"
242,5,2,"Non","Non","Non","Oui","Non","Oui","Non","Oui","Oui","Non","Oui","Oui","Non","Tout à fait","Oui","Non","Oui","Non","Oui","Non","Non","Souvent","Parfois","Parfois","Souvent","Oui","Non","Non","Non","Non","Non","Oui","Oui","Oui","Oui","Non","Oui","Oui","Oui","Oui","Non","Non","Oui","Non","Non","oui","oui","non","oui","oui","Oui","Souvent","Non","Oui","Oui","Oui","Oui","Non","Non","Oui","Oui","Oui","Non","Non","Non","Non","Non","Non","Non","Non","Non","Oui","Non","Oui","Oui","Non","Non","Oui","Parfois","plutotsat","Non","Oui","Oui","Non","Non","Oui","Non","Non","Non","Non","Non","Oui","Oui","Oui","Non","Non","Oui","Non","Non","Non","Non","Non","Non","Non","Plus de dix ans","Université","Non","Non","Oui","Non","Non","fonct","Non","Oui","Non","Non","Non","Non","Non","Oui","Non","autre","Une femme","Oui","Non","Oui","Oui","Oui","Non","Non","Non","Non","Non","Non","Non","Oui","Non","Oui","moins","moins","moins","moins","plus","plus","plus","plus","moins","moins","moins","moins","moins","moins","Oui","Oui","Oui","Oui","Oui","Non","Non","Non","Oui","Non","Oui","Oui","Oui","Oui","Non","2a5","Oui","Oui","Oui","Oui","Non","Non","Non","Non","Non","Non","Non","LinuxUnix","Oui","Non","Non","Oui","Non","Non","Non","Oui","Non","Non","Oui","Non","Non","Non","Non","Non","Oui","Non","Non","Oui","Non","Non","Non","Non","Non","Oui","Oui","Oui","Oui","Non","Non"
265,3,2,"Oui","Oui","Non","Oui","Oui","Non","Oui","Oui","Oui","Non","Non","Non","Non","Assez","Oui","Non","Non","Oui","Oui","Non","Oui","Parfois","Parfois","Jamais","Jamais","Non","Non","Non","Non","Oui","Non","Non","Oui","Oui","Oui","Non","Non","Non","Oui","Non","Non","Non","Oui","Non","Non","oui","non","oui","non","non","Je ne sais pas","Souvent","Non","Oui","Oui","Oui","Oui","Oui","Oui","Oui","Non","Non","Non","Non","Non","Oui","Non","Non","Non","Non","Oui","Oui","Oui","Oui","Non","Non","Non","Non","NA","NA","Non","Non","Non","Oui","Non","Oui","Oui","Non","Non","Non","Non","Oui","Non","Non","Non","Non","Oui","Non","Oui","Non","Oui","Non","Non","Non","Plus de dix ans","autre","Oui","Non","Non","Non","Non","fonct","Non","Non","Oui","Non","Non","Non","Non","Non","Non","autre","Une femme","Non","Non","Oui","Oui","Oui","Oui","Non","Non","Non","Oui","Non","Non","Non","Non","Oui","moins","moins","moins","moins","moins","moins","moins","moins","moins","moins","moins","NA","moins","NA","Oui","Oui","Oui","Oui","Oui","Oui","Oui","Oui","Oui","Non","Non","Oui","Non","Oui","Non","2a5","Oui","Oui","Oui","Non","Non","Non","Non","Non","Non","Non","Non","Windows","Oui","Non","Non","Non","Oui","Non","Non","Oui","Non","Non","Oui","Oui","Oui","Non","Oui","Oui","Oui","Oui","Oui","Oui","Non","Non","Oui","Oui","Non","Oui","Non","Non","Oui","Oui","Non"
285,4,2,"Non","Non","Oui","Non","Non","Oui","Non","Non","Oui","Non","Oui","Non","Non","Assez","Oui","Non","Oui","Non","Non","Non","Oui","Souvent","NA","NA","NA","Non","Non","Non","Non","Oui","Non","Oui","Oui","Oui","Non","Non","Non","Non","Non","Oui","Non","Non","Non","Non","Non","oui","non","oui","oui","non","Je ne sais pas","Parfois","Non","Oui","Oui","Non","Oui","Non","Non","Oui","Non","Oui","Non","Non","Non","Non","Non","Non","Non","Oui","Non","Oui","Non","Non","Non","Non","Non","Oui","NA","NA","Non","Non","Non","Non","Non","Non","Non","Oui","Non","Non","Non","Oui","Oui","Non","Non","Non","Non","Non","Non","Non","Non","Oui","Oui","Non","Plus de dix ans","Université","Oui","Non","Non","Non","Non","fonct","Non","Non","Non","Non","Non","Non","Oui","Non","Non","autre","Un homme","Oui","Non","Non","Non","Oui","Oui","Non","Oui","Non","Non","Oui","Oui","Non","Non","Oui","moins","NA","NA","NA","NA","moins","moins","moins","NA","NA","moins","NA","moins","moins","Non","Oui","Non","Non","Non","Oui","Non","Non","Oui","Non","Non","Non","Oui","Oui","Non","2a5","Oui","Oui","Oui","Non","Non","Non","Non","Non","Non","Non","Non","MacOS","Oui","Non","Non","Oui","Non","Non","Non","Oui","Non","Non","Oui","Oui","Oui","Non","Non","Non","Non","Non","Oui","Non","Non","Oui","Oui","Oui","Non","Non","Non","Non","Oui","Non","Non"
300,3,2,"Oui","Oui","Non","Non","Non","Non","Non","Oui","Oui","Non","Non","Non","Non","Tout à fait","Oui","Non","Non","Oui","Oui","Non","Non","Parfois","Parfois","Jamais","Jamais","Non","Non","Non","Non","Oui","Non","Non","Non","Non","Oui","Non","Non","Non","Non","Oui","Non","Non","Non","Non","Non","oui","non","non","oui","non","Je ne sais pas","Parfois","Non","Oui","Non","Non","Oui","Non","Non","Non","Oui","Non","Oui","Non","Non","Non","Non","Non","Non","Non","Non","Oui","Oui","Non","Non","Non","Non","Oui","Souvent","tressat","Oui","Oui","Non","Non","Non","Non","Non","Non","Non","Non","Non","Oui","Oui","Oui","Non","Non","Oui","Non","Non","Non","Non","Non","Oui","Non","Plus de dix ans","Université","Oui","Non","Non","Non","Non","autre","Non","Non","Oui","Non","Non","Non","Non","Non","Non","autre","Un homme","Non","Non","Oui","Oui","Oui","Oui","Non","Non","Non","Non","Oui","Non","Non","Non","Oui","moins","NA","NA","moins","NA","moins","NA","moins","plus","NA","moins","NA","NA","moins","Oui","Non","Oui","Non","Non","Non","Oui","Oui","Oui","Non","Non","Oui","Non","Oui","Non","6a10","Oui","Oui","Non","Non","Non","Non","Non","Non","Non","Non","Non","MacOS","Oui","Non","Oui","Non","Non","Non","Non","Non","Non","Non","Oui","Oui","Oui","Non","Non","Non","Non","Non","Non","Non","Non","Non","Non","Oui","Oui","Non","Non","Non","Non","Non","Non"
308,3,2,"Oui","Oui","Non","Oui","Oui","Oui","Oui","Oui","Oui","Non","Oui","Non","Non","Peu","Oui","Non","Non","Oui","Oui","Non","Non","Souvent","Jamais","Souvent","Jamais","Oui","Non","Oui","Non","Non","Non","Oui","Oui","Oui","Non","Non","Non","Oui","Oui","Oui","Non","Non","Non","Non","Non","oui","oui","non","non","non","Oui","Souvent","Oui","Non","Non","Non","Non","Oui","Oui","Oui","Oui","Oui","Oui","Non","Non","Non","Non","Non","Non","Non","Non","Oui","Non","Non","Non","Non","Non","Non","NA","NA","Oui","Oui","Non","Oui","Oui","Non","Non","Non","Oui","Oui","Oui","Oui","Oui","Oui","Oui","Non","Oui","Non","Oui","Oui","Oui","Non","Non","Non","Plus de dix ans","CNRS","Oui","Non","Non","Non","Non","fonct","Non","Non","Oui","Non","Non","Non","Non","Non","Non","autre","Une femme","Oui","Non","Oui","Oui","Non","Oui","Non","Non","Non","Oui","Non","Oui","Non","Non","Non","plus","NA","moins","NA","moins","plus","NA","NA","NA","moins","moins","moins","moins","moins","Oui","Non","Non","Non","Oui","Oui","Oui","Oui","Oui","Non","Non","Non","Oui","Oui","Oui","6a10","Oui","Oui","Oui","Non","Non","Non","Non","Non","Non","Non","Non","MacOS","Oui","Non","Oui","Non","Non","Oui","Non","Non","Non","Non","Oui","Oui","Non","Non","Non","Non","Non","Oui","Oui","Non","Non","Oui","Non","Non","Oui","Non","Non","Non","Oui","Non","Non"
324,5,2,"Oui","Oui","Oui","Oui","Non","Non","Oui","Oui","Oui","Oui","Oui","Oui","Non","Tout à fait","Oui","Oui","Oui","Non","Oui","Non","Oui","Souvent","Parfois","Parfois","Souvent","Oui","Non","Oui","Non","Non","Non","Non","Oui","Non","Non","Oui","Non","Non","Oui","Oui","Oui","Oui","Oui","Non","Non","oui","non","non","oui","non","Oui","Parfois","Non","Oui","Non","Non","Oui","Oui","Non","Oui","Oui","Oui","Oui","Oui","Non","Non","Non","Non","Non","Non","Oui","Non","Oui","Oui","Oui","Non","Non","Non","NA","NA","Non","Oui","Oui","Non","Non","Non","Non","Non","Oui","Non","Non","Oui","Oui","Oui","Non","Non","Oui","Non","Non","Non","Non","Non","Oui","Non","Plus de dix ans","organisme","Oui","Non","Non","Non","Non","fonct","Non","Non","Non","Non","Non","Oui","Non","Non","Non","autre","Une femme","Oui","Non","Oui","Oui","Non","Oui","Non","Non","Non","Oui","Oui","Oui","Non","Non","Non","moins","moins","moins","moins","moins","moins","moins","moins","moins","moins","moins","moins","moins","moins","Oui","Oui","Oui","Non","Oui","Oui","Non","Non","Oui","Oui","Oui","Oui","Non","Oui","Oui","11plus","Oui","Oui","Oui","Non","Non","Non","Non","Non","Non","Non","Oui","MacOS","Oui","Non","Oui","Oui","Non","Non","Non","Oui","Non","Non","Oui","Oui","Oui","Non","Non","Non","Non","Non","Oui","Oui","Non","Oui","Oui","Non","Oui","Non","Non","Non","Non","Non","Non"
326,5,2,"Oui","Non","Non","Oui","Non","Non","Oui","Oui","Oui","Non","Oui","Oui","Non","Tout à fait","Non","Oui","Oui","Oui","Oui","Non","Oui","Parfois","Jamais","Parfois","Parfois","Non","Non","Non","Non","Oui","Non","Non","Non","Oui","Oui","Non","Non","Non","Non","Non","Oui","Non","Oui","Non","Non","oui","non","non","oui","non","Oui","Toujours","Non","Oui","Oui","Oui","Oui","Non","Non","Oui","Non","Non","Oui","Non","Non","Non","Non","Non","Non","Non","Oui","Oui","Oui","Oui","Non","Oui","Non","Oui","Parfois","plutotsat","Non","Non","Oui","Non","Non","Oui","Non","Non","Non","Non","Non","Non","Oui","Oui","Non","Non","Oui","Non","Non","Non","Non","Non","Oui","Non","Moins de cinq ans","Université","Non","Non","Oui","Non","Non","CDI","Non","Oui","Non","Non","Non","Non","Non","Non","Non","autre","Un homme","Non","Non","Non","Oui","Oui","Non","Oui","Non","Non","Non","Non","Oui","Non","Non","Oui","moins","NA","moins","moins","NA","moins","moins","moins","NA","NA","moins","moins","moins","moins","Non","Non","Oui","Oui","Non","Non","Non","Non","Oui","Non","Non","Oui","Non","Oui","Non","6a10","Oui","Non","Oui","Oui","Oui","Non","Non","Non","Non","Non","Non","Windows","Oui","Non","Non","Oui","Non","Non","Non","Oui","Non","Non","Non","Oui","Non","Non","Non","Non","Oui","Non","Non","Non","Non","Non","Non","Non","Non","Non","Non","Non","Oui","Non","Non"
328,5,2,"Oui","Non","Oui","Oui","Oui","Oui","Oui","Oui","Oui","Oui","Oui","Oui","Non","Tout à fait","Oui","Oui","Oui","Oui","Oui","Oui","Oui","Souvent","Parfois","Jamais","Jamais","Non","Non","Non","Non","Non","Oui","Oui","Non","Non","Non","Non","Non","Non","Non","Oui","Non","Non","Oui","Non","Non","oui","oui","non","oui","non","Oui","Souvent","Oui","Oui","Oui","Oui","Oui","Oui","Non","Oui","Oui","Non","Non","Non","Oui","Oui","Oui","Non","Non","Non","Non","Oui","Oui","Oui","Non","Non","Non","Oui","Parfois","nini","Non","Non","Non","Non","Oui","Oui","Oui","Non","Oui","Oui","Oui","Oui","Oui","Non","Oui","Non","Oui","Oui","Oui","Oui","Oui","Oui","Oui","Non","Plus de dix ans","Université","Non","Oui","Non","Non","Non","CDD","Non","Non","Oui","Non","Non","Non","Non","Non","Non","autre","Un homme","Non","Non","Oui","Oui","Oui","Oui","Oui","Non","Oui","Oui","Non","Oui","Oui","Oui","Non","moins","moins","moins","moins","moins","moins","moins","moins","moins","moins","NA","NA","moins","moins","Oui","Non","Oui","Oui","Oui","Non","Oui","Oui","Oui","Non","Non","Oui","Oui","Oui","Oui","2a5","Oui","Oui","Oui","Non","Non","Non","Non","Non","Non","Non","Non","LinuxUnix","Oui","Non","Non","Oui","Non","Oui","Non","Oui","Non","Non","Oui","Non","Oui","Non","Oui","Oui","Oui","Non","Oui","Oui","Non","Non","Non","Non","Oui","Non","Non","Non","Oui","Non","Non"
374,4,2,"Non","Non","Non","Non","Non","Oui","Oui","Non","Non","Non","Oui","Non","Non","Peu","Non","Oui","Oui","Non","Oui","Non","Oui","Souvent","Jamais","Jamais","Jamais","Oui","Non","Non","Non","Non","Non","Oui","Oui","Non","Non","Non","Non","Non","Non","Non","Non","Non","Non","Non","Non","non","oui","non","non","non","Je ne sais pas","Jamais","Non","Oui","Non","Non","Oui","Non","Non","Oui","Oui","Non","Non","Non","Non","Non","Non","Non","Non","Oui","Non","Oui","Non","Non","Non","Non","Non","Non","NA","NA","Non","Non","Oui","Non","Oui","Non","Non","Non","Non","Non","Non","Oui","Oui","Non","Non","Non","Oui","Non","Non","Non","Oui","Oui","Oui","Non","Plus de dix ans","CNRS","Oui","Non","Non","Non","Non","fonct","Non","Non","Non","Non","Non","Oui","Non","Non","Non","autre","Une femme","Oui","Non","Oui","Non","Non","Oui","Non","Non","Non","Non","Oui","Non","Non","Non","Non","moins","moins","moins","moins","moins","moins","NA","moins","NA","moins","moins","NA","moins","moins","Oui","Oui","Non","Non","Non","Non","Non","Non","Oui","Non","Non","Non","Oui","Oui","Oui","2a5","Oui","Oui","Non","Non","Non","Non","Non","Non","Non","Non","Oui","Windows","Oui","Non","Non","Non","Non","Non","Non","Oui","Non","Non","Non","Oui","Non","Non","Non","Non","Oui","Non","Non","Non","Non","Non","Non","Non","Oui","Non","Oui","Oui","Non","Non","Non"
379,5,2,"Non","Non","Non","Non","Non","Oui","Non","Non","Non","Non","Oui","Non","Non","Assez","Non","Oui","Non","Oui","Non","Non","Non","Toujours","Parfois","Souvent","Souvent","Oui","Non","Oui","Non","Non","Non","Non","Non","Oui","Oui","Non","Oui","Oui","Oui","Oui","Oui","Non","Oui","Non","Non","oui","oui","non","oui","non","Non","Parfois","Non","Oui","Oui","Non","Non","Non","Oui","Oui","Non","Oui","Oui","Oui","Non","Non","Oui","Non","Non","Non","Non","Oui","Oui","Oui","Non","Non","Non","Oui","Parfois","nini","Oui","Non","Oui","Non","Non","Non","Non","Non","Non","Non","Non","Oui","Oui","Non","Non","Non","Oui","Oui","Oui","Oui","Non","Non","Non","Non","Plus de dix ans","CNRS","Oui","Non","Non","Non","Non","fonct","Non","Non","Non","Non","Non","Non","Non","Non","Oui","autre","Un homme","Oui","Non","Non","Non","Non","Non","Non","Non","Non","Oui","Non","Oui","Non","Non","Non","plus","NA","NA","NA","NA","NA","plus","plus","NA","moins","plus","moins","plus","plus","Non","Oui","Oui","Non","Oui","Oui","Oui","Non","Oui","Non","Oui","Oui","Oui","Oui","Oui","2a5","Oui","Oui","Oui","Non","Non","Non","Non","Non","Non","Non","Non","MacOS","Oui","Non","Oui","Non","Non","Non","Non","Oui","Non","Non","Oui","Oui","Oui","Non","Oui","Non","Oui","Oui","Oui","Non","Non","Oui","Oui","Oui","Oui","Oui","Non","Non","Oui","Non","Non"
415,3,2,"Oui","Oui","Non","Oui","Non","Non","Oui","Non","Non","Non","Non","Non","Non","Assez","Oui","Non","Non","Non","Oui","Non","Oui","Parfois","Jamais","Jamais","Jamais","Oui","Non","Non","Non","Non","Non","Non","Non","Oui","Non","Non","Non","Non","Oui","Non","Non","Non","Non","Non","Non","oui","non","non","non","oui","Oui","Parfois","Non","Non","Non","Non","Non","Oui","Oui","Oui","Oui","Non","Non","Non","Non","Non","Non","Non","Non","Non","Non","Non","Non","Non","Oui","Non","Non","Oui","Parfois","NA","Oui","Oui","Non","Non","Non","Non","Non","Non","Non","Non","Non","Non","Non","Non","Oui","Non","Oui","Non","Non","Non","Non","Non","Oui","Non","Plus de dix ans","autre","Oui","Non","Non","Non","Non","fonct","Non","Non","Oui","Non","Non","Non","Non","Non","Non","autre","Une femme","Non","Non","Oui","Oui","Non","Oui","Non","Non","Non","Oui","Non","Oui","Non","Non","Non","moins","moins","moins","moins","moins","plus","moins","moins","moins","moins","moins","moins","plus","moins","Oui","Non","Non","Non","Non","Oui","Oui","Oui","Oui","Non","Non","Non","Non","Oui","Oui","2a5","Oui","Non","Non","Non","Non","Non","Non","Non","Non","Non","Non","LinuxUnix","Oui","Non","Oui","Non","Non","Non","Non","Non","Non","Non","Oui","Non","Non","Non","Non","Non","Non","Non","Non","Non","Non","Non","Non","Non","Non","Non","Oui","Non","Oui","Non","Non"
430,2,2,"Oui","Non","Non","Oui","Non","Non","Oui","Non","Non","Non","Non","Non","Non","Tout à fait","Non","Non","Non","Oui","Non","Non","Oui","Toujours","Souvent","NA","NA","Non","Non","Oui","Non","Non","Non","Non","Non","Non","Non","Non","Non","Non","Oui","Non","Non","Non","Non","Non","Non","oui","oui","oui","non","non","Je ne sais pas","Parfois","Non","Non","Non","Non","Oui","Non","Non","Oui","Oui","Non","Non","Non","Non","Non","Non","Non","Non","Non","Non","Oui","Non","Non","Non","Non","Non","Oui","Souvent","tressat","Non","Non","Non","Non","Non","Non","Non","Oui","Non","Non","Non","Non","Non","Non","Non","Oui","Oui","Non","Oui","Non","Non","Non","Non","Non","Plus de dix ans","CNRS","Oui","Non","Non","Non","Non","fonct","Oui","Non","Non","Non","Non","Non","Non","Non","Non","autre","Une femme","Non","Non","Oui","Oui","Non","Oui","Non","Non","Non","Oui","Non","Non","Non","Non","Oui","plus","NA","plus","NA","NA","plus","NA","NA","NA","NA","NA","NA","moins","moins","Oui","Non","Non","Non","Non","Oui","Non","Oui","Non","Non","Non","Non","Non","Non","Oui","2a5","Oui","Oui","Non","Non","Non","Non","Non","Non","Non","Non","Oui","Windows","Non","Non","Non","Non","Non","Non","Non","Non","Non","Oui","Non","Non","Non","Non","Non","Non","Non","Non","Oui","Non","Non","Non","Non","Non","Non","Oui","Non","Non","Non","Oui","Non"
453,1,2,"Oui","Non","Non","Oui","Non","Non","Non","Non","Non","Non","Oui","Non","Non","Peu","Non","Non","Oui","Non","Oui","Non","Non","Parfois","NA","NA","NA","Non","Non","Non","Non","Oui","Non","Oui","Oui","Oui","Non","Oui","Oui","Non","Non","Non","Non","Non","Non","Non","Non","oui","non","oui","oui","non","Non applicable","Parfois","Non","Non","Non","Oui","Oui","Oui","Oui","Non","Oui","Non","Non","Non","Non","Non","Non","Non","Non","Non","Non","Non","Non","Non","Non","Non","Oui","Non","NA","NA","Non","Non","Non","Non","Non","Non","Non","Oui","Non","Non","Non","Non","Non","Non","Non","Oui","Non","Non","Non","Non","Non","Oui","Oui","Non","Plus de dix ans","autre","Oui","Oui","Non","Non","Non","fonct","Non","Non","Oui","Non","Non","Non","Non","Non","Non","autre","Un homme","Non","Non","Oui","Oui","Non","Oui","Non","Non","Non","Oui","Oui","Oui","Non","Non","Non","moins","moins","moins","NA","moins","moins","moins","moins","moins","moins","moins","moins","moins","moins","Oui","Non","Non","Non","Non","Oui","Non","Oui","Oui","Non","Non","Non","Non","Oui","Oui","2a5","Oui","Non","Non","Non","Non","Non","Non","Non","Non","Non","Non","MacOS","Non","Non","Non","Non","Non","Non","Non","Non","Non","Oui","Non","Non","Non","Non","Non","Non","Oui","Non","Non","Non","Non","Non","Non","Non","Non","Non","Non","Non","Oui","Non","Non"
454,3,2,"Oui","Non","Non","Oui","Non","Non","Non","Non","Oui","Non","Oui","Oui","Non","Assez","Non","Oui","Oui","Oui","Oui","Non","Oui","Souvent","Parfois","Parfois","Jamais","Oui","Non","Oui","Non","Non","Non","Oui","Oui","Non","Non","Non","Non","Non","Oui","Oui","Non","Non","Non","Non","Non","oui","non","oui","non","non","Oui","Souvent","Oui","Non","Non","Non","Non","Oui","Oui","Oui","Oui","Non","Non","Non","Non","Non","Non","Non","Non","Oui","Oui","Oui","Oui","Non","Non","Non","Non","Oui","Souvent","tressat","Oui","Oui","Non","Non","Non","Non","Non","Non","Non","Oui","Oui","Oui","Non","Non","Oui","Non","Non","Non","Oui","Oui","Non","Non","Non","Non","Plus de dix ans","école","Oui","Non","Non","Non","Non","fonct","Non","Non","Oui","Non","Non","Non","Non","Non","Non","autre","Un homme","Oui","Non","Oui","Oui","Oui","Oui","Non","Non","Non","Oui","Non","Oui","Non","Non","Oui","plus","moins","moins","moins","NA","plus","NA","plus","moins","moins","NA","moins","moins","NA","Oui","Non","Oui","Non","Oui","Oui","Non","Oui","Oui","Non","Non","Non","Oui","Oui","Oui","6a10","Oui","Oui","Non","Non","Oui","Non","Non","Non","Non","Non","Oui","MacOS","Oui","Non","Oui","Oui","Non","Oui","Non","Non","Non","Non","Non","Oui","Oui","Oui","Non","Non","Non","Non","Oui","Non","Non","Oui","Non","Non","Oui","Non","Non","Oui","Non","Non","Non"
462,2,2,"Oui","Oui","Non","Oui","Oui","Oui","Oui","Oui","Oui","Oui","Oui","Oui","Oui","Peu","Non","Non","Non","Oui","Oui","Non","Non","Jamais","Jamais","Jamais","Jamais","Non","Non","Non","Non","Non","Oui","Non","Non","Non","Non","Non","Non","Non","Non","Non","Non","Non","Non","Non","Oui","non","oui","oui","non","non","Non","Parfois","Non","Non","Non","Oui","Non","Non","Oui","Non","Oui","Non","Non","Non","Non","Non","Non","Non","Non","Non","Non","Non","Non","Non","Non","Non","Oui","Non","NA","NA","Non","Oui","Non","Non","Non","Non","Non","Non","Non","Non","Oui","Oui","Non","Non","Non","Non","Oui","Non","Non","Non","Non","Non","Non","Non","Plus de dix ans","Université","Oui","Non","Non","Non","Non","fonct","Non","Non","Oui","Non","Non","Non","Non","Non","Non","autre","Un homme","Non","Non","Non","Oui","Non","Oui","Non","Non","Non","Non","Non","Oui","Non","Non","Non","plus","NA","plus","NA","NA","plus","NA","NA","NA","moins","plus","NA","NA","NA","Non","Non","Non","Non","Non","Non","Non","Oui","Non","Non","Non","Non","Non","Oui","Oui","2a5","Oui","Non","Non","Non","Oui","Non","Non","Non","Non","Non","Non","MacOS","Non","Non","Oui","Non","Non","Non","Non","Non","Non","Non","Non","Non","Non","Non","Non","Non","Non","Non","Oui","Non","Non","Non","Non","Non","Oui","Non","Non","Non","Non","Non","Non"
487,2,2,"Oui","Non","Non","Oui","Oui","Oui","Oui","Non","Oui","Non","Non","Non","Non","Peu","Oui","Non","Non","Oui","Non","Non","Non","Souvent","Parfois","Parfois","Jamais","Non","Non","Oui","Non","Non","Non","Non","Non","Non","Non","Non","Non","Non","Non","Non","Non","Non","Non","Oui","Non","non","non","oui","oui","non","Non","Souvent","Oui","Non","Non","Non","Non","Non","Non","Oui","Oui","Non","Non","Non","Non","Non","Non","Non","Non","Non","Non","Oui","Non","Non","Non","Non","Non","Oui","Parfois","plutotsat","Non","Non","Oui","Oui","Non","Non","Non","Non","Non","Non","Non","Oui","Oui","Non","Non","Non","Oui","Non","Oui","Oui","Non","Non","Non","Non","Plus de dix ans","école","Oui","Non","Non","Non","Non","fonct","Non","Non","Oui","Non","Non","Non","Non","Non","Non","autre","Un homme","Non","Non","Oui","Oui","Oui","Oui","Non","Non","Non","Oui","Oui","Oui","Non","Non","Oui","moins","NA","moins","NA","NA","moins","NA","NA","NA","moins","NA","NA","NA","moins","Oui","Non","Oui","Non","Non","Oui","Non","Oui","Oui","Non","Non","Non","Non","Oui","Oui","6a10","Non","Oui","Non","Non","Non","Non","Non","Non","Non","Non","Non","Windows","Oui","Non","Non","Oui","Non","Oui","Non","Non","Non","Non","Non","Oui","Oui","Non","Non","Non","Non","Non","Non","Non","Non","Oui","Non","Non","Non","Non","Non","Non","Non","Non","Non"
522,4,2,"Oui","Non","Non","Non","Oui","Oui","Oui","Oui","Oui","Non","Non","Non","Non","Assez","Non","Oui","Non","Non","Non","Non","Oui","Parfois","Parfois","Parfois","Jamais","Oui","Non","Oui","Non","Non","Non","Oui","Oui","Non","Oui","Non","Non","Oui","Non","Non","Non","Non","Non","Non","Non","non","oui","oui","non","oui","Non","Parfois","Non","Oui","Non","Non","Non","Non","Non","Oui","Oui","Oui","Non","Non","Non","Non","Non","Non","Non","Non","Oui","Oui","Non","Non","Non","Non","Non","Oui","Toujours","tressat","Oui","Oui","Oui","Non","Non","Non","Non","Non","Non","Non","Non","Non","Non","Non","Non","Oui","Non","Non","Oui","Non","Non","Non","Non","Non","Plus de dix ans","autre","Oui","Non","Non","Non","Non","fonct","Non","Non","Oui","Non","Non","Non","Non","Non","Non","autre","Une femme","Oui","Non","Oui","Oui","Oui","Oui","Non","Non","Non","Oui","Oui","Oui","Non","Non","Non","moins","moins","moins","moins","moins","moins","moins","moins","moins","moins","moins","moins","NA","NA","Oui","Oui","Non","Non","Oui","Oui","Non","Non","Non","Non","Oui","Non","Oui","Oui","Oui","6a10","Oui","Oui","Oui","Non","Non","Non","Non","Non","Non","Non","Non","MacOS","Oui","Non","Oui","Oui","Oui","Oui","Non","Non","Non","Non","Oui","Oui","Non","Non","Non","Non","Oui","Oui","Oui","Non","Non","Oui","Oui","Non","Oui","Non","Non","Non","Oui","Non","Non"
527,2,2,"Oui","Oui","Non","Oui","Oui","Non","Non","Non","Non","Non","Non","Non","Non","Pas du tout","Oui","Non","Non","Non","Non","Non","Non","Parfois","Jamais","Jamais","Jamais","Non","Non","Non","Non","Oui","Non","Non","Oui","Oui","Non","Non","Non","Non","Oui","Non","Non","Non","Non","Non","Non","non","oui","non","non","oui","Je ne sais pas","Parfois","Non","Non","Non","Oui","Oui","Oui","Oui","Non","Oui","Non","Non","Non","Non","Non","Non","Non","Non","Non","Non","Non","Non","Non","Non","Non","Oui","Non","NA","NA","Oui","Oui","Non","Non","Non","Non","Non","Non","Non","Non","Oui","Oui","Non","Non","Non","Non","Oui","Non","Non","Non","Non","Non","Non","Non","Moins de cinq ans","Université","Non","Oui","Non","Non","Non","autre","Non","Non","Oui","Non","Non","Non","Non","Non","Non","autre","Une femme","Non","Non","Oui","Oui","Non","Oui","Non","Non","Non","Non","Oui","Non","Non","Non","Non","moins","moins","plus","NA","moins","plus","NA","NA","NA","moins","NA","NA","NA","NA","Oui","Non","Non","Non","Non","Oui","Oui","Non","Oui","Non","Non","Non","Non","Non","Oui","2a5","Oui","Non","Non","Non","Non","Non","Non","Non","Non","Non","Non","Windows","Oui","Non","Non","Non","Non","Non","Non","Non","Non","Non","Non","Non","Non","Non","Non","Non","Non","Non","Oui","Non","Oui","Non","Non","Non","Non","Non","Non","Non","Oui","Non","Non"
530,4,2,"Non","Non","Non","Non","Non","Non","Non","Non","Oui","Non","Oui","Oui","Non","Assez","Oui","Oui","Non","Non","Non","Non","Oui","Parfois","Jamais","Jamais","Jamais","Oui","Non","Non","Non","Non","Non","Non","Non","Oui","Non","Non","Non","Non","Non","Non","Non","Non","Non","Non","Non","non","oui","non","non","non","Oui","Parfois","Non","Non","Oui","Oui","Oui","Oui","Non","Oui","Oui","Non","Non","Non","Non","Non","Non","Non","Non","Non","Non","Oui","Oui","Non","Non","Non","Non","Non","NA","NA","Oui","Non","Non","Oui","Non","Non","Non","Non","Oui","Non","Oui","Non","Non","Non","Non","Non","Oui","Oui","Non","Oui","Non","Non","Non","Non","Plus de dix ans","école","Oui","Non","Non","Non","Non","fonct","Oui","Non","Non","Non","Non","Non","Non","Non","Non","autre","Un homme","Non","Non","Oui","Non","Oui","Oui","Oui","Non","Oui","Oui","Non","Non","Non","Non","Non","moins","moins","NA","moins","moins","moins","NA","NA","moins","moins","moins","moins","moins","NA","Oui","Non","Oui","Non","Non","Non","Non","Non","Oui","Non","Non","Oui","Oui","Oui","Non","2a5","Oui","Non","Non","Non","Non","Non","Non","Non","Non","Non","Non","Windows","Oui","Non","Oui","Oui","Oui","Non","Non","Oui","Non","Non","Oui","Oui","Non","Non","Non","Non","Non","Non","Non","Non","Non","Non","Non","Oui","Oui","Oui","Non","Non","Oui","Oui","Non"
541,5,2,"Oui","Non","Non","Non","Non","Oui","Non","Oui","Oui","Non","Oui","Oui","Oui","Tout à fait","Non","Non","Oui","Non","Oui","Non","Oui","Parfois","Jamais","Jamais","Parfois","Non","Non","Oui","Non","Non","Non","Non","Oui","Oui","Oui","Non","Non","Non","Non","Oui","Non","Non","Non","Non","Non","oui","oui","non","oui","oui","Oui","Parfois","Non","Non","Oui","Oui","Oui","Oui","Non","Non","Oui","Oui","Oui","Non","Non","Non","Non","Non","Non","Non","Non","Oui","Oui","Non","Non","Oui","Non","Oui","Souvent","plutotsat","Non","Oui","Non","Non","Non","Non","Non","Non","Non","Non","Non","Non","Oui","Oui","Non","Non","Oui","Non","Oui","Non","Non","Non","Non","Non","Plus de dix ans","Université","Oui","Non","Non","Non","Non","fonct","Non","Non","Non","Non","Non","Non","Non","Oui","Non","autre","Un homme","Oui","Non","Non","Non","Oui","Oui","Non","Non","Non","Oui","Oui","Oui","Oui","Oui","Oui","moins","NA","NA","moins","NA","moins","moins","NA","moins","moins","moins","NA","NA","moins","Non","Oui","Non","Oui","Non","Oui","Non","Non","Oui","Non","Non","Oui","Oui","Oui","Oui","2a5","Oui","Oui","Oui","Non","Non","Non","Non","Non","Non","Non","Non","Windows","Oui","Non","Non","Non","Non","Oui","Non","Oui","Non","Non","Non","Oui","Non","Non","Non","Non","Non","Non","Oui","Non","Non","Non","Oui","Non","Oui","Non","Non","Non","Oui","Non","Non"
563,4,2,"Non","Non","Oui","Non","Non","Oui","Oui","Non","Non","Non","Oui","Oui","Non","Assez","Oui","Oui","Oui","Non","Non","Non","Oui","Toujours","Parfois","Jamais","NA","Oui","Non","Non","Non","Non","Non","Oui","Oui","Oui","Non","Oui","Non","Non","Oui","Non","Non","Non","Non","Non","Non","oui","oui","non","non","oui","Je ne sais pas","Souvent","Non","Non","Non","Non","Oui","Non","Oui","Oui","Oui","Non","Non","Non","Non","Non","Non","Non","Non","Oui","Non","Oui","Non","Non","Non","Non","Non","Non","NA","NA","Oui","Oui","Oui","Non","Non","Non","Non","Non","Non","Non","Oui","Oui","Non","Non","Non","Non","Oui","Non","Oui","Non","Non","Oui","Non","Non","Plus de dix ans","organisme","Oui","Non","Non","Non","Non","fonct","Non","Non","Non","Non","Non","Oui","Non","Non","Non","autre","Une femme","Oui","Non","Non","Non","Non","Oui","Non","Oui","Non","Non","Non","Non","Non","Non","Non","moins","NA","NA","NA","NA","moins","NA","moins","NA","moins","moins","NA","moins","moins","Non","Oui","Oui","Non","Non","Oui","Non","Non","Oui","Non","Non","Non","Non","Oui","Oui","6a10","Oui","Oui","Oui","Non","Non","Non","Non","Non","Non","Non","Non","MacOS","Oui","Non","Non","Non","Non","Oui","Non","Non","Non","Non","Non","Oui","Non","Non","Non","Non","Non","Non","Oui","Non","Non","Oui","Non","Non","Non","Non","Non","Oui","Non","Non","Non"
597,4,2,"Non","Non","Non","Non","Non","Oui","Non","Oui","Oui","Non","Non","Non","Non","Tout à fait","Oui","Non","Non","Non","Non","Non","Oui","Parfois","Jamais","Parfois","Jamais","Non","Non","Oui","Non","Non","Non","Oui","Oui","Oui","Non","Non","Non","Oui","Oui","Non","Non","Non","Non","Non","Non","non","oui","non","oui","non","Oui","Parfois","Non","Non","Non","Non","Oui","Non","Non","Oui","Oui","Non","Non","Non","Non","Non","Oui","Non","Non","Non","Non","Non","Oui","Oui","Non","Non","Non","Oui","Jamais","NA","Non","Oui","Non","Non","Non","Non","Non","Oui","Non","Oui","Non","Oui","Oui","Non","Non","Non","Non","Non","Oui","Non","Non","Non","Non","Non","Plus de dix ans","école","Oui","Non","Non","Non","Non","fonct","Non","Non","Non","Non","Non","Non","Oui","Oui","Non","autre","Un homme","Non","Non","Oui","Non","Oui","Non","Non","Non","Non","Oui","Non","Oui","Oui","Oui","Non","moins","NA","NA","moins","moins","moins","moins","moins","NA","NA","moins","NA","NA","NA","Oui","Non","Oui","Oui","Oui","Oui","Non","Non","Oui","Non","Oui","Oui","Oui","Oui","Non","2a5","Non","Oui","Non","Non","Non","Non","Non","Non","Non","Non","Non","LinuxUnix","Oui","Non","Non","Non","Non","Non","Non","Oui","Non","Non","Oui","Non","Non","Non","Non","Non","Non","Non","Non","Non","Non","Non","Non","Non","Non","Non","Non","Non","Oui","Non","Non"
611,4,2,"Non","Non","Oui","Non","Non","Non","Oui","Oui","Oui","Non","Oui","Oui","Non","Tout à fait","Oui","Oui","Oui","Non","Non","Non","Oui","Toujours","Parfois","Jamais","Jamais","Oui","Non","Oui","Non","Non","Non","Oui","Oui","Oui","Non","Non","Non","Non","Non","Non","Non","Non","Non","Non","Non","non","oui","non","non","non","Oui","Souvent","Non","Non","Oui","Oui","Oui","Non","Oui","Oui","Oui","Non","Non","Non","Non","Non","Non","Non","Non","Non","Oui","Oui","Non","Non","Oui","Non","Non","Oui","Parfois","insatisfait","Oui","Oui","Non","Non","Non","Oui","Non","Non","Non","Non","Non","Non","Non","Non","Oui","Non","Non","Oui","Non","Non","Non","Non","Non","Non","Plus de dix ans","organisme","Oui","Non","Non","Non","Non","fonct","Oui","Oui","Non","Non","Oui","Non","Non","Oui","Non","autre","Un homme","Non","Non","Oui","Non","Oui","Oui","Non","Non","Non","Non","Non","Oui","Oui","Oui","Non","moins","moins","moins","moins","moins","moins","moins","moins","moins","moins","moins","NA","moins","moins","Non","Non","Oui","Oui","Oui","Oui","Oui","Oui","Oui","Non","Oui","Oui","Oui","Oui","Non","2a5","Oui","Non","Non","Non","Non","Non","Non","Non","Non","Non","Non","Windows","Oui","Non","Oui","Non","Oui","Non","Non","Oui","Non","Non","Oui","Oui","Oui","Non","Non","Non","Non","Non","Oui","Non","Non","Oui","Oui","Non","Oui","Non","Oui","Non","Oui","Non","Non"
618,4,2,"Non","Non","Oui","Non","Non","Oui","Non","Oui","Non","Non","Non","Non","Non","Assez","Oui","Non","Non","Non","Non","Non","Oui","Parfois","Jamais","Jamais","Jamais","Non","Non","Non","Non","Oui","Non","Non","Oui","Non","Non","Non","Non","Non","Non","Non","Non","Non","Oui","Non","Non","oui","non","non","oui","non","Oui","Parfois","Non","Oui","Non","Non","Oui","Non","Non","Oui","Oui","Non","Non","Non","Non","Non","Non","Non","Non","Oui","Non","Non","Non","Oui","Non","Oui","Non","Non","NA","NA","Non","Oui","Non","Oui","Non","Oui","Non","Non","Non","Non","Non","Oui","Oui","Oui","Oui","Non","Non","Non","Oui","Non","Non","Non","Oui","Non","Plus de dix ans","Université","Oui","Non","Non","Non","Non","fonct","Non","Non","Non","Non","Non","Non","Oui","Non","Non","autre","Un homme","Oui","Non","Non","Non","Oui","Oui","Oui","Non","Non","Oui","Non","Non","Non","Non","Non","plus","NA","NA","moins","NA","moins","moins","moins","NA","moins","moins","NA","NA","NA","Non","Oui","Non","Non","Non","Oui","Non","Non","Oui","Non","Non","Oui","Non","Non","Oui","2a5","Oui","Oui","Oui","Non","Non","Non","Non","Non","Non","Non","Non","MacOS","Oui","Non","Non","Non","Non","Oui","Non","Oui","Non","Non","Non","Oui","Non","Non","Non","Non","Non","Non","Non","Oui","Non","Non","Non","Non","Non","Non","Non","Non","Oui","Non","Non"
625,3,2,"Oui","Non","Non","Oui","Non","Non","Non","Non","Non","Non","Non","Non","Non","Assez","Oui","Non","Non","Non","Non","Non","Oui","Toujours","Souvent","Parfois","Jamais","Oui","Non","Non","Non","Non","Non","Oui","Oui","Oui","Non","Non","Non","Non","Non","Non","Non","Non","Non","Non","Non","oui","oui","non","non","non","Oui","Je ne sais pas","Non","Non","Oui","Non","Non","Non","Oui","Non","Oui","Non","Non","Non","Non","Non","Non","Non","Non","Non","Non","Non","Non","Non","Non","Non","Oui","Non","NA","NA","Oui","Non","Non","Oui","Non","Non","Non","Non","Oui","Oui","Non","Non","Non","Non","Non","Non","Oui","Non","Non","Non","Non","Non","Non","Non","Cinq à dix ans","autre","Non","Non","Non","Non","Non","CDD","Non","Non","Oui","Non","Non","Non","Non","Non","Non","autre","Un homme","Non","Non","Non","Non","Non","Oui","Non","Non","Non","Oui","Non","Non","Non","Non","Non","plus","moins","plus","NA","NA","NA","moins","NA","moins","moins","moins","NA","moins","NA","Non","Non","Oui","Non","Oui","Oui","Non","Oui","Oui","Non","Non","Non","Non","Non","Oui","2a5","Oui","Non","Non","Non","Non","Non","Non","Non","Non","Non","Non","Windows","Non","Non","Non","Non","Non","Non","Non","Non","Non","Oui","Oui","Non","Non","Non","Non","Non","Non","Non","Non","Non","Non","Non","Non","Non","Non","Non","Non","Non","Oui","Non","Non"
639,5,2,"Non","Non","Non","Oui","Non","Non","Non","Oui","Oui","Non","Oui","Non","Non","Tout à fait","Non","Oui","Oui","Oui","Oui","Non","Oui","Jamais","Parfois","Toujours","Toujours","Non","Non","Oui","Oui","Non","Non","Non","Non","Non","Non","Non","Non","Non","Non","Non","Non","Non","Oui","Non","Non","oui","non","non","non","non","Non applicable","Toujours","Non","Non","Oui","Non","Non","Non","Non","Non","Non","Non","Non","Non","Non","Non","Oui","Non","Non","Non","Oui","Oui","Non","Oui","Non","Non","Non","Non","NA","NA","Non","Non","Non","Non","Non","Oui","Non","Non","Non","Non","Non","Non","Non","Oui","Non","Non","Non","Non","Oui","Non","Oui","Oui","Non","Non","Cinq à dix ans","organisme","Non","Oui","Non","Non","Non","CDD","Non","Oui","Non","Non","Non","Non","Non","Non","Non","autre","Un homme","Non","Non","Non","Non","Oui","Oui","Oui","Non","Oui","Non","Non","Non","Oui","Non","Oui","moins","NA","NA","moins","moins","moins","moins","moins","moins","NA","moins","moins","NA","moins","Non","Non","Oui","Non","Oui","Non","Non","Non","Oui","Non","Oui","Oui","Non","Non","Non","2a5","Oui","Oui","Oui","Non","Non","Non","Non","Non","Non","Non","Oui","LinuxUnix","Non","Non","Non","Non","Non","Non","Non","Non","Non","Oui","Non","Non","Non","Non","Non","Non","Non","Non","Non","Non","Oui","Non","Non","Non","Non","Non","Non","Non","Non","Non","Oui"
649,4,2,"Non","Non","Non","Oui","Non","Non","Non","Non","Oui","Non","Oui","Oui","Non","Assez","Non","Oui","Oui","Non","Oui","Non","Non","Toujours","Parfois","Jamais","Jamais","Non","Oui","Non","Non","Non","Non","Oui","Oui","Non","Non","Non","Non","Non","Non","Non","Non","Non","Non","Non","Non","oui","oui","non","non","oui","Oui","Parfois","Non","Oui","Oui","Oui","Non","Non","Non","Oui","Oui","Non","Non","Non","Non","Non","Non","Non","Non","Non","Non","Oui","Non","Non","Non","Non","Non","Non","NA","NA","Non","Non","Non","Non","Non","Non","Non","Oui","Non","Non","Non","Non","Non","Non","Non","Oui","Non","Non","Oui","Non","Non","Non","Non","Non","Cinq à dix ans","NA","Non","Oui","Non","Non","Non","doct","Non","Oui","Non","Non","Non","Oui","Non","Non","Non","autre","Un homme","Non","Oui","Non","Non","Oui","Oui","Oui","Non","Non","Non","Non","Non","Oui","Non","Non","plus","moins","moins","moins","moins","moins","moins","moins","moins","moins","moins","NA","NA","NA","Non","Oui","Non","Non","Non","Non","Non","Non","Oui","Oui","Non","Oui","Non","Non","Non","2a5","Oui","Oui","Non","Non","Non","Non","Non","Non","Non","Non","Non","LinuxUnix","Non","Non","Non","Non","Non","Non","Non","Oui","Non","Non","Non","Non","Non","Non","Non","Non","Non","Non","Non","Non","Oui","Non","Non","Non","Non","Non","Non","Non","Oui","Non","Non"
650,5,2,"Non","Non","Non","Non","Non","Non","Oui","Oui","Oui","Oui","Oui","Oui","Non","Tout à fait","Oui","Oui","Oui","Oui","Oui","Non","Oui","Souvent","Parfois","Souvent","Jamais","Oui","Non","Non","Non","Non","Non","Non","Oui","Oui","Oui","Non","Non","Oui","Non","Oui","Oui","Non","Oui","Non","Non","non","oui","non","non","non","Oui","Souvent","Non","Oui","Oui","Non","Oui","Non","Non","Oui","Non","Non","Non","Non","Non","Non","Non","Non","Non","Non","Non","Oui","Non","Oui","Non","Oui","Non","Non","NA","NA","Non","Non","Oui","Non","Non","Oui","Oui","Non","Oui","Non","Non","Non","Non","Non","Oui","Non","Oui","Non","Non","Non","Non","Non","Non","Non","Cinq à dix ans","organisme","Oui","Non","Non","Non","Non","fonct","Non","Oui","Non","Oui","Non","Oui","Non","Non","Non","autre","Un homme","Non","Oui","Non","Non","Oui","Oui","Non","Non","Non","Non","Non","Oui","Non","Oui","Non","moins","NA","NA","moins","moins","moins","moins","moins","NA","NA","NA","NA","NA","moins","Non","Oui","Oui","Non","Oui","Oui","Non","Non","Oui","Oui","Non","Oui","Oui","Oui","Non","2a5","Non","Oui","Oui","Non","Non","Oui","Oui","Non","Non","Non","Non","MacOS","Oui","Non","Non","Non","Non","Non","Non","Oui","Non","Non","Oui","Non","Non","Non","Non","Non","Non","Non","Non","Oui","Non","Oui","Non","Non","Non","Non","Non","Non","Non","Non","Non"
651,2,2,"Non","Non","Oui","Non","Non","Non","Non","Non","Non","Non","Non","Non","Non","Assez","Non","Non","Oui","Non","Oui","Non","Non","Jamais","Jamais","Jamais","Jamais","Non","Non","Non","Non","Oui","Non","Non","Non","Non","Non","Non","Non","Non","Non","Non","Non","Non","Non","Non","Oui","oui","non","non","non","non","Je ne sais pas","Parfois","Non","Non","Oui","Non","Non","Non","Non","Oui","Non","Non","Non","Non","Non","Non","Non","Non","Non","Non","Non","Oui","Non","Non","Non","Non","Non","Non","NA","NA","Non","Non","Non","Non","Non","Non","Non","Oui","Non","Non","Non","Non","Non","Non","Non","Oui","Non","Non","Non","Non","Non","Non","Non","Oui","Plus de dix ans","autre","Oui","Non","Non","Non","Non","fonct","Non","Non","Non","Non","Non","Non","Oui","Non","Non","autre","Un homme","Oui","Non","Non","Non","Non","Oui","Non","Non","Non","Non","Non","Oui","Non","Non","Non","moins","moins","NA","NA","NA","NA","NA","moins","NA","NA","NA","NA","moins","NA","Non","Oui","Oui","Oui","Non","Oui","Oui","Non","Oui","Non","Non","Non","Non","Non","Oui","2a5","Oui","Oui","Non","Non","Non","Non","Non","Non","Non","Non","Non","Windows","Oui","Non","Non","Non","Non","Non","Non","Non","Non","Non","Non","Non","Non","Non","Non","Non","Non","Non","Non","Non","Oui","Non","Non","Non","Non","Non","Non","Non","Non","Non","Oui"
652,3,2,"Non","Non","Non","Non","Oui","Non","Non","Non","Non","Non","Non","Non","Non","Peu","Oui","Non","Non","Oui","Non","Non","Non","Parfois","Parfois","Jamais","Jamais","Non","Non","Non","Non","Oui","Non","Non","Non","Oui","Non","Non","Non","Oui","Non","Non","Non","Non","Non","Non","Non","oui","oui","oui","oui","non","Oui","Parfois","Non","Oui","Oui","Oui","Oui","Oui","Oui","Non","Oui","Non","Non","Non","Non","Non","Non","Non","Non","Non","Non","Non","Non","Non","Non","Non","Oui","Non","NA","NA","Oui","Oui","Non","Oui","Oui","Non","Non","Non","Non","Non","Oui","Non","Oui","Oui","Non","Non","Non","Non","Oui","Non","Non","Oui","Oui","Non","Cinq à dix ans","autre","Non","Oui","Non","Non","Non","autre","Non","Non","Oui","Non","Non","Non","Non","Non","Non","autre","Une femme","Non","Non","Oui","Non","Non","Non","Non","Non","Non","Non","Non","Oui","Non","Non","Non","plus","NA","moins","NA","NA","plus","NA","NA","NA","moins","moins","NA","moins","NA","Oui","Non","Non","Non","Non","Oui","Oui","Oui","Oui","Non","Non","Non","Non","Non","Oui","2a5","Non","Oui","Non","Non","Non","Non","Non","Non","Non","Non","Non","MacOS","Oui","Non","Non","Non","Non","Non","Non","Non","Non","Non","Oui","Non","Non","Non","Non","Non","Non","Non","Non","Non","Non","Non","Non","Non","Non","Non","Non","Non","Oui","Non","Non"
672,4,2,"Non","Non","Non","Non","Non","Non","Oui","Oui","Non","Non","Non","Non","Non","Assez","Oui","Oui","Oui","Oui","Oui","Non","Non","Souvent","Jamais","Parfois","Jamais","Non","Non","Non","Non","Oui","Non","Non","Non","Oui","Non","Non","Non","Oui","Non","Non","Non","Non","Non","Non","Non","non","non","non","non","non","Oui","Parfois","Non","Oui","Oui","Non","Non","Non","Oui","Non","Non","Non","Oui","Non","Non","Non","Non","Non","Non","Non","Non","Oui","Non","Non","Non","Non","Non","Non applicable","NA","NA","Non","Non","Non","Non","Non","Non","Non","Oui","Non","Non","Non","Non","Non","Non","Non","Oui","Non","Non","Non","Non","Non","Non","Non","Oui","Plus de dix ans","CNRS","Oui","Non","Non","Non","Non","CDI","Non","Oui","Non","Oui","Non","Non","Non","Non","Non","autre","Un homme","Non","Non","Non","Non","Oui","Non","Non","Non","Non","Non","Non","Oui","Non","Non","Non","moins","moins","moins","moins","moins","moins","moins","moins","moins","moins","moins","moins","moins","moins","Non","Non","Oui","Non","Oui","Oui","Non","Non","Oui","Non","Non","Oui","Non","Oui","Non","2a5","Oui","Oui","Non","Non","Non","Non","Non","Non","Non","Non","Non","LinuxUnix","Non","Non","Non","Non","Non","Non","Non","Oui","Non","Non","Oui","Non","Non","Non","Non","Non","Non","Non","Non","Non","Non","Non","Oui","Non","Non","Non","Non","Non","Oui","Non","Non"
684,5,2,"Non","Non","Non","Oui","Non","Non","Oui","Oui","Oui","Oui","Non","Non","Non","Tout à fait","Non","Non","Oui","Oui","Oui","Non","Oui","Souvent","Souvent","Parfois","Jamais","Non","Non","Oui","Non","Non","Non","Non","Oui","Non","Oui","Non","Non","Non","Non","Non","Non","Non","Oui","Non","Non","non","non","non","oui","non","Oui","Parfois","Non","Oui","Oui","Oui","Oui","Non","Non","Oui","Non","Oui","Oui","Non","Non","Non","Non","Non","Non","Non","Non","Oui","Non","Oui","Non","Non","Non","Oui","Parfois","nini","Non","Non","Oui","Non","Non","Non","Non","Non","Non","Oui","Non","Non","Non","Non","Non","Non","Non","Non","Non","Non","Non","Non","Non","Oui","Moins de cinq ans","organisme","Non","Oui","Non","Non","Non","doct","Non","Oui","Non","Oui","Non","Non","Non","Non","Non","autre","Un homme","Non","Non","Non","Non","Oui","Oui","Oui","Non","Non","Non","Non","Oui","Non","Oui","Non","moins","NA","NA","NA","moins","plus","plus","moins","NA","NA","moins","NA","NA","NA","Non","Oui","Oui","Non","Oui","Non","Non","Non","Oui","Oui","Non","Oui","Non","Non","Non","2a5","Oui","Oui","Non","Non","Non","Non","Non","Non","Non","Non","Non","LinuxUnix","Oui","Non","Non","Oui","Non","Non","Non","Oui","Non","Non","Oui","Oui","Non","Non","Non","Non","Non","Non","Non","Non","Non","Oui","Non","Non","Non","Non","Non","Non","Oui","Non","Non"
694,4,2,"Non","Oui","Non","Non","Non","Oui","Non","Oui","Oui","Non","Oui","Oui","Non","Assez","Non","Non","Oui","Oui","Non","Non","Non","Toujours","NA","Parfois","NA","Non","Non","Non","Non","Oui","Non","Oui","Non","Oui","Non","Non","Non","Oui","Non","Non","Non","Non","Oui","Non","Non","non","non","oui","oui","non","Non","Souvent","Non","Non","Non","Non","Oui","Oui","Non","Non","Oui","Oui","Non","Non","Non","Non","Non","Non","Non","Non","Non","Oui","Oui","Oui","Non","Non","Non","Oui","Jamais","nini","Oui","Non","Non","Non","Non","Non","Non","Non","Non","Oui","Non","Non","Non","Non","Non","Non","Non","Non","Non","Non","Non","Non","Oui","Non","Plus de dix ans","CNRS","Oui","Non","Non","Non","Non","fonct","Non","Oui","Non","Non","Non","Non","Non","Non","Non","autre","Un homme","Non","Non","Non","Non","Oui","Oui","Non","Non","Non","Non","Non","Oui","Oui","Oui","Non","moins","NA","NA","NA","NA","plus","plus","moins","NA","NA","NA","NA","plus","NA","Non","Oui","Oui","Non","Oui","Oui","Oui","Non","Oui","Non","Non","Oui","Oui","Oui","Non","2a5","Oui","Non","Non","Non","Non","Non","Non","Non","Non","Non","Oui","Windows","Non","Non","Non","Non","Non","Non","Non","Oui","Non","Non","Oui","Non","Non","Non","Non","Non","Non","Non","Non","Non","Non","Non","Non","Non","Non","Non","Non","Non","Oui","Non","Non"
696,5,2,"Non","Non","Non","Non","Non","Non","Non","Oui","Oui","Non","Non","Non","Non","Tout à fait","Non","Non","Oui","Non","Oui","Non","Oui","Toujours","Jamais","Jamais","Parfois","Oui","Non","Oui","Non","Non","Non","Non","Non","Non","Oui","Non","Non","Non","Oui","Non","Oui","Non","Non","Non","Non","oui","oui","oui","non","non","Oui","Souvent","Non","Oui","Oui","Oui","Non","Non","Non","Non","Non","Non","Non","Oui","Non","Non","Non","Non","Non","Non","Non","Non","Non","Oui","Non","Non","Non","Oui","Parfois","plutotsat","Non","Non","Non","Non","Oui","Non","Non","Non","Non","Non","Non","Oui","Oui","Non","Non","Non","Non","Non","Non","Non","Non","Oui","Oui","Non","Plus de dix ans","autre","Non","Non","Oui","Non","Non","CDD","Non","Non","Non","Non","Non","Non","Non","Oui","Non","autre","Une femme","Non","Non","Non","Non","Oui","Non","Non","Non","Non","Non","Non","Non","Oui","Oui","Oui","NA","NA","NA","NA","NA","plus","plus","moins","NA","moins","moins","moins","NA","moins","Non","Non","Oui","Non","Oui","Non","Non","Non","Non","Oui","Non","Oui","Oui","Non","Non","6a10","Oui","Oui","Oui","Non","Non","Non","Non","Non","Non","Non","Non","LinuxUnix","Non","Non","Non","Non","Non","Non","Non","Oui","Non","Non","Non","Oui","Non","Non","Non","Non","Oui","Non","Non","Non","Non","Non","Non","Non","Oui","Non","Oui","Non","Oui","Non","Non"
707,5,2,"Non","Non","Non","Non","Non","Oui","Non","Oui","Oui","Oui","Oui","Non","Oui","Tout à fait","Non","Oui","Oui","Non","Oui","Non","Oui","Non applicable","Parfois","Souvent","Non applicable","Non","Non","Non","Non","Oui","Non","Non","Non","Non","Oui","Oui","Non","Oui","Non","Oui","Non","Non","Oui","Non","Non","non","oui","non","oui","non","Oui","Parfois","Non","Oui","Oui","Oui","Non","Non","Non","Oui","Non","Non","Oui","Non","Non","Non","Non","Oui","Non","Non","Non","Non","Oui","Oui","Oui","Non","Non","Oui","Parfois","plutotsat","Non","Oui","Oui","Non","Non","Non","Non","Non","Non","Non","Non","Oui","Oui","Non","Non","Non","Oui","Non","Oui","Non","Non","Oui","Non","Non","Plus de dix ans","CNRS","Oui","Non","Non","Non","Non","fonct","Non","Non","Non","Non","Non","Non","Non","Oui","Non","autre","Un homme","Non","Non","Oui","Non","Oui","Oui","Non","Non","Non","Oui","Non","Oui","Oui","Oui","Non","moins","NA","NA","moins","moins","moins","moins","moins","NA","moins","NA","moins","moins","NA","Oui","Non","Oui","Non","Oui","Oui","Non","Non","Oui","Non","Non","Oui","Oui","Non","Non","2a5","Oui","Non","Non","Oui","Non","Non","Non","Non","Non","Non","Non","LinuxUnix","Non","Non","Non","Non","Non","Non","Non","Oui","Non","Non","Oui","Non","Non","Non","Non","Non","Non","Non","Non","Oui","Non","Oui","Non","Non","Non","Non","Non","Oui","Oui","Non","Non"
729,1,2,"Non","Oui","Non","Oui","Non","Oui","Non","Non","Oui","Non","Oui","Non","Non","Pas du tout","Oui","Oui","Oui","Oui","Non","Non","Non","NA","NA","NA","NA","Non","Non","Non","Non","Non","Oui","Non","Non","Non","Non","Non","Non","Non","Non","Non","Non","Non","Non","Non","Oui","non","oui","non","non","oui","Non applicable","Non applicable","Non","Non","Non","Non","Non","Oui","Non","Oui","Oui","Non","Non","Non","Non","Non","Non","Non","Non","Non","Non","Oui","Non","Non","Non","Oui","Non","Non applicable","NA","NA","Non","Non","Non","Non","Non","Non","Non","Oui","Non","Non","Non","Non","Non","Non","Non","Oui","Non","Non","Non","Non","Non","Non","Non","Oui","Moins de cinq ans","organisme","Non","Non","Oui","Non","Non","CDD","Non","Non","Non","Non","Non","Non","Oui","Non","Non","autre","Autre","Oui","Non","Non","Non","Oui","Oui","Non","Non","Non","Non","Non","Non","Non","Non","Oui","NA","moins","NA","NA","plus","moins","NA","NA","NA","NA","NA","NA","NA","NA","Non","Non","Oui","Non","Non","Non","Non","Non","Oui","Non","Non","Non","Non","Oui","Non","2a5","Non","Non","Oui","Non","Non","Non","Non","Non","Non","Non","Non","Windows","Oui","Non","Non","Non","Non","Non","Non","Non","Non","Non","Non","Non","Non","Non","Non","Non","Non","Non","Non","Non","Oui","Non","Non","Non","Non","Non","Non","Non","Non","Non","Oui"
730,5,2,"Non","Non","Non","Non","Non","Oui","Oui","Oui","Oui","Oui","Oui","Oui","Non","Tout à fait","Oui","Non","Non","Non","Oui","Non","Oui","Parfois","Souvent","Parfois","Parfois","Oui","Non","Non","Non","Non","Non","Non","Non","Non","Non","Non","Non","Oui","Non","Non","Non","Non","Oui","Non","Non","oui","oui","non","non","non","Oui","Parfois","Oui","Oui","Oui","Non","Oui","Non","Non","Oui","Oui","Oui","Oui","Non","Non","Non","Non","Non","Non","Non","Non","Oui","Oui","Oui","Non","Non","Non","Oui","Jamais","NA","Non","Non","Non","Non","Non","Non","Non","Oui","Non","Non","Oui","Non","Non","Non","Oui","Non","Oui","Non","Non","Oui","Oui","Oui","Oui","Non","Cinq à dix ans","autre","Non","Oui","Non","Non","Non","CDD","Non","Non","Non","Non","Non","Oui","Non","Non","Non","autre","Une femme","Oui","Non","Non","Non","Oui","Oui","Oui","Non","Non","Oui","Non","Non","Non","Non","Non","moins","NA","moins","moins","NA","moins","NA","moins","NA","moins","moins","moins","moins","moins","Non","Oui","Non","Non","Non","Oui","Non","Non","Oui","Oui","Non","Oui","Oui","Oui","Oui","2a5","Oui","Oui","Non","Non","Non","Non","Non","Non","Non","Non","Non","LinuxUnix","Oui","Non","Non","Non","Non","Oui","Non","Oui","Non","Non","Non","Non","Non","Non","Oui","Non","Oui","Oui","Oui","Non","Non","Non","Non","Oui","Oui","Non","Non","Non","Oui","Non","Non"
737,3,2,"Non","Non","Non","Non","Non","Non","Non","Oui","Oui","Non","Oui","Non","Non","Pas du tout","Oui","Non","Non","Non","Oui","Non","Non","Souvent","Parfois","Parfois","Jamais","Non","Non","Oui","Non","Non","Non","Non","Non","Non","Non","Non","Non","Oui","Non","Oui","Oui","Non","Non","Non","Non","oui","non","non","oui","non","Non","Je ne sais pas","Non","Non","Non","Non","Oui","Oui","Oui","Non","Oui","Non","Non","Oui","Non","Oui","Non","Non","Non","Non","Non","Oui","Oui","Non","Non","Oui","Non","Oui","Souvent","tressat","Non","Oui","Non","Non","Oui","Non","Non","Non","Oui","Oui","Oui","Oui","Oui","Oui","Non","Non","Oui","Non","Oui","Non","Non","Oui","Non","Non","Moins de cinq ans","autre","Non","Non","Oui","Non","Non","CDD","Non","Non","Oui","Non","Non","Non","Non","Non","Non","autre","Une femme","Non","Non","Oui","Oui","Non","Oui","Non","Non","Non","Non","Non","Oui","Non","Non","Oui","moins","moins","moins","moins","moins","moins","moins","moins","moins","moins","moins","moins","moins","moins","Oui","Non","Non","Non","Non","Oui","Oui","Oui","Oui","Non","Non","Non","Non","Oui","Oui","11plus","Oui","Oui","Oui","Oui","Oui","Oui","Oui","Oui","Non","Non","Oui","Windows","Oui","Non","Non","Non","Non","Non","Non","Non","Non","Non","Non","Non","Non","Non","Non","Non","Non","Non","Non","Non","Oui","Oui","Oui","Non","Non","Non","Non","Non","Non","Non","Non"
738,5,2,"Oui","Non","Non","Non","Non","Non","Non","Oui","Oui","Non","Oui","Oui","Non","Tout à fait","Oui","Non","Oui","Non","Oui","Non","Oui","Parfois","Toujours","Toujours","Toujours","Non","Non","Non","Non","Oui","Non","Oui","Oui","Oui","Non","Non","Non","Non","Oui","Non","Non","Non","Oui","Non","Non","oui","non","non","oui","oui","Oui","Souvent","Oui","Oui","Oui","Oui","Oui","Oui","Oui","Non","Oui","Non","Oui","Non","Non","Non","Non","Non","Non","Non","Non","Oui","Oui","Oui","Oui","Non","Non","Oui","Souvent","plutotsat","Oui","Non","Non","Non","Non","Non","Non","Non","Non","Non","Non","Non","Non","Non","Non","Oui","Oui","Non","Oui","Non","Non","Non","Non","Non","Moins de cinq ans","Université","Non","Oui","Non","Non","Non","doct","Non","Non","Oui","Non","Non","Non","Non","Non","Non","autre","Une femme","Non","Non","Oui","Non","Oui","Oui","Non","Non","Non","Non","Non","Non","Non","Non","Oui","moins","moins","moins","moins","moins","moins","moins","moins","moins","moins","NA","moins","moins","NA","Oui","Non","Oui","Non","Oui","Oui","Oui","Oui","Oui","Non","Non","Oui","Non","Oui","Oui","2a5","Oui","Non","Oui","Non","Non","Non","Non","Non","Non","Non","Non","Windows","Oui","Non","Non","Oui","Non","Oui","Non","Oui","Non","Non","Non","Oui","Non","Non","Oui","Non","Oui","Non","Oui","Non","Non","Oui","Non","Oui","Oui","Oui","Oui","Non","Oui","Non","Non"
739,3,2,"Oui","Oui","Non","Oui","Non","Non","Non","Non","Oui","Non","Non","Non","Non","Tout à fait","Oui","Non","Non","Oui","Non","Non","Oui","Parfois","Parfois","Toujours","NA","Non","Non","Non","Non","Oui","Non","Non","Non","Oui","Oui","Non","Oui","Non","Oui","Non","Non","Non","Non","Non","Non","oui","non","non","oui","non","Oui","Parfois","Non","Oui","Non","Oui","Non","Non","Non","Oui","Non","Non","Non","Oui","Non","Non","Non","Non","Non","Non","Oui","Oui","Oui","Non","Non","Non","Non","Non","NA","NA","Non","Oui","Non","Non","Non","Non","Non","Non","Non","Non","Oui","Non","Non","Non","Oui","Non","Oui","Non","Non","Non","Non","Oui","Non","Non","Plus de dix ans","Université","Non","Non","Non","Non","Non","fonct","Non","Non","Oui","Non","Oui","Non","Non","Non","Non","autre","Une femme","Non","Non","Non","Oui","Non","Oui","Oui","Non","Non","Oui","Non","Non","Non","Oui","Non","NA","NA","plus","NA","moins","plus","moins","moins","moins","moins","moins","moins","moins","NA","Non","Non","Oui","Oui","Oui","Oui","Oui","Oui","Oui","Non","Non","Non","Non","Oui","Non","2a5","Oui","Non","Non","Non","Oui","Non","Non","Non","Non","Non","Non","MacOS","Oui","Non","Non","Non","Non","Non","Non","Non","Non","Non","Non","Oui","Non","Non","Non","Oui","Non","Non","Non","Non","Non","Non","Non","Non","Non","Non","Non","Non","Oui","Non","Non"
742,4,2,"Non","Non","Oui","Non","Non","Oui","Oui","Non","Non","Non","Oui","Non","Non","Tout à fait","Oui","Oui","Oui","Non","Oui","Non","Oui","Toujours","Parfois","Jamais","Non applicable","Oui","Non","Non","Non","Non","Non","Oui","Oui","Oui","Non","Oui","Oui","Non","Oui","Non","Non","Non","Non","Non","Non","oui","oui","non","oui","non","Oui","Parfois","Non","Oui","Non","Non","Oui","Non","Non","Oui","Oui","Oui","Non","Non","Non","Non","Non","Non","Non","Oui","Non","Oui","Oui","Non","Non","Non","Non","Oui","Parfois","nini","Oui","Oui","Non","Non","Non","Non","Non","Non","Oui","Non","Oui","Non","Non","Non","Non","Non","Oui","Non","Oui","Non","Non","Oui","Non","Non","Plus de dix ans","CNRS","Oui","Non","Non","Non","Non","fonct","Non","Non","Non","Non","Non","Oui","Non","Non","Non","autre","Une femme","Oui","Non","Non","Non","Non","Oui","Oui","Non","Non","Non","Oui","Non","Non","Non","Oui","plus","NA","NA","NA","NA","plus","NA","plus","NA","NA","moins","moins","NA","moins","Non","Oui","Non","Non","Non","Oui","Non","Non","Oui","Non","Non","Non","Oui","Oui","Oui","2a5","Oui","Oui","Oui","Non","Non","Non","Non","Non","Non","Non","Non","MacOS","Oui","Oui","Non","Oui","Non","Non","Non","Non","Non","Non","Non","Oui","Oui","Non","Non","Non","Non","Non","Oui","Non","Non","Non","Oui","Non","Oui","Non","Oui","Non","Non","Non","Non"
757,5,2,"Non","Non","Non","Non","Oui","Oui","Non","Non","Non","Non","Oui","Oui","Non","Tout à fait","Oui","Oui","Oui","Oui","Oui","Non","Oui","Jamais","Jamais","Parfois","Parfois","Non","Non","Non","Non","Oui","Non","Non","Non","Non","Non","Non","Non","Non","Non","Non","Oui","Non","Non","Non","Non","non","oui","non","oui","oui","Oui","Jamais","Non","Oui","Oui","Oui","Oui","Non","Non","Oui","Non","Non","Oui","Non","Non","Non","Non","Non","Non","Non","Oui","Non","Non","Oui","Oui","Non","Non","Oui","Toujours","tressat","Oui","Oui","Non","Non","Non","Non","Non","Non","Oui","Non","Non","Oui","Non","Oui","Oui","Non","Oui","Non","Oui","Non","Oui","Non","Non","Non","Plus de dix ans","Université","Oui","Non","Non","Non","Non","fonct","Non","Non","Non","Non","Non","Non","Non","Non","Oui","autre","Un homme","Oui","Non","Non","Non","Oui","Oui","Oui","Non","Non","Non","Non","Oui","Non","Non","Non","moins","NA","NA","NA","NA","moins","moins","moins","NA","moins","NA","NA","NA","NA","Non","Oui","Non","Non","Non","Non","Non","Non","Oui","Non","Non","Non","Oui","Non","Non","6a10","Oui","Oui","Oui","Non","Non","Non","Non","Non","Non","Non","Non","LinuxUnix","Oui","Non","Non","Non","Non","Oui","Non","Oui","Non","Non","Oui","Non","Non","Non","Oui","Non","Non","Non","Non","Oui","Non","Non","Non","Non","Non","Non","Non","Non","Oui","Non","Non"
758,5,2,"Oui","Non","Non","Oui","Non","Non","Oui","Oui","Oui","Non","Oui","Oui","Non","Peu","Non","Non","Oui","Oui","Non","Non","Non","Parfois","Jamais","Parfois","Jamais","Oui","Non","Non","Non","Non","Non","Non","Oui","Non","Non","Non","Non","Oui","Non","Non","Non","Non","Oui","Non","Non","oui","non","non","oui","non","Oui","Souvent","Non","Non","Oui","Oui","Non","Oui","Non","Oui","Oui","Non","Oui","Non","Non","Non","Non","Non","Non","Non","Non","Oui","Non","Oui","Non","Non","Non","Oui","Parfois","tressat","Oui","Oui","Non","Non","Oui","Non","Non","Non","Non","Non","Non","Oui","Non","Non","Oui","Non","Non","Non","Oui","Non","Non","Non","Oui","Non","Plus de dix ans","autre","Oui","Non","Non","Non","Non","CDI","Non","Oui","Non","Non","Non","Non","Non","Non","Non","autre","Un homme","Non","Non","Non","Oui","Non","Oui","Non","Non","Non","Non","Non","Non","Non","Non","Oui","NA","NA","NA","NA","moins","plus","moins","moins","NA","NA","NA","moins","NA","moins","Non","Non","Oui","Non","Oui","Oui","Oui","Non","Oui","Oui","Non","Non","Oui","Oui","Non","2a5","Oui","Oui","Non","Non","Non","Non","Oui","Non","Non","Non","Non","Windows","Oui","Non","Non","Non","Non","Non","Non","Oui","Non","Non","Non","Oui","Non","Non","Non","Non","Non","Non","Non","Oui","Non","Oui","Non","Non","Non","Oui","Non","Non","Oui","Non","Non"
775,5,2,"Non","Non","Non","Non","Non","Oui","Oui","Oui","Oui","Oui","Oui","Oui","Non","Assez","Oui","Oui","Oui","Non","Non","Non","Non","Souvent","Jamais","Jamais","Parfois","Oui","Non","Oui","Non","Non","Non","Non","Non","Non","Non","Non","Non","Non","Non","Non","Non","Non","Oui","Non","Non","oui","oui","non","oui","non","Je ne sais pas","Souvent","Oui","Oui","Oui","Non","Non","Non","Non","Oui","Non","Oui","Oui","Non","Non","Non","Non","Non","Non","Non","Non","Oui","Oui","Oui","Oui","Non","Non","Oui","Parfois","tressat","Non","Non","Non","Non","Non","Oui","Non","Non","Non","Oui","Non","Non","Non","Non","Non","Non","Oui","Non","Oui","Oui","Oui","Non","Non","Non","Cinq à dix ans","Université","Oui","Non","Non","Non","Non","fonct","Non","Oui","Non","Non","Oui","Oui","Oui","Non","Non","autre","Un homme","Oui","Non","Non","Non","Oui","Oui","Non","Non","Non","Oui","Non","Oui","Non","Non","Non","moins","NA","NA","moins","NA","moins","moins","NA","NA","NA","moins","NA","NA","moins","Non","Oui","Non","Non","Non","Oui","Non","Non","Oui","Non","Non","Oui","Non","Oui","Oui","6a10","Oui","Oui","Oui","Non","Non","Non","Non","Non","Non","Non","Oui","LinuxUnix","Non","Non","Non","Non","Non","Non","Non","Oui","Non","Non","Non","Oui","Oui","Non","Non","Non","Non","Non","Oui","Oui","Non","Non","Non","Non","Oui","Non","Non","Non","Oui","Oui","Non"
786,2,2,"Oui","Non","Non","Oui","Non","Non","Non","Non","Oui","Non","Non","Non","Non","Peu","Non","Non","Non","Non","Non","Non","Non","Parfois","Jamais","Jamais","Jamais","Non","Non","Oui","Non","Non","Non","Oui","Oui","Non","Non","Non","Oui","Non","Non","Non","Non","Non","Non","Non","Non","non","non","oui","oui","non","Non","Je ne sais pas","Non","Non","Oui","Oui","Oui","Non","Oui","Non","Oui","Non","Non","Non","Non","Non","Non","Non","Non","Non","Non","Oui","Non","Non","Non","Non","Non","Oui","Parfois","insatisfait","Oui","Oui","Non","Non","Oui","Non","Non","Non","Non","Oui","Oui","Non","Oui","Non","Non","Non","Oui","Non","Oui","Non","Non","Non","Non","Non","Plus de dix ans","Université","Oui","Non","Non","Non","Non","fonct","Non","Non","Oui","Non","Non","Non","Non","Non","Non","autre","Un homme","Non","Non","Oui","Oui","Oui","Oui","Non","Non","Non","Oui","Non","Oui","Non","Oui","Non","moins","moins","moins","moins","moins","moins","NA","moins","moins","moins","moins","NA","NA","moins","Non","Non","Non","Non","Non","Non","Oui","Oui","Oui","Non","Non","Non","Non","Oui","Non","2a5","Oui","Oui","Non","Non","Non","Non","Non","Non","Non","Oui","Oui","MacOS","Oui","Non","Non","Oui","Non","Non","Non","Non","Non","Non","Non","Non","Oui","Non","Non","Non","Non","Non","Non","Non","Non","Non","Oui","Non","Oui","Non","Non","Non","Non","Non","Non"
791,4,2,"Non","Non","Oui","Non","Oui","Oui","Oui","Oui","Oui","Non","Oui","Oui","Non","Assez","Non","Non","Oui","Oui","Non","Non","Non","Souvent","Non applicable","Non applicable","Non applicable","Non","Non","Non","Non","Oui","Non","Non","Non","Oui","Non","Non","Non","Non","Non","Non","Non","Non","Non","Non","Non","non","oui","oui","non","oui","Je ne sais pas","Souvent","Non","Non","Non","Non","Oui","Non","Non","Oui","Oui","Non","Non","Non","Non","Non","Non","Non","Non","Non","Non","Non","Non","Non","Non","Non","Non","Non","NA","NA","Non","Non","Non","Non","Non","Non","Non","Oui","Non","Non","Non","Oui","Oui","Non","Non","Non","Oui","Non","Non","Non","Non","Oui","Non","Non","Plus de dix ans","CNRS","Oui","Non","Non","Non","Non","fonct","Non","Non","Non","Non","Non","Non","Non","Oui","Non","autre","Une femme","Oui","Non","Oui","Oui","Oui","Oui","Non","Non","Non","Oui","Oui","Oui","Non","Non","Non","moins","NA","NA","NA","NA","moins","moins","moins","NA","moins","NA","moins","NA","moins","Oui","Oui","Oui","Non","Non","Oui","Non","Non","Oui","Oui","Non","Non","Oui","Oui","Oui","2a5","Oui","Oui","Oui","Non","Non","Non","Non","Non","Non","Non","Oui","MacOS","Oui","Non","Non","Non","Non","Non","Non","Non","Non","Non","Oui","Non","Non","Non","Non","Non","Non","Non","Non","Non","Non","Non","Non","Non","Non","Non","Non","Non","Non","Non","Oui"
793,4,2,"Non","Non","Non","Non","Non","Oui","Non","Oui","Oui","Non","Oui","Non","Non","Assez","Oui","Non","Oui","Non","Non","Non","Oui","Souvent","Jamais","Parfois","Jamais","Oui","Non","Non","Non","Non","Non","Non","Oui","Oui","Non","Non","Oui","Non","Non","Non","Non","Non","Non","Non","Non","non","oui","oui","oui","non","Non","Parfois","Non","Oui","Oui","Non","Oui","Non","Non","Oui","Oui","Non","Non","Non","Non","Non","Non","Non","Non","Oui","Non","Non","Non","Non","Non","Non","Non","Non","NA","NA","Oui","Oui","Non","Oui","Oui","Non","Non","Non","Non","Non","Oui","Oui","Oui","Non","Oui","Non","Oui","Non","Oui","Non","Non","Oui","Oui","Non","Plus de dix ans","organisme","Oui","Non","Non","Non","Non","fonct","Non","Non","Non","Non","Non","Oui","Non","Non","Oui","autre","Une femme","Oui","Non","Non","Non","Oui","Oui","Non","Oui","Non","Oui","Oui","Non","Non","Non","Non","moins","NA","NA","NA","NA","moins","NA","moins","NA","moins","moins","NA","NA","moins","Non","Oui","Oui","Oui","Non","Oui","Non","Non","Oui","Non","Non","Non","Oui","Non","Non","2a5","Oui","Oui","Oui","Non","Non","Non","Non","Non","Non","Non","Non","Windows","Oui","Non","Non","Non","Non","Non","Non","Non","Non","Non","Oui","Oui","Oui","Non","Non","Non","Non","Non","Non","Non","Non","Oui","Non","Non","Oui","Oui","Oui","Non","Non","Non","Non"
799,2,2,"Oui","Non","Non","Non","Oui","Non","Non","Non","Oui","Non","Oui","Oui","Non","Tout à fait","Oui","Non","Oui","Oui","Oui","Non","Oui","Toujours","Jamais","Jamais","Jamais","Non","Non","Oui","Non","Oui","Non","Non","Non","Non","Oui","Non","Non","Non","Non","Non","Non","Non","Non","Non","Non","non","non","non","non","oui","Oui","Parfois","Non","Oui","Oui","Non","Oui","Non","Oui","Oui","Non","Non","Non","Non","Oui","Non","Non","Non","Non","Non","Non","Oui","Non","Non","Non","Non","Oui","Oui","Jamais","NA","Non","Non","Oui","Oui","Non","Non","Non","Non","Oui","Non","Non","Oui","Non","Non","Non","Non","Oui","Non","Oui","Non","Non","Non","Non","Non","Cinq à dix ans","Université","Non","Oui","Non","Non","Non","CDD","Non","Non","Oui","Non","Non","Non","Non","Non","Non","autre","Une femme","Non","Non","Non","Non","Non","Oui","Oui","Non","Non","Non","Non","Oui","Non","Non","Non","moins","NA","moins","moins","plus","plus","NA","plus","moins","moins","moins","NA","NA","NA","Non","Non","Non","Non","Non","Non","Oui","Non","Oui","Non","Non","Non","Oui","Oui","Oui","2a5","Oui","Oui","Non","Non","Non","Non","Non","Non","Non","Non","Non","LinuxUnix","Non","Non","Non","Non","Oui","Non","Non","Non","Non","Non","Non","Non","Non","Non","Non","Non","Oui","Non","Oui","Non","Non","Non","Non","Oui","Non","Oui","Oui","Non","Oui","Non","Non"
805,4,2,"Non","Oui","Oui","Non","Oui","Oui","Non","Non","Oui","Non","Non","Non","Non","Tout à fait","Oui","Oui","Oui","Oui","Non","Non","Oui","Toujours","Souvent","Parfois","Souvent","Oui","Non","Non","Non","Non","Non","Oui","Oui","Oui","Oui","Non","Oui","Non","Oui","Oui","Non","Non","Non","Non","Non","oui","oui","non","oui","non","Je ne sais pas","Souvent","Non","Non","Non","Non","Oui","Non","Non","Oui","Oui","Non","Oui","Non","Non","Non","Non","Non","Non","Non","Non","Oui","Non","Non","Non","Non","Non","Oui","Parfois","nini","Oui","Oui","Non","Oui","Non","Non","Non","Non","Non","Oui","Non","Oui","Oui","Non","Non","Non","Oui","Non","Non","Non","Non","Non","Non","Non","Plus de dix ans","organisme","Oui","Non","Non","Non","Non","fonct","Non","Non","Non","Non","Non","Non","Non","Oui","Oui","autre","Un homme","Oui","Non","Oui","Oui","Non","Oui","Non","Oui","Non","Non","Oui","Non","Non","Non","Oui","moins","moins","moins","moins","moins","moins","NA","NA","moins","moins","moins","moins","moins","moins","Oui","Oui","Oui","Oui","Oui","Oui","Oui","Oui","Oui","Oui","Non","Non","Non","Oui","Non","2a5","Oui","Non","Oui","Non","Non","Non","Non","Non","Non","Non","Oui","Windows","Non","Non","Oui","Non","Non","Oui","Non","Non","Non","Non","Oui","Non","Non","Non","Non","Non","Non","Non","Non","Non","Non","Oui","Oui","Non","Oui","Non","Non","Non","Oui","Non","Non"
810,2,2,"Non","Non","Non","Oui","Non","Non","Non","Non","Non","Non","Oui","Non","Non","Tout à fait","Oui","Non","Oui","Oui","Non","Non","Oui","Parfois","Jamais","Jamais","Jamais","Non","Non","Non","Non","Oui","Non","Non","Non","Non","Non","Non","Non","Non","Non","Non","Non","Non","Non","Non","Oui","non","oui","oui","non","oui","Non","Parfois","Non","Non","Non","Non","Non","Non","Non","Oui","Non","Non","Oui","Non","Non","Non","Non","Non","Non","Non","Non","Oui","Non","Non","Non","Non","Non","Oui","Jamais","NA","Non","Non","Non","Non","Non","Non","Non","Oui","Non","Non","Non","Non","Non","Non","Non","Oui","Non","Non","Non","Non","Non","Non","Non","Oui","Plus de dix ans","Université","Oui","Non","Non","Non","Non","fonct","Oui","Non","Non","Non","Non","Non","Non","Non","Non","autre","Une femme","Non","Non","Oui","Oui","Oui","Oui","Non","Non","Non","Oui","Non","Oui","Non","Non","Non","moins","moins","moins","NA","moins","plus","NA","NA","NA","NA","NA","NA","NA","NA","Oui","Non","Non","Non","Non","Oui","Non","Oui","Oui","Non","Non","Non","Non","Non","Oui","2a5","Oui","Non","Non","Non","Non","Non","Non","Non","Non","Non","Non","Windows","Oui","Non","Non","Non","Non","Non","Non","Non","Non","Non","Non","Non","Non","Non","Non","Non","Non","Non","Non","Non","Non","Oui","Non","Non","Non","Non","Non","Non","Oui","Oui","Non"
820,4,2,"Non","Non","Non","Oui","Non","Non","Non","Oui","Oui","Non","Non","Non","Non","Assez","Non","Non","Oui","Oui","Non","Non","Oui","Souvent","Parfois","NA","NA","Non","Non","Non","Non","Oui","Non","Non","Oui","Non","Oui","Non","Non","Oui","Non","Non","Non","Non","Oui","Non","Non","oui","oui","oui","non","oui","Je ne sais pas","Parfois","Non","Oui","Oui","Non","Non","Non","Non","Oui","Non","Oui","Non","Non","Non","Non","Non","Non","Non","Non","Oui","Oui","Non","Oui","Oui","Non","Non","Oui","Parfois","NA","Non","Non","Non","Non","Non","Non","Non","Oui","Non","Non","Oui","Non","Oui","Non","Oui","Non","Non","Non","Non","Non","Oui","Oui","Oui","Non","Moins de cinq ans","autre","Non","Non","Oui","Non","Non","CDD","Non","Oui","Non","Non","Non","Non","Oui","Non","Non","autre","Un homme","Oui","Non","Non","Non","Oui","Non","Non","Non","Non","Non","Non","Non","Non","Non","Oui","moins","NA","moins","moins","moins","moins","moins","moins","moins","moins","moins","moins","moins","moins","Non","Oui","Non","Non","Oui","Oui","Non","Non","Non","Non","Non","Oui","Oui","Oui","Non","2a5","Oui","Oui","Oui","Oui","Non","Non","Non","Non","Non","Non","Non","Windows","Oui","Non","Non","Oui","Non","Non","Non","Oui","Non","Non","Non","Oui","Non","Oui","Non","Non","Oui","Non","Oui","Non","Non","Oui","Non","Non","Non","Oui","Non","Oui","Oui","Non","Non"
823,4,2,"Non","Non","Non","Non","Non","Non","Oui","Oui","Oui","Non","Oui","Oui","Non","Assez","Oui","Oui","Non","Non","Non","Non","Oui","Parfois","Jamais","Parfois","Jamais","Oui","Non","Non","Non","Non","Non","Non","Non","Non","Non","Non","Non","Oui","Non","Non","Non","Non","Non","Non","Non","non","oui","non","oui","oui","Non","Souvent","Non","Oui","Oui","Non","Oui","Non","Oui","Oui","Non","Non","Oui","Non","Non","Non","Non","Non","Non","Non","Non","Oui","Oui","Non","Non","Non","Non","Oui","Parfois","insatisfait","Oui","Non","Oui","Non","Non","Oui","Oui","Non","Non","Non","Non","Oui","Non","Non","Oui","Non","Oui","Non","Oui","Non","Non","Oui","Oui","Non","Plus de dix ans","Université","Oui","Non","Non","Non","Non","fonct","Oui","Non","Non","Non","Non","Non","Non","Non","Non","autre","Une femme","Non","Non","Non","Non","Oui","Non","Non","Non","Non","Non","Oui","Non","Non","Non","Non","NA","NA","moins","moins","moins","moins","moins","moins","moins","moins","moins","moins","moins","moins","Non","Non","Oui","Oui","Non","Non","Non","Non","Oui","Oui","Non","Oui","Non","Non","Non","2a5","Oui","Oui","Non","Non","Non","Non","Non","Non","Non","Non","Non","Windows","Non","Non","Non","Non","Oui","Non","Non","Non","Non","Non","Oui","Oui","Non","Non","Non","Non","Non","Non","Non","Non","Non","Oui","Non","Non","Oui","Non","Non","Non","Oui","Non","Non"
829,4,2,"Non","Non","Non","Non","Non","Oui","Oui","Non","Oui","Non","Oui","Non","Non","Tout à fait","Oui","Non","Oui","Non","Non","Non","Non","NA","Souvent","NA","Parfois","Non","Non","Non","Non","Oui","Non","Non","Non","Non","Non","Non","Oui","Non","Non","Non","Non","Non","Non","Non","Non","oui","oui","non","non","non","Non","Souvent","Oui","Non","Non","Non","Non","Non","Non","Oui","Non","Oui","Non","Oui","Non","Non","Non","Non","Non","Oui","Non","Oui","Non","Non","Non","Non","Non","Oui","Parfois","nini","Oui","Non","Non","Non","Non","Non","Non","Non","Non","Non","Non","Non","Non","Non","Non","Oui","Non","Non","Non","Non","Non","Non","Non","Oui","Moins de cinq ans","Université","Non","Non","Oui","Non","Non","fonct","Non","Non","Non","Non","Non","Oui","Non","Non","Oui","autre","Un homme","Oui","Non","Non","Non","Non","Oui","Oui","Oui","Non","Oui","Non","Non","Non","Non","Non","moins","NA","NA","moins","NA","moins","NA","NA","NA","moins","NA","moins","NA","NA","Non","Oui","Non","Non","Non","Oui","Non","Non","Oui","Non","Non","Non","Non","Non","Non","6a10","Oui","Oui","Oui","Non","Non","Non","Oui","Non","Non","Non","Non","Windows","Oui","Non","Non","Non","Non","Non","Non","Non","Non","Non","Non","Non","Non","Non","Non","Non","Non","Non","Non","Non","Oui","Oui","Non","Non","Non","Non","Non","Non","Oui","Non","Non"
830,4,2,"Non","Non","Oui","Non","Non","Oui","Non","Non","Non","Non","Non","Non","Non","Assez","Oui","Oui","Oui","Non","Non","Non","Oui","Toujours","Toujours","NA","NA","Non","Non","Non","Non","Oui","Non","Non","Oui","Oui","Non","Non","Non","Non","Oui","Non","Non","Non","Non","Non","Non","non","oui","non","oui","non","Je ne sais pas","Parfois","Non","Non","Non","Non","Non","Oui","Non","Non","Non","Non","Oui","Non","Non","Non","Non","Non","Non","Non","Non","Oui","Non","Non","Oui","Oui","Non","Oui","Parfois","plutotsat","Non","Non","Non","Non","Non","Non","Non","Oui","Non","Non","Non","Non","Non","Oui","Non","Non","Oui","Non","Non","Oui","Non","Oui","Non","Non","Plus de dix ans","NA","Non","Non","Non","Non","Oui","CDI","Non","Non","Non","Non","Non","Oui","Non","Non","Non","autre","Une femme","Non","Non","Oui","Oui","Non","Oui","Non","Non","Non","Non","Oui","Non","Non","Non","Oui","NA","NA","moins","NA","moins","moins","NA","moins","NA","moins","NA","NA","NA","NA","Oui","Non","Non","Non","Oui","Non","Non","Oui","Non","Non","Non","Non","Non","Oui","Non","2a5","Non","Non","Oui","Non","Non","Oui","Non","Non","Oui","Oui","Non","Windows","Oui","Non","Non","Non","Non","Non","Non","Non","Non","Non","Non","Non","Non","Oui","Non","Non","Non","Non","Non","Non","Non","Oui","Non","Oui","Oui","Oui","Non","Non","Non","Non","Non"
834,4,2,"Non","Oui","Non","Oui","Non","Oui","Oui","Oui","Oui","Oui","Oui","Oui","Non","Assez","Oui","Oui","Non","Oui","Oui","Non","Oui","Souvent","Jamais","Jamais","Jamais","Non","Non","Non","Non","Non","Oui","Non","Non","Non","Non","Non","Non","Non","Non","Non","Non","Non","Oui","Non","Non","non","non","oui","oui","non","Oui","Souvent","Non","Oui","Oui","Non","Oui","Non","Non","Oui","Non","Non","Non","Non","Non","Oui","Non","Non","Non","Non","Oui","Oui","Oui","Oui","Non","Non","Oui","Non applicable","NA","NA","Non","Non","Non","Non","Non","Non","Non","Oui","Non","Non","Oui","Oui","Non","Non","Non","Non","Non","Non","Oui","Non","Non","Non","Non","Non","Moins de cinq ans","autre","Non","Oui","Non","Non","Non","doct","Oui","Non","Non","Non","Non","Non","Non","Non","Non","autre","Un homme","Non","Non","Non","Non","Non","Oui","Non","Non","Non","Non","Non","Oui","Non","Non","Non","moins","moins","moins","moins","moins","moins","moins","moins","moins","moins","moins","moins","moins","moins","Non","Non","Non","Non","Oui","Oui","Non","Non","Oui","Non","Non","Oui","Oui","Oui","Oui","2a5","Oui","Oui","Non","Non","Non","Non","Non","Non","Non","Non","Non","MacOS","Oui","Non","Non","Non","Non","Non","Non","Oui","Non","Non","Non","Non","Non","Oui","Non","Non","Oui","Non","Non","Non","Non","Oui","Non","Oui","Oui","Oui","Oui","Oui","Oui","Oui","Non"
835,5,2,"Non","Oui","Non","Non","Non","Oui","Oui","Oui","Oui","Non","Oui","Oui","Non","Assez","Oui","Non","Oui","Oui","Oui","Non","Oui","Parfois","Jamais","Jamais","Parfois","Non","Non","Oui","Non","Non","Non","Non","Non","Non","Non","Non","Oui","Oui","Oui","Non","Non","Non","Oui","Non","Non","non","non","oui","non","oui","Oui","Parfois","Non","Non","Oui","Oui","Oui","Oui","Non","Oui","Non","Non","Oui","Non","Non","Non","Non","Non","Non","Non","Oui","Oui","Oui","Oui","Oui","Oui","Non","Non","NA","NA","Non","Non","Non","Oui","Non","Non","Non","Non","Non","Non","Non","Oui","Oui","Oui","Non","Non","Oui","Oui","Non","Oui","Oui","Non","Non","Non","Plus de dix ans","CNRS","Non","Non","Oui","Non","Oui","fonct","Oui","Non","Non","Non","Non","Non","Non","Non","Non","autre","Autre","Non","Non","Oui","Non","Oui","Oui","Oui","Oui","Non","Oui","Non","Oui","Non","Non","Oui","moins","moins","moins","NA","NA","moins","moins","plus","moins","NA","moins","moins","moins","moins","Oui","Non","Oui","Non","Oui","Oui","Oui","Non","Oui","Non","Non","Non","Non","Oui","Oui","6a10","Oui","Oui","Oui","Non","Non","Non","Non","Non","Non","Non","Oui","Windows","Oui","Non","Oui","Non","Non","Non","Non","Non","Non","Non","Oui","Oui","Oui","Non","Non","Non","Non","Non","Non","Non","Non","Oui","Oui","Non","Oui","Non","Non","Non","Oui","Non","Non"
847,4,2,"Non","Non","Oui","Non","Non","Non","Oui","Oui","Oui","Non","Non","Non","Non","Tout à fait","Non","Non","Oui","Non","Non","Non","Oui","Jamais","Jamais","Toujours","Jamais","Oui","Non","Oui","Non","Non","Non","Non","Oui","Oui","Oui","Non","Non","Oui","Non","Non","Non","Non","Non","Non","Non","non","non","oui","oui","non","Oui","Toujours","Non","Non","Non","Non","Non","Non","Non","Oui","Oui","Oui","Non","Non","Non","Non","Non","Non","Non","Oui","Non","Oui","Non","Non","Non","Non","Non","Non","NA","NA","Non","Oui","Non","Non","Non","Non","Non","Non","Non","Non","Non","Oui","Non","Non","Non","Non","Oui","Oui","Non","Non","Non","Non","Non","Non","Plus de dix ans","CNRS","Oui","Non","Non","Non","Non","fonct","Non","Non","Non","Non","Non","Non","Non","Oui","Non","autre","Un homme","Oui","Non","Non","Non","Non","Non","Non","Oui","Non","Oui","Oui","Non","Non","Non","Non","moins","moins","moins","moins","moins","moins","moins","moins","moins","moins","moins","moins","moins","moins","Non","Oui","Non","Non","Non","Oui","Non","Non","Oui","Non","Non","Non","Non","Non","Non","2a5","Oui","Oui","Oui","Non","Non","Non","Non","Non","Non","Non","Non","MacOS","Oui","Oui","Non","Non","Non","Oui","Non","Non","Non","Non","Oui","Oui","Oui","Non","Non","Non","Non","Non","Non","Non","Non","Oui","Non","Non","Non","Non","Non","Non","Non","Non","Non"
855,3,2,"Non","Non","Non","Oui","Non","Non","Non","Oui","Oui","Non","Non","Non","Non","Assez","Oui","Non","Oui","Oui","Non","Non","Oui","Souvent","NA","Parfois","NA","Non","Non","Non","Non","Oui","Non","Oui","Non","Oui","Non","Non","Non","Oui","Oui","Non","Non","Non","Non","Non","Non","oui","non","non","oui","non","Je ne sais pas","Parfois","Oui","Oui","Oui","Oui","Oui","Oui","Oui","Non","Non","Oui","Non","Non","Non","Non","Non","Non","Non","Non","Non","Oui","Oui","Non","Non","Non","Non","Oui","NA","NA","Oui","Oui","Non","Non","Oui","Non","Non","Non","Oui","Non","Non","Non","Non","Oui","Oui","Non","Oui","Non","Non","Non","Oui","Oui","Non","Non","Plus de dix ans","CNRS","Oui","Non","Non","Non","Non","fonct","Non","Oui","Non","Non","Non","Non","Non","Non","Non","autre","Une femme","Non","Non","Non","Non","Non","Oui","Non","Non","Oui","Non","Non","Non","Oui","Non","Non","moins","NA","plus","NA","moins","NA","moins","NA","moins","moins","NA","NA","NA","NA","Non","Non","Oui","Non","Oui","Oui","Oui","Non","Oui","Non","Non","Oui","Non","Oui","Non","2a5","Oui","Oui","Non","Non","Non","Non","Non","Non","Non","Non","Non","Windows","Oui","Non","Non","Non","Non","Oui","Non","Oui","Non","Non","Oui","Non","Non","Non","Non","Non","Non","Non","Non","Non","Non","Non","Non","Non","Non","Non","Non","Non","Oui","Non","Non"
884,5,2,"Non","Non","Non","Oui","Oui","Oui","Oui","Oui","Oui","Oui","Oui","Oui","Oui","Tout à fait","Oui","Non","Non","Non","Oui","Non","Non","Parfois","Jamais","Toujours","Toujours","Non","Non","Oui","Non","Non","Non","Non","Non","Non","Non","Non","Non","Oui","Oui","Oui","Non","Non","Oui","Non","Non","non","oui","oui","oui","non","Oui","Jamais","Non","Oui","Oui","Oui","Oui","Oui","Non","Oui","Oui","Oui","Oui","Oui","Non","Non","Non","Oui","Non","Oui","Non","Oui","Oui","Oui","Oui","Oui","Non","Oui","Parfois","insatisfait","Non","Non","Non","Non","Non","Non","Oui","Non","Non","Non","Non","Non","Non","Oui","Oui","Non","Non","Non","Non","Oui","Non","Non","Oui","Non","Cinq à dix ans","autre","Non","Oui","Non","Non","Non","CDD","Non","Non","Non","Non","Non","Oui","Non","Non","Non","autre","Un homme","Oui","Oui","Non","Non","Oui","Oui","Non","Non","Non","Oui","Non","Non","Non","Non","Oui","moins","moins","moins","moins","moins","moins","moins","moins","moins","moins","moins","moins","moins","moins","Non","Oui","Non","Non","Non","Oui","Oui","Non","Oui","Oui","Oui","Oui","Oui","Oui","Oui","2a5","Oui","Oui","Non","Non","Non","Non","Non","Non","Non","Non","Non","MacOS","Oui","Non","Non","Non","Non","Oui","Non","Oui","Non","Non","Oui","Oui","Non","Oui","Non","Non","Non","Non","Non","Non","Non","Oui","Non","Non","Non","Non","Non","Non","Oui","Non","Non"
885,4,2,"Non","Non","Oui","Oui","Non","Non","Oui","Oui","Oui","Non","Oui","Oui","Oui","Tout à fait","Oui","Non","Oui","Oui","Oui","Non","Oui","Parfois","Jamais","Jamais","Jamais","Non","Non","Non","Non","Oui","Non","Oui","Oui","Oui","Non","Non","Non","Non","Non","Non","Non","Non","Non","Non","Non","oui","non","non","non","non","Non applicable","Parfois","Non","Oui","Oui","Oui","Non","Oui","Non","Oui","Non","Non","Non","Non","Non","Non","Non","Non","Non","Non","Non","Oui","Oui","Non","Non","Non","Non","Oui","Jamais","NA","Non","Non","Non","Non","Non","Non","Non","Oui","Non","Non","Non","Non","Non","Non","Non","Oui","Non","Non","Non","Non","Non","Non","Non","Oui","Cinq à dix ans","organisme","Oui","Non","Non","Non","Non","fonct","Non","Oui","Non","Non","Non","Non","Oui","Non","Non","autre","Un homme","Non","Non","Non","Non","Oui","Oui","Oui","Non","Non","Non","Non","Non","Non","Non","Non","moins","NA","NA","moins","moins","moins","moins","moins","moins","moins","moins","NA","NA","NA","Non","Oui","Oui","Non","Oui","Oui","Non","Non","Oui","Non","Oui","Oui","Oui","Oui","Non","2a5","Oui","Oui","Non","Non","Non","Non","Non","Non","Non","Non","Non","Windows","Oui","Non","Oui","Non","Non","Non","Non","Oui","Non","Non","Oui","Non","Non","Non","Non","Non","Oui","Non","Non","Non","Non","Non","Non","Non","Non","Non","Non","Non","Oui","Oui","Non"
891,1,2,"Non","Non","Non","Oui","Non","Oui","Non","Non","Non","Non","Non","Non","Non","Assez","Non","Oui","Oui","Oui","Oui","Non","Non","Souvent","Non applicable","Non applicable","Non applicable","Non","Non","Non","Non","Oui","Non","Non","Non","Non","Oui","Non","Non","Non","Non","Oui","Non","Non","Oui","Non","Non","non","oui","non","non","non","Oui","Parfois","Non","Oui","Oui","Non","Non","Non","Non","Non","Non","Oui","Non","Non","Non","Non","Non","Non","Non","Non","Non","Non","Non","Oui","Oui","Non","Non","Non applicable","NA","NA","Non","Non","Non","Non","Non","Non","Non","Oui","Non","Non","Non","Non","Non","Non","Non","Oui","Non","Non","Non","Non","Non","Non","Non","Oui","Moins de cinq ans","autre","Non","Non","Oui","Non","Non","CDD","Non","Oui","Non","Non","Non","Non","Oui","Non","Non","autre","Un homme","Oui","Non","Non","Non","Oui","Oui","Non","Non","Non","Non","Non","Non","Oui","Non","Non","NA","NA","moins","NA","NA","moins","NA","moins","NA","moins","NA","NA","moins","NA","Non","Oui","Non","Non","Non","Oui","Non","Non","Oui","Non","Non","Oui","Oui","Oui","Non","6a10","Oui","Oui","Oui","Non","Non","Non","Non","Non","Non","Non","Non","LinuxUnix","Non","Non","Non","Non","Non","Non","Non","Oui","Non","Non","Oui","Oui","Non","Non","Non","Non","Non","Non","Non","Oui","Non","Non","Non","Non","Non","Non","Non","Non","Oui","Non","Non"
907,3,2,"Oui","Oui","Non","Oui","Oui","Non","Non","Non","Oui","Non","Non","Non","Non","Tout à fait","Oui","Non","Non","Non","Oui","Oui","Oui","Toujours","Toujours","NA","Jamais","Non","Non","Oui","Oui","Non","Non","Non","Oui","Oui","Non","Non","Non","Non","Non","Non","Non","Non","Non","Non","Non","non","non","non","non","non","Oui","Souvent","Non","Non","Non","Oui","Oui","Non","Non","Oui","Oui","Non","Non","Non","Non","Non","Non","Oui","Non","Non","Non","Oui","Non","Non","Non","Non","Non","Oui","Parfois","insatisfait","Oui","Oui","Non","Oui","Non","Non","Oui","Non","Non","Oui","Non","Oui","Oui","Oui","Oui","Non","Oui","Non","Non","Non","Non","Non","Non","Non","Plus de dix ans","autre","Non","Non","Non","Oui","Oui","fonct","Non","Non","Oui","Non","Non","Non","Non","Non","Non","autre","Une femme","Non","Non","Non","Oui","Non","Non","Non","Non","Oui","Oui","Oui","Oui","Oui","Oui","Oui","moins","moins","moins","plus","moins","moins","NA","plus","moins","moins","moins","plus","moins","moins","Non","Non","Oui","Non","Non","Oui","Non","Oui","Oui","Non","Oui","Non","Non","Oui","Non","2a5","Non","Non","Non","Oui","Oui","Non","Non","Non","Non","Non","Non","Windows","Oui","Non","Non","Non","Non","Non","Non","Non","Non","Non","Non","Non","Non","Non","Non","Non","Non","Non","Non","Non","Oui","Non","Non","Non","Non","Non","Non","Non","Non","Non","Oui"
908,4,2,"Non","Non","Non","Non","Oui","Oui","Non","Oui","Non","Non","Oui","Non","Non","Assez","Oui","Non","Oui","Non","Non","Non","Non","Toujours","Jamais","Jamais","Jamais","Non","Non","Non","Oui","Non","Non","Non","Oui","Non","Non","Non","Non","Non","Non","Oui","Non","Non","Non","Non","Non","oui","oui","oui","oui","non","Je ne sais pas","Parfois","Non","Oui","Non","Non","Non","Non","Non","Oui","Non","Oui","Non","Non","Non","Non","Non","Non","Non","Oui","Non","Oui","Non","Non","Non","Non","Non","Oui","Parfois","NA","Non","Non","Non","Oui","Non","Non","Non","Non","Non","Non","Non","Oui","Non","Non","Non","Non","Oui","Non","Non","Non","Non","Oui","Oui","Non","Plus de dix ans","CNRS","Non","Non","Oui","Non","Oui","fonct","Non","Non","Non","Non","Non","Non","Non","Non","Oui","autre","Une femme","Oui","Non","Non","Non","Oui","Oui","Non","Oui","Non","Non","Oui","Oui","Non","Non","Non","plus","NA","NA","NA","NA","moins","NA","NA","NA","moins","moins","NA","moins","moins","Non","Oui","Non","Non","Non","Oui","Non","Non","Oui","Non","Non","Non","Non","Oui","Oui","2a5","Oui","Oui","Oui","Non","Non","Non","Non","Non","Non","Non","Non","Windows","Oui","Oui","Non","Non","Non","Oui","Non","Non","Non","Non","Non","Oui","Non","Non","Non","Non","Non","Non","Non","Non","Non","Oui","Non","Non","Non","Non","Non","Non","Oui","Non","Non"
918,3,2,"Oui","Oui","Non","Oui","Non","Non","Non","Non","Oui","Non","Non","Non","Non","Peu","Oui","Non","Non","Oui","Oui","Oui","Oui","NA","NA","Souvent","Parfois","Oui","Non","Non","Non","Non","Non","Oui","Oui","Oui","Non","Non","Non","Oui","Non","Non","Non","Non","Non","Non","Non","oui","oui","non","non","oui","Je ne sais pas","Parfois","Non","Non","Oui","Oui","Non","Non","Oui","Non","Oui","Non","Oui","Non","Non","Non","Non","Non","Non","Non","Oui","Oui","Oui","Non","Oui","Non","Non","Oui","Souvent","plutotsat","Oui","Non","Non","Non","Non","Non","Non","Non","Oui","Oui","Non","Non","Oui","Non","Oui","Non","Oui","Non","Oui","Non","Oui","Oui","Non","Non","Plus de dix ans","Université","Oui","Non","Non","Non","Non","fonct","Non","Non","Oui","Non","Non","Non","Non","Non","Non","autre","Un homme","Non","Non","Non","Oui","Oui","Oui","Non","Non","Non","Non","Non","Non","Non","Non","Oui","NA","moins","moins","NA","NA","plus","NA","NA","NA","moins","moins","NA","NA","moins","Non","Non","Oui","Non","Non","Oui","Oui","Oui","Non","Non","Non","Non","Non","Oui","Oui","2a5","Oui","Oui","Non","Oui","Oui","Non","Non","Non","Non","Non","Non","LinuxUnix","Oui","Non","Oui","Non","Non","Oui","Non","Non","Non","Non","Oui","Non","Oui","Non","Non","Non","Oui","Non","Oui","Non","Non","Non","Non","Non","Oui","Non","Oui","Oui","Oui","Non","Non"
924,4,2,"Non","Non","Non","Non","Non","Oui","Non","Oui","Oui","Non","Oui","Oui","Non","Assez","Non","Non","Oui","Non","Oui","Non","Non","Parfois","Jamais","Jamais","Jamais","Non","Non","Non","Non","Oui","Non","Oui","Oui","Oui","Non","Non","Non","Non","Non","Non","Non","Non","Non","Non","Non","non","non","non","oui","non","Non","Parfois","Non","Non","Oui","Non","Non","Non","Non","Oui","Non","Non","Oui","Non","Non","Non","Non","Non","Non","Non","Non","Oui","Oui","Oui","Non","Non","Non","Oui","Parfois","insatisfait","Non","Oui","Non","Non","Non","Non","Non","Oui","Non","Non","Oui","Non","Non","Non","Oui","Non","Oui","Non","Non","Non","Non","Non","Non","Non","Plus de dix ans","Université","Oui","Non","Non","Non","Non","fonct","Non","Non","Non","Non","Non","Non","Oui","Non","Non","autre","Un homme","Non","Non","Oui","Non","Oui","Oui","Non","Non","Non","Non","Non","Non","Non","Oui","Non","NA","NA","NA","NA","NA","moins","moins","moins","NA","NA","moins","NA","NA","NA","Non","Non","Oui","Non","Non","Non","Non","Non","Oui","Non","Non","Non","Non","Non","Non","2a5","Oui","Oui","Non","Non","Non","Non","Non","Non","Non","Non","Non","MacOS","Oui","Non","Non","Non","Non","Non","Non","Oui","Non","Non","Oui","Non","Non","Non","Non","Non","Non","Non","Non","Non","Non","Non","Non","Non","Non","Non","Non","Non","Oui","Non","Non"
931,4,2,"Non","Non","Non","Non","Non","Non","Non","Oui","Oui","Non","Oui","Non","Non","Tout à fait","Oui","Non","Oui","Oui","Oui","Non","Non","Souvent","Jamais","Jamais","Jamais","Non","Non","Non","Non","Non","Oui","Oui","Oui","Oui","Non","Non","Non","Non","Non","Oui","Non","Non","Non","Non","Non","non","oui","non","non","non","Oui","Parfois","Non","Oui","Oui","Non","Oui","Non","Non","Oui","Oui","Oui","Non","Non","Non","Non","Non","Non","Non","Non","Non","Oui","Non","Non","Non","Non","Non","Non","NA","NA","Non","Oui","Non","Non","Non","Non","Non","Non","Non","Oui","Non","Non","Non","Non","Non","Non","Oui","Non","Non","Non","Non","Non","Non","Non","Plus de dix ans","CNRS","Non","Non","Oui","Non","Oui","fonct","Non","Non","Non","Non","Non","Oui","Non","Non","Non","autre","Un homme","Non","Oui","Non","Non","Oui","Oui","Oui","Non","Oui","Oui","Non","Oui","Oui","Oui","Non","NA","NA","NA","NA","NA","NA","NA","NA","NA","NA","NA","NA","NA","NA","Oui","Non","Non","Non","Non","Non","Non","Non","Oui","Non","Non","Oui","Oui","Oui","Non","2a5","Oui","Non","Non","Non","Non","Non","Non","Non","Non","Non","Non","LinuxUnix","Non","Non","Non","Non","Non","Non","Non","Oui","Non","Non","Oui","Non","Non","Non","Oui","Non","Non","Non","Non","Oui","Non","Non","Non","Non","Non","Non","Non","Non","Oui","Non","Non"
942,4,2,"Non","Non","Non","Non","Non","Oui","Non","Non","Non","Non","Oui","Non","Non","Tout à fait","Non","Oui","Oui","Oui","Non","Non","Non","Parfois","Jamais","Jamais","Jamais","Non","Non","Non","Non","Oui","Non","Oui","Non","Oui","Non","Non","Non","Non","Non","Non","Non","Non","Non","Non","Non","non","non","oui","oui","non","Non","Parfois","Non","Oui","Oui","Non","Non","Non","Non","Oui","Oui","Oui","Non","Non","Non","Non","Non","Non","Non","Non","Non","Oui","Non","Non","Non","Non","Non","Oui","Parfois","plutotsat","Oui","Oui","Non","Non","Non","Non","Non","Non","Non","Non","Non","Non","Non","Non","Non","Oui","Non","Non","Oui","Non","Non","Non","Non","Non","Plus de dix ans","CNRS","Oui","Non","Non","Non","Non","fonct","Non","Non","Non","Non","Non","Non","Oui","Non","Oui","autre","Un homme","Oui","Non","Non","Oui","Oui","Oui","Oui","Oui","Non","Non","Non","Non","Non","Non","Non","moins","moins","moins","moins","moins","moins","moins","moins","moins","moins","moins","NA","NA","NA","Non","Oui","Oui","Oui","Oui","Oui","Non","Oui","Oui","Non","Non","Oui","Oui","Oui","Oui","2a5","Oui","Oui","Oui","Non","Non","Non","Non","Non","Non","Non","Oui","MacOS","Oui","Non","Non","Non","Non","Oui","Non","Oui","Non","Non","Oui","Non","Non","Non","Non","Non","Non","Non","Non","Non","Non","Non","Non","Non","Non","Non","Non","Non","Oui","Non","Non"
944,2,2,"Non","Oui","Non","Oui","Oui","Non","Non","Non","Non","Non","Non","Non","Non","Pas du tout","Oui","Non","Non","Non","Non","Non","Non","Jamais","Jamais","Jamais","Jamais","Non","Non","Non","Non","Oui","Non","Non","Non","Non","Non","Non","Non","Non","Non","Non","Non","Non","Non","Non","Oui","non","non","oui","non","oui","Je ne sais pas","Jamais","Oui","Non","Non","Non","Non","Non","Non","Non","Oui","Non","Non","Non","Non","Non","Non","Non","Non","Non","Non","Oui","Non","Non","Non","Non","Non","Oui","Jamais","NA","Non","Oui","Non","Non","Oui","Non","Oui","Non","Oui","Non","Non","Non","Non","Non","Non","Non","Oui","Non","Non","Non","Non","Non","Oui","Non","Plus de dix ans","autre","Oui","Non","Non","Non","Non","fonct","Non","Non","Oui","Non","Non","Non","Non","Non","Non","autre","Un homme","Non","Non","Oui","Non","Non","Non","Non","Non","Non","Oui","Non","Oui","Non","Non","Non","moins","NA","NA","NA","NA","moins","NA","NA","NA","NA","NA","NA","NA","NA","Oui","Non","Non","Non","Non","Non","Non","Non","Non","Non","Non","Non","Non","Non","Oui","6a10","Oui","Non","Non","Non","Non","Non","Non","Non","Non","Non","Non","MacOS","Non","Non","Non","Non","Non","Non","Non","Non","Non","Oui","Non","Oui","Non","Non","Non","Non","Non","Non","Non","Non","Non","Non","Non","Non","Non","Non","Non","Non","Non","Non","Oui"
955,4,2,"Non","Non","Non","Non","Non","Oui","Non","Oui","Non","Oui","Oui","Oui","Non","Tout à fait","Oui","Non","Non","Non","Non","Non","Non","Parfois","Jamais","Jamais","Jamais","Non","Non","Oui","Oui","Non","Non","Non","Oui","Non","Non","Non","Non","Non","Non","Non","Non","Non","Oui","Non","Non","oui","non","non","oui","oui","Oui","Parfois","Non","Oui","Non","Non","Non","Non","Non","Oui","Non","Non","Non","Oui","Non","Non","Non","Non","Non","Non","Non","Non","Non","Oui","Non","Oui","Non","Non","NA","NA","Non","Oui","Non","Non","Non","Non","Non","Non","Non","Oui","Non","Oui","Oui","Non","Non","Non","Non","Oui","Non","Oui","Non","Oui","Non","Non","Plus de dix ans","Université","Oui","Non","Oui","Non","Non","fonct","Non","Oui","Non","Non","Non","Non","Oui","Non","Non","autre","Un homme","Oui","Oui","Non","Non","Oui","Non","Oui","Non","Non","Non","Non","Non","Oui","Oui","Non","moins","NA","NA","moins","moins","plus","plus","moins","plus","moins","moins","NA","moins","NA","Non","Oui","Non","Non","Non","Non","Non","Non","Oui","Oui","Non","Oui","Oui","Non","Non","2a5","Oui","Oui","Oui","Non","Non","Non","Oui","Non","Non","Non","Non","Windows","Non","Non","Non","Non","Non","Non","Non","Oui","Non","Non","Non","Non","Non","Non","Non","Non","Oui","Non","Non","Oui","Non","Non","Non","Non","Non","Non","Oui","Non","Oui","Non","Non"
957,3,2,"Non","Oui","Non","Oui","Oui","Non","Oui","Oui","Oui","Non","Oui","Non","Oui","Tout à fait","Oui","Oui","Oui","Non","Oui","Oui","Oui","Toujours","Souvent","Souvent","NA","Oui","Non","Non","Non","Non","Non","Non","Oui","Oui","Oui","Non","Non","Oui","Non","Oui","Non","Non","Non","Non","Non","non","oui","non","oui","non","Oui","Parfois","Non","Oui","Oui","Oui","Oui","Oui","Oui","Oui","Oui","Non","Non","Non","Non","Non","Non","Non","Non","Non","Non","Oui","Oui","Non","Non","Non","Non","Non","NA","NA","Oui","Oui","Oui","Oui","Oui","Non","Non","Non","Non","Oui","Oui","Oui","Oui","Non","Oui","Non","Oui","Non","Oui","Non","Oui","Oui","Oui","Non","Plus de dix ans","Université","Oui","Non","Non","Non","Non","fonct","Non","Non","Non","Non","Non","Oui","Non","Non","Non","autre","Autre","Oui","Non","Oui","Oui","Oui","Oui","Oui","Oui","Oui","Non","Oui","Oui","Non","Non","Oui","plus","NA","plus","moins","moins","plus","moins","moins","NA","moins","plus","NA","moins","plus","Oui","Oui","Non","Non","Non","Oui","Oui","Non","Oui","Non","Non","Oui","Oui","Oui","Oui","2a5","Oui","Oui","Oui","Non","Non","Non","Non","Non","Non","Non","Non","LinuxUnix","Oui","Non","Non","Non","Non","Oui","Non","Oui","Non","Non","Oui","Oui","Oui","Non","Oui","Oui","Oui","Oui","Oui","Non","Non","Oui","Oui","Non","Oui","Non","Non","Non","Non","Non","Non"
965,4,2,"Non","Non","Oui","Non","Non","Oui","Non","Non","Non","Non","Non","Oui","Non","Assez","Non","Non","Non","Oui","Non","Non","Oui","Toujours","Jamais","Jamais","Jamais","Non","Non","Non","Non","Oui","Non","Non","Oui","Non","Non","Non","Non","Non","Non","Non","Non","Non","Non","Non","Non","non","oui","oui","oui","non","Non","Parfois","Non","Oui","Non","Non","Non","Non","Non","Oui","Oui","Non","Non","Non","Non","Non","Non","Non","Non","Oui","Non","Oui","Non","Non","Non","Non","Non","Non","NA","NA","Non","Oui","Non","Non","Non","Non","Non","Oui","Non","Non","Non","Non","Non","Non","Non","Oui","Non","Non","Non","Non","Non","Non","Non","Oui","Plus de dix ans","CNRS","Oui","Non","Non","Non","Non","fonct","Non","Non","Non","Non","Oui","Non","Non","Oui","Oui","autre","Un homme","Oui","Non","Non","Non","Oui","Oui","Non","Oui","Non","Oui","Non","Oui","Non","Non","Non","moins","moins","moins","NA","NA","moins","moins","moins","NA","NA","moins","NA","moins","moins","Oui","Oui","Non","Non","Non","Oui","Non","Non","Oui","Non","Non","Oui","Non","Oui","Non","2a5","Oui","Oui","Oui","Non","Non","Non","Non","Non","Non","Non","Non","MacOS","Oui","Oui","Non","Non","Non","Non","Non","Oui","Non","Non","Oui","Oui","Oui","Non","Non","Non","Non","Oui","Non","Non","Non","Non","Non","Non","Non","Non","Non","Non","Oui","Oui","Non"
968,4,2,"Non","Non","Oui","Non","Non","Oui","Oui","Oui","Oui","Non","Oui","Oui","Non","Assez","Non","Oui","Oui","Non","Oui","Non","Non","Jamais","Jamais","Jamais","Jamais","Non","Non","Non","Non","Oui","Non","Non","Non","Non","Non","Non","Non","Non","Non","Non","Non","Non","Non","Non","Oui","oui","non","non","non","non","Non","Parfois","Non","Oui","Oui","Non","Oui","Non","Non","Oui","Oui","Non","Non","Non","Non","Non","Non","Non","Non","Non","Non","Oui","Non","Oui","Non","Non","Non","Oui","Parfois","plutotsat","Non","Non","Non","Non","Non","Non","Non","Oui","Non","Oui","Non","Non","Non","Non","Non","Non","Oui","Non","Non","Non","Oui","Oui","Non","Non","Plus de dix ans","organisme","Oui","Non","Non","Non","Non","fonct","Non","Oui","Non","Oui","Non","Non","Non","Non","Non","autre","Un homme","Non","Non","Non","Non","Oui","Oui","Non","Non","Non","Non","Non","Oui","Non","Oui","Non","moins","NA","NA","moins","moins","moins","moins","moins","NA","moins","moins","NA","NA","NA","Oui","Oui","Non","Non","Non","Non","Non","Non","Oui","Non","Non","Oui","Oui","Oui","Non","2a5","Oui","Oui","Non","Non","Non","Non","Non","Non","Non","Non","Non","LinuxUnix","Oui","Non","Non","Non","Non","Non","Oui","Oui","Non","Non","Oui","Oui","Non","Non","Non","Non","Non","Non","Non","Non","Non","Non","Oui","Non","Non","Oui","Non","Oui","Oui","Oui","Non"
974,4,2,"Non","Non","Non","Non","Non","Oui","Non","Oui","Oui","Non","Oui","Non","Non","Assez","Oui","Non","Oui","Non","Non","Non","Oui","Souvent","Parfois","Jamais","Parfois","Non","Non","Oui","Oui","Non","Non","Oui","Oui","Oui","Oui","Non","Non","Non","Non","Non","Oui","Non","Oui","Non","Non","oui","non","oui","oui","oui","Oui","Parfois","Non","Oui","Oui","Oui","Non","Non","Non","Non","Oui","Oui","Non","Non","Non","Non","Non","Non","Non","Oui","Non","Oui","Non","Non","Non","Non","Non","Oui","Parfois","plutotsat","Oui","Oui","Oui","Non","Non","Non","Non","Non","Non","Non","Non","Oui","Oui","Oui","Non","Non","Non","Non","Oui","Non","Non","Non","Non","Non","Plus de dix ans","CNRS","Oui","Non","Non","Non","Non","fonct","Non","Non","Non","Non","Non","Non","Non","Non","Oui","autre","Un homme","Oui","Non","Non","Non","Oui","Non","Oui","Oui","Non","Oui","Non","Non","Oui","Non","Oui","moins","moins","moins","moins","moins","moins","moins","moins","moins","moins","moins","moins","moins","moins","Non","Oui","Non","Non","Oui","Non","Non","Non","Oui","Oui","Non","Oui","Oui","Oui","Oui","6a10","Oui","Oui","Oui","Non","Non","Non","Non","Non","Non","Non","Non","LinuxUnix","Non","Non","Non","Non","Non","Non","Non","Oui","Non","Non","Oui","Non","Non","Oui","Non","Non","Non","Non","Oui","Non","Non","Non","Non","Non","Oui","Non","Non","Non","Oui","Non","Non"
978,4,2,"Non","Non","Non","Non","Non","Non","Non","Non","Non","Non","Oui","Oui","Non","Assez","Non","Oui","Oui","Oui","Non","Non","Oui","Parfois","Jamais","Jamais","Jamais","Oui","Non","Oui","Non","Non","Non","Oui","Non","Oui","Non","Non","Non","Non","Non","Non","Non","Non","Non","Non","Non","oui","oui","non","oui","non","Oui","Jamais","Non","Non","Non","Non","Oui","Non","Oui","Non","Non","Non","Non","Non","Oui","Non","Non","Non","Non","Non","Non","Oui","Oui","Non","Non","Oui","Non","Oui","Jamais","NA","Non","Non","Non","Non","Non","Non","Non","Oui","Non","Oui","Non","Non","Oui","Non","Non","Non","Oui","Non","Oui","Oui","Non","Non","Non","Non","Plus de dix ans","Université","Oui","Non","Non","Non","Non","fonct","Oui","Non","Non","Non","Non","Non","Non","Non","Non","autre","Une femme","Oui","Non","Non","Non","Non","Oui","Non","Oui","Non","Oui","Non","Non","Non","Non","Non","moins","moins","moins","moins","moins","moins","moins","moins","moins","moins","moins","moins","moins","moins","Oui","Non","Non","Non","Non","Non","Non","Non","Oui","Non","Non","Oui","Non","Oui","Non","2a5","Oui","Non","Non","Non","Non","Non","Non","Non","Non","Non","Non","Windows","Oui","Non","Non","Non","Oui","Oui","Non","Non","Non","Non","Non","Oui","Oui","Non","Non","Non","Non","Non","Oui","Non","Non","Non","Oui","Non","Oui","Non","Non","Non","Oui","Non","Non"
984,4,2,"Non","Oui","Non","Non","Non","Non","Non","Oui","Oui","Non","Oui","Oui","Non","Assez","Oui","Oui","Oui","Oui","Oui","Non","Oui","Parfois","Parfois","Parfois","Parfois","Non","Non","Non","Non","Oui","Non","Non","Oui","Oui","Non","Oui","Non","Oui","Oui","Oui","Non","Non","Non","Non","Non","oui","non","non","non","non","Oui","Parfois","Non","Oui","Oui","Oui","Oui","Non","Oui","Non","Non","Oui","Non","Non","Non","Non","Non","Non","Non","Non","Non","Oui","Non","Non","Non","Non","Non","Oui","Jamais","NA","Non","Oui","Non","Non","Non","Non","Non","Non","Non","Non","Non","Non","Non","Non","Non","Oui","Non","Non","Oui","Non","Oui","Non","Oui","Non","Plus de dix ans","école","Non","Non","Oui","Non","Non","fonct","Oui","Non","Non","Non","Non","Non","Non","Non","Non","autre","Une femme","Non","Non","Oui","Non","Oui","Oui","Oui","Non","Non","Oui","Oui","Non","Non","Non","Oui","moins","NA","moins","moins","moins","moins","NA","moins","moins","moins","moins","moins","moins","NA","Oui","Non","Oui","Non","Non","Oui","Non","Non","Oui","Non","Non","Non","Non","Oui","Non","2a5","Oui","Non","Oui","Non","Non","Non","Non","Non","Non","Non","Non","Windows","Oui","Non","Non","Non","Oui","Non","Non","Oui","Non","Non","Non","Oui","Non","Non","Non","Non","Oui","Non","Non","Non","Non","Oui","Non","Oui","Non","Non","Non","Oui","Oui","Non","Non"
995,4,2,"Non","Non","Non","Non","Non","Non","Oui","Oui","Non","Non","Oui","Non","Non","Peu","Non","Oui","Non","Non","Oui","Non","Oui","Parfois","Parfois","Parfois","Parfois","Oui","Non","Non","Non","Oui","Non","Non","Non","Non","Non","Non","Oui","Non","Non","Oui","Non","Non","Non","Non","Non","oui","oui","non","oui","non","Oui","Parfois","Non","Oui","Oui","Non","Non","Non","Non","Oui","Oui","Non","Non","Non","Non","Non","Non","Non","Non","Non","Non","Oui","Non","Non","Non","Non","Non","Oui","Jamais","nini","Non","Oui","Non","Oui","Non","Non","Non","Non","Non","Non","Non","Oui","Oui","Oui","Non","Non","Non","Non","Oui","Non","Oui","Non","Oui","Non","Plus de dix ans","autre","Oui","Non","Non","Non","Non","fonct","Non","Oui","Non","Oui","Non","Non","Non","Non","Non","autre","Une femme","Non","Non","Non","Non","Oui","Oui","Non","Non","Non","Non","Non","Oui","Non","Non","Non","NA","NA","NA","moins","NA","plus","moins","moins","NA","moins","moins","moins","NA","NA","Non","Non","Non","Non","Oui","Non","Oui","Non","Non","Non","Non","Oui","Non","Non","Non","2a5","Oui","Oui","Non","Non","Non","Non","Non","Non","Non","Non","Non","Windows","Non","Non","Non","Non","Non","Non","Non","Oui","Non","Non","Non","Oui","Non","Non","Non","Non","Oui","Non","Non","Non","Non","Non","Non","Non","Non","Non","Non","Non","Oui","Non","Non"
996,4,2,"Oui","Oui","Oui","Oui","Non","Non","Oui","Oui","Oui","Non","Oui","Oui","Non","Tout à fait","Oui","Oui","Oui","Non","Non","Non","Non","Toujours","Souvent","Parfois","Jamais","Oui","Non","Non","Oui","Non","Non","Oui","Oui","Oui","Oui","Non","Oui","Non","Non","Oui","Non","Non","Non","Non","Non","oui","oui","non","oui","non","Oui","Parfois","Non","Non","Non","Oui","Oui","Non","Non","Oui","Non","Non","Oui","Non","Non","Non","Non","Non","Non","Oui","Oui","Oui","Non","Non","Non","Non","Non","Oui","Souvent","plutotsat","Oui","Oui","Non","Non","Non","Non","Non","Non","Oui","Non","Non","Non","Oui","Non","Non","Non","Oui","Non","Non","Non","Non","Oui","Oui","Non","Plus de dix ans","école","Non","Non","Oui","Non","Non","fonct","Non","Non","Non","Non","Non","Oui","Non","Oui","Non","autre","Un homme","Oui","Non","Non","Non","Oui","Oui","Oui","Non","Non","Non","Oui","Oui","Non","Non","Oui","moins","NA","moins","moins","moins","moins","NA","moins","moins","moins","NA","moins","moins","NA","Oui","Oui","Non","Non","Non","Non","Non","Non","Oui","Non","Oui","Non","Non","Non","Oui","11plus","Oui","Oui","Oui","Oui","Non","Non","Oui","Non","Non","Oui","Oui","Windows","Oui","Non","Non","Non","Oui","Non","Non","Oui","Non","Non","Non","Oui","Oui","Non","Non","Non","Oui","Non","Non","Non","Non","Oui","Oui","Non","Non","Non","Non","Oui","Non","Oui","Non"
1002,3,2,"Oui","Oui","Non","Oui","Non","Non","Non","Non","Non","Non","Non","Non","Non","Pas du tout","Non","Non","Non","Oui","Oui","Non","Oui","Parfois","Jamais","Parfois","Parfois","Non","Non","Non","Non","Oui","Non","Non","Oui","Oui","Non","Non","Non","Non","Oui","Oui","Non","Non","Non","Non","Non","non","oui","oui","non","oui","Je ne sais pas","Parfois","Non","Non","Non","Non","Oui","Oui","Oui","Non","Oui","Non","Non","Non","Non","Oui","Non","Non","Non","Non","Non","Oui","Non","Non","Non","Non","Non","Oui","Jamais","nini","Non","Oui","Non","Oui","Oui","Non","Non","Non","Non","Non","Non","Oui","Non","Oui","Oui","Non","Oui","Oui","Non","Non","Non","Non","Non","Non","Cinq à dix ans","autre","Non","Oui","Non","Non","Non","autre","Non","Non","Oui","Non","Non","Non","Non","Non","Non","autre","Autre","Non","Non","Non","Oui","Non","Oui","Non","Non","Non","Non","Non","Oui","Non","Non","Non","plus","moins","plus","moins","NA","plus","NA","moins","moins","moins","plus","moins","moins","NA","Non","Non","Oui","Oui","Non","Oui","Non","Oui","Non","Non","Non","Non","Non","Oui","Oui","2a5","Oui","Oui","Non","Non","Non","Non","Non","Non","Non","Non","Non","Windows","Non","Non","Non","Non","Non","Non","Non","Non","Non","Oui","Non","Non","Non","Non","Non","Non","Non","Non","Non","Non","Oui","Non","Non","Non","Non","Non","Non","Non","Non","Non","Oui"
1009,3,2,"Non","Oui","Oui","Non","Non","Non","Oui","Non","Non","Non","Non","Non","Non","Assez","Non","Non","Oui","Oui","Oui","Non","Oui","Parfois","Jamais","Jamais","Jamais","Non","Non","Non","Oui","Non","Non","Non","Non","Oui","Non","Oui","Non","Non","Non","Non","Non","Non","Non","Non","Non","non","non","oui","oui","oui","Oui","Souvent","Oui","Non","Non","Oui","Oui","Oui","Oui","Non","Oui","Non","Non","Non","Non","Non","Non","Non","Non","Non","Non","Non","Oui","Non","Oui","Non","Non","Oui","Toujours","plutotsat","Oui","Non","Non","Non","Oui","Non","Non","Non","Non","Oui","Non","Non","Oui","Non","Oui","Non","Oui","Oui","Oui","Oui","Non","Non","Oui","Non","Cinq à dix ans","autre","Non","Non","Non","Non","Non","autre","Non","Non","Oui","Non","Oui","Oui","Non","Non","Non","autre","Un homme","Oui","Oui","Oui","Oui","Non","Oui","Non","Non","Non","Oui","Oui","Oui","Non","Non","Non","moins","NA","moins","NA","moins","moins","NA","moins","NA","moins","moins","moins","moins","moins","Oui","Oui","Oui","Non","Oui","Oui","Oui","Non","Oui","Non","Non","Non","Non","Oui","Oui","2a5","Oui","Non","Non","Non","Oui","Non","Non","Oui","Non","Non","Non","Windows","Non","Non","Non","Non","Non","Non","Non","Non","Non","Non","Non","Non","Non","Non","Non","Non","Non","Non","Non","Non","Oui","Non","Non","Non","Non","Non","Non","Non","Non","Non","Oui"
1018,4,2,"Non","Oui","Non","Oui","Non","Non","Non","Non","Non","Non","Non","Non","Non","Assez","Non","Non","Oui","Non","Non","Non","Non","Jamais","Jamais","Jamais","Jamais","Non","Non","Oui","Non","Non","Non","Oui","Oui","Oui","Non","Non","Non","Non","Non","Non","Non","Non","Non","Non","Non","non","oui","oui","non","non","Oui","Souvent","Non","Non","Oui","Non","Oui","Non","Non","Oui","Oui","Non","Non","Non","Non","Non","Non","Non","Non","Oui","Non","Oui","Non","Non","Non","Non","Non","Non","NA","NA","Non","Non","Non","Non","Non","Non","Non","Oui","Non","Non","Non","Oui","Non","Non","Oui","Non","Oui","Non","Non","Non","Non","Non","Non","Non","Moins de cinq ans","autre","Oui","Non","Non","Non","Non","fonct","Non","Non","Non","Non","Non","Non","Non","Non","Oui","autre","Une femme","Oui","Non","Non","Oui","Non","Oui","Oui","Oui","Non","Non","Non","Oui","Non","Non","Non","moins","moins","NA","moins","moins","moins","NA","moins","NA","NA","NA","NA","moins","NA","Non","Oui","Non","Non","Non","Oui","Oui","Oui","Oui","Oui","Non","Non","Oui","Oui","Oui","2a5","Oui","Non","Non","Non","Non","Non","Non","Non","Non","Non","Non","Windows","Oui","Non","Non","Non","Non","Non","Non","Non","Non","Non","Non","Oui","Non","Non","Non","Non","Non","Non","Non","Non","Non","Oui","Non","Oui","Non","Non","Non","Non","Non","Non","Non"
1020,4,2,"Non","Oui","Oui","Non","Oui","Oui","Oui","Oui","Oui","Non","Oui","Non","Non","Tout à fait","Oui","Non","Oui","Oui","Non","Non","Oui","Souvent","Parfois","Jamais","Jamais","Non","Non","Non","Non","Oui","Non","Non","Oui","Non","Oui","Non","Non","Non","Non","Non","Non","Non","Non","Non","Non","oui","oui","non","non","non","Oui","Parfois","Non","Non","Non","Non","Oui","Non","Non","Oui","Oui","Non","Oui","Non","Non","Non","Non","Oui","Non","Non","Non","Oui","Oui","Non","Non","Non","Non","Oui","Parfois","plutotsat","Non","Non","Oui","Non","Non","Oui","Non","Non","Oui","Oui","Non","Oui","Oui","Non","Non","Non","Oui","Non","Oui","Non","Non","Oui","Non","Non","Plus de dix ans","Université","Oui","Non","Non","Non","Non","fonct","Non","Non","Non","Non","Non","Non","Non","Non","Oui","autre","Une femme","Oui","Non","Non","Non","Oui","Oui","Oui","Oui","Non","Non","Oui","Oui","Non","Non","Non","moins","NA","NA","NA","NA","moins","moins","NA","NA","moins","moins","NA","NA","moins","Non","Oui","Non","Non","Non","Oui","Non","Non","Oui","Non","Non","Non","Oui","Oui","Oui","2a5","Oui","Oui","Oui","Non","Non","Non","Non","Non","Oui","Oui","Non","Windows","Oui","Oui","Non","Oui","Non","Oui","Non","Non","Non","Non","Oui","Oui","Oui","Non","Non","Oui","Oui","Oui","Oui","Non","Non","Oui","Oui","Oui","Oui","Non","Oui","Non","Non","Non","Non"
1028,4,2,"Non","Non","Oui","Non","Oui","Oui","Non","Non","Oui","Non","Non","Non","Non","Tout à fait","Oui","Non","Oui","Oui","Non","Non","Oui","Parfois","Parfois","Parfois","Parfois","Oui","Non","Non","Oui","Non","Non","Non","Oui","Oui","Oui","Non","Non","Non","Non","Non","Non","Non","Non","Non","Non","oui","non","non","non","oui","Je ne sais pas","Je ne sais pas","Non","Non","Non","Non","Oui","Oui","Non","Oui","Non","Non","Oui","Non","Non","Non","Non","Non","Non","Oui","Non","Oui","Non","Non","Non","Non","Non","Non","NA","NA","Oui","Oui","Non","Non","Non","Non","Non","Non","Non","Non","Non","Oui","Non","Non","Oui","Non","Oui","Oui","Oui","Oui","Oui","Oui","Non","Non","Plus de dix ans","autre","Non","Non","Oui","Non","Non","fonct","Non","Non","Non","Non","Non","Non","Non","Non","Oui","autre","Une femme","Oui","Non","Non","Non","Non","Oui","Oui","Non","Non","Non","Oui","Non","Non","Non","Oui","plus","moins","moins","NA","NA","moins","NA","moins","NA","moins","NA","moins","NA","moins","Non","Oui","Oui","Oui","Non","Oui","Oui","Oui","Non","Non","Non","Non","Oui","Oui","Oui","2a5","Oui","Oui","Oui","Non","Non","Non","Non","Non","Non","Non","Oui","Windows","Oui","Oui","Non","Non","Non","Non","Non","Non","Non","Non","Non","Oui","Non","Non","Non","Non","Oui","Non","Non","Non","Non","Non","Non","Non","Non","Non","Non","Non","Oui","Non","Non"
1041,5,2,"Oui","Oui","Non","Oui","Non","Non","Non","Oui","Oui","Non","Oui","Oui","Non","Assez","Oui","Non","Oui","Non","Oui","Non","Oui","Souvent","Souvent","Souvent","Souvent","Non","Non","Oui","Non","Non","Non","Non","Non","Non","Oui","Oui","Non","Oui","Oui","Oui","Oui","Oui","Oui","Non","Non","oui","non","non","oui","oui","Je ne sais pas","Parfois","Oui","Oui","Oui","Oui","Oui","Oui","Non","Non","Non","Non","Oui","Oui","Oui","Oui","Oui","Non","Non","Oui","Oui","Oui","Oui","Oui","Non","Oui","Non","Oui","Toujours","tressat","Non","Oui","Non","Oui","Non","Oui","Non","Non","Non","Oui","Oui","Non","Oui","Non","Non","Non","Oui","Non","Non","Non","Oui","Oui","Non","Non","Cinq à dix ans","Université","Non","Non","Non","Non","Oui","CDD","Non","Non","Oui","Non","Non","Non","Non","Non","Non","autre","Une femme","Non","Non","Oui","Oui","Oui","Oui","Oui","Non","Oui","Oui","Oui","Non","Oui","Non","Oui","moins","moins","moins","moins","moins","moins","NA","moins","moins","moins","NA","NA","moins","moins","Non","Non","Oui","Oui","Oui","Oui","Oui","Oui","Oui","Non","Oui","Non","Non","Oui","Oui","2a5","Oui","Oui","Oui","Non","Oui","Non","Non","Non","Non","Non","Non","MacOS","Oui","Non","Oui","Oui","Non","Oui","Non","Oui","Non","Non","Oui","Oui","Oui","Non","Non","Oui","Oui","Non","Oui","Non","Non","Non","Non","Oui","Non","Oui","Non","Non","Oui","Non","Non"
1049,1,2,"Oui","Oui","Non","Oui","Non","Non","Non","Non","Oui","Non","Non","Non","Non","Peu","Oui","Non","Oui","Oui","Oui","Oui","Oui","NA","NA","Toujours","NA","Non","Non","Non","Non","Non","Oui","Non","Non","Non","Non","Non","Non","Oui","Non","Non","Non","Non","Non","Non","Non","oui","non","oui","non","oui","Oui","Souvent","Non","Non","Non","Non","Non","Oui","Non","Oui","Oui","Non","Non","Non","Oui","Non","Non","Non","Non","Non","Oui","Oui","Non","Non","Non","Non","Oui","Non applicable","NA","NA","Non","Non","Non","Non","Non","Non","Non","Oui","Non","Non","Non","Non","Non","Non","Non","Oui","Non","Non","Non","Non","Non","Non","Non","Oui","Plus de dix ans","Université","Oui","Non","Non","Non","Non","CDI","Non","Non","Oui","Non","Non","Non","Non","Non","Non","autre","Un homme","Non","Non","Non","Non","Non","Oui","Non","Non","Non","Non","Non","Oui","Non","Non","Oui","moins","moins","moins","NA","NA","moins","NA","NA","NA","moins","NA","NA","NA","NA","Non","Non","Oui","Oui","Non","Oui","Oui","Oui","Oui","Non","Non","Non","Non","Non","Non","2a5","Oui","Non","Oui","Non","Non","Non","Non","Non","Non","Non","Non","Windows","Oui","Non","Non","Non","Non","Oui","Non","Non","Non","Non","Oui","Oui","Non","Non","Non","Non","Non","Non","Non","Non","Non","Oui","Non","Non","Non","Non","Non","Non","Oui","Non","Non"
1050,4,2,"Non","Non","Oui","Non","Non","Oui","Non","Non","Non","Non","Oui","Non","Non","Tout à fait","Oui","Oui","Oui","Non","Non","Non","Oui","Souvent","Jamais","Jamais","Jamais","Non","Non","Oui","Oui","Non","Non","Oui","Non","Oui","Oui","Non","Non","Non","Non","Oui","Non","Non","Non","Non","Non","non","non","non","non","non","Oui","Jamais","Non","Oui","Non","Non","Oui","Non","Oui","Non","Oui","Non","Non","Non","Non","Non","Non","Non","Non","Non","Non","Oui","Non","Non","Non","Non","Non","Non","NA","NA","Non","Non","Non","Non","Non","Non","Non","Oui","Non","Non","Oui","Non","Non","Non","Oui","Non","Oui","Non","Oui","Non","Non","Oui","Non","Non","Cinq à dix ans","CNRS","Non","Oui","Non","Non","Non","CDD","Non","Non","Non","Non","Non","Non","Oui","Non","Oui","autre","Un homme","Oui","Non","Non","Oui","Oui","Oui","Non","Oui","Non","Oui","Non","Non","Non","Non","Oui","moins","NA","NA","NA","NA","moins","NA","moins","moins","moins","moins","NA","NA","moins","Non","Oui","Non","Non","Non","Oui","Non","Non","Oui","Non","Non","Non","Oui","Oui","Oui","6a10","Oui","Oui","Oui","Non","Non","Non","Non","Non","Non","Non","Non","Windows","Oui","Oui","Non","Non","Non","Non","Non","Non","Non","Non","Oui","Oui","Oui","Non","Non","Non","Non","Non","Non","Non","Non","Oui","Oui","Non","Oui","Non","Oui","Non","Oui","Non","Non"
1059,4,2,"Non","Non","Oui","Non","Non","Non","Oui","Oui","Oui","Non","Oui","Oui","Non","Tout à fait","Non","Non","Oui","Oui","Non","Non","Non","Parfois","Parfois","Souvent","NA","Non","Non","Non","Non","Oui","Non","Non","Oui","Non","Non","Non","Non","Oui","Oui","Non","Oui","Non","Oui","Non","Non","oui","oui","non","non","non","Oui","Parfois","Non","Non","Oui","Non","Non","Non","Non","Oui","Non","Non","Non","Non","Non","Non","Non","Oui","Non","Non","Oui","Oui","Non","Oui","Non","Non","Non","Non","NA","NA","Non","Oui","Non","Non","Non","Non","Non","Non","Non","Non","Oui","Non","Oui","Non","Non","Non","Non","Non","Oui","Non","Oui","Non","Non","Non","Cinq à dix ans","autre","Oui","Non","Non","Non","Non","fonct","Non","Non","Non","Oui","Non","Non","Non","Non","Non","autre","Un homme","Non","Non","Non","Non","Oui","Oui","Non","Non","Non","Non","Non","Oui","Non","Oui","Non","NA","NA","NA","moins","NA","plus","plus","moins","NA","NA","NA","NA","NA","NA","Non","Non","Oui","Non","Oui","Oui","Oui","Non","Oui","Non","Non","Non","Oui","Non","Non","2a5","Oui","Non","Non","Non","Non","Non","Non","Non","Non","Non","Non","MacOS","Oui","Non","Non","Non","Non","Oui","Non","Oui","Non","Non","Oui","Non","Oui","Non","Non","Non","Non","Non","Non","Non","Non","Oui","Non","Oui","Non","Non","Non","Non","Oui","Non","Non"
1065,1,2,"Oui","Non","Non","Oui","Oui","Non","Non","Non","Non","Non","Non","Non","Non","Assez","Oui","Non","Oui","Oui","Non","Non","Oui","Toujours","NA","Souvent","NA","Non","Non","Oui","Non","Non","Oui","Non","Non","Non","Non","Non","Non","Oui","Oui","Non","Non","Non","Non","Non","Non","non","non","oui","non","oui","Oui","Parfois","Non","Non","Non","Non","Non","Oui","Oui","Non","Oui","Non","Non","Non","Non","Non","Non","Non","Non","Non","Oui","Oui","Non","Non","Non","Non","Non","Non applicable","NA","NA","Oui","Non","Non","Non","Non","Non","Non","Non","Non","Non","Non","Non","Non","Non","Non","Oui","Oui","Non","Non","Non","Non","Non","Oui","Non","Moins de cinq ans","Université","Non","Non","Non","Non","Non","autre","Non","Non","Oui","Non","Non","Non","Non","Non","Non","autre","Une femme","Non","Non","Non","Non","Non","Oui","Non","Non","Non","Non","Non","Non","Non","Non","Oui","NA","NA","NA","NA","NA","moins","NA","moins","NA","NA","NA","NA","moins","NA","Non","Non","Non","Non","Non","Non","Non","Oui","Oui","Non","Non","Non","Non","Non","Non","6a10","Oui","Non","Non","Non","Non","Non","Non","Non","Non","Non","Oui","MacOS","Non","Non","Non","Non","Non","Non","Non","Non","Non","Oui","Non","Non","Non","Non","Non","Non","Non","Non","Non","Non","Oui","Non","Non","Non","Non","Non","Non","Non","Non","Non","Oui"
1073,1,2,"Oui","Oui","Non","Non","Non","Non","Non","Oui","Non","Non","Oui","Oui","Non","Peu","Oui","Non","Non","Oui","Oui","Non","Oui","Non applicable","Non applicable","Non applicable","Non applicable","Non","Non","Non","Non","Non","Oui","Non","Non","Non","Non","Non","Non","Non","Non","Non","Non","Non","Non","Non","Oui","non","oui","non","oui","oui","Non applicable","Non applicable","Oui","Non","Non","Non","Non","Oui","Non","Non","Non","Non","Non","Non","Non","Non","Non","Non","Oui","Non","Non","Oui","Oui","Non","Oui","Non","Non","Non","NA","NA","Non","Non","Non","Oui","Oui","Oui","Non","Non","Non","Non","Non","Non","Non","Non","Non","Oui","Oui","Non","Non","Non","Oui","Oui","Oui","Non","Plus de dix ans","Université","Non","Non","Non","Oui","Non","fonct","Non","Non","Non","Non","Oui","Non","Non","Non","Non","autre","Autre","Non","Non","Non","Oui","Non","Non","Non","Non","Non","Non","Non","Non","Non","Non","Oui","moins","NA","moins","NA","NA","NA","NA","NA","NA","NA","NA","NA","NA","moins","Non","Non","Oui","Oui","Non","Oui","Non","Oui","Non","Non","Oui","Non","Non","Non","Non","6a10","Oui","Oui","Non","Oui","Oui","Oui","Oui","Non","Non","Non","Non","Windows","Non","Non","Non","Non","Non","Non","Non","Non","Non","Oui","Non","Non","Non","Non","Non","Non","Non","Non","Non","Non","Oui","Non","Non","Oui","Non","Non","Oui","Oui","Oui","Non","Non"
1087,5,2,"Oui","Oui","Non","Oui","Non","Oui","Non","Oui","Oui","Non","Oui","Oui","Non","Tout à fait","Non","Non","Oui","Oui","Oui","Non","Non","Parfois","Parfois","Jamais","Souvent","Non","Non","Oui","Oui","Non","Non","Non","Non","Non","Non","Non","Non","Oui","Non","Non","Non","Oui","Oui","Non","Non","oui","non","non","oui","non","Oui","Souvent","Non","Non","Oui","Oui","Non","Non","Non","Oui","Oui","Non","Non","Non","Oui","Non","Oui","Non","Non","Non","Oui","Oui","Oui","Oui","Oui","Non","Non","Non applicable","NA","NA","Non","Oui","Non","Non","Non","Non","Non","Non","Non","Non","Non","Non","Non","Non","Non","Oui","Non","Non","Oui","Non","Non","Non","Non","Non","Cinq à dix ans","Université","Oui","Non","Non","Non","Non","fonct","Non","Oui","Oui","Non","Non","Non","Non","Non","Non","autre","Un homme","Non","Non","Oui","Oui","Oui","Non","Oui","Non","Oui","Oui","Non","Non","Non","Non","Non","plus","moins","moins","moins","moins","moins","moins","moins","moins","NA","moins","moins","NA","moins","Oui","Non","Oui","Non","Non","Non","Non","Oui","Oui","Non","Oui","Non","Non","Non","Non","11plus","Oui","Oui","Non","Non","Oui","Oui","Non","Non","Non","Non","Non","MacOS","Oui","Non","Oui","Oui","Non","Oui","Oui","Oui","Non","Non","Oui","Non","Oui","Non","Non","Non","Oui","Non","Non","Non","Non","Oui","Non","Non","Non","Oui","Non","Non","Oui","Non","Non"
1092,2,2,"Non","Non","Non","Non","Oui","Non","Non","Oui","Non","Non","Oui","Non","Non","Assez","Non","Non","Non","Oui","Non","Non","Oui","Jamais","Jamais","Jamais","Jamais","Non","Non","Non","Oui","Oui","Non","Non","Non","Non","Non","Non","Non","Non","Non","Non","Non","Non","Non","Non","Oui","oui","non","non","non","non","Non","Parfois","Oui","Non","Non","Non","Oui","Oui","Non","Oui","Non","Non","Non","Non","Non","Oui","Non","Non","Non","Non","Non","Oui","Non","Non","Non","Non","Non","Non","NA","NA","Non","Oui","Non","Non","Oui","Non","Oui","Non","Oui","Non","Non","Non","Non","Oui","Oui","Non","Oui","Oui","Non","Non","Non","Non","Non","Non","Plus de dix ans","autre","Oui","Non","Non","Non","Non","fonct","Oui","Non","Non","Non","Non","Non","Non","Non","Non","autre","Une femme","Non","Non","Oui","Non","Non","Oui","Non","Non","Non","Oui","Non","Oui","Non","Non","Non","plus","NA","moins","NA","NA","moins","NA","NA","moins","moins","moins","NA","NA","NA","Oui","Non","Non","Non","Non","Non","Non","Non","Oui","Non","Non","Non","Non","Oui","Oui","2a5","Oui","Oui","Non","Non","Non","Non","Non","Non","Non","Non","Non","MacOS","Oui","Non","Non","Oui","Oui","Non","Non","Non","Non","Non","Non","Oui","Non","Non","Non","Non","Non","Oui","Oui","Non","Non","Non","Non","Non","Non","Non","Non","Non","Non","Non","Non"
1096,3,2,"Oui","Oui","Non","Non","Non","Oui","Non","Oui","Oui","Non","Oui","Oui","Oui","Peu","Oui","Oui","Oui","Oui","Oui","Non","Oui","Souvent","Souvent","Souvent","Souvent","Oui","Non","Non","Non","Non","Non","Non","Oui","Oui","Non","Non","Oui","Non","Oui","Non","Non","Non","Non","Non","Non","oui","non","non","oui","non","Oui","Parfois","Non","Oui","Oui","Oui","Oui","Oui","Oui","Oui","Oui","Oui","Oui","Non","Non","Non","Non","Non","Non","Non","Oui","Oui","Non","Non","Oui","Non","Non","Non","NA","NA","Oui","Oui","Non","Oui","Oui","Non","Non","Non","Oui","Oui","Oui","Oui","Oui","Oui","Oui","Non","Oui","Oui","Oui","Oui","Oui","Oui","Oui","Non","Moins de cinq ans","Université","Oui","Non","Non","Non","Non","autre","Non","Non","Oui","Non","Non","Non","Non","Non","Non","autre","Un homme","Oui","Non","Oui","Oui","Non","Oui","Oui","Non","Non","Non","Oui","Oui","Non","Non","Oui","plus","moins","moins","moins","moins","plus","NA","moins","moins","moins","moins","moins","moins","moins","Oui","Non","Oui","Oui","Oui","Oui","Oui","Non","Oui","Non","Non","Non","Oui","Oui","Oui","2a5","Oui","Oui","Oui","Non","Oui","Non","Oui","Oui","Oui","Oui","Oui","Windows","Oui","Non","Oui","Non","Non","Oui","Oui","Non","Non","Non","Oui","Oui","Oui","Non","Non","Oui","Oui","Oui","Oui","Oui","Non","Non","Oui","Oui","Oui","Oui","Oui","Non","Oui","Non","Non"
1098,3,2,"Oui","Non","Non","Oui","Non","Non","Non","Non","Oui","Non","Non","Non","Non","Peu","Non","Non","Non","Oui","Non","Non","Oui","Parfois","Parfois","Parfois","Parfois","Oui","Non","Oui","Non","Non","Non","Non","Oui","Oui","Non","Non","Non","Oui","Non","Non","Non","Non","Non","Non","Non","oui","oui","non","non","non","Je ne sais pas","Souvent","Non","Non","Oui","Oui","Non","Oui","Non","Oui","Non","Non","Non","Non","Oui","Non","Non","Non","Non","Non","Oui","Oui","Non","Non","Non","Non","Non","Non","NA","NA","Non","Oui","Oui","Oui","Non","Oui","Non","Non","Non","Non","Oui","Oui","Non","Non","Non","Non","Oui","Non","Oui","Non","Non","Non","Non","Non","Plus de dix ans","Université","Oui","Non","Non","Non","Non","fonct","Oui","Non","Non","Non","Non","Non","Non","Non","Non","autre","Un homme","Non","Non","Non","Oui","Non","Oui","Oui","Non","Non","Non","Non","Oui","Non","Non","Oui","moins","moins","moins","NA","NA","moins","NA","NA","moins","moins","NA","NA","moins","NA","Non","Non","Non","Oui","Non","Oui","Non","Oui","Oui","Non","Non","Non","Non","Non","Non","2a5","Oui","Oui","Oui","Non","Non","Non","Non","Non","Non","Non","Non","Windows","Oui","Non","Non","Non","Non","Non","Non","Non","Non","Non","Oui","Oui","Oui","Oui","Non","Non","Non","Non","Oui","Non","Non","Oui","Oui","Non","Non","Non","Non","Non","Oui","Non","Non"
1107,4,2,"Non","Non","Non","Non","Non","Oui","Non","Non","Non","Non","Oui","Non","Non","Tout à fait","Non","Oui","Oui","Non","Oui","Oui","Oui","Souvent","Toujours","Jamais","Jamais","Non","Non","Non","Non","Oui","Non","Oui","Oui","Oui","Non","Non","Non","Non","Non","Oui","Non","Non","Non","Non","Non","non","oui","non","oui","non","Oui","Souvent","Non","Oui","Oui","Non","Oui","Non","Oui","Non","Oui","Oui","Non","Non","Non","Non","Non","Non","Non","Oui","Non","Oui","Non","Non","Non","Non","Non","Non","NA","NA","Non","Non","Non","Non","Non","Oui","Oui","Non","Non","Non","Oui","Oui","Oui","Oui","Non","Non","Oui","Non","Oui","Non","Non","Oui","Non","Non","Moins de cinq ans","autre","Non","Oui","Non","Non","Non","doct","Non","Non","Non","Non","Non","Oui","Non","Non","Non","autre","Une femme","Oui","Non","Non","Non","Non","Oui","Non","Oui","Non","Non","Non","Oui","Non","Non","Non","plus","NA","NA","NA","NA","moins","NA","NA","NA","NA","moins","NA","NA","NA","Non","Oui","Oui","Non","Non","Oui","Non","Non","Oui","Non","Non","Non","Oui","Oui","Oui","2a5","Oui","Non","Oui","Non","Non","Non","Non","Non","Non","Non","Non","Windows","Oui","Oui","Non","Oui","Non","Oui","Non","Non","Non","Non","Non","Oui","Oui","Non","Non","Non","Non","Non","Oui","Non","Non","Oui","Non","Non","Oui","Non","Non","Non","Oui","Non","Non"
1119,5,2,"Non","Oui","Oui","Oui","Oui","Oui","Oui","Oui","Oui","Non","Oui","Oui","Oui","Tout à fait","Oui","Oui","Oui","Oui","Oui","Oui","Oui","Jamais","Parfois","Jamais","Non applicable","Oui","Oui","Oui","Non","Non","Non","Oui","Non","Oui","Oui","Non","Non","Non","Oui","Non","Non","Oui","Non","Non","Non","oui","non","oui","oui","non","Je ne sais pas","Parfois","Non","Oui","Oui","Oui","Oui","Oui","Non","Non","Non","Oui","Oui","Non","Non","Non","Non","Non","Non","Non","Non","Oui","Non","Non","Non","Oui","Non","Oui","Parfois","plutotsat","Non","Oui","Non","Non","Non","Non","Non","Non","Oui","Oui","Oui","Oui","Oui","Oui","Oui","Non","Oui","Non","Non","Non","Non","Oui","Oui","Non","Plus de dix ans","organisme","Non","Non","Oui","Non","Non","CDI","Non","Non","Non","Non","Non","Oui","Non","Non","Non","autre","Une femme","Oui","Non","Non","Non","Non","Non","Oui","Oui","Non","Oui","Oui","Non","Non","Non","Non","plus","NA","moins","moins","moins","moins","NA","moins","moins","NA","moins","moins","moins","moins","Non","Oui","Non","Non","Oui","Non","Non","Non","Oui","Non","Non","Non","Oui","Oui","Oui","11plus","Oui","Oui","Oui","Non","Non","Non","Non","Non","Non","Non","Oui","Windows","Oui","Non","Non","Oui","Non","Non","Oui","Non","Non","Non","Oui","Oui","Oui","Non","Oui","Non","Oui","Non","Non","Non","Non","Oui","Oui","Oui","Oui","Oui","Oui","Oui","Oui","Non","Non"
1123,4,2,"Non","Non","Oui","Non","Non","Oui","Non","Non","Non","Non","Oui","Oui","Non","Assez","Non","Oui","Oui","Non","Non","Non","Non","Parfois","Jamais","Jamais","Jamais","Oui","Non","Non","Non","Non","Non","Oui","Oui","Non","Non","Non","Non","Non","Non","Non","Non","Non","Non","Non","Non","non","non","oui","oui","non","Je ne sais pas","Parfois","Non","Non","Non","Non","Oui","Non","Oui","Non","Oui","Non","Non","Non","Non","Non","Non","Non","Non","Oui","Non","Oui","Non","Non","Oui","Non","Non","Oui","Toujours","tressat","Oui","Non","Non","Non","Non","Non","Non","Non","Non","Non","Non","Non","Non","Non","Non","Oui","Oui","Non","Non","Non","Non","Non","Non","Non","Plus de dix ans","école","Oui","Non","Non","Non","Non","fonct","Non","Non","Non","Non","Non","Non","Oui","Non","Oui","autre","Un homme","Oui","Non","Non","Non","Non","Oui","Non","Oui","Oui","Non","Non","Oui","Non","Non","Non","moins","moins","NA","moins","NA","moins","moins","moins","NA","moins","NA","NA","NA","NA","Non","Oui","Non","Non","Non","Oui","Non","Non","Oui","Non","Non","Non","Non","Oui","Oui","2a5","Oui","Oui","Oui","Non","Non","Non","Non","Non","Non","Non","Non","Windows","Oui","Oui","Non","Non","Non","Oui","Non","Non","Non","Non","Non","Oui","Oui","Non","Non","Oui","Non","Non","Oui","Non","Non","Oui","Non","Non","Non","Non","Non","Non","Oui","Oui","Non"
1128,4,2,"Non","Non","Non","Oui","Non","Oui","Non","Non","Non","Non","Oui","Oui","Non","Assez","Oui","Oui","Non","Oui","Non","Non","Oui","Toujours","Souvent","Jamais","Jamais","Non","Non","Non","Non","Oui","Non","Oui","Oui","Oui","Oui","Non","Non","Non","Oui","Oui","Non","Non","Non","Non","Non","oui","oui","non","oui","non","Oui","Parfois","Non","Oui","Oui","Oui","Oui","Oui","Non","Oui","Oui","Oui","Non","Non","Non","Non","Non","Non","Non","Non","Oui","Oui","Oui","Non","Non","Non","Non","Oui","Parfois","insatisfait","Non","Oui","Non","Oui","Non","Non","Non","Non","Oui","Oui","Non","Oui","Oui","Non","Non","Non","Oui","Non","Oui","Non","Non","Non","Oui","Non","Plus de dix ans","CNRS","Non","Non","Oui","Non","Non","fonct","Non","Non","Non","Non","Non","Non","Oui","Non","Non","autre","Un homme","Oui","Non","Non","Non","Non","Oui","Oui","Non","Non","Non","Non","Oui","Non","Non","Oui","moins","moins","moins","moins","moins","moins","moins","moins","moins","moins","moins","moins","moins","moins","Non","Oui","Non","Non","Non","Oui","Non","Non","Oui","Non","Non","Non","Non","Oui","Oui","2a5","Oui","Oui","Oui","Non","Non","Non","Non","Non","Non","Non","Non","LinuxUnix","Oui","Non","Non","Oui","Non","Oui","Non","Oui","Non","Non","Non","Oui","Non","Non","Non","Non","Oui","Non","Non","Non","Non","Non","Non","Non","Oui","Non","Non","Non","Oui","Non","Non"
1130,4,2,"Non","Non","Non","Non","Non","Non","Oui","Non","Non","Oui","Oui","Oui","Non","Tout à fait","Non","Oui","Oui","Oui","Oui","Non","Oui","Parfois","Jamais","Parfois","Jamais","Oui","Non","Non","Non","Non","Non","Non","Oui","Non","Oui","Non","Non","Non","Oui","Non","Oui","Non","Non","Non","Non","oui","non","oui","oui","non","Oui","Parfois","Oui","Non","Oui","Oui","Non","Non","Non","Oui","Oui","Oui","Non","Non","Non","Non","Non","Non","Non","Non","Non","Oui","Oui","Non","Non","Non","Non","Non","NA","NA","Non","Oui","Non","Non","Non","Non","Non","Non","Non","Non","Non","Oui","Oui","Non","Non","Non","Non","Oui","Non","Non","Oui","Non","Non","Non","Cinq à dix ans","CNRS","Oui","Non","Non","Non","Non","fonct","Non","Non","Non","Non","Oui","Non","Non","Non","Non","autre","Un homme","Oui","Non","Non","Non","Oui","Oui","Oui","Non","Non","Oui","Non","Oui","Non","Oui","Non","moins","moins","moins","moins","moins","moins","moins","moins","moins","moins","moins","moins","moins","moins","Non","Oui","Non","Non","Non","Non","Non","Non","Oui","Oui","Non","Oui","Non","Oui","Non","2a5","Non","Oui","Non","Non","Non","Non","Non","Non","Non","Non","Non","Windows","Non","Non","Non","Non","Non","Non","Non","Oui","Non","Non","Non","Non","Non","Non","Non","Non","Oui","Non","Non","Non","Non","Oui","Oui","Non","Non","Non","Non","Non","Non","Non","Non"
1136,4,2,"Non","Non","Non","Non","Non","Oui","Non","Oui","Oui","Non","Oui","Non","Non","Tout à fait","Oui","Non","Oui","Non","Non","Non","Oui","Parfois","Jamais","Parfois","Jamais","Non","Non","Non","Non","Oui","Non","Non","Oui","Non","Non","Non","Oui","Non","Non","Oui","Non","Non","Non","Non","Non","oui","oui","non","oui","non","Non","Parfois","Non","Non","Non","Oui","Oui","Non","Non","Oui","Non","Non","Oui","Non","Non","Non","Non","Non","Non","Oui","Non","Oui","Non","Non","Non","Non","Non","Oui","Parfois","plutotsat","Non","Oui","Non","Non","Oui","Non","Non","Non","Oui","Oui","Non","Non","Oui","Non","Non","Non","Non","Non","Oui","Non","Non","Oui","Non","Non","Plus de dix ans","Université","Non","Non","Oui","Non","Non","fonct","Non","Non","Non","Non","Non","Non","Non","Oui","Oui","autre","Une femme","Oui","Non","Oui","Non","Oui","Oui","Oui","Non","Non","Non","Non","Oui","Non","Non","Non","moins","moins","moins","moins","moins","moins","moins","moins","moins","moins","NA","NA","moins","moins","Non","Oui","Non","Non","Non","Oui","Non","Non","Oui","Non","Non","Oui","Non","Oui","Oui","2a5","Oui","Oui","Oui","Non","Non","Non","Non","Non","Non","Non","Oui","Windows","Oui","Oui","Non","Non","Non","Non","Non","Oui","Non","Non","Non","Oui","Non","Non","Non","Non","Oui","Non","Oui","Non","Non","Non","Non","Non","Oui","Oui","Non","Non","Oui","Oui","Non"
1139,4,2,"Non","Non","Non","Non","Oui","Non","Non","Non","Non","Non","Non","Non","Non","Assez","Oui","Non","Oui","Oui","Non","Non","Non","Souvent","Jamais","Jamais","Jamais","Non","Non","Non","Non","Oui","Non","Non","Oui","Non","Non","Non","Non","Non","Non","Non","Non","Non","Non","Non","Non","non","oui","oui","non","non","Non","Parfois","Oui","Non","Non","Non","Non","Non","Non","Oui","Non","Non","Oui","Non","Non","Non","Non","Non","Non","Oui","Non","Oui","Non","Non","Non","Non","Non","Non","NA","NA","Non","Non","Non","Non","Non","Non","Non","Oui","Non","Non","Non","Oui","Non","Non","Non","Non","Non","Non","Oui","Non","Non","Oui","Non","Non","Plus de dix ans","autre","Non","Non","Oui","Non","Non","fonct","Non","Non","Non","Non","Non","Non","Non","Oui","Non","autre","Un homme","Oui","Non","Non","Non","Non","Non","Non","Oui","Non","Non","Non","Non","Non","Non","Non","moins","moins","NA","NA","NA","plus","NA","plus","NA","moins","moins","NA","NA","NA","Oui","Oui","Non","Non","Non","Non","Non","Oui","Oui","Non","Non","Non","Non","Non","Non","2a5","Oui","Non","Oui","Non","Non","Non","Non","Non","Non","Non","Oui","Windows","Oui","Non","Non","Non","Non","Non","Non","Non","Non","Non","Oui","Oui","Oui","Non","Non","Non","Non","Non","Oui","Non","Non","Non","Non","Non","Non","Non","Non","Non","Oui","Non","Non"
1150,3,2,"Oui","Oui","Non","Oui","Non","Non","Oui","Non","Oui","Non","Non","Non","Non","Peu","Oui","Oui","Oui","Oui","Non","Non","Oui","Jamais","Jamais","Jamais","Jamais","Non","Non","Non","Non","Non","Oui","Non","Non","Non","Non","Non","Non","Non","Non","Non","Non","Non","Non","Oui","Non","oui","non","non","oui","non","Je ne sais pas","Parfois","Non","Oui","Oui","Non","Non","Oui","Oui","Non","Non","Non","Non","Non","Non","Non","Non","Non","Non","Non","Non","Oui","Non","Non","Non","Non","Non","Oui","Jamais","NA","Non","Oui","Non","Non","Non","Non","Non","Non","Oui","Oui","Oui","Oui","Oui","Oui","Oui","Non","Oui","Non","Non","Non","Non","Non","Oui","Non","Plus de dix ans","autre","Oui","Non","Non","Non","Non","CDI","Non","Non","Non","Non","Non","Non","Non","Non","Non","autre","Une femme","Non","Non","Oui","Oui","Oui","Oui","Oui","Non","Non","Oui","Oui","Oui","Non","Non","Oui","moins","plus","NA","moins","moins","NA","moins","moins","moins","moins","NA","moins","moins","NA","Non","Non","Non","Non","Non","Oui","Non","Non","Non","Non","Non","Non","Non","Oui","Oui","2a5","Oui","Oui","Non","Non","Non","Non","Non","Non","Non","Non","Non","MacOS","Non","Non","Non","Non","Non","Non","Non","Non","Non","Oui","Oui","Non","Non","Non","Non","Non","Non","Non","Non","Non","Non","Non","Non","Non","Non","Non","Non","Non","Non","Non","Oui"
1154,4,2,"Non","Oui","Non","Non","Non","Oui","Oui","Oui","Oui","Non","Oui","Oui","Non","Assez","Oui","Non","Oui","Oui","Non","Non","Oui","Parfois","Parfois","Jamais","Jamais","Non","Non","Non","Non","Oui","Non","Oui","Oui","Oui","Non","Non","Non","Non","Non","Oui","Non","Non","Non","Non","Non","oui","oui","non","non","non","Je ne sais pas","Parfois","Non","Oui","Non","Oui","Non","Non","Non","Non","Oui","Non","Oui","Non","Non","Non","Non","Non","Non","Oui","Non","Oui","Oui","Non","Non","Non","Non","Oui","Parfois","NA","Non","Non","Non","Non","Non","Non","Non","Oui","Non","Non","Non","Oui","Oui","Non","Non","Non","Oui","Non","Oui","Non","Non","Oui","Non","Non","Cinq à dix ans","Université","Non","Non","Oui","Non","Non","CDD","Non","Non","Non","Non","Non","Non","Non","Oui","Non","autre","Un homme","Oui","Non","Oui","Non","Oui","Oui","Oui","Oui","Non","Oui","Oui","Non","Oui","Non","Non","moins","NA","NA","moins","moins","moins","moins","moins","moins","moins","moins","moins","moins","NA","Oui","Oui","Non","Non","Non","Non","Non","Non","Oui","Non","Oui","Oui","Oui","Oui","Oui","6a10","Oui","Oui","Oui","Non","Non","Non","Non","Non","Non","Non","Non","Windows","Oui","Non","Non","Oui","Non","Non","Non","Oui","Non","Non","Non","Oui","Oui","Non","Non","Non","Oui","Non","Non","Non","Non","Oui","Non","Oui","Non","Oui","Non","Non","Oui","Non","Non"
1155,2,2,"Oui","Non","Non","Oui","Oui","Non","Non","Oui","Oui","Non","Non","Non","Non","Peu","Non","Non","Non","Oui","Non","Non","Oui","Toujours","Jamais","Jamais","Jamais","Non","Non","Non","Non","Oui","Non","Non","Non","Non","Non","Non","Non","Non","Non","Non","Non","Non","Non","Non","Oui","oui","oui","oui","non","non","Oui","Parfois","Non","Oui","Non","Non","Oui","Non","Oui","Non","Oui","Oui","Non","Oui","Non","Non","Non","Oui","Non","Non","Non","Oui","Oui","Non","Non","Non","Non","Oui","Parfois","plutotsat","Oui","Non","Non","Non","Non","Non","Non","Non","Non","Non","Oui","Oui","Oui","Non","Oui","Non","Oui","Non","Non","Non","Non","Oui","Oui","Non","Plus de dix ans","autre","Non","Oui","Non","Non","Non","CDD","Non","Non","Oui","Non","Non","Non","Non","Non","Non","autre","Un homme","Non","Non","Oui","Oui","Oui","Oui","Non","Non","Non","Oui","Non","Oui","Non","Non","Non","moins","moins","moins","moins","moins","moins","NA","NA","NA","moins","moins","NA","moins","NA","Oui","Non","Non","Non","Non","Oui","Oui","Oui","Oui","Non","Non","Non","Oui","Oui","Non","2a5","Oui","Oui","Non","Non","Non","Non","Non","Non","Non","Non","Non","MacOS","Oui","Non","Non","Non","Oui","Non","Non","Non","Non","Non","Non","Oui","Non","Non","Non","Non","Oui","Non","Non","Non","Non","Oui","Non","Non","Non","Oui","Oui","Non","Non","Non","Non"
1161,1,2,"Oui","Oui","Non","Oui","Non","Non","Non","Oui","Oui","Non","Non","Non","Non","Pas du tout","Oui","Non","Oui","Oui","Non","Non","Oui","NA","NA","NA","Toujours","Non","Non","Non","Non","Oui","Non","Non","Oui","Oui","Non","Non","Non","Non","Non","Non","Non","Non","Non","Non","Oui","oui","non","non","oui","non","Oui","Souvent","Non","Non","Non","Oui","Non","Non","Non","Oui","Non","Oui","Non","Non","Non","Non","Non","Non","Non","Non","Non","Non","Non","Non","Non","Non","Oui","Oui","Souvent","plutotsat","Non","Non","Non","Non","Oui","Non","Non","Non","Oui","Oui","Oui","Oui","Oui","Oui","Oui","Non","Non","Non","Non","Non","Non","Oui","Oui","Non","Moins de cinq ans","Université","Non","Non","Non","Oui","Non","fonct","Non","Oui","Oui","Non","Non","Non","Non","Non","Non","autre","Une femme","Non","Non","Non","Oui","Non","Oui","Non","Non","Non","Oui","Non","Oui","Non","Non","Non","moins","moins","NA","moins","moins","plus","NA","NA","moins","moins","NA","NA","NA","NA","Non","Non","Oui","Non","Non","Oui","Oui","Oui","Oui","Non","Non","Non","Non","Non","Non","2a5","Oui","Non","Non","Non","Non","Non","Oui","Non","Non","Non","Non","Windows","Oui","Non","Non","Non","Non","Oui","Non","Non","Non","Non","Non","Oui","Non","Non","Non","Non","Non","Non","Non","Non","Non","Oui","Non","Non","Non","Non","Non","Non","Non","Non","Non"
1176,4,2,"Non","Non","Oui","Non","Non","Non","Non","Non","Non","Non","Non","Non","Non","Tout à fait","Non","Non","Oui","Non","Oui","Non","Non","Toujours","Parfois","Parfois","NA","Non","Non","Non","Non","Oui","Non","Non","Non","Non","Non","Non","Non","Oui","Non","Non","Non","Non","Oui","Non","Non","oui","non","oui","oui","non","Oui","Parfois","Non","Non","Oui","Oui","Non","Non","Non","Oui","Non","Non","Non","Non","Oui","Non","Oui","Non","Non","Non","Non","Oui","Oui","Oui","Non","Non","Non","Oui","Jamais","NA","Non","Non","Non","Non","Non","Non","Non","Oui","Non","Non","Non","Non","Non","Non","Non","Oui","Non","Non","Non","Non","Non","Non","Oui","Non","Plus de dix ans","CNRS","Oui","Non","Non","Non","Non","fonct","Non","Non","Non","Oui","Non","Non","Non","Non","Non","autre","Une femme","Non","Non","Non","Oui","Oui","Oui","Non","Non","Non","Non","Non","Oui","Non","Non","Non","NA","NA","moins","NA","NA","NA","NA","moins","moins","moins","NA","moins","moins","moins","Non","Non","Oui","Non","Non","Oui","Non","Non","Oui","Non","Non","Oui","Non","Oui","Non","2a5","Oui","Oui","Non","Non","Non","Non","Non","Non","Non","Non","Non","MacOS","Non","Non","Non","Non","Non","Non","Non","Oui","Non","Non","Oui","Non","Non","Non","Non","Non","Non","Non","Non","Non","Non","Non","Non","Non","Non","Oui","Non","Non","Oui","Non","Non"
1184,4,2,"Non","Non","Non","Non","Non","Non","Non","Oui","Non","Non","Oui","Oui","Non","Tout à fait","Oui","Oui","Oui","Non","Non","Non","Non","Toujours","Souvent","Jamais","Jamais","Oui","Non","Oui","Oui","Non","Non","Oui","Oui","Oui","Non","Non","Non","Non","Oui","Oui","Non","Non","Non","Non","Non","oui","oui","non","non","non","Je ne sais pas","Parfois","Non","Oui","Oui","Oui","Oui","Oui","Non","Oui","Oui","Non","Oui","Non","Non","Non","Non","Non","Non","Oui","Non","Oui","Oui","Non","Non","Non","Non","Oui","Jamais","NA","Non","Oui","Non","Non","Non","Non","Non","Non","Non","Non","Oui","Non","Oui","Non","Oui","Non","Oui","Non","Oui","Non","Non","Oui","Non","Non","Plus de dix ans","école","Oui","Non","Non","Non","Non","fonct","Non","Non","Non","Non","Non","Non","Oui","Non","Non","autre","Une femme","Oui","Non","Oui","Non","Oui","Oui","Non","Non","Non","Oui","Oui","Oui","Non","Non","Non","plus","NA","NA","moins","NA","moins","NA","moins","moins","moins","moins","NA","moins","plus","Oui","Oui","Oui","Oui","Non","Non","Non","Non","Oui","Non","Oui","Oui","Non","Oui","Oui","2a5","Oui","Oui","Oui","Non","Non","Non","Oui","Non","Oui","Non","Oui","Windows","Oui","Non","Non","Oui","Oui","Oui","Non","Oui","Non","Non","Oui","Oui","Oui","Non","Non","Non","Oui","Non","Oui","Non","Non","Non","Non","Non","Oui","Non","Non","Non","Oui","Oui","Non"
1192,1,2,"Oui","Oui","Non","Oui","Non","Non","Non","Non","Non","Non","Non","Non","Non","Pas du tout","Non","Non","Non","Oui","Oui","Non","Non","Non applicable","Non applicable","Non applicable","Non applicable","Non","Non","Non","Non","Non","Oui","Oui","Oui","Oui","Non","Oui","Non","Non","Non","Non","Non","Oui","Non","Non","Non","oui","non","non","non","non","Oui","Toujours","Non","Non","Non","Non","Non","Non","Oui","Non","Oui","Non","Non","Non","Non","Non","Non","Non","Non","Non","Non","Oui","Non","Non","Non","Non","Non","Non applicable","NA","NA","Non","Non","Non","Non","Non","Non","Non","Oui","Non","Non","Non","Non","Oui","Non","Oui","Non","Non","Non","Oui","Non","Non","Non","Non","Non","Plus de dix ans","Université","Oui","Non","Non","Non","Non","fonct","Non","Non","Oui","Non","Non","Non","Non","Non","Non","autre","Une femme","Non","Non","Non","Oui","Non","Oui","Non","Non","Non","Oui","Non","Oui","Non","Non","Oui","NA","NA","NA","NA","NA","NA","NA","NA","NA","NA","NA","NA","NA","NA","Oui","Non","Oui","Oui","Oui","Oui","Oui","Oui","Oui","Non","Non","Non","Non","Oui","Oui","2a5","Oui","Oui","Oui","Non","Oui","Non","Oui","Oui","Non","Non","Oui","Windows","Non","Non","Non","Non","Non","Non","Non","Non","Non","Oui","Non","Non","Non","Non","Non","Non","Non","Non","Non","Non","Oui","Non","Non","Non","Non","Non","Non","Non","Non","Non","Oui"
1196,3,2,"Oui","Oui","Non","Oui","Oui","Non","Non","Non","Oui","Non","Oui","Non","Non","Peu","Non","Non","Non","Oui","Oui","Non","Oui","Souvent","Jamais","Non applicable","Non applicable","Non","Non","Non","Non","Oui","Non","Oui","Non","Non","Non","Non","Non","Non","Non","Non","Non","Non","Non","Non","Non","non","non","oui","oui","non","Non","Souvent","Oui","Oui","Non","Oui","Oui","Non","Non","Non","Oui","Non","Oui","Non","Oui","Non","Non","Non","Non","Non","Non","Oui","Oui","Non","Non","Non","Non","Oui","Parfois","nini","Oui","Oui","Oui","Oui","Non","Non","Non","Non","Oui","Oui","Oui","Oui","Oui","Non","Non","Non","Oui","Oui","Oui","Oui","Non","Oui","Oui","Non","Plus de dix ans","école","Non","Non","Oui","Non","Non","fonct","Non","Non","Oui","Non","Non","Non","Non","Non","Non","autre","Une femme","Non","Non","Oui","Non","Oui","Oui","Oui","Non","Non","Oui","Non","Oui","Non","Non","Non","moins","moins","moins","moins","moins","plus","NA","NA","moins","moins","NA","moins","NA","moins","Oui","Non","Non","Non","Oui","Non","Oui","Non","Oui","Non","Non","Non","Oui","Oui","Oui","2a5","Oui","Oui","Oui","Non","Non","Non","Non","Non","Non","Non","Non","LinuxUnix","Oui","Non","Non","Non","Non","Non","Non","Non","Non","Non","Oui","Oui","Non","Non","Oui","Oui","Oui","Oui","Oui","Oui","Non","Non","Non","Oui","Oui","Non","Oui","Oui","Oui","Oui","Non"
1211,4,2,"Oui","Non","Non","Oui","Non","Non","Oui","Oui","Oui","Non","Oui","Oui","Non","Assez","Oui","Non","Oui","Non","Non","Non","Oui","Souvent","Souvent","Jamais","Jamais","Oui","Non","Non","Non","Non","Non","Oui","Oui","Oui","Oui","Non","Non","Non","Non","Oui","Non","Non","Non","Non","Non","oui","oui","non","oui","oui","Je ne sais pas","Jamais","Non","Oui","Non","Non","Oui","Non","Non","Non","Non","Non","Oui","Non","Non","Non","Non","Non","Non","Non","Non","Oui","Oui","Non","Non","Oui","Non","Non","NA","NA","Non","Non","Oui","Non","Non","Non","Non","Non","Non","Non","Non","Oui","Non","Non","Non","Non","Oui","Non","Non","Non","Non","Non","Non","Non","Cinq à dix ans","NA","Non","Non","Oui","Non","Non","fonct","Oui","Non","Non","Non","Non","Non","Non","Non","Non","autre","Une femme","Non","Non","Oui","Oui","Oui","Oui","Oui","Non","Non","Oui","Non","Non","Non","Non","Oui","moins","NA","NA","moins","moins","moins","NA","moins","moins","moins","moins","moins","moins","moins","Oui","Non","Non","Oui","Non","Non","Non","Non","Non","Non","Non","Oui","Non","Oui","Oui","2a5","Oui","Non","Oui","Non","Non","Non","Non","Non","Non","Non","Non","Windows","Oui","Non","Non","Non","Oui","Oui","Non","Oui","Non","Non","Oui","Non","Non","Oui","Non","Non","Oui","Non","Oui","Non","Non","Non","Non","Oui","Non","Non","Oui","Oui","Oui","Oui","Non"
593,4,2,"Non","Non","Oui","Non","Non","Oui","Non","Non","Non","Non","Non","Non","Non","Assez","Oui","Non","Oui","Non","Oui","Non","Non","Toujours","Jamais","Jamais","Jamais","Oui","Non","Non","Non","Non","Non","Oui","Non","Oui","Oui","Non","Oui","Non","Non","Oui","Non","Non","Non","Non","Non","oui","oui","non","oui","oui","Non","Parfois","Non","Non","Non","Oui","Oui","Non","Non","Oui","Oui","Non","Oui","Non","Non","Non","Non","Oui","Non","Oui","Non","Oui","Non","Non","Non","Non","Non","Oui","Parfois","nini","Non","Oui","Non","Non","Non","Non","Non","Non","Oui","Oui","Non","Non","Non","Non","Non","Non","Oui","Non","Oui","Non","Non","Non","Non","Non","Plus de dix ans","école","Oui","Non","Non","Non","Non","fonct","Non","Non","Non","Non","Non","Oui","Non","Non","Non","biologie","Une femme","Oui","Non","Non","Non","Non","Non","Non","Oui","Non","Non","Non","Non","Non","Non","Non","moins","NA","moins","moins","moins","moins","NA","moins","NA","moins","moins","NA","NA","moins","Non","Oui","Non","Oui","Non","Oui","Non","Non","Oui","Non","Non","Non","Oui","Oui","Oui","6a10","Oui","Oui","Oui","Non","Non","Non","Non","Non","Non","Non","Non","Windows","Oui","Non","Non","Non","Non","Non","Non","Non","Non","Non","Non","Non","Non","Non","Non","Non","Non","Non","Non","Non","Oui","Non","Non","Non","Non","Non","Non","Non","Non","Non","Oui"
606,4,2,"Non","Non","Non","Oui","Non","Oui","Oui","Oui","Non","Non","Oui","Non","Non","Tout à fait","Oui","Non","Oui","Non","Non","Non","Oui","Parfois","Jamais","Jamais","Jamais","Oui","Non","Non","Non","Non","Non","Non","Non","Non","Non","Non","Non","Oui","Non","Non","Non","Non","Non","Non","Non","oui","oui","oui","non","non","Non","Parfois","Oui","Oui","Oui","Non","Oui","Non","Non","Oui","Oui","Oui","Oui","Non","Non","Non","Non","Non","Non","Oui","Non","Oui","Non","Non","Non","Non","Non","Non","NA","NA","Non","Non","Oui","Non","Oui","Non","Non","Non","Non","Non","Oui","Oui","Non","Non","Non","Non","Oui","Non","Non","Oui","Non","Non","Non","Non","Cinq à dix ans","CNRS","Non","Oui","Non","Non","Non","CDD","Non","Non","Non","Non","Non","Oui","Non","Non","Non","biologie","Une femme","Oui","Non","Non","Non","Oui","Oui","Oui","Oui","Non","Non","Non","Oui","Non","Non","Non","plus","moins","moins","moins","moins","moins","moins","moins","moins","moins","moins","moins","moins","moins","Non","Oui","Non","Non","Non","Non","Non","Non","Oui","Oui","Non","Non","Oui","Oui","Oui","2a5","Oui","Oui","Oui","Non","Non","Non","Non","Non","Non","Non","Non","MacOS","Oui","Non","Non","Oui","Non","Oui","Non","Non","Non","Non","Oui","Oui","Non","Non","Non","Non","Non","Non","Oui","Non","Non","Oui","Non","Non","Oui","Non","Non","Non","Oui","Non","Non"
714,4,2,"Non","Non","Oui","Non","Non","Oui","Oui","Non","Oui","Non","Oui","Non","Non","Assez","Oui","Oui","Oui","Non","Non","Non","Oui","NA","NA","NA","NA","Oui","Non","Non","Non","Non","Non","Non","Non","Non","Non","Non","Oui","Non","Non","Non","Oui","Non","Non","Non","Non","oui","non","non","oui","non","Non","Parfois","Non","Oui","Oui","Non","Non","Non","Non","Oui","Non","Oui","Non","Non","Non","Non","Non","Non","Non","Oui","Oui","Oui","Non","Non","Non","Non","Non","Oui","Parfois","plutotsat","Oui","Oui","Non","Oui","Non","Non","Non","Non","Oui","Oui","Non","Oui","Oui","Non","Non","Non","Oui","Non","Non","Non","Oui","Non","Non","Non","Plus de dix ans","CNRS","Oui","Non","Non","Non","Non","fonct","Non","Non","Non","Non","Non","Oui","Non","Non","Non","biologie","Autre","Oui","Non","Non","Non","Non","Oui","Oui","Non","Non","Oui","Non","Non","Non","Non","Non","moins","NA","moins","NA","NA","moins","NA","moins","NA","moins","moins","NA","NA","NA","Non","Oui","Oui","Non","Non","Oui","Non","Non","Oui","Non","Non","Non","Non","Oui","Oui","6a10","Oui","Oui","Oui","Non","Non","Non","Non","Non","Non","Non","Oui","Windows","Oui","Non","Non","Oui","Non","Oui","Non","Non","Non","Non","Non","Oui","Oui","Oui","Non","Non","Non","Non","Non","Non","Non","Oui","Non","Non","Oui","Non","Non","Non","Oui","Non","Non"
752,4,2,"Non","Non","Oui","Oui","Non","Oui","Oui","Non","Oui","Non","Oui","Non","Non","Tout à fait","Oui","Oui","Oui","Oui","Non","Non","Oui","Parfois","Jamais","Jamais","Jamais","Non","Non","Non","Non","Oui","Non","Oui","Non","Non","Non","Non","Non","Non","Non","Non","Non","Non","Non","Non","Non","oui","oui","non","oui","oui","Je ne sais pas","Parfois","Non","Non","Non","Non","Oui","Non","Oui","Oui","Oui","Non","Non","Non","Non","Oui","Non","Non","Non","Non","Non","Oui","Non","Non","Non","Non","Oui","Non","NA","NA","Non","Non","Non","Oui","Oui","Non","Non","Non","Oui","Non","Oui","Oui","Non","Non","Non","Non","Oui","Oui","Oui","Non","Non","Non","Non","Non","Moins de cinq ans","Université","Non","Oui","Non","Non","Non","doct","Non","Non","Non","Non","Non","Oui","Non","Non","Non","biologie","Un homme","Oui","Non","Non","Oui","Non","Oui","Oui","Non","Oui","Non","Non","Oui","Non","Non","Non","plus","moins","moins","NA","NA","moins","NA","moins","NA","moins","moins","NA","NA","NA","Non","Oui","Non","Non","Non","Oui","Non","Non","Oui","Non","Non","Non","Non","Oui","Oui","2a5","Oui","Non","Oui","Non","Non","Non","Non","Non","Non","Non","Non","Windows","Oui","Non","Non","Oui","Non","Oui","Non","Oui","Non","Non","Oui","Oui","Non","Non","Non","Non","Oui","Non","Non","Non","Non","Oui","Non","Non","Non","Oui","Oui","Non","Oui","Non","Non"
802,4,2,"Non","Oui","Oui","Oui","Non","Oui","Oui","Non","Non","Non","Oui","Non","Non","Tout à fait","Oui","Oui","Oui","Non","Oui","Non","Oui","Parfois","Toujours","Jamais","Jamais","Oui","Non","Non","Non","Non","Non","Non","Oui","Non","Non","Non","Non","Oui","Non","Non","Non","Non","Non","Non","Non","oui","non","oui","oui","non","Oui","Parfois","Non","Oui","Oui","Non","Oui","Oui","Non","Oui","Oui","Oui","Non","Non","Non","Non","Non","Non","Non","Non","Oui","Oui","Oui","Non","Non","Non","Non","Oui","Parfois","nini","Non","Non","Oui","Non","Oui","Non","Non","Non","Oui","Non","Oui","Oui","Oui","Non","Non","Non","Non","Non","Oui","Non","Non","Non","Non","Non","Plus de dix ans","Université","Oui","Non","Non","Non","Non","fonct","Non","Non","Non","Non","Non","Oui","Non","Non","Non","biologie","Une femme","Oui","Non","Non","Non","Oui","Oui","Oui","Oui","Oui","Non","Non","Non","Oui","Non","Non","plus","moins","NA","moins","moins","plus","NA","moins","NA","moins","moins","NA","moins","moins","Non","Oui","Non","Non","Non","Non","Non","Non","Oui","Non","Non","Non","Non","Non","Non","2a5","Non","Oui","Oui","Non","Non","Non","Non","Non","Non","Non","Non","MacOS","Oui","Non","Non","Oui","Oui","Oui","Non","Non","Non","Non","Non","Oui","Non","Non","Non","Non","Non","Oui","Non","Non","Non","Oui","Non","Non","Non","Non","Oui","Non","Non","Non","Non"
838,4,2,"Non","Oui","Oui","Non","Non","Non","Oui","Oui","Oui","Non","Oui","Non","Non","Tout à fait","Non","Oui","Oui","Non","Non","Non","Oui","Souvent","Souvent","NA","NA","Oui","Non","Non","Non","Non","Non","Non","Oui","Non","Non","Non","Oui","Non","Oui","Oui","Non","Oui","Non","Non","Non","oui","non","non","non","non","Oui","Parfois","Non","Non","Non","Non","Oui","Non","Non","Oui","Oui","Non","Oui","Non","Non","Non","Non","Non","Non","Non","Oui","Oui","Oui","Non","Non","Non","Non","Non","NA","NA","Non","Non","Non","Non","Non","Non","Non","Oui","Non","Non","Non","Oui","Oui","Non","Non","Non","Oui","Non","Non","Non","Oui","Non","Non","Non","Plus de dix ans","NA","Oui","Non","Non","Non","Non","fonct","Non","Non","Non","Non","Non","Oui","Non","Non","Non","biologie","Autre","Oui","Non","Non","Oui","Oui","Oui","Non","Oui","Non","Non","Oui","Non","Non","Non","Non","plus","NA","NA","NA","NA","moins","NA","NA","NA","NA","moins","NA","NA","NA","Non","Oui","Oui","Non","Non","Oui","Non","Non","Oui","Non","Non","Non","Non","Oui","Non","6a10","Oui","Oui","Oui","Non","Non","Non","Non","Non","Non","Non","Non","Windows","Oui","Oui","Non","Oui","Oui","Oui","Non","Non","Non","Non","Oui","Oui","Oui","Non","Non","Non","Non","Non","Non","Non","Non","Oui","Oui","Non","Non","Non","Non","Non","Oui","Non","Non"
842,3,2,"Non","Oui","Oui","Oui","Non","Non","Oui","Oui","Oui","Non","Oui","Oui","Non","Tout à fait","Oui","Non","Non","Oui","Non","Non","Oui","Souvent","Jamais","Jamais","Jamais","Oui","Non","Non","Non","Non","Non","Non","Oui","Oui","Non","Non","Non","Non","Oui","Non","Non","Non","Non","Non","Non","non","non","oui","non","oui","Oui","Parfois","Non","Oui","Oui","Non","Oui","Oui","Oui","Oui","Oui","Oui","Non","Non","Non","Non","Non","Non","Non","Oui","Non","Oui","Non","Non","Non","Non","Oui","Non","NA","NA","Oui","Oui","Oui","Oui","Oui","Oui","Oui","Non","Oui","Oui","Oui","Oui","Oui","Oui","Oui","Non","Non","Non","Oui","Non","Non","Non","Non","Non","Cinq à dix ans","autre","Non","Oui","Non","Non","Non","CDD","Non","Non","Non","Non","Non","Oui","Non","Non","Non","biologie","Autre","Oui","Non","Non","Non","Oui","Oui","Oui","Oui","Non","Oui","Non","Oui","Non","Non","Oui","plus","moins","moins","plus","plus","plus","NA","plus","NA","moins","plus","moins","NA","NA","Non","Oui","Oui","Non","Oui","Oui","Oui","Non","Oui","Non","Non","Non","Oui","Oui","Oui","2a5","Oui","Non","Oui","Non","Non","Non","Non","Non","Non","Non","Non","Windows","Oui","Non","Non","Oui","Non","Non","Non","Non","Non","Non","Non","Oui","Non","Non","Non","Non","Non","Non","Oui","Non","Non","Oui","Oui","Non","Oui","Non","Non","Non","Non","Non","Non"
987,4,2,"Non","Non","Non","Non","Non","Oui","Non","Non","Non","Non","Oui","Non","Non","Tout à fait","Oui","Oui","Oui","Oui","Non","Non","Oui","Souvent","Parfois","Parfois","Parfois","Oui","Non","Non","Non","Non","Non","Non","Non","Non","Non","Non","Oui","Non","Non","Non","Non","Non","Non","Non","Non","oui","oui","non","oui","oui","Oui","Je ne sais pas","Oui","Oui","Oui","Non","Oui","Non","Oui","Oui","Oui","Non","Oui","Non","Non","Non","Non","Non","Non","Non","Oui","Oui","Oui","Non","Non","Non","Non","Oui","Parfois","nini","Non","Non","Non","Non","Non","Non","Non","Oui","Non","Non","Oui","Non","Non","Non","Non","Non","Oui","Non","Non","Non","Non","Non","Non","Non","Plus de dix ans","NA","Non","Oui","Non","Non","Non","CDD","Non","Non","Non","Non","Non","Oui","Non","Non","Non","biologie","Une femme","Oui","Non","Non","Non","Non","Oui","Oui","Non","Non","Non","Oui","Oui","Non","Non","Oui","moins","moins","moins","moins","moins","moins","moins","moins","moins","moins","moins","moins","moins","plus","Oui","Oui","Non","Non","Non","Non","Non","Non","Oui","Non","Non","Non","Non","Oui","Oui","2a5","Oui","Oui","Oui","Non","Non","Non","Non","Non","Non","Non","Non","Windows","Oui","Non","Non","Non","Oui","Non","Non","Oui","Non","Non","Oui","Oui","Non","Non","Non","Non","Oui","Non","Non","Non","Non","Oui","Oui","Non","Non","Non","Non","Non","Non","Non","Non"
1039,4,2,"Non","Oui","Non","Oui","Non","Oui","Oui","Oui","Non","Oui","Oui","Oui","Oui","Tout à fait","Non","Non","Oui","Non","Non","Non","Non","Souvent","Jamais","Souvent","Jamais","Non","Non","Oui","Oui","Non","Non","Oui","Oui","Oui","Non","Non","Non","Non","Oui","Non","Non","Non","Oui","Non","Non","non","non","oui","oui","oui","Oui","Souvent","Non","Oui","Non","Non","Oui","Non","Oui","Oui","Oui","Oui","Non","Non","Non","Oui","Non","Non","Non","Non","Non","Oui","Non","Non","Non","Non","Non","Non","NA","NA","Non","Non","Non","Non","Non","Non","Non","Oui","Non","Non","Non","Oui","Non","Non","Non","Non","Oui","Non","Non","Oui","Non","Non","Non","Non","Plus de dix ans","Université","Non","Non","Oui","Non","Non","CDI","Non","Non","Non","Non","Non","Oui","Non","Non","Non","biologie","Un homme","Oui","Oui","Non","Oui","Oui","Oui","Oui","Oui","Oui","Non","Non","Oui","Non","Oui","Non","moins","moins","moins","moins","moins","moins","moins","moins","moins","moins","moins","moins","moins","moins","Non","Oui","Oui","Non","Non","Oui","Non","Non","Oui","Oui","Non","Oui","Oui","Non","Non","6a10","Oui","Oui","Oui","Non","Non","Non","Non","Non","Non","Non","Oui","MacOS","Oui","Non","Non","Oui","Oui","Oui","Non","Oui","Non","Non","Oui","Non","Non","Non","Non","Non","Non","Non","Non","Non","Non","Non","Non","Non","Non","Non","Non","Non","Oui","Non","Non"
1044,4,2,"Non","Non","Non","Non","Non","Non","Oui","Oui","Oui","Non","Oui","Oui","Non","Assez","Oui","Oui","Oui","Non","Non","Non","Non","Parfois","Jamais","Jamais","Jamais","Non","Non","Non","Oui","Non","Non","Oui","Oui","Non","Non","Non","Non","Non","Non","Non","Non","Non","Non","Non","Non","oui","non","oui","non","oui","Je ne sais pas","Jamais","Non","Oui","Non","Non","Oui","Non","Non","Oui","Oui","Non","Non","Non","Non","Non","Non","Non","Non","Non","Non","Oui","Non","Non","Non","Non","Non","Oui","Jamais","nini","Oui","Oui","Oui","Oui","Non","Non","Non","Non","Oui","Oui","Non","Oui","Oui","Non","Non","Non","Oui","Non","Oui","Oui","Oui","Non","Non","Non","Plus de dix ans","Université","Oui","Non","Non","Non","Non","fonct","Non","Non","Non","Non","Non","Oui","Non","Non","Non","biologie","Une femme","Oui","Non","Non","Non","Oui","Oui","Oui","Oui","Non","Non","Oui","Non","Non","Non","Oui","moins","moins","moins","moins","moins","moins","moins","moins","moins","moins","moins","NA","moins","moins","Non","Oui","Non","Non","Non","Oui","Non","Non","Oui","Non","Non","Non","Oui","Non","Oui","2a5","Oui","Oui","Oui","Non","Non","Non","Non","Non","Non","Non","Non","Windows","Oui","Non","Non","Non","Oui","Non","Non","Non","Non","Non","Oui","Oui","Non","Non","Non","Non","Non","Non","Non","Non","Non","Oui","Non","Non","Non","Non","Non","Non","Oui","Non","Non"
1061,4,2,"Non","Oui","Non","Oui","Non","Oui","Oui","Oui","Non","Oui","Oui","Oui","Oui","Tout à fait","Oui","Non","Oui","Non","Non","Non","Oui","Toujours","Toujours","Jamais","Parfois","Oui","Non","Oui","Oui","Non","Non","Oui","Oui","Oui","Non","Non","Non","Non","Non","Oui","Non","Oui","Non","Non","Non","oui","oui","non","oui","non","Oui","Souvent","Non","Oui","Oui","Oui","Oui","Non","Non","Non","Oui","Oui","Oui","Non","Non","Non","Non","Non","Non","Oui","Non","Oui","Oui","Non","Non","Non","Non","Non","NA","NA","Non","Non","Non","Non","Oui","Oui","Non","Non","Non","Oui","Non","Oui","Oui","Oui","Oui","Non","Oui","Non","Oui","Non","Non","Oui","Oui","Non","Cinq à dix ans","NA","Non","Oui","Non","Non","Non","CDD","Non","Non","Non","Non","Non","Oui","Non","Non","Non","biologie","Une femme","Oui","Oui","Non","Non","Oui","Oui","Non","Oui","Non","Non","Oui","Oui","Oui","Oui","Non","plus","moins","moins","moins","moins","moins","moins","moins","moins","moins","moins","moins","moins","moins","Non","Oui","Oui","Oui","Oui","Oui","Non","Non","Oui","Oui","Non","Oui","Non","Oui","Non","6a10","Oui","Oui","Oui","Non","Oui","Oui","Oui","Non","Non","Non","Oui","Windows","Oui","Non","Non","Oui","Non","Oui","Non","Oui","Non","Non","Oui","Oui","Oui","Non","Non","Non","Oui","Non","Oui","Oui","Non","Oui","Oui","Oui","Non","Oui","Oui","Oui","Oui","Oui","Non"
1167,3,2,"Oui","Non","Non","Non","Non","Non","Non","Non","Oui","Non","Non","Non","Non","Tout à fait","Oui","Non","Non","Oui","Oui","Non","Non","Toujours","Toujours","Toujours","Souvent","Oui","Non","Non","Oui","Non","Non","Oui","Oui","Oui","Non","Non","Non","Non","Oui","Non","Non","Non","Non","Non","Non","oui","non","non","non","oui","Oui","Souvent","Non","Non","Non","Oui","Non","Non","Non","Oui","Oui","Oui","Non","Oui","Non","Non","Non","Non","Non","Non","Oui","Oui","Non","Non","Non","Non","Non","Non applicable","NA","NA","Non","Non","Non","Non","Non","Oui","Non","Non","Non","Non","Oui","Non","Oui","Non","Oui","Non","Non","Non","Non","Non","Non","Oui","Non","Non","Plus de dix ans","autre","Oui","Non","Non","Non","Non","autre","Non","Non","Oui","Non","Non","Oui","Non","Non","Non","biologie","Un homme","Non","Non","Non","Non","Oui","Non","Non","Non","Non","Oui","Non","Non","Non","Non","Non","plus","plus","moins","NA","NA","moins","NA","NA","NA","NA","moins","plus","NA","NA","Non","Non","Oui","Non","Non","Oui","Oui","Oui","Oui","Non","Non","Non","Non","Non","Non","2a5","Oui","Oui","Non","Oui","Oui","Non","Non","Non","Non","Non","Oui","Windows","Oui","Non","Oui","Non","Non","Oui","Non","Non","Non","Non","Oui","Non","Oui","Non","Non","Non","Oui","Non","Oui","Non","Non","Non","Non","Non","Non","Non","Non","Non","Oui","Non","Non"
682,4,2,"Non","Non","Non","Non","Non","Oui","Oui","Oui","Oui","Non","Oui","Non","Non","Assez","Oui","Oui","Oui","Oui","Non","Non","Oui","Jamais","Jamais","Jamais","Jamais","Non","Non","Non","Non","Oui","Non","Oui","Oui","Oui","Non","Non","Non","Non","Oui","Non","Non","Non","Non","Non","Non","non","oui","oui","oui","non","Oui","Parfois","Non","Oui","Oui","Oui","Non","Oui","Oui","Oui","Oui","Oui","Non","Non","Non","Non","Non","Non","Non","Non","Oui","Oui","Oui","Non","Non","Non","Non","Oui","Parfois","insatisfait","Oui","Oui","Oui","Oui","Non","Non","Non","Non","Oui","Non","Non","Oui","Oui","Non","Non","Non","Oui","Non","Oui","Non","Oui","Oui","Non","Non","Plus de dix ans","Université","Non","Non","Oui","Non","Non","fonct","Non","Non","Non","Non","Non","Oui","Non","Non","Oui","chimie","Une femme","Oui","Non","Non","Non","Non","Oui","Non","Oui","Non","Oui","Oui","Non","Non","Non","Oui","plus","moins","moins","moins","moins","moins","moins","moins","moins","moins","moins","NA","moins","NA","Non","Oui","Non","Oui","Oui","Oui","Non","Non","Oui","Non","Non","Non","Non","Non","Non","2a5","Oui","Oui","Oui","Non","Non","Non","Non","Non","Non","Non","Non","Windows","Oui","Non","Oui","Non","Non","Oui","Non","Non","Non","Non","Oui","Oui","Non","Non","Non","Non","Non","Oui","Non","Non","Non","Oui","Non","Oui","Non","Oui","Oui","Oui","Oui","Non","Non"
781,4,2,"Non","Oui","Oui","Non","Oui","Oui","Non","Oui","Oui","Non","Non","Non","Non","Assez","Oui","Non","Oui","Non","Non","Non","Oui","Souvent","Souvent","NA","NA","Oui","Non","Oui","Non","Non","Non","Oui","Oui","Non","Oui","Non","Oui","Non","Non","Oui","Non","Non","Non","Non","Non","oui","oui","non","oui","non","Je ne sais pas","Souvent","Non","Oui","Oui","Non","Oui","Non","Non","Oui","Oui","Non","Non","Non","Non","Non","Non","Oui","Non","Oui","Non","Oui","Non","Non","Non","Non","Oui","Non","NA","NA","Oui","Oui","Non","Oui","Oui","Non","Non","Non","Non","Non","Non","Oui","Non","Non","Non","Non","Non","Oui","Oui","Non","Non","Oui","Oui","Non","Plus de dix ans","CNRS","Oui","Non","Non","Non","Non","fonct","Non","Non","Non","Non","Non","Oui","Non","Non","Oui","chimie","Une femme","Oui","Non","Non","Oui","Oui","Oui","Non","Oui","Non","Non","Non","Oui","Non","Non","Non","plus","NA","moins","NA","NA","moins","NA","NA","moins","moins","NA","moins","moins","moins","Non","Oui","Oui","Non","Non","Oui","Non","Non","Non","Non","Non","Non","Non","Oui","Oui","2a5","Oui","Oui","Oui","Non","Non","Non","Non","Non","Non","Non","Non","Windows","Oui","Non","Non","Oui","Non","Non","Non","Non","Non","Non","Non","Oui","Oui","Non","Non","Non","Oui","Non","Non","Non","Non","Oui","Non","Non","Non","Non","Non","Non","Oui","Non","Non"
790,4,2,"Non","Non","Non","Oui","Oui","Non","Oui","Non","Non","Non","Non","Non","Non","Tout à fait","Non","Oui","Oui","Oui","Oui","Non","Oui","Souvent","Parfois","Parfois","NA","Non","Non","Non","Non","Oui","Non","Non","Non","Non","Non","Non","Non","Non","Non","Non","Non","Non","Non","Non","Oui","oui","oui","non","oui","non","Je ne sais pas","Jamais","Non","Oui","Oui","Oui","Oui","Non","Non","Oui","Oui","Non","Oui","Non","Non","Non","Non","Non","Non","Oui","Non","Oui","Non","Non","Non","Non","Non","Non","NA","NA","Non","Non","Non","Non","Non","Non","Non","Oui","Non","Non","Oui","Oui","Oui","Non","Non","Non","Non","Non","Oui","Non","Oui","Non","Non","Non","Plus de dix ans","CNRS","Oui","Non","Non","Non","Non","fonct","Non","Non","Non","Non","Non","Non","Non","Non","Oui","chimie","Un homme","Oui","Non","Non","Non","Non","Oui","Non","Oui","Oui","Non","Oui","Oui","Non","Non","Oui","plus","NA","NA","NA","NA","plus","moins","plus","NA","NA","NA","NA","NA","NA","Non","Oui","Non","Non","Non","Oui","Non","Non","Oui","Non","Non","Non","Non","Oui","Oui","11plus","Oui","Oui","Oui","Non","Non","Non","Non","Non","Non","Non","Oui","Windows","Oui","Oui","Oui","Non","Non","Oui","Non","Non","Non","Non","Oui","Oui","Non","Non","Non","Non","Non","Non","Oui","Oui","Non","Non","Non","Non","Oui","Non","Non","Non","Non","Non","Non"
868,4,2,"Non","Non","Oui","Non","Oui","Oui","Oui","Oui","Non","Non","Oui","Non","Non","Tout à fait","Oui","Non","Oui","Non","Non","Non","Oui","NA","NA","NA","NA","Non","Non","Non","Non","Oui","Non","Non","Non","Non","Non","Non","Non","Non","Non","Non","Non","Non","Non","Non","Oui","non","non","oui","oui","oui","Je ne sais pas","Parfois","Non","Non","Non","Non","Oui","Non","Oui","Oui","Oui","Non","Oui","Non","Non","Non","Non","Non","Non","Oui","Non","Non","Non","Non","Non","Non","Non","Oui","Parfois","nini","Oui","Oui","Non","Non","Non","Non","Non","Non","Oui","Non","Non","Non","Non","Non","Non","Non","Non","Non","Non","Non","Non","Non","Non","Oui","Moins de cinq ans","NA","Oui","Non","Non","Non","Non","fonct","Non","Non","Non","Non","Non","Oui","Non","Non","Oui","chimie","Un homme","Oui","Non","Non","Non","Non","Oui","Oui","Oui","Oui","Non","Non","Non","Non","Non","Non","moins","moins","NA","NA","NA","NA","plus","NA","NA","NA","NA","NA","NA","moins","Non","Oui","Non","Non","Non","Non","Non","Non","Oui","Non","Non","Non","Oui","Non","Non","2a5","Oui","Oui","Oui","Non","Non","Non","Non","Non","Non","Non","Non","Windows","Oui","Non","Non","Non","Non","Non","Non","Non","Non","Non","Non","Non","Non","Non","Non","Non","Oui","Non","Non","Non","Non","Non","Non","Non","Non","Non","Non","Oui","Non","Non","Non"
879,4,2,"Non","Oui","Oui","Oui","Non","Oui","Non","Non","Non","Non","Non","Non","Non","Tout à fait","Non","Oui","Oui","Oui","Non","Non","Non","Souvent","Souvent","Non applicable","Non applicable","Oui","Non","Oui","Non","Non","Non","Non","Oui","Non","Oui","Non","Oui","Non","Non","Oui","Non","Non","Non","Non","Non","oui","oui","non","non","oui","Oui","Souvent","Oui","Non","Non","Non","Non","Non","Non","Oui","Non","Non","Oui","Non","Non","Non","Non","Non","Non","Oui","Non","Oui","Non","Non","Non","Non","Non","Non","NA","NA","Oui","Oui","Non","Non","Non","Non","Non","Non","Oui","Non","Non","Non","Non","Oui","Non","Non","Oui","Non","Oui","Non","Non","Non","Non","Non","Plus de dix ans","Université","Oui","Non","Non","Non","Non","fonct","Non","Non","Non","Non","Non","Non","Non","Non","Oui","chimie","Une femme","Oui","Non","Oui","Non","Oui","Oui","Non","Non","Non","Non","Non","Non","Non","Non","Oui","plus","moins","moins","NA","NA","plus","moins","plus","plus","moins","moins","NA","moins","moins","Non","Oui","Non","Non","Non","Oui","Non","Non","Oui","Non","Non","Non","Non","Oui","Oui","2a5","Oui","Oui","Oui","Non","Non","Non","Non","Non","Non","Non","Non","Windows","Oui","Non","Non","Non","Non","Non","Non","Non","Non","Non","Non","Oui","Non","Non","Non","Non","Non","Non","Non","Non","Non","Oui","Non","Non","Oui","Non","Non","Non","Oui","Non","Non"
893,4,2,"Non","Oui","Oui","Oui","Oui","Oui","Non","Oui","Oui","Non","Oui","Non","Non","Tout à fait","Oui","Oui","Oui","Oui","Non","Non","Oui","Souvent","Souvent","Jamais","Jamais","Non","Non","Oui","Non","Non","Non","Non","Non","Oui","Non","Non","Non","Non","Oui","Oui","Non","Non","Non","Non","Non","oui","oui","non","non","non","Oui","Souvent","Non","Non","Non","Oui","Oui","Non","Non","Oui","Oui","Oui","Oui","Non","Non","Oui","Non","Non","Non","Oui","Non","Oui","Non","Non","Non","Non","Non","Oui","Souvent","tressat","Non","Non","Non","Non","Non","Non","Non","Oui","Non","Oui","Non","Oui","Oui","Non","Oui","Non","Oui","Non","Oui","Oui","Non","Oui","Oui","Non","Plus de dix ans","autre","Oui","Non","Non","Non","Non","fonct","Non","Non","Non","Non","Non","Non","Non","Non","Oui","chimie","Une femme","Oui","Non","Non","Oui","Oui","Oui","Non","Oui","Non","Oui","Non","Oui","Non","Non","Non","moins","moins","moins","NA","NA","moins","moins","plus","NA","moins","moins","moins","moins","moins","Non","Oui","Oui","Oui","Oui","Oui","Non","Oui","Oui","Non","Non","Non","Non","Oui","Oui","6a10","Oui","Oui","Oui","Non","Non","Oui","Oui","Oui","Oui","Non","Non","Windows","Oui","Oui","Non","Non","Non","Oui","Non","Non","Non","Non","Oui","Oui","Non","Non","Non","Non","Non","Non","Non","Non","Non","Oui","Non","Oui","Oui","Non","Non","Non","Non","Non","Non"
911,4,2,"Non","Non","Non","Non","Oui","Oui","Non","Oui","Oui","Non","Oui","Non","Non","Assez","Non","Non","Non","Non","Non","Non","Non","Souvent","Jamais","Jamais","Jamais","Non","Non","Oui","Non","Non","Non","Oui","Oui","Oui","Non","Non","Non","Non","Non","Non","Non","Non","Non","Non","Non","non","non","oui","oui","non","Non","Parfois","Non","Non","Non","Non","Oui","Non","Non","Oui","Oui","Oui","Non","Non","Oui","Non","Non","Non","Non","Non","Non","Oui","Non","Non","Non","Non","Non","Non applicable","NA","NA","Non","Non","Non","Non","Non","Non","Non","Oui","Non","Non","Non","Non","Non","Non","Non","Oui","Non","Non","Non","Non","Non","Non","Non","Oui","Plus de dix ans","Université","Oui","Non","Non","Non","Non","fonct","Non","Non","Non","Non","Non","Non","Non","Non","Oui","chimie","Un homme","Oui","Non","Non","Non","Oui","Oui","Non","Oui","Non","Oui","Oui","Oui","Non","Non","Non","moins","NA","NA","NA","NA","moins","NA","moins","NA","moins","moins","NA","NA","moins","Non","Oui","Non","Non","Non","Oui","Non","Non","Oui","Non","Non","Non","Non","Non","Non","6a10","Oui","Oui","Non","Non","Non","Non","Non","Non","Non","Non","Oui","Windows","Non","Oui","Non","Non","Non","Non","Non","Non","Non","Non","Oui","Oui","Oui","Non","Non","Non","Non","Non","Non","Non","Non","Oui","Oui","Non","Oui","Non","Non","Non","Non","Non","Non"
997,4,2,"Non","Non","Non","Non","Non","Oui","Non","Non","Non","Non","Non","Non","Non","Tout à fait","Oui","Oui","Oui","Non","Non","Non","Non","Parfois","Jamais","Jamais","Jamais","Non","Non","Oui","Non","Non","Non","Non","Non","Non","Non","Non","Oui","Oui","Non","Non","Non","Non","Non","Non","Non","oui","oui","non","oui","non","Je ne sais pas","Parfois","Non","Non","Non","Non","Oui","Non","Non","Non","Non","Oui","Non","Non","Non","Non","Non","Non","Non","Non","Non","Oui","Non","Non","Non","Non","Non","Oui","Parfois","plutotsat","Oui","Non","Non","Non","Non","Non","Non","Non","Non","Non","Non","Oui","Oui","Non","Oui","Non","Oui","Non","Non","Non","Oui","Non","Non","Non","Plus de dix ans","CNRS","Oui","Non","Non","Non","Non","fonct","Non","Non","Non","Non","Non","Non","Non","Non","Oui","chimie","Un homme","Oui","Non","Non","Non","Oui","Oui","Non","Oui","Non","Non","Non","Non","Non","Non","Non","moins","NA","NA","moins","moins","moins","NA","NA","NA","moins","moins","NA","NA","moins","Non","Oui","Non","Non","Oui","Oui","Non","Non","Oui","Non","Non","Non","Oui","Oui","Oui","6a10","Oui","Oui","Oui","Non","Non","Non","Non","Non","Non","Non","Oui","Windows","Oui","Non","Non","Non","Non","Non","Non","Non","Non","Non","Non","Non","Non","Oui","Non","Non","Non","Non","Non","Non","Non","Oui","Non","Non","Non","Non","Non","Non","Non","Non","Non"
1088,4,2,"Non","Oui","Oui","Non","Non","Oui","Non","Non","Oui","Non","Non","Non","Non","Tout à fait","Oui","Non","Oui","Non","Non","Non","Oui","Parfois","NA","NA","NA","Oui","Non","Non","Non","Non","Non","Non","Non","Non","Non","Non","Non","Non","Non","Oui","Non","Non","Non","Non","Non","oui","non","non","non","oui","Je ne sais pas","Parfois","Oui","Oui","Oui","Oui","Oui","Oui","Non","Non","Oui","Oui","Non","Non","Non","Non","Non","Non","Non","Oui","Non","Non","Non","Non","Non","Non","Non","Non","NA","NA","Non","Non","Non","Non","Non","Non","Non","Oui","Non","Oui","Non","Oui","Non","Oui","Oui","Non","Non","Non","Non","Non","Oui","Oui","Oui","Non","Moins de cinq ans","Université","Non","Oui","Non","Non","Non","doct","Non","Non","Non","Non","Non","Non","Non","Non","Oui","chimie","Une femme","Oui","Non","Non","Oui","Oui","Oui","Oui","Oui","Non","Non","Non","Non","Non","Non","Non","moins","NA","moins","moins","moins","plus","NA","NA","moins","moins","moins","NA","moins","moins","Non","Non","Oui","Oui","Oui","Oui","Oui","Oui","Oui","Non","Non","Non","Non","Oui","Oui","2a5","Oui","Non","Oui","Non","Non","Non","Non","Non","Non","Non","Non","Windows","Oui","Oui","Non","Non","Non","Non","Non","Non","Non","Non","Oui","Oui","Oui","Non","Non","Non","Oui","Non","Oui","Non","Non","Oui","Non","Oui","Non","Non","Oui","Non","Oui","Oui","Non"
1101,4,2,"Non","Non","Non","Non","Non","Oui","Non","Non","Oui","Non","Oui","Non","Non","Tout à fait","Oui","Oui","Non","Non","Oui","Non","Oui","Souvent","Toujours","NA","NA","Non","Non","Non","Non","Non","Oui","Oui","Oui","Oui","Oui","Non","Non","Oui","Non","Non","Non","Non","Non","Non","Non","oui","oui","oui","oui","non","Non","Souvent","Non","Oui","Non","Non","Non","Non","Non","Oui","Non","Oui","Non","Non","Non","Non","Non","Oui","Non","Non","Oui","Oui","Non","Non","Non","Non","Non","Oui","Souvent","plutotsat","Non","Oui","Non","Non","Non","Non","Non","Non","Non","Non","Non","Oui","Oui","Non","Non","Non","Non","Non","Non","Non","Non","Non","Oui","Non","Plus de dix ans","autre","Non","Non","Oui","Non","Non","fonct","Non","Non","Non","Non","Non","Non","Non","Non","Oui","chimie","Une femme","Oui","Non","Non","Non","Non","Non","Oui","Non","Non","Non","Non","Non","Non","Non","Oui","plus","NA","moins","NA","NA","plus","NA","plus","plus","moins","moins","moins","plus","moins","Non","Oui","Oui","Oui","Oui","Oui","Non","Non","Oui","Non","Non","Non","Oui","Oui","Oui","6a10","Oui","Oui","Oui","Oui","Non","Non","Non","Non","Non","Non","Non","Windows","Oui","Non","Non","Non","Non","Non","Non","Non","Non","Non","Non","Oui","Non","Non","Non","Non","Non","Non","Non","Non","Non","Oui","Non","Non","Non","Non","Non","Non","Oui","Oui","Non"
1174,2,2,"Non","Oui","Non","Non","Oui","Oui","Non","Non","Oui","Non","Oui","Non","Non","Tout à fait","Oui","Oui","Oui","Non","Oui","Oui","Oui","Jamais","Jamais","Jamais","Jamais","Non","Non","Non","Non","Oui","Non","Non","Non","Non","Non","Non","Non","Non","Non","Non","Non","Non","Non","Oui","Non","oui","non","oui","oui","non","Je ne sais pas","Jamais","Oui","Non","Non","Non","Non","Non","Non","Oui","Non","Non","Non","Non","Non","Non","Non","Non","Non","Non","Non","Oui","Non","Non","Non","Non","Non","Oui","Parfois","nini","Non","Oui","Non","Non","Non","Non","Non","Non","Non","Non","Non","Oui","Non","Non","Non","Non","Oui","Non","Oui","Non","Non","Non","Oui","Non","Plus de dix ans","CNRS","Oui","Non","Non","Non","Non","fonct","Non","Non","Non","Non","Non","Non","Non","Non","Oui","chimie","Une femme","Oui","Non","Non","Oui","Oui","Oui","Oui","Oui","Oui","Non","Oui","Non","Non","Non","Oui","moins","NA","NA","NA","NA","moins","NA","NA","NA","moins","moins","NA","NA","NA","Non","Non","Oui","Oui","Non","Oui","Oui","Non","Oui","Non","Non","Non","Non","Non","Non","2a5","Oui","Oui","Oui","Non","Non","Non","Non","Non","Non","Non","Non","Windows","Oui","Non","Non","Non","Non","Non","Non","Non","Non","Non","Oui","Non","Non","Non","Non","Non","Non","Non","Non","Non","Non","Oui","Non","Non","Non","Non","Non","Non","Non","Non","Non"
137,2,2,"Oui","Non","Non","Oui","Oui","Oui","Oui","Oui","Oui","Non","Oui","Oui","Non","Assez","Non","Non","Non","Oui","Non","Non","Non","Parfois","Jamais","Parfois","Parfois","Non","Non","Non","Non","Oui","Non","Non","Non","Non","Non","Oui","Non","Non","Non","Non","Non","Non","Non","Non","Non","non","non","oui","oui","oui","Oui","Parfois","Non","Non","Non","Oui","Oui","Non","Oui","Non","Non","Oui","Non","Non","Non","Non","Non","Non","Non","Non","Non","Oui","Non","Non","Non","Non","Non","Oui","Parfois","plutotsat","Non","Oui","Oui","Non","Non","Non","Oui","Non","Non","Non","Non","Oui","Oui","Oui","Oui","Non","Non","Non","Non","Oui","Oui","Oui","Non","Non","Plus de dix ans","autre","Oui","Non","Non","Non","Non","fonct","Non","Non","Oui","Non","Non","Non","Non","Non","Non","géographie","Une femme","Non","Non","Oui","Oui","Oui","Oui","Non","Non","Non","Oui","Oui","Oui","Non","Non","Non","moins","moins","moins","moins","moins","moins","moins","moins","moins","moins","moins","moins","moins","moins","Oui","Non","Oui","Non","Oui","Non","Non","Non","Oui","Non","Non","Oui","Oui","Oui","Oui","2a5","Oui","Oui","Oui","Non","Non","Non","Non","Non","Non","Oui","Non","Windows","Oui","Non","Oui","Non","Non","Oui","Non","Oui","Non","Non","Non","Non","Oui","Non","Non","Non","Non","Non","Non","Non","Non","Oui","Oui","Non","Oui","Non","Non","Non","Non","Non","Non"
333,5,2,"Oui","Non","Non","Oui","Oui","Oui","Oui","Non","Oui","Non","Oui","Oui","Non","Tout à fait","Oui","Oui","Oui","Oui","Oui","Non","Non","Souvent","Souvent","Parfois","Souvent","Oui","Non","Oui","Non","Non","Non","Oui","Non","Non","Non","Oui","Non","Non","Oui","Non","Non","Non","Oui","Non","Non","oui","oui","non","non","oui","Oui","Souvent","Non","Oui","Non","Oui","Non","Non","Non","Oui","Non","Oui","Non","Non","Oui","Non","Non","Non","Non","Non","Oui","Oui","Oui","Oui","Oui","Non","Non","Oui","Toujours","tressat","Oui","Oui","Non","Non","Non","Non","Non","Non","Non","Oui","Non","Oui","Oui","Non","Non","Non","Oui","Non","Oui","Non","Oui","Non","Non","Non","Plus de dix ans","CNRS","Oui","Non","Non","Non","Non","fonct","Non","Non","Oui","Non","Non","Non","Non","Non","Non","géographie","Une femme","Non","Non","Oui","Non","Oui","Oui","Non","Non","Non","Oui","Oui","Oui","Non","Oui","Non","NA","NA","NA","NA","moins","plus","moins","moins","moins","moins","moins","NA","moins","moins","Non","Non","Oui","Oui","Oui","Oui","Non","Oui","Oui","Oui","Oui","Non","Oui","Oui","Non","6a10","Oui","Oui","Oui","Non","Non","Non","Non","Oui","Non","Non","Oui","Windows","Oui","Non","Non","Non","Oui","Non","Non","Oui","Non","Non","Non","Oui","Non","Non","Non","Non","Non","Non","Non","Oui","Non","Oui","Non","Oui","Non","Non","Non","Non","Non","Oui","Non"
463,4,2,"Oui","Oui","Oui","Non","Non","Oui","Oui","Oui","Oui","Non","Oui","Oui","Non","Tout à fait","Oui","Oui","Non","Non","Oui","Non","Oui","Parfois","Non applicable","Jamais","Jamais","Non","Non","Non","Non","Oui","Non","Oui","Oui","Oui","Oui","Non","Non","Non","Non","Oui","Non","Non","Oui","Non","Non","oui","non","oui","oui","non","Non","Souvent","Non","Oui","Oui","Non","Oui","Oui","Non","Oui","Oui","Non","Non","Non","Non","Non","Non","Non","Oui","Non","Non","Oui","Non","Oui","Non","Non","Oui","Non","NA","NA","Non","Oui","Non","Non","Non","Non","Non","Non","Non","Oui","Non","Non","Non","Non","Non","Non","Non","Non","Non","Non","Non","Non","Oui","Non","Plus de dix ans","CNRS","Non","Non","Oui","Non","Non","fonct","Non","Non","Oui","Non","Non","Non","Non","Non","Non","géographie","Une femme","Non","Non","Oui","Non","Non","Oui","Oui","Non","Non","Oui","Non","Oui","Non","Non","Oui","moins","moins","NA","moins","moins","moins","NA","moins","NA","NA","moins","NA","moins","moins","Oui","Non","Oui","Non","Oui","Oui","Non","Non","Oui","Non","Non","Non","Oui","Oui","Oui","2a5","Oui","Non","Oui","Non","Non","Non","Non","Non","Non","Non","Non","Windows","Oui","Non","Non","Oui","Non","Oui","Non","Oui","Non","Non","Oui","Non","Non","Non","Non","Oui","Oui","Non","Oui","Oui","Non","Non","Oui","Non","Oui","Oui","Oui","Non","Oui","Non","Non"
548,3,2,"Non","Non","Non","Oui","Non","Oui","Oui","Oui","Oui","Non","Oui","Non","Non","Assez","Non","Non","Oui","Oui","Non","Non","Non","Parfois","Parfois","Jamais","Jamais","Non","Non","Non","Non","Oui","Non","Oui","Oui","Oui","Non","Non","Non","Non","Non","Oui","Non","Non","Non","Non","Non","oui","non","non","non","oui","Oui","Souvent","Non","Non","Oui","Oui","Oui","Non","Non","Oui","Oui","Non","Non","Oui","Non","Non","Non","Non","Non","Non","Non","Oui","Non","Non","Oui","Non","Non","Oui","Souvent","plutotsat","Oui","Oui","Non","Non","Oui","Oui","Non","Non","Oui","Oui","Oui","Oui","Oui","Non","Non","Non","Oui","Oui","Non","Non","Oui","Oui","Oui","Non","Plus de dix ans","Université","Oui","Non","Non","Non","Non","fonct","Non","Non","Oui","Non","Non","Non","Non","Non","Non","géographie","Un homme","Non","Non","Oui","Non","Oui","Oui","Oui","Non","Non","Oui","Oui","Oui","Non","Non","Non","moins","NA","NA","moins","moins","moins","NA","moins","moins","moins","moins","NA","moins","moins","Oui","Non","Oui","Oui","Non","Non","Non","Non","Oui","Oui","Non","Oui","Non","Oui","Oui","6a10","Oui","Oui","Oui","Non","Non","Non","Non","Non","Non","Non","Non","Windows","Oui","Non","Non","Oui","Oui","Oui","Non","Oui","Non","Non","Non","Oui","Oui","Non","Non","Non","Oui","Non","Oui","Non","Non","Oui","Non","Non","Oui","Non","Oui","Non","Oui","Non","Non"
626,4,2,"Oui","Non","Non","Oui","Oui","Oui","Oui","Oui","Oui","Non","Oui","Oui","Non","Tout à fait","Non","Oui","Oui","Oui","Oui","Non","Oui","Parfois","Jamais","Jamais","Jamais","Non","Non","Non","Non","Oui","Non","Non","Oui","Oui","Non","Non","Non","Non","Non","Non","Non","Non","Non","Non","Non","oui","oui","non","oui","non","Oui","Souvent","Non","Oui","Oui","Oui","Oui","Non","Non","Oui","Oui","Non","Non","Non","Non","Non","Non","Non","Non","Non","Non","Oui","Non","Non","Non","Non","Non","Oui","Parfois","plutotsat","Oui","Oui","Oui","Non","Non","Non","Non","Non","Non","Oui","Non","Non","Oui","Non","Oui","Non","Non","Non","Non","Non","Non","Non","Non","Oui","Plus de dix ans","NA","Oui","Non","Non","Non","Non","fonct","Non","Non","Non","Non","Non","Non","Non","Non","Non","géographie","Un homme","Non","Non","Non","Non","Oui","Oui","Oui","Non","Non","Oui","Non","Oui","Non","Non","Non","moins","NA","NA","moins","moins","moins","moins","moins","moins","moins","moins","NA","moins","moins","Non","Non","Oui","Non","Oui","Non","Non","Non","Oui","Non","Non","Non","Non","Oui","Non","2a5","Oui","Oui","Non","Non","Non","Non","Non","Non","Non","Non","Non","Windows","Oui","Non","Non","Oui","Oui","Oui","Non","Non","Non","Non","Oui","Oui","Oui","Non","Non","Non","Non","Non","Oui","Non","Non","Oui","Oui","Non","Oui","Non","Non","Non","Oui","Non","Non"
695,3,2,"Oui","Non","Non","Non","Oui","Non","Oui","Oui","Oui","Non","Non","Non","Non","Assez","Oui","Non","Non","Oui","Non","Non","Oui","Souvent","Parfois","Parfois","Non applicable","Non","Non","Non","Non","Oui","Non","Oui","Oui","Non","Non","Oui","Non","Oui","Non","Non","Non","Non","Non","Non","Non","oui","oui","non","oui","non","Je ne sais pas","Parfois","Non","Non","Non","Oui","Non","Non","Oui","Non","Oui","Non","Non","Non","Oui","Non","Non","Non","Non","Oui","Non","Oui","Oui","Non","Non","Non","Non","Non applicable","NA","NA","Non","Oui","Non","Oui","Non","Non","Non","Non","Oui","Non","Oui","Oui","Oui","Non","Non","Non","Oui","Non","Non","Non","Non","Non","Non","Non","Cinq à dix ans","autre","Non","Oui","Non","Non","Non","CDD","Non","Non","Oui","Non","Non","Non","Non","Non","Non","géographie","Une femme","Non","Non","Oui","Oui","Non","Oui","Non","Non","Non","Oui","Non","Oui","Non","Non","Oui","moins","NA","moins","moins","moins","moins","NA","moins","moins","moins","moins","moins","moins","NA","Oui","Non","Oui","Non","Non","Oui","Oui","Oui","Oui","Non","Non","Non","Oui","Oui","Oui","2a5","Oui","Oui","Non","Non","Non","Non","Non","Non","Non","Non","Oui","Windows","Oui","Non","Non","Oui","Non","Oui","Non","Oui","Non","Non","Non","Oui","Non","Non","Oui","Oui","Non","Oui","Non","Non","Non","Non","Non","Oui","Oui","Oui","Non","Non","Oui","Oui","Non"
1038,3,2,"Oui","Oui","Non","Oui","Oui","Non","Non","Oui","Oui","Non","Non","Non","Non","Tout à fait","Oui","Oui","Oui","Oui","Non","Non","Oui","Souvent","Souvent","Parfois","Jamais","Non","Non","Non","Non","Oui","Non","Non","Oui","Oui","Non","Non","Non","Oui","Oui","Non","Non","Non","Non","Non","Non","non","oui","non","non","oui","Oui","Parfois","Non","Oui","Oui","Oui","Oui","Oui","Oui","Non","Oui","Non","Non","Non","Non","Oui","Non","Non","Non","Non","Non","Oui","Oui","Non","Non","Non","Non","Oui","Parfois","insatisfait","Oui","Oui","Non","Oui","Oui","Non","Non","Non","Oui","Oui","Oui","Oui","Oui","Oui","Non","Non","Oui","Oui","Oui","Oui","Oui","Oui","Non","Non","Plus de dix ans","école","Oui","Non","Non","Non","Non","fonct","Non","Non","Oui","Non","Non","Non","Non","Non","Non","géographie","Une femme","Non","Non","Oui","Oui","Oui","Oui","Non","Non","Non","Non","Non","Oui","Non","Non","Non","moins","moins","moins","moins","moins","moins","moins","moins","moins","moins","moins","moins","moins","moins","Oui","Non","Oui","Non","Oui","Oui","Oui","Oui","Oui","Non","Oui","Oui","Oui","Non","Oui","6a10","Oui","Oui","Non","Non","Oui","Non","Non","Non","Non","Oui","Non","MacOS","Oui","Non","Non","Oui","Non","Oui","Non","Non","Non","Non","Non","Oui","Oui","Non","Non","Non","Non","Non","Non","Non","Non","Oui","Oui","Oui","Oui","Non","Oui","Non","Oui","Non","Non"
21,3,2,"Oui","Oui","Non","Oui","Non","Non","Oui","Non","Oui","Non","Non","Non","Non","Assez","Non","Non","Non","Oui","Oui","Non","Oui","NA","NA","NA","NA","Non","Non","Non","Non","Non","Oui","Non","Oui","Oui","Non","Non","Non","Non","Oui","Non","Non","Non","Non","Non","Non","oui","non","non","oui","non","Je ne sais pas","Toujours","Non","Non","Non","Non","Oui","Non","Oui","Oui","Oui","Non","Non","Non","Non","Non","Non","Non","Non","Non","Oui","Oui","Non","Non","Non","Non","Oui","Oui","Parfois","plutotsat","Non","Oui","Non","Non","Non","Non","Non","Non","Non","Oui","Non","Oui","Non","Non","Non","Non","Oui","Non","Non","Non","Non","Oui","Oui","Non","Plus de dix ans","Université","Oui","Non","Non","Non","Non","fonct","Non","Non","Oui","Non","Non","Non","Non","Non","Non","histoire","Un homme","Non","Non","Non","Oui","Non","Oui","Non","Non","Non","Non","Non","Oui","Non","Non","Non","moins","moins","moins","NA","moins","moins","NA","moins","moins","moins","moins","NA","moins","moins","Oui","Non","Oui","Oui","Non","Oui","Oui","Non","Oui","Non","Non","Non","Non","Oui","Non","6a10","Oui","Oui","Non","Non","Oui","Non","Non","Non","Non","Non","Oui","Windows","Oui","Non","Oui","Non","Non","Non","Non","Non","Non","Non","Oui","Oui","Non","Non","Non","Non","Non","Non","Oui","Non","Non","Oui","Non","Non","Non","Non","Non","Non","Non","Oui","Non"
52,3,2,"Oui","Oui","Non","Oui","Non","Non","Non","Non","Oui","Non","Non","Non","Non","Tout à fait","Oui","Non","Non","Oui","Oui","Non","Oui","Souvent","Jamais","Parfois","Parfois","Non","Non","Non","Non","Oui","Non","Non","Non","Non","Non","Non","Non","Oui","Oui","Non","Non","Non","Non","Non","Non","oui","oui","non","oui","non","Je ne sais pas","Souvent","Non","Oui","Oui","Non","Oui","Non","Oui","Non","Oui","Non","Non","Non","Non","Non","Non","Non","Non","Non","Non","Non","Oui","Non","Oui","Non","Non","Non","NA","NA","Oui","Oui","Oui","Oui","Non","Non","Non","Non","Non","Non","Non","Oui","Oui","Non","Oui","Non","Oui","Non","Oui","Non","Non","Non","Oui","Non","Cinq à dix ans","Université","Oui","Non","Non","Non","Non","fonct","Non","Non","Oui","Non","Non","Non","Non","Non","Non","histoire","Une femme","Non","Non","Oui","Oui","Non","Oui","Non","Non","Non","Oui","Oui","Oui","Non","Non","Non","plus","moins","moins","moins","moins","plus","moins","moins","moins","moins","moins","moins","moins","moins","Non","Non","Oui","Oui","Oui","Non","Non","Oui","Oui","Non","Oui","Non","Oui","Oui","Oui","2a5","Oui","Oui","Non","Non","Non","Non","Non","Non","Non","Non","Non","Windows","Oui","Non","Oui","Oui","Non","Non","Non","Oui","Non","Non","Non","Non","Non","Non","Oui","Non","Non","Oui","Oui","Non","Non","Non","Non","Non","Non","Non","Non","Non","Oui","Oui","Non"
69,3,2,"Oui","Oui","Non","Oui","Non","Non","Oui","Non","Oui","Non","Non","Non","Non","Pas du tout","Oui","Oui","Non","Oui","Oui","Non","Oui","Toujours","Souvent","Jamais","Parfois","Non","Non","Non","Oui","Non","Non","Non","Non","Non","Non","Non","Non","Non","Oui","Oui","Non","Non","Non","Non","Non","oui","non","non","non","oui","Oui","Parfois","Non","Oui","Non","Oui","Non","Non","Oui","Non","Oui","Non","Non","Non","Non","Non","Non","Oui","Non","Non","Non","Oui","Non","Non","Oui","Non","Non","Non","NA","NA","Non","Non","Non","Oui","Non","Non","Non","Non","Non","Non","Non","Oui","Oui","Non","Non","Non","Non","Oui","Non","Non","Non","Non","Non","Non","Plus de dix ans","Université","Oui","Non","Non","Non","Non","fonct","Non","Non","Oui","Non","Non","Non","Non","Non","Non","histoire","Un homme","Non","Non","Non","Oui","Non","Oui","Non","Non","Non","Non","Non","Oui","Non","Non","Non","moins","moins","moins","moins","moins","moins","NA","moins","NA","moins","NA","NA","moins","NA","Oui","Non","Non","Non","Non","Non","Non","Non","Oui","Oui","Non","Non","Non","Non","Non","6a10","Oui","Non","Non","Non","Non","Non","Non","Non","Non","Non","Non","MacOS","Oui","Non","Oui","Non","Non","Oui","Non","Non","Non","Non","Non","Non","Non","Non","Non","Non","Non","Non","Non","Non","Non","Non","Non","Non","Non","Non","Non","Non","Non","Non","Non"
77,3,2,"Oui","Non","Non","Non","Oui","Non","Oui","Oui","Oui","Non","Non","Oui","Non","Peu","Oui","Non","Non","Oui","Non","Non","Non","Parfois","Jamais","Jamais","NA","Non","Non","Oui","Non","Non","Non","Non","Oui","Non","Oui","Non","Non","Non","Non","Non","Non","Oui","Non","Non","Non","non","oui","oui","non","non","Oui","Souvent","Non","Non","Non","Oui","Non","Non","Oui","Oui","Oui","Non","Non","Non","Non","Non","Non","Non","Non","Non","Non","Oui","Oui","Non","Non","Non","Non","Oui","Parfois","insatisfait","Oui","Non","Oui","Oui","Oui","Oui","Non","Non","Non","Non","Oui","Non","Oui","Oui","Oui","Non","Oui","Non","Oui","Non","Non","Non","Non","Non","Cinq à dix ans","Université","Oui","Non","Non","Non","Non","fonct","Non","Non","Oui","Non","Non","Non","Non","Non","Non","histoire","Une femme","Non","Non","Non","Non","Oui","Oui","Non","Non","Non","Oui","Non","Non","Oui","Non","Oui","moins","moins","plus","plus","plus","plus","plus","moins","moins","moins","plus","moins","NA","moins","Non","Non","Oui","Oui","Oui","Oui","Non","Oui","Oui","Non","Non","Non","Oui","Non","Non","2a5","Oui","Non","Non","Non","Non","Non","Non","Non","Non","Non","Non","MacOS","Oui","Non","Oui","Non","Non","Non","Non","Non","Non","Non","Oui","Non","Non","Non","Non","Non","Non","Non","Non","Oui","Non","Non","Non","Non","Non","Non","Non","Non","Oui","Oui","Non"
91,3,2,"Oui","Non","Non","Oui","Oui","Non","Non","Non","Oui","Non","Non","Non","Non","Pas du tout","Non","Non","Non","Oui","Non","Non","Oui","Toujours","Jamais","Jamais","Jamais","Oui","Non","Non","Non","Non","Non","Oui","Oui","Non","Non","Non","Non","Non","Non","Non","Non","Non","Non","Non","Non","oui","non","non","non","non","Oui","Parfois","Oui","Non","Non","Non","Non","Non","Oui","Non","Oui","Non","Non","Non","Non","Non","Non","Non","Non","Non","Oui","Oui","Non","Non","Non","Non","Non","Non","NA","NA","Oui","Non","Non","Oui","Non","Non","Non","Non","Non","Non","Non","Non","Non","Oui","Oui","Non","Oui","Non","Non","Non","Non","Non","Non","Non","Cinq à dix ans","autre","Oui","Non","Non","Non","Non","fonct","Non","Non","Oui","Non","Non","Non","Non","Non","Non","histoire","Une femme","Non","Non","Oui","Oui","Non","Oui","Non","Non","Non","Oui","Non","Non","Non","Non","Oui","moins","moins","plus","moins","moins","moins","moins","moins","plus","moins","moins","moins","moins","moins","Oui","Non","Oui","Non","Non","Non","Non","Non","Oui","Non","Non","Non","Non","Oui","Oui","6a10","Oui","Non","Non","Non","Non","Non","Non","Non","Non","Non","Non","Windows","Oui","Non","Non","Non","Non","Non","Non","Non","Non","Non","Oui","Non","Non","Non","Non","Non","Non","Non","Non","Non","Non","Non","Non","Oui","Non","Non","Non","Non","Non","Non","Non"
223,1,2,"Non","Non","Non","Oui","Non","Non","Oui","Non","Non","Non","Oui","Non","Non","Pas du tout","Oui","Non","Non","Oui","Oui","Non","Oui","Jamais","NA","Toujours","NA","Non","Non","Non","Non","Non","Oui","Non","Non","Non","Non","Non","Non","Non","Non","Non","Non","Non","Non","Oui","Non","oui","non","non","non","non","Oui","Souvent","Oui","Non","Non","Non","Non","Non","Oui","Non","Non","Non","Non","Non","Non","Non","Non","Non","Non","Non","Oui","Non","Non","Non","Non","Non","Oui","Oui","Souvent","plutotsat","Non","Non","Non","Non","Non","Non","Non","Oui","Non","Non","Oui","Non","Non","Non","Non","Non","Non","Oui","Non","Non","Non","Non","Oui","Non","Plus de dix ans","autre","Oui","Non","Non","Non","Non","fonct","Non","Non","Oui","Non","Non","Non","Non","Non","Non","histoire","Un homme","Non","Non","Oui","Oui","Non","Oui","Non","Non","Non","Non","Oui","Oui","Non","Non","Non","moins","NA","NA","NA","NA","NA","NA","NA","NA","NA","NA","NA","NA","NA","Oui","Non","Oui","Non","Non","Oui","Non","Oui","Oui","Non","Non","Non","Non","Oui","Oui","6a10","Oui","Oui","Non","Non","Oui","Non","Non","Non","Non","Non","Non","Windows","Non","Non","Non","Non","Non","Non","Non","Non","Non","Oui","Non","Non","Non","Non","Non","Non","Non","Non","Non","Non","Oui","Oui","Non","Oui","Non","Non","Non","Non","Non","Oui","Non"
272,3,2,"Oui","Non","Non","Oui","Non","Non","Non","Non","Oui","Non","Non","Non","Non","Pas du tout","Non","Non","Non","Non","Oui","Non","Non","Souvent","Souvent","Parfois","Jamais","Non","Non","Oui","Non","Non","Non","Oui","Non","Oui","Oui","Non","Non","Oui","Oui","Non","Non","Non","Non","Non","Non","oui","non","oui","non","non","Oui","Parfois","Non","Non","Non","Non","Non","Oui","Oui","Oui","Oui","Oui","Non","Non","Non","Oui","Non","Non","Non","Non","Non","Oui","Non","Non","Non","Non","Non","Oui","Parfois","plutotsat","Non","Oui","Non","Non","Non","Non","Non","Non","Non","Oui","Non","Non","Oui","Non","Oui","Non","Oui","Non","Oui","Oui","Non","Non","Non","Non","Plus de dix ans","CNRS","Oui","Non","Non","Non","Non","fonct","Non","Non","Oui","Non","Non","Non","Non","Non","Non","histoire","Une femme","Non","Non","Oui","Oui","Non","Oui","Oui","Non","Non","Oui","Oui","Oui","Non","Non","Oui","moins","moins","moins","NA","NA","plus","NA","NA","moins","NA","NA","NA","moins","NA","Oui","Non","Oui","Oui","Non","Oui","Oui","Oui","Non","Non","Oui","Non","Non","Oui","Oui","2a5","Oui","Oui","Non","Non","Non","Non","Non","Non","Non","Non","Non","Windows","Oui","Non","Non","Non","Non","Oui","Non","Non","Non","Non","Non","Non","Non","Non","Non","Non","Oui","Non","Non","Non","Non","Oui","Non","Oui","Oui","Non","Non","Oui","Non","Non","Non"
349,3,2,"Oui","Non","Non","Oui","Oui","Non","Oui","Non","Oui","Non","Non","Non","Non","Peu","Oui","Oui","Oui","Oui","Oui","Non","Non","Souvent","Jamais","Jamais","Parfois","Oui","Non","Oui","Non","Non","Non","Non","Non","Oui","Non","Non","Non","Non","Oui","Oui","Non","Non","Non","Non","Non","oui","oui","non","non","oui","Je ne sais pas","Parfois","Non","Oui","Oui","Oui","Oui","Non","Oui","Non","Oui","Non","Oui","Non","Non","Non","Non","Non","Non","Non","Oui","Oui","Oui","Non","Non","Non","Non","Oui","Jamais","NA","Non","Non","Non","Non","Oui","Non","Non","Non","Non","Non","Oui","Oui","Oui","Non","Oui","Non","Oui","Non","Oui","Non","Non","Oui","Non","Non","Moins de cinq ans","autre","Non","Oui","Non","Non","Non","CDD","Non","Non","Oui","Non","Non","Non","Non","Non","Non","histoire","Une femme","Non","Non","Non","Oui","Non","Oui","Non","Non","Non","Oui","Non","Oui","Non","Non","Non","moins","moins","moins","moins","moins","moins","moins","moins","NA","NA","moins","moins","moins","moins","Oui","Non","Oui","Non","Non","Oui","Non","Oui","Oui","Non","Non","Oui","Oui","Oui","Non","2a5","Oui","Oui","Non","Non","Non","Non","Non","Non","Non","Non","Oui","MacOS","Oui","Non","Non","Non","Oui","Non","Non","Non","Non","Non","Non","Oui","Non","Non","Non","Non","Non","Non","Oui","Non","Non","Non","Oui","Non","Oui","Oui","Non","Non","Oui","Non","Non"
361,5,2,"Non","Non","Non","Non","Non","Non","Non","Non","Oui","Non","Oui","Non","Non","Tout à fait","Oui","Oui","Non","Oui","Non","Non","Non","Parfois","Toujours","Parfois","Souvent","Non","Non","Oui","Non","Non","Non","Non","Non","Non","Oui","Non","Non","Non","Non","Non","Oui","Non","Non","Non","Non","non","non","oui","non","oui","Oui","Souvent","Oui","Oui","Oui","Oui","Oui","Oui","Oui","Oui","Non","Non","Non","Non","Oui","Oui","Non","Non","Non","Non","Oui","Non","Non","Non","Oui","Non","Non","Oui","Souvent","tressat","Non","Non","Oui","Non","Non","Non","Non","Non","Non","Non","Non","Oui","Non","Non","Non","Non","Non","Non","Oui","Non","Non","Non","Oui","Non","Plus de dix ans","CNRS","Oui","Non","Non","Non","Non","fonct","Non","Non","Oui","Non","Non","Non","Non","Non","Non","histoire","Un homme","Non","Non","Non","Oui","Non","Oui","Oui","Non","Non","Oui","Non","Non","Non","Oui","Non","moins","plus","NA","moins","moins","moins","moins","NA","moins","NA","moins","NA","NA","moins","Non","Non","Oui","Non","Oui","Oui","Non","Oui","Oui","Oui","Non","Oui","Oui","Non","Non","11plus","Oui","Oui","Oui","Non","Oui","Non","Non","Non","Non","Non","Oui","Windows","Oui","Non","Oui","Oui","Non","Non","Non","Oui","Non","Non","Oui","Oui","Oui","Non","Non","Non","Non","Non","Oui","Non","Non","Oui","Non","Non","Oui","Non","Non","Non","Oui","Non","Non"
414,3,2,"Oui","Oui","Non","Non","Non","Non","Non","Oui","Oui","Non","Oui","Oui","Non","Assez","Oui","Non","Oui","Oui","Oui","Non","Oui","Non applicable","Parfois","Jamais","Souvent","Oui","Non","Oui","Non","Non","Non","Non","Non","Non","Non","Non","Oui","Non","Non","Oui","Non","Non","Non","Non","Non","oui","non","oui","oui","non","Je ne sais pas","Parfois","Oui","Non","Non","Oui","Oui","Non","Oui","Non","Oui","Non","Non","Non","Oui","Non","Non","Non","Non","Non","Non","Oui","Non","Non","Non","Non","Non","Oui","Parfois","nini","Oui","Oui","Non","Oui","Oui","Non","Non","Non","Oui","Oui","Oui","Oui","Oui","Non","Non","Non","Non","Non","Oui","Non","Non","Non","Non","Non","Plus de dix ans","Université","Oui","Non","Non","Non","Non","fonct","Non","Non","Oui","Non","Non","Non","Non","Non","Non","histoire","Une femme","Non","Non","Non","Oui","Non","Oui","Non","Non","Non","Oui","Non","Oui","Non","Non","Non","plus","moins","moins","moins","moins","moins","moins","moins","moins","moins","moins","moins","moins","moins","Oui","Non","Non","Non","Non","Oui","Non","Oui","Oui","Non","Non","Non","Non","Oui","Oui","6a10","Oui","Non","Oui","Non","Non","Non","Non","Non","Non","Non","Non","MacOS","Oui","Non","Non","Non","Non","Non","Non","Oui","Non","Non","Oui","Non","Oui","Non","Non","Non","Non","Non","Non","Non","Non","Non","Non","Non","Non","Non","Non","Non","Oui","Non","Non"
470,2,2,"Oui","Non","Non","Oui","Non","Non","Oui","Oui","Oui","Non","Oui","Oui","Non","Assez","Non","Non","Non","Non","Non","Non","Non","Parfois","Jamais","Jamais","Jamais","Non","Non","Non","Non","Oui","Non","Non","Non","Non","Non","Non","Non","Non","Non","Non","Non","Non","Non","Non","Oui","oui","non","oui","oui","non","Non","Jamais","Oui","Oui","Non","Non","Non","Non","Oui","Oui","Non","Non","Non","Non","Non","Non","Non","Non","Non","Non","Non","Oui","Oui","Non","Non","Non","Non","Oui","Parfois","insatisfait","Non","Non","Oui","Oui","Non","Non","Non","Non","Non","Non","Oui","Non","Non","Non","Non","Non","Oui","Non","Non","Non","Non","Non","Non","Non","Plus de dix ans","autre","Oui","Non","Non","Non","Non","fonct","Non","Oui","Oui","Non","Non","Non","Non","Non","Non","histoire","Un homme","Non","Non","Oui","Oui","Oui","Oui","Oui","Non","Non","Oui","Non","Oui","Non","Non","Non","moins","NA","moins","moins","moins","moins","moins","moins","moins","moins","moins","moins","moins","moins","Oui","Non","Oui","Non","Oui","Oui","Oui","Oui","Oui","Non","Non","Non","Non","Oui","Oui","2a5","Oui","Oui","Oui","Non","Non","Non","Non","Non","Non","Non","Non","MacOS","Oui","Non","Non","Non","Oui","Non","Non","Oui","Non","Non","Non","Non","Non","Non","Non","Non","Non","Non","Non","Non","Oui","Oui","Non","Non","Oui","Non","Non","Non","Non","Non","Non"
471,3,2,"Oui","Non","Non","Oui","Non","Non","Non","Non","Oui","Non","Oui","Oui","Non","Assez","Oui","Oui","Non","Non","Non","Non","Non","Parfois","Jamais","Jamais","Parfois","Non","Non","Non","Non","Oui","Non","Oui","Oui","Oui","Non","Non","Non","Oui","Oui","Oui","Non","Oui","Non","Non","Non","oui","non","oui","oui","non","Non","Parfois","Non","Non","Oui","Oui","Oui","Non","Oui","Non","Oui","Non","Non","Non","Non","Non","Non","Non","Non","Non","Oui","Oui","Oui","Non","Non","Non","Non","Oui","Parfois","plutotsat","Non","Non","Non","Oui","Non","Non","Non","Non","Non","Non","Oui","Oui","Oui","Non","Non","Non","Oui","Non","Non","Non","Non","Non","Non","Non","Plus de dix ans","Université","Oui","Non","Non","Non","Non","fonct","Non","Non","Oui","Non","Non","Non","Non","Non","Non","histoire","Un homme","Non","Non","Oui","Non","Non","Oui","Non","Non","Non","Oui","Non","Oui","Non","Non","Non","moins","NA","NA","moins","moins","moins","NA","NA","moins","moins","NA","NA","moins","NA","Non","Non","Non","Non","Non","Non","Non","Oui","Oui","Non","Non","Non","Non","Oui","Non","11plus","Oui","Oui","Non","Non","Non","Non","Non","Non","Non","Non","Non","Windows","Oui","Non","Non","Non","Non","Non","Non","Non","Non","Non","Oui","Oui","Oui","Non","Non","Non","Non","Non","Non","Non","Non","Oui","Oui","Oui","Oui","Non","Non","Non","Non","Non","Non"
556,4,2,"Non","Non","Non","Oui","Non","Non","Oui","Non","Oui","Non","Oui","Non","Non","Assez","Non","Non","Oui","Non","Oui","Non","Oui","Souvent","Non applicable","Non applicable","Non applicable","Non","Non","Non","Non","Oui","Non","Non","Oui","Non","Non","Non","Non","Non","Non","Non","Non","Non","Non","Non","Non","non","oui","oui","non","non","Oui","Souvent","Non","Non","Non","Non","Oui","Non","Non","Oui","Oui","Non","Non","Non","Non","Non","Non","Non","Non","Non","Non","Oui","Oui","Non","Non","Non","Non","Oui","Jamais","nini","Oui","Oui","Non","Oui","Non","Non","Non","Non","Non","Oui","Non","Non","Oui","Non","Oui","Non","Oui","Non","Oui","Non","Non","Non","Non","Non","Cinq à dix ans","autre","Oui","Non","Non","Non","Non","fonct","Oui","Non","Oui","Non","Non","Non","Non","Non","Non","histoire","Un homme","Non","Non","Non","Oui","Oui","Oui","Non","Non","Non","Oui","Non","Oui","Non","Non","Non","moins","NA","NA","moins","moins","plus","NA","NA","NA","NA","moins","moins","NA","NA","Non","Non","Oui","Oui","Oui","Non","Non","Oui","Oui","Non","Non","Non","Oui","Non","Non","2a5","Oui","Non","Oui","Non","Non","Non","Non","Non","Non","Non","Non","Windows","Oui","Non","Non","Non","Oui","Non","Non","Non","Non","Non","Oui","Oui","Non","Non","Non","Non","Non","Non","Oui","Non","Non","Non","Non","Non","Oui","Non","Non","Non","Oui","Non","Non"
570,3,2,"Oui","Oui","Non","Oui","Non","Non","Non","Non","Non","Non","Oui","Non","Non","Peu","Non","Non","Oui","Non","Non","Non","Oui","Souvent","Parfois","NA","NA","Non","Non","Non","Non","Oui","Non","Non","Oui","Oui","Non","Non","Non","Non","Oui","Non","Non","Non","Non","Non","Non","oui","non","non","non","oui","Je ne sais pas","Parfois","Oui","Non","Non","Non","Oui","Non","Oui","Non","Oui","Non","Non","Non","Non","Non","Non","Oui","Non","Non","Non","Oui","Non","Non","Non","Non","Non","Oui","Parfois","nini","Non","Oui","Non","Non","Non","Non","Non","Non","Oui","Oui","Oui","Oui","Non","Oui","Non","Non","Oui","Non","Oui","Non","Non","Non","Oui","Non","Cinq à dix ans","Université","Oui","Non","Non","Non","Non","fonct","Non","Non","Oui","Non","Non","Non","Non","Non","Non","histoire","Une femme","Non","Non","Oui","Non","Non","Oui","Non","Non","Non","Non","Non","Oui","Non","Non","Non","plus","moins","moins","NA","NA","plus","NA","NA","plus","NA","NA","plus","NA","NA","Oui","Non","Oui","Non","Non","Oui","Non","Oui","Oui","Non","Non","Non","Non","Oui","Non","2a5","Oui","Oui","Non","Non","Non","Non","Non","Non","Non","Non","Non","Windows","Non","Non","Non","Non","Non","Non","Non","Non","Non","Oui","Non","Non","Non","Non","Non","Non","Non","Non","Non","Non","Oui","Oui","Non","Non","Oui","Non","Non","Non","Non","Non","Non"
585,2,2,"Non","Non","Non","Oui","Non","Non","Non","Non","Non","Non","Non","Non","Non","Assez","Non","Non","Non","Oui","Non","Non","Non","Parfois","Jamais","Jamais","Jamais","Non","Non","Non","Non","Oui","Non","Non","Oui","Non","Non","Non","Non","Non","Non","Non","Non","Non","Non","Non","Oui","non","non","oui","non","non","Non","Parfois","Non","Non","Non","Oui","Non","Oui","Oui","Non","Non","Non","Non","Non","Non","Non","Non","Non","Non","Non","Non","Non","Oui","Non","Non","Non","Non","Oui","Jamais","NA","Non","Non","Oui","Non","Non","Non","Non","Non","Non","Non","Non","Oui","Oui","Non","Non","Non","Oui","Non","Oui","Non","Non","Oui","Non","Non","Cinq à dix ans","autre","Non","Oui","Non","Non","Non","fonct","Non","Non","Oui","Non","Non","Non","Non","Non","Non","histoire","Une femme","Non","Non","Non","Oui","Non","Oui","Non","Non","Non","Non","Non","Oui","Non","Non","Non","moins","NA","moins","NA","moins","moins","NA","NA","NA","NA","NA","NA","moins","NA","Non","Non","Non","Non","Non","Oui","Non","Oui","Oui","Non","Non","Non","Non","Non","Non","2a5","Oui","Oui","Non","Non","Non","Non","Non","Non","Non","Non","Non","Windows","Oui","Non","Non","Non","Non","Non","Non","Non","Non","Non","Non","Non","Non","Non","Non","Non","Non","Non","Non","Non","Oui","Non","Non","Non","Non","Non","Non","Non","Oui","Non","Non"
590,3,2,"Oui","Non","Non","Oui","Non","Non","Oui","Non","Oui","Non","Non","Non","Non","Assez","Oui","Non","Non","Oui","Non","Non","Oui","Souvent","Parfois","Jamais","Parfois","Oui","Non","Oui","Non","Non","Non","Non","Non","Oui","Non","Non","Oui","Non","Oui","Non","Non","Non","Non","Non","Non","non","oui","oui","non","non","Non","Parfois","Oui","Oui","Non","Non","Non","Non","Oui","Oui","Oui","Non","Non","Non","Non","Non","Non","Non","Non","Non","Non","Oui","Non","Non","Non","Non","Non","Oui","Jamais","nini","Non","Non","Non","Oui","Oui","Non","Non","Non","Non","Non","Oui","Non","Oui","Non","Oui","Non","Oui","Non","Non","Non","Non","Oui","Oui","Non","Plus de dix ans","CNRS","Oui","Non","Non","Non","Non","fonct","Non","Non","Oui","Non","Non","Non","Non","Non","Non","histoire","Une femme","Non","Non","Oui","Oui","Non","Oui","Non","Non","Non","Oui","Oui","Oui","Non","Non","Non","moins","moins","moins","NA","moins","moins","moins","NA","NA","NA","NA","NA","moins","NA","Oui","Non","Oui","Non","Non","Oui","Non","Oui","Oui","Non","Non","Non","Oui","Oui","Non","2a5","Oui","Oui","Non","Non","Oui","Non","Non","Non","Non","Oui","Oui","Windows","Oui","Non","Oui","Non","Non","Non","Non","Non","Non","Non","Oui","Non","Non","Non","Non","Non","Non","Non","Non","Non","Non","Non","Non","Non","Non","Non","Non","Non","Non","Non","Oui"
623,2,2,"Oui","Non","Non","Oui","Non","Non","Non","Non","Oui","Non","Non","Non","Non","Assez","Oui","Oui","Non","Non","Oui","Non","Non","Parfois","Jamais","Parfois","Jamais","Non","Non","Oui","Non","Non","Non","Non","Oui","Non","Non","Non","Non","Non","Non","Non","Non","Non","Non","Non","Non","oui","oui","non","non","non","Je ne sais pas","Parfois","Non","Non","Non","Non","Oui","Non","Oui","Non","Oui","Non","Non","Non","Oui","Non","Non","Non","Non","Non","Non","Oui","Oui","Non","Non","Non","Non","Oui","Parfois","nini","Non","Non","Oui","Non","Oui","Non","Non","Non","Oui","Non","Non","Oui","Non","Non","Non","Non","Oui","Non","Oui","Non","Non","Non","Non","Non","Cinq à dix ans","NA","Non","Oui","Non","Non","Non","CDD","Non","Non","Oui","Non","Non","Non","Non","Non","Non","histoire","Un homme","Non","Non","Oui","Oui","Non","Oui","Oui","Non","Non","Oui","Non","Oui","Non","Non","Non","moins","NA","NA","moins","NA","plus","NA","NA","NA","NA","NA","NA","NA","NA","Oui","Non","Non","Non","Oui","Oui","Non","Oui","Oui","Non","Non","Non","Non","Oui","Oui","2a5","Non","Oui","Non","Non","Non","Non","Non","Non","Non","Non","Non","Windows","Oui","Non","Non","Non","Non","Non","Non","Non","Non","Non","Non","Oui","Non","Non","Non","Non","Non","Non","Non","Non","Non","Oui","Oui","Oui","Oui","Non","Non","Non","Non","Non","Non"
728,1,2,"Oui","Non","Non","Non","Non","Non","Oui","Oui","Oui","Non","Oui","Oui","Non","Peu","Oui","Non","Non","Non","Oui","Non","Oui","NA","NA","Toujours","NA","Non","Non","Non","Non","Oui","Non","Non","Non","Non","Non","Non","Non","Oui","Non","Non","Non","Non","Oui","Non","Non","non","oui","non","oui","non","Oui","Parfois","Non","Non","Oui","Oui","Non","Oui","Non","Non","Oui","Non","Non","Non","Non","Non","Oui","Non","Non","Non","Non","Non","Non","Non","Non","Non","Oui","Oui","Jamais","NA","Non","Non","Non","Non","Non","Non","Non","Oui","Non","Non","Non","Non","Non","Non","Non","Oui","Non","Non","Oui","Non","Non","Non","Non","Non","Plus de dix ans","école","Oui","Non","Non","Non","Non","fonct","Non","Non","Oui","Non","Non","Non","Non","Non","Non","histoire","Une femme","Non","Non","Non","Oui","Oui","Oui","Oui","Non","Non","Oui","Non","Non","Non","Non","Oui","moins","moins","moins","moins","moins","moins","NA","moins","moins","moins","moins","NA","NA","NA","Non","Non","Non","Non","Oui","Non","Oui","Oui","Non","Oui","Non","Non","Non","Non","Non","2a5","Oui","Non","Oui","Non","Non","Non","Non","Oui","Non","Non","Non","Windows","Oui","Non","Oui","Oui","Non","Non","Non","Non","Non","Non","Oui","Oui","Non","Non","Non","Non","Non","Non","Non","Non","Non","Oui","Non","Oui","Non","Non","Non","Non","Non","Non","Non"
888,5,2,"Oui","Non","Non","Oui","Non","Non","Oui","Non","Oui","Non","Oui","Oui","Non","Assez","Non","Oui","Oui","Non","Oui","Non","Non","Toujours","Jamais","Toujours","Toujours","Oui","Non","Non","Non","Oui","Non","Non","Oui","Oui","Non","Oui","Non","Oui","Non","Non","Non","Non","Oui","Non","Non","oui","oui","non","oui","non","Oui","Souvent","Non","Oui","Oui","Oui","Non","Non","Oui","Oui","Oui","Non","Non","Oui","Non","Oui","Oui","Non","Non","Non","Oui","Oui","Oui","Oui","Non","Oui","Non","Oui","Jamais","tressat","Oui","Non","Oui","Oui","Non","Non","Non","Non","Non","Non","Non","Oui","Oui","Non","Oui","Non","Oui","Oui","Non","Oui","Non","Non","Non","Non","Plus de dix ans","Université","Oui","Non","Non","Non","Non","fonct","Oui","Non","Oui","Non","Oui","Non","Non","Non","Non","histoire","Un homme","Non","Non","Non","Oui","Non","Oui","Oui","Non","Non","Oui","Non","Oui","Non","Non","Non","moins","moins","moins","moins","moins","moins","moins","moins","moins","moins","moins","moins","moins","moins","Non","Non","Non","Non","Oui","Oui","Non","Oui","Oui","Non","Oui","Oui","Non","Oui","Non","2a5","Oui","Non","Oui","Non","Non","Non","Non","Non","Non","Non","Oui","MacOS","Oui","Non","Non","Non","Oui","Non","Non","Oui","Non","Non","Oui","Oui","Oui","Non","Non","Oui","Non","Oui","Oui","Non","Non","Oui","Non","Non","Oui","Non","Non","Non","Oui","Oui","Non"
1007,3,2,"Oui","Non","Non","Oui","Oui","Non","Non","Non","Non","Non","Non","Non","Non","Assez","Oui","Non","Oui","Non","Oui","Non","Oui","Souvent","Parfois","Jamais","NA","Oui","Non","Non","Non","Non","Non","Non","Oui","Oui","Non","Non","Oui","Non","Non","Non","Non","Non","Non","Non","Non","oui","non","oui","oui","non","Oui","Parfois","Non","Non","Non","Oui","Non","Non","Oui","Non","Non","Non","Oui","Non","Non","Non","Non","Non","Non","Non","Non","Oui","Oui","Non","Oui","Non","Non","Oui","Parfois","plutotsat","Non","Oui","Non","Non","Non","Oui","Non","Non","Oui","Oui","Non","Non","Non","Non","Oui","Non","Oui","Oui","Non","Oui","Non","Non","Non","Non","Plus de dix ans","Université","Oui","Non","Non","Non","Non","fonct","Non","Non","Oui","Non","Non","Non","Non","Non","Non","histoire","Une femme","Non","Non","Non","Oui","Non","Oui","Non","Non","Non","Oui","Non","Oui","Non","Non","Non","moins","moins","moins","NA","NA","moins","NA","moins","moins","moins","NA","moins","moins","NA","Non","Non","Oui","Non","Non","Oui","Oui","Oui","Oui","Non","Non","Non","Non","Non","Oui","2a5","Oui","Oui","Non","Non","Oui","Non","Non","Non","Non","Non","Non","Windows","Oui","Non","Non","Non","Non","Non","Non","Non","Non","Non","Oui","Oui","Non","Non","Non","Non","Oui","Non","Non","Non","Non","Oui","Non","Oui","Non","Non","Oui","Non","Non","Non","Non"
1149,3,2,"Oui","Non","Non","Oui","Non","Non","Oui","Non","Oui","Non","Non","Non","Non","Assez","Non","Non","Non","Oui","Non","Non","Non","NA","NA","NA","NA","Non","Non","Non","Non","Oui","Non","Non","Non","Oui","Non","Non","Non","Non","Non","Non","Non","Non","Non","Oui","Non","oui","oui","non","oui","non","Je ne sais pas","Toujours","Oui","Oui","Oui","Non","Oui","Oui","Oui","Non","Oui","Non","Non","Non","Non","Non","Non","Non","Non","Non","Non","Non","Non","Non","Non","Non","Oui","Non","NA","NA","Oui","Non","Oui","Non","Oui","Oui","Oui","Non","Non","Oui","Oui","Oui","Oui","Oui","Oui","Non","Oui","Oui","Oui","Oui","Non","Oui","Oui","Non","Moins de cinq ans","Université","Non","Non","Non","Non","Non","CDI","Non","Non","Oui","Non","Non","Non","Non","Non","Non","histoire","Un homme","Non","Non","Non","Oui","Non","Non","Non","Non","Non","Oui","Non","Non","Non","Non","Non","NA","NA","NA","NA","NA","NA","NA","NA","NA","NA","plus","NA","NA","NA","Oui","Non","Oui","Oui","Oui","Oui","Oui","Oui","Oui","Oui","Non","Non","Non","Non","Oui","2a5","Oui","Non","Non","Non","Non","Non","Non","Non","Non","Non","Non","Windows","Oui","Non","Non","Non","Oui","Oui","Non","Non","Non","Non","Oui","Non","Non","Non","Non","Non","Non","Non","Non","Non","Non","Non","Non","Non","Non","Non","Non","Non","Oui","Oui","Non"
1162,3,2,"Oui","Non","Non","Oui","Non","Oui","Non","Non","Oui","Non","Oui","Non","Non","Peu","Oui","Non","Oui","Oui","Non","Non","Non","Souvent","NA","NA","NA","Non","Non","Non","Non","Oui","Non","Non","Oui","Non","Non","Non","Non","Non","Non","Non","Non","Non","Non","Non","Non","non","oui","oui","oui","non","Oui","Souvent","Oui","Oui","Oui","Oui","Oui","Oui","Non","Oui","Oui","Non","Non","Non","Non","Non","Non","Non","Non","Non","Oui","Non","Oui","Non","Non","Non","Non","Oui","Parfois","plutotsat","Non","Non","Non","Oui","Oui","Non","Non","Non","Non","Non","Oui","Non","Non","Non","Non","Non","Non","Oui","Oui","Non","Non","Oui","Non","Non","Plus de dix ans","Université","Oui","Non","Non","Non","Non","fonct","Non","Non","Oui","Non","Non","Non","Non","Non","Non","histoire","Une femme","Non","Non","Non","Non","Oui","Oui","Oui","Non","Non","Oui","Non","Oui","Non","Non","Non","NA","NA","NA","NA","NA","NA","NA","NA","NA","NA","NA","NA","NA","NA","Non","Non","Oui","Oui","Non","Oui","Oui","Oui","Oui","Non","Non","Non","Oui","Oui","Non","2a5","Oui","Non","Oui","Non","Non","Non","Non","Non","Non","Non","Non","Windows","Oui","Non","Non","Oui","Non","Oui","Non","Non","Non","Non","Oui","Oui","Non","Non","Non","Non","Oui","Non","Oui","Non","Non","Non","Non","Non","Oui","Non","Non","Non","Oui","Non","Non"
35,3,2,"Oui","Oui","Non","Oui","Oui","Non","Non","Non","Oui","Non","Oui","Non","Non","Tout à fait","Oui","Oui","Oui","Oui","Oui","Non","Oui","Jamais","NA","NA","NA","Non","Non","Non","Non","Oui","Non","Oui","Oui","Oui","Non","Non","Non","Oui","Oui","Oui","Non","Oui","Non","Non","Non","oui","non","oui","oui","non","Oui","Souvent","Oui","Oui","Oui","Oui","Oui","Oui","Oui","Non","Oui","Oui","Non","Non","Non","Non","Non","Oui","Non","Non","Non","Oui","Oui","Non","Non","Non","Non","Oui","Parfois","plutotsat","Non","Oui","Non","Non","Non","Non","Non","Non","Non","Oui","Non","Oui","Oui","Non","Oui","Non","Oui","Non","Non","Non","Non","Non","Non","Non","Plus de dix ans","Université","Oui","Non","Non","Non","Non","fonct","Non","Non","Oui","Non","Non","Non","Non","Non","Non","linguistique","Une femme","Non","Non","Oui","Oui","Oui","Oui","Oui","Non","Non","Oui","Non","Oui","Non","Non","Oui","moins","NA","NA","NA","NA","plus","moins","NA","moins","NA","moins","moins","NA","moins","Oui","Non","Oui","Non","Oui","Oui","Oui","Non","Oui","Non","Oui","Non","Non","Oui","Oui","2a5","Oui","Non","Oui","Non","Non","Non","Non","Non","Non","Non","Non","Windows","Oui","Non","Oui","Non","Non","Non","Non","Oui","Non","Non","Oui","Oui","Oui","Oui","Non","Oui","Non","Oui","Oui","Non","Non","Non","Non","Oui","Oui","Non","Non","Non","Oui","Non","Non"
233,3,2,"Oui","Non","Non","Oui","Oui","Non","Non","Non","Non","Non","Non","Non","Non","Assez","Oui","Non","Non","Non","Oui","Non","Oui","Parfois","Jamais","Parfois","Parfois","Oui","Non","Non","Non","Non","Non","Non","Oui","Oui","Non","Non","Oui","Oui","Non","Non","Non","Non","Non","Non","Non","non","non","non","oui","non","Oui","Souvent","Non","Non","Non","Oui","Non","Non","Oui","Non","Oui","Non","Non","Non","Non","Non","Non","Non","Non","Non","Non","Oui","Non","Non","Non","Non","Non","Non","NA","NA","Non","Non","Non","Non","Non","Non","Non","Oui","Non","Non","Non","Oui","Non","Non","Oui","Non","Non","Non","Oui","Non","Non","Non","Non","Non","Cinq à dix ans","Université","Non","Oui","Non","Non","Non","CDD","Non","Non","Oui","Non","Non","Non","Non","Non","Non","linguistique","Une femme","Non","Non","Non","Oui","Oui","Oui","Non","Non","Non","Oui","Oui","Oui","Non","Non","Non","moins","NA","moins","moins","moins","plus","moins","NA","moins","moins","NA","moins","NA","NA","Oui","Non","Oui","Non","Oui","Oui","Non","Non","Oui","Non","Non","Non","Oui","Oui","Non","2a5","Oui","Oui","Oui","Non","Non","Non","Non","Non","Non","Non","Oui","Windows","Oui","Non","Non","Oui","Non","Non","Non","Non","Non","Non","Non","Oui","Non","Non","Non","Non","Oui","Non","Oui","Non","Non","Oui","Non","Non","Oui","Non","Non","Non","Non","Non","Non"
495,5,2,"Oui","Non","Non","Oui","Non","Oui","Non","Non","Non","Non","Non","Non","Non","Tout à fait","Non","Oui","Oui","Non","Oui","Non","Oui","Jamais","Parfois","Souvent","Parfois","Non","Non","Non","Non","Oui","Non","Non","Non","Non","Non","Non","Non","Oui","Non","Non","Non","Non","Oui","Non","Non","oui","oui","non","non","non","Oui","Souvent","Non","Oui","Oui","Non","Oui","Non","Non","Non","Non","Non","Oui","Oui","Oui","Non","Oui","Non","Non","Non","Non","Oui","Oui","Oui","Oui","Oui","Non","Non","NA","NA","Non","Non","Non","Non","Non","Non","Non","Oui","Oui","Oui","Oui","Non","Non","Non","Non","Non","Non","Non","Oui","Non","Non","Oui","Non","Non","Cinq à dix ans","école","Non","Non","Oui","Non","Non","fonct","Non","Non","Oui","Non","Non","Non","Non","Non","Non","linguistique","Un homme","Non","Non","Non","Non","Oui","Non","Oui","Non","Non","Non","Non","Non","Non","Non","Oui","NA","NA","NA","NA","NA","NA","NA","NA","NA","NA","NA","NA","NA","NA","Non","Non","Oui","Non","Non","Non","Non","Oui","Oui","Non","Oui","Non","Oui","Non","Non","2a5","Oui","Oui","Oui","Oui","Non","Non","Non","Non","Non","Non","Non","LinuxUnix","Oui","Non","Non","Oui","Oui","Oui","Non","Oui","Non","Non","Non","Non","Non","Non","Non","Non","Non","Non","Non","Non","Oui","Oui","Non","Non","Non","Non","Non","Non","Non","Non","Non"
617,3,2,"Oui","Non","Non","Oui","Oui","Non","Oui","Non","Oui","Non","Non","Non","Non","Assez","Oui","Non","Oui","Oui","Non","Non","Oui","Parfois","Souvent","Jamais","Non applicable","Non","Non","Non","Non","Oui","Non","Oui","Non","Oui","Non","Non","Non","Non","Oui","Non","Non","Non","Non","Non","Non","oui","oui","non","oui","oui","Oui","Parfois","Non","Oui","Oui","Oui","Non","Non","Oui","Non","Oui","Non","Non","Non","Non","Non","Non","Non","Non","Non","Oui","Oui","Non","Non","Non","Non","Non","Oui","Parfois","plutotsat","Non","Non","Non","Oui","Non","Non","Non","Non","Non","Non","Oui","Non","Non","Oui","Oui","Non","Oui","Non","Non","Non","Oui","Oui","Non","Non","Moins de cinq ans","Université","Non","Non","Non","Non","Non","doct","Non","Non","Oui","Non","Non","Non","Non","Non","Non","linguistique","Une femme","Non","Non","Oui","Oui","Oui","Non","Non","Non","Non","Oui","Non","Oui","Non","Non","Oui","moins","moins","moins","moins","moins","moins","moins","moins","moins","moins","plus","moins","moins","moins","Oui","Non","Oui","Non","Oui","Oui","Non","Oui","Oui","Non","Oui","Non","Oui","Oui","Non","2a5","Oui","Oui","Non","Non","Non","Non","Non","Non","Non","Non","Non","MacOS","Oui","Non","Non","Non","Non","Non","Non","Non","Non","Non","Oui","Oui","Non","Non","Non","Non","Oui","Non","Non","Non","Non","Non","Non","Oui","Oui","Non","Non","Non","Oui","Non","Non"
701,5,2,"Oui","Non","Non","Non","Non","Non","Non","Oui","Oui","Non","Oui","Oui","Non","Assez","Non","Non","Oui","Oui","Oui","Non","Oui","Souvent","Parfois","Jamais","Jamais","Non","Oui","Non","Non","Non","Non","Non","Non","Non","Oui","Non","Non","Non","Non","Oui","Non","Non","Oui","Non","Non","non","non","non","non","non","Oui","Parfois","Non","Oui","Oui","Oui","Oui","Non","Non","Oui","Oui","Non","Non","Oui","Oui","Non","Non","Non","Non","Non","Oui","Oui","Oui","Oui","Non","Non","Non","Oui","Parfois","plutotsat","Oui","Oui","Non","Oui","Non","Non","Non","Non","Non","Oui","Non","Oui","Non","Non","Non","Non","Oui","Non","Oui","Non","Non","Non","Non","Non","Plus de dix ans","Université","Non","Non","Oui","Non","Non","fonct","Non","Non","Oui","Non","Non","Non","Non","Non","Non","linguistique","Une femme","Non","Non","Oui","Oui","Oui","Oui","Non","Non","Non","Oui","Non","Oui","Oui","Oui","Oui","moins","NA","NA","moins","moins","moins","NA","NA","moins","moins","moins","NA","NA","NA","Oui","Non","Non","Non","Non","Oui","Non","Non","Oui","Non","Oui","Oui","Oui","Oui","Non","6a10","Oui","Oui","Oui","Non","Non","Non","Non","Non","Non","Non","Non","Windows","Oui","Non","Non","Non","Non","Non","Non","Oui","Non","Non","Oui","Oui","Oui","Non","Non","Oui","Non","Oui","Oui","Oui","Non","Oui","Non","Non","Oui","Oui","Non","Non","Oui","Non","Non"
770,5,2,"Oui","Oui","Non","Non","Non","Non","Non","Oui","Oui","Non","Oui","Oui","Non","Assez","Non","Non","Oui","Oui","Oui","Non","Non","Parfois","Jamais","Jamais","Souvent","Oui","Non","Oui","Non","Non","Non","Non","Non","Non","Non","Non","Oui","Oui","Non","Non","Non","Non","Oui","Non","Non","oui","non","non","non","non","Oui","Toujours","Non","Non","Oui","Non","Oui","Non","Non","Oui","Non","Non","Oui","Non","Non","Non","Non","Oui","Non","Non","Non","Oui","Non","Non","Oui","Non","Non","Oui","Souvent","NA","Non","Non","Non","Non","Non","Non","Non","Oui","Non","Non","Oui","Non","Non","Non","Non","Non","Non","Non","Oui","Non","Non","Non","Non","Non","Plus de dix ans","Université","Oui","Non","Non","Non","Non","fonct","Non","Oui","Oui","Non","Non","Non","Non","Non","Non","linguistique","Une femme","Non","Non","Non","Non","Oui","Non","Non","Non","Non","Non","Non","Oui","Oui","Non","Non","moins","NA","NA","moins","NA","plus","moins","moins","moins","NA","NA","moins","NA","moins","Non","Non","Oui","Non","Oui","Non","Non","Non","Oui","Oui","Oui","Oui","Oui","Non","Non","2a5","Oui","Oui","Non","Non","Non","Non","Non","Non","Non","Non","Non","Windows","Oui","Non","Non","Non","Non","Non","Non","Oui","Non","Non","Non","Non","Non","Non","Non","Non","Non","Oui","Oui","Oui","Non","Non","Non","Oui","Oui","Non","Non","Non","Oui","Non","Non"
926,2,2,"Oui","Non","Non","Non","Non","Non","Non","Non","Oui","Non","Oui","Oui","Non","Peu","Oui","Non","Non","Oui","Non","Non","Oui","Parfois","Jamais","Jamais","Jamais","Non","Non","Non","Non","Oui","Non","Oui","Oui","Oui","Non","Non","Non","Non","Non","Non","Non","Non","Non","Non","Non","oui","non","non","non","non","Oui","Non applicable","Non","Oui","Non","Non","Non","Non","Oui","Non","Non","Oui","Non","Non","Non","Non","Non","Non","Non","Non","Non","Oui","Oui","Non","Oui","Non","Non","Non applicable","NA","NA","Non","Oui","Non","Non","Non","Non","Non","Non","Non","Oui","Oui","Non","Non","Non","Non","Non","Non","Non","Non","Non","Non","Non","Oui","Non","Plus de dix ans","Université","Oui","Non","Non","Non","Non","fonct","Non","Non","Oui","Non","Non","Non","Non","Non","Non","linguistique","Une femme","Non","Non","Non","Oui","Non","Oui","Non","Non","Non","Oui","Non","Oui","Non","Non","Non","NA","NA","moins","NA","NA","plus","plus","NA","NA","moins","NA","NA","moins","moins","Non","Non","Oui","Oui","Non","Non","Oui","Oui","Oui","Non","Oui","Non","Non","Oui","Non","6a10","Oui","Non","Oui","Non","Non","Non","Oui","Non","Non","Non","Non","Windows","Oui","Non","Non","Non","Non","Non","Non","Non","Non","Non","Non","Non","Non","Non","Non","Non","Non","Non","Non","Non","Oui","Oui","Non","Non","Oui","Non","Non","Non","Oui","Non","Non"
972,5,2,"Oui","Oui","Non","Non","Non","Non","Non","Oui","Oui","Non","Non","Non","Non","Assez","Non","Non","Oui","Oui","Oui","Non","Oui","Souvent","Souvent","Parfois","Toujours","Oui","Non","Oui","Non","Non","Non","Non","Oui","Non","Oui","Non","Non","Oui","Oui","Non","Non","Non","Oui","Non","Non","oui","non","non","oui","non","Oui","Toujours","Oui","Oui","Oui","Oui","Oui","Non","Non","Oui","Non","Non","Non","Oui","Oui","Non","Oui","Non","Non","Non","Non","Oui","Oui","Oui","Oui","Non","Non","Non","NA","NA","Non","Oui","Non","Non","Non","Non","Non","Non","Oui","Non","Non","Non","Non","Non","Non","Non","Non","Non","Non","Non","Non","Non","Non","Non","Plus de dix ans","Université","Oui","Non","Non","Non","Non","fonct","Non","Oui","Non","Non","Non","Non","Non","Non","Non","linguistique","Une femme","Non","Non","Non","Non","Oui","Oui","Oui","Non","Non","Non","Non","Oui","Oui","Non","Non","moins","NA","NA","moins","moins","moins","moins","moins","moins","moins","moins","moins","moins","moins","Non","Non","Oui","Non","Non","Non","Oui","Non","Oui","Non","Oui","Oui","Oui","Oui","Non","11plus","Oui","Oui","Non","Non","Non","Non","Non","Non","Non","Non","Oui","LinuxUnix","Oui","Non","Non","Non","Non","Oui","Oui","Oui","Non","Non","Non","Non","Non","Non","Non","Non","Oui","Non","Non","Non","Non","Non","Oui","Non","Non","Non","Non","Non","Oui","Non","Non"
1045,5,2,"Oui","Oui","Non","Oui","Non","Non","Oui","Oui","Oui","Oui","Oui","Oui","Non","Assez","Oui","Oui","Oui","Oui","Oui","Oui","Oui","Souvent","Parfois","NA","NA","Oui","Oui","Oui","Non","Non","Non","Oui","Oui","Oui","Oui","Non","Oui","Oui","Non","Oui","Non","Oui","Oui","Non","Non","oui","oui","non","non","oui","Oui","Souvent","Oui","Oui","Oui","Oui","Oui","Oui","Non","Oui","Oui","Oui","Oui","Oui","Oui","Non","Non","Oui","Non","Non","Oui","Oui","Oui","Oui","Oui","Oui","Non","Oui","Souvent","plutotsat","Non","Oui","Non","Non","Oui","Oui","Oui","Non","Oui","Oui","Oui","Oui","Oui","Oui","Oui","Non","Oui","Oui","Oui","Oui","Non","Non","Non","Non","Plus de dix ans","Université","Oui","Non","Non","Non","Non","fonct","Non","Non","Oui","Non","Non","Non","Non","Non","Non","linguistique","Une femme","Non","Non","Oui","Oui","Oui","Oui","Oui","Non","Oui","Oui","Non","Oui","Non","Non","Oui","moins","NA","moins","moins","moins","plus","moins","moins","moins","moins","moins","moins","moins","moins","Oui","Non","Non","Non","Non","Non","Non","Non","Oui","Oui","Oui","Non","Oui","Oui","Non","11plus","Oui","Oui","Oui","Non","Non","Non","Non","Non","Non","Non","Oui","MacOS","Oui","Non","Non","Non","Non","Non","Non","Non","Non","Non","Oui","Oui","Oui","Non","Non","Non","Non","Non","Non","Non","Non","Oui","Oui","Non","Non","Non","Non","Non","Non","Non","Non"
1064,2,2,"Non","Oui","Non","Non","Non","Non","Non","Non","Non","Non","Non","Non","Non","Assez","Non","Non","Non","Non","Oui","Non","Non","Parfois","Jamais","Jamais","Jamais","Oui","Non","Non","Non","Non","Non","Non","Oui","Non","Non","Non","Non","Non","Oui","Non","Non","Non","Non","Non","Non","non","non","oui","non","non","Non","Jamais","Non","Non","Non","Non","Non","Non","Non","Oui","Oui","Non","Non","Non","Non","Non","Non","Non","Non","Non","Non","Oui","Oui","Non","Non","Non","Non","Non applicable","NA","NA","Non","Non","Non","Non","Non","Non","Non","Oui","Non","Non","Non","Oui","Non","Non","Oui","Non","Oui","Non","Non","Non","Non","Non","Oui","Non","Plus de dix ans","Université","Oui","Non","Non","Non","Non","fonct","Non","Non","Oui","Non","Non","Non","Non","Non","Non","linguistique","Une femme","Non","Non","Oui","Non","Non","Oui","Non","Non","Non","Non","Non","Oui","Non","Non","Oui","moins","moins","moins","moins","moins","moins","moins","moins","moins","moins","moins","moins","moins","moins","Oui","Non","Non","Non","Non","Oui","Non","Oui","Oui","Non","Non","Non","Non","Non","Oui","2a5","Oui","Oui","Non","Non","Non","Non","Non","Non","Non","Non","Oui","Windows","Non","Non","Non","Non","Non","Non","Non","Non","Non","Oui","Non","Non","Non","Non","Non","Non","Non","Non","Non","Non","Oui","Oui","Non","Non","Non","Non","Non","Non","Non","Non","Non"
1086,5,2,"Oui","Non","Non","Oui","Non","Non","Non","Non","Non","Non","Non","Non","Non","Assez","Oui","Oui","Oui","Oui","Oui","Non","Oui","Parfois","Parfois","Parfois","Parfois","Non","Non","Oui","Non","Non","Non","Non","Non","Non","Oui","Non","Oui","Non","Non","Oui","Non","Non","Non","Non","Non","non","non","non","oui","non","Oui","Parfois","Non","Oui","Oui","Oui","Oui","Non","Non","Oui","Oui","Non","Oui","Non","Oui","Non","Non","Non","Non","Non","Non","Oui","Oui","Non","Oui","Non","Non","Oui","Souvent","plutotsat","Non","Oui","Non","Non","Non","Non","Non","Non","Non","Non","Non","Non","Oui","Non","Non","Non","Oui","Oui","Oui","Non","Non","Non","Non","Non","Plus de dix ans","CNRS","Oui","Non","Non","Non","Non","fonct","Non","Non","Oui","Non","Non","Non","Non","Non","Non","linguistique","Une femme","Non","Non","Non","Oui","Oui","Oui","Oui","Non","Non","Non","Non","Non","Non","Non","Non","moins","moins","moins","moins","moins","moins","moins","moins","moins","moins","moins","moins","moins","moins","Non","Non","Oui","Non","Oui","Oui","Non","Oui","Oui","Non","Oui","Non","Oui","Oui","Non","6a10","Oui","Oui","Oui","Non","Non","Non","Non","Non","Non","Non","Non","LinuxUnix","Oui","Non","Non","Oui","Oui","Non","Non","Non","Non","Non","Non","Oui","Oui","Non","Non","Non","Non","Non","Oui","Oui","Non","Oui","Non","Oui","Oui","Non","Non","Non","Oui","Non","Non"
1185,3,2,"Oui","Oui","Non","Oui","Non","Non","Oui","Oui","Oui","Non","Oui","Non","Oui","Tout à fait","Oui","Non","Non","Non","Non","Non","Non","Parfois","Parfois","Souvent","Jamais","Oui","Non","Oui","Non","Non","Non","Non","Oui","Non","Non","Non","Non","Oui","Oui","Non","Non","Non","Non","Non","Non","non","oui","oui","oui","non","Je ne sais pas","Parfois","Non","Non","Oui","Non","Oui","Non","Non","Non","Non","Non","Non","Non","Non","Non","Non","Non","Oui","Non","Non","Oui","Non","Non","Non","Non","Oui","Non applicable","NA","NA","Non","Oui","Non","Non","Non","Non","Non","Non","Oui","Non","Non","Oui","Oui","Non","Oui","Non","Non","Non","Oui","Non","Oui","Non","Non","Non","Plus de dix ans","Université","Oui","Non","Non","Non","Non","fonct","Non","Non","Oui","Non","Non","Non","Non","Non","Non","linguistique","Une femme","Non","Non","Oui","Non","Non","Oui","Non","Non","Non","Oui","Non","Oui","Non","Non","Non","moins","moins","moins","moins","moins","plus","moins","moins","NA","moins","moins","NA","NA","NA","Oui","Non","Oui","Non","Oui","Oui","Non","Oui","Oui","Non","Non","Non","Non","Oui","Non","2a5","Oui","Non","Non","Non","Non","Non","Non","Non","Non","Non","Oui","Windows","Oui","Non","Non","Oui","Non","Non","Non","Non","Non","Non","Oui","Oui","Oui","Non","Non","Non","Oui","Non","Oui","Non","Non","Oui","Non","Non","Oui","Non","Oui","Non","Oui","Non","Non"
14,1,2,"Oui","Non","Non","Non","Oui","Non","Non","Non","Non","Non","Non","Non","Non","Peu","Oui","Non","Non","Non","Oui","Non","Non","Jamais","Parfois","Souvent","Toujours","Non","Oui","Non","Non","Non","Oui","Non","Non","Non","Oui","Non","Non","Non","Non","Non","Non","Non","Non","Oui","Non","oui","oui","non","non","non","Non applicable","Jamais","Non","Non","Oui","Non","Non","Non","Non","Oui","Non","Non","Non","Non","Non","Non","Non","Non","Non","Non","Non","Non","Non","Non","Non","Non","Oui","Non applicable","NA","NA","Non","Non","Non","Non","Oui","Non","Non","Non","Non","Non","Non","Non","Oui","Non","Non","Non","Non","Non","Non","Non","Oui","Non","Non","Non","Moins de cinq ans","NA","Non","Oui","Non","Non","Non","CDI","Non","Non","Oui","Non","Non","Non","Non","Non","Non","NA","Autre","Oui","Non","Non","Non","Non","Oui","Non","Oui","Non","Oui","Non","Non","Non","Non","Non","moins","moins","moins","plus","plus","NA","NA","NA","NA","NA","plus","moins","moins","plus","Oui","Non","Non","Non","Non","Non","Non","Non","Oui","Non","Non","Non","Non","Non","Non","11plus","Oui","Non","Non","Non","Non","Non","Non","Non","Non","Non","Non","LinuxUnix","Non","Non","Oui","Non","Non","Non","Non","Non","Non","Non","Non","Oui","Non","Non","Non","Non","Non","Non","Non","Non","Non","Oui","Non","Non","Non","Non","Non","Non","Non","Non","Non"
15,1,2,"Non","Non","Non","Non","Oui","Non","Non","Non","Non","Non","Non","Non","Non","Pas du tout","Oui","Non","Oui","Non","Oui","Non","Oui","NA","NA","NA","NA","Non","Oui","Non","Non","Non","Non","Non","Non","Non","Oui","Non","Non","Non","Non","Non","Non","Non","Non","Non","Non","non","oui","oui","non","oui","Non","Jamais","Oui","Non","Non","Non","Non","Non","Oui","Non","Non","Non","Non","Non","Non","Non","Non","Non","Non","Oui","Non","Non","Non","Non","Non","Non","Non","Non","NA","NA","Non","Non","Oui","Non","Non","Non","Non","Non","Non","Non","Non","Non","Non","Non","Oui","Non","Oui","Non","Non","Non","Non","Non","Non","Non","Moins de cinq ans","NA","Oui","Non","Non","Non","Non","fonct","Oui","Non","Non","Non","Non","Non","Non","Non","Non","NA","Autre","Oui","Non","Non","Non","Non","Non","Oui","Oui","Non","Non","Non","Non","Non","Non","Non","NA","NA","NA","NA","NA","NA","NA","NA","NA","NA","NA","NA","NA","NA","Non","Oui","Oui","Non","Non","Non","Non","Non","Non","Non","Oui","Non","Non","Non","Non","6a10","Oui","Non","Non","Non","Non","Non","Non","Non","Non","Non","Non","LinuxUnix","Non","Non","Non","Oui","Non","Non","Non","Non","Non","Non","Non","Non","Non","Non","Oui","Non","Non","Non","Non","Non","Non","Non","Oui","Non","Non","Non","Non","Non","Non","Non","Non"
16,1,2,"Non","Oui","Non","Non","Non","Non","Non","Non","Non","Non","Non","Oui","Non","Pas du tout","Non","Non","Non","Non","Non","Oui","Non","NA","NA","NA","NA","Non","Oui","Non","Non","Non","Non","Oui","Non","Non","Non","Non","Non","Non","Non","Non","Non","Non","Non","Non","Non","non","oui","oui","non","non","Non applicable","Jamais","Non","Non","Oui","Non","Non","Non","Non","Non","Oui","Non","Non","Non","Non","Non","Non","Non","Non","Non","Non","Non","Non","Non","Non","Non","Oui","Non","NA","NA","Non","Non","Non","Oui","Non","Non","Non","Non","Oui","Non","Non","Non","Non","Non","Non","Non","Non","Oui","Non","Non","Non","Non","Non","Non","Cinq à dix ans","NA","Oui","Non","Non","Non","Non","CDI","Non","Non","Oui","Non","Non","Non","Non","Non","Non","NA","Un homme","Non","Oui","Non","Non","Non","Non","Non","Non","Non","Non","Oui","Non","Non","Non","Non","NA","NA","NA","NA","NA","NA","NA","NA","NA","NA","NA","NA","NA","NA","Non","Non","Non","Non","Non","Non","Oui","Non","Non","Non","Oui","Non","Non","Non","Non","2a5","Non","Non","Non","Non","Non","Non","Non","Non","Non","Non","Oui","LinuxUnix","Non","Non","Oui","Non","Non","Non","Non","Non","Non","Non","Non","Non","Non","Non","Non","Non","Non","Non","Non","Non","Oui","Non","Non","Non","Non","Non","Oui","Non","Non","Non","Non"
50,3,2,"Non","Non","Non","Oui","Non","Non","Oui","Oui","Oui","Non","Oui","Non","Non","Assez","Non","Non","Oui","Non","Oui","Non","Oui","Parfois","Jamais","Parfois","Souvent","Non","Non","Non","Non","Oui","Non","Non","Oui","Non","Non","Non","Non","Non","Oui","Non","Non","Oui","Non","Non","Non","non","non","non","oui","non","Oui","Parfois","Non","Oui","Oui","Non","Non","Oui","Oui","Non","Oui","Non","Non","Non","Oui","Non","Non","Non","Non","Non","Oui","Oui","Non","Non","Non","Oui","Non","Non","NA","NA","Non","Oui","Oui","Oui","Oui","Oui","Oui","Non","Oui","Non","Non","Oui","Oui","Non","Oui","Non","Oui","Oui","Non","Non","Non","Non","Non","Non","Plus de dix ans","NA","Oui","Non","Non","Non","Non","fonct","Non","Non","Oui","Non","Oui","Non","Non","Non","Non","NA","Un homme","Non","Non","Oui","Oui","Oui","Non","Oui","Non","Non","Oui","Non","Oui","Non","Non","Non","moins","NA","NA","moins","NA","moins","moins","moins","moins","NA","moins","NA","NA","moins","Oui","Non","Oui","Non","Non","Oui","Oui","Non","Oui","Oui","Non","Oui","Non","Oui","Non","2a5","Oui","Oui","Non","Non","Non","Non","Non","Non","Non","Non","Oui","Windows","Non","Non","Non","Oui","Non","Non","Non","Oui","Non","Non","Oui","Non","Oui","Non","Non","Non","Non","Non","Non","Non","Non","Non","Non","Non","Non","Non","Non","Non","Oui","Non","Non"
60,5,2,"Oui","Non","Non","Non","Oui","Non","Oui","Oui","Oui","Non","Oui","Oui","Non","Tout à fait","Non","Oui","Oui","Non","Oui","Non","Oui","Souvent","NA","Parfois","Parfois","Non","Non","Non","Non","Oui","Non","Non","Non","Non","Non","Non","Non","Non","Oui","Oui","Oui","Oui","Non","Non","Non","oui","non","non","oui","non","Oui","Parfois","Non","Oui","Oui","Non","Oui","Non","Oui","Non","Oui","Non","Non","Oui","Oui","Non","Non","Non","Non","Non","Non","Oui","Non","Non","Oui","Non","Non","Oui","Parfois","plutotsat","Non","Non","Non","Non","Non","Non","Non","Oui","Non","Non","Non","Non","Non","Non","Non","Oui","Non","Non","Non","Non","Non","Non","Non","Oui","Moins de cinq ans","autre","Non","Oui","Non","Non","Non","fonct","Non","Non","Oui","Non","Non","Non","Non","Non","Non","NA","Un homme","Non","Non","Non","Oui","Oui","Oui","Non","Non","Non","Non","Oui","Oui","Non","Non","Non","moins","NA","moins","moins","moins","moins","NA","moins","moins","moins","moins","moins","moins","moins","Oui","Non","Oui","Non","Non","Non","Non","Non","Oui","Non","Non","Oui","Oui","Oui","Non","2a5","Oui","Non","Non","Non","Non","Non","Non","Non","Non","Non","Non","Windows","Non","Non","Non","Oui","Non","Oui","Non","Oui","Non","Non","Oui","Oui","Non","Non","Non","Non","Oui","Non","Non","Non","Non","Oui","Non","Oui","Non","Oui","Oui","Non","Oui","Non","Non"
83,3,2,"Oui","Oui","Non","Oui","Oui","Oui","Oui","Oui","Oui","Non","Non","Non","Non","Tout à fait","Non","Non","Oui","Non","Non","Non","Non","NA","NA","Toujours","NA","Non","Non","Non","Oui","Non","Non","Oui","Oui","Oui","Non","Non","Non","Oui","Non","Non","Non","Non","Non","Non","Non","non","non","non","oui","non","Oui","Toujours","Non","Non","Oui","Oui","Oui","Oui","Oui","Non","Oui","Non","Non","Oui","Non","Oui","Non","Non","Non","Non","Non","Oui","Non","Non","Non","Non","Non","Oui","Parfois","nini","Oui","Oui","Oui","Oui","Non","Oui","Non","Non","Non","Non","Non","Non","Non","Non","Oui","Non","Non","Non","Non","Non","Non","Non","Non","Oui","Plus de dix ans","NA","Oui","Non","Non","Non","Non","fonct","Non","Oui","Oui","Non","Non","Non","Non","Oui","Non","NA","Autre","Non","Non","Oui","Oui","Oui","Oui","Oui","Oui","Non","Oui","Oui","Oui","Non","Oui","Non","moins","moins","moins","moins","moins","moins","moins","moins","moins","moins","moins","moins","moins","moins","Oui","Oui","Oui","Non","Oui","Oui","Oui","Oui","Oui","Non","Oui","Oui","Non","Oui","Oui","2a5","Oui","Oui","Non","Non","Non","Non","Non","Non","Non","Non","Non","Windows","Oui","Non","Non","Oui","Non","Non","Non","Oui","Non","Non","Oui","Oui","Oui","Non","Non","Non","Non","Non","Oui","Oui","Non","Oui","Oui","Oui","Oui","Non","Oui","Non","Oui","Oui","Non"
119,2,2,"Non","Non","Non","Oui","Oui","Non","Non","Non","Oui","Non","Non","Non","Non","Peu","Non","Non","Non","Oui","Oui","Non","Oui","Parfois","Jamais","Jamais","Jamais","Oui","Non","Non","Non","Non","Non","Non","Non","Non","Non","Non","Oui","Non","Non","Non","Non","Non","Non","Non","Non","oui","non","oui","non","non","Je ne sais pas","Parfois","Oui","Non","Non","Non","Non","Oui","Oui","Non","Oui","Non","Non","Non","Non","Non","Non","Non","Non","Non","Non","Oui","Non","Non","Non","Non","Non","Non","NA","NA","Non","Oui","Non","Oui","Oui","Non","Non","Non","Non","Non","Oui","Non","Non","Non","Non","Non","Non","Non","Oui","Non","Non","Non","Oui","Non","Cinq à dix ans","autre","Oui","Non","Non","Non","Non","fonct","Non","Non","Oui","Non","Non","Non","Non","Non","Non","NA","Autre","Non","Non","Oui","Oui","Non","Oui","Non","Non","Non","Oui","Oui","Non","Non","Non","Non","plus","moins","NA","NA","moins","plus","NA","NA","NA","NA","NA","NA","NA","NA","Oui","Non","Non","Non","Non","Non","Oui","Oui","Non","Non","Non","Non","Non","Oui","Non","2a5","Oui","Non","Non","Non","Non","Non","Non","Non","Non","Non","Non","MacOS","Oui","Non","Non","Non","Non","Non","Non","Non","Non","Non","Non","Oui","Non","Non","Non","Non","Non","Non","Non","Non","Non","Oui","Non","Non","Non","Non","Non","Non","Non","Non","Non"
142,2,2,"Oui","Non","Non","Oui","Oui","Oui","Oui","Oui","Oui","Non","Non","Non","Non","Assez","Non","Non","Non","Oui","Non","Non","Non","Parfois","Parfois","Parfois","Jamais","Non","Non","Non","Non","Oui","Non","Non","Oui","Oui","Non","Non","Non","Non","Oui","Non","Non","Non","Non","Non","Non","non","oui","non","oui","oui","Oui","Souvent","Non","Non","Non","Non","Non","Non","Oui","Oui","Non","Oui","Oui","Non","Non","Non","Non","Non","Non","Non","Oui","Oui","Non","Non","Non","Non","Non","Oui","Parfois","tressat","Non","Oui","Oui","Oui","Non","Non","Non","Non","Non","Non","Non","Non","Non","Non","Non","Oui","Oui","Oui","Non","Non","Non","Non","Non","Non","Moins de cinq ans","CNRS","Oui","Non","Non","Non","Non","CDI","Non","Non","Oui","Non","Non","Non","Non","Non","Non","NA","Une femme","Non","Non","Oui","Oui","Non","Oui","Non","Non","Non","Non","Non","Non","Non","Non","Oui","moins","moins","plus","NA","moins","plus","moins","moins","moins","NA","moins","NA","NA","moins","Oui","Non","Oui","Non","Oui","Oui","Oui","Non","Oui","Non","Non","Non","Non","Non","Oui","2a5","Oui","Non","Non","Non","Non","Non","Non","Non","Non","Non","Oui","MacOS","Oui","Non","Non","Non","Non","Oui","Non","Non","Non","Non","Oui","Non","Non","Non","Non","Non","Non","Non","Non","Non","Non","Non","Non","Non","Non","Non","Non","Non","Oui","Non","Non"
172,2,2,"Non","Non","Non","Oui","Oui","Non","Non","Non","Non","Non","Non","Non","Non","Pas du tout","Non","Non","Non","Oui","Non","Non","Non","Jamais","Jamais","Jamais","Jamais","Non","Non","Non","Non","Oui","Non","Non","Non","Non","Non","Non","Non","Non","Non","Non","Non","Non","Non","Non","Oui","non","oui","non","non","oui","Oui","Jamais","Non","Oui","Oui","Oui","Oui","Oui","Oui","Non","Non","Non","Oui","Non","Non","Oui","Non","Non","Non","Non","Non","Oui","Non","Non","Non","Non","Non","Oui","Jamais","NA","Non","Non","Non","Non","Non","Non","Non","Oui","Non","Non","Non","Non","Non","Oui","Oui","Non","Oui","Oui","Non","Non","Non","Non","Non","Non","Plus de dix ans","Université","Oui","Non","Non","Non","Non","fonct","Non","Non","Oui","Non","Non","Non","Non","Non","Non","NA","Une femme","Non","Non","Oui","Oui","Non","Oui","Non","Non","Non","Oui","Non","Oui","Non","Non","Non","moins","NA","NA","NA","NA","moins","NA","NA","moins","NA","NA","NA","NA","NA","Oui","Non","Non","Non","Non","Non","Non","Non","Oui","Non","Non","Non","Non","Non","Non","2a5","Oui","Non","Non","Non","Non","Non","Non","Non","Non","Non","Non","Windows","Oui","Non","Non","Non","Non","Non","Non","Non","Non","Non","Oui","Non","Non","Non","Non","Non","Non","Non","Non","Non","Non","Oui","Oui","Non","Non","Non","Non","Non","Non","Non","Non"
257,4,2,"Oui","Non","Oui","Non","Non","Non","Oui","Oui","Oui","Non","Non","Oui","Non","Assez","Non","Non","Oui","Oui","Non","Non","Oui","Parfois","Jamais","Jamais","Jamais","Non","Non","Non","Non","Oui","Non","Non","Non","Non","Oui","Non","Non","Non","Non","Non","Non","Non","Non","Non","Non","non","oui","non","oui","non","Oui","Parfois","Non","Non","Non","Non","Non","Non","Non","Oui","Oui","Non","Oui","Non","Non","Non","Non","Non","Non","Non","Non","Oui","Non","Non","Non","Non","Non","Oui","NA","nini","Non","Oui","Non","Oui","Non","Oui","Non","Non","Non","Non","Non","Oui","Oui","Oui","Oui","Non","Oui","Non","Non","Non","Non","Non","Non","Non","Plus de dix ans","NA","Non","Non","Non","Non","Non","fonct","Non","Oui","Oui","Non","Non","Non","Non","Non","Non","NA","Autre","Non","Oui","Oui","Oui","Oui","Oui","Oui","Non","Oui","Non","Oui","Non","Oui","Oui","Non","plus","NA","NA","plus","plus","plus","moins","moins","NA","moins","moins","moins","plus","NA","Non","Non","Oui","Non","Oui","Non","Non","Non","Oui","Non","Non","Oui","Oui","Oui","Non","2a5","Oui","Oui","Oui","Oui","Non","Non","Non","Non","Non","Non","Non","Windows","Oui","Non","Oui","Oui","Oui","Non","Non","Oui","Non","Non","Oui","Non","Non","Non","Non","Non","Oui","Non","Non","Non","Non","Non","Non","Non","Non","Non","Non","Oui","Oui","Non","Non"
288,4,2,"Oui","Non","Non","Non","Non","Non","Non","Oui","Oui","Non","Oui","Oui","Non","Pas du tout","Non","Non","Oui","Oui","Non","Non","Oui","Parfois","Toujours","Jamais","Jamais","Non","Non","Non","Non","Oui","Non","Non","Oui","Non","Oui","Non","Non","Oui","Non","Non","Non","Non","Oui","Non","Non","oui","non","non","oui","oui","Je ne sais pas","Parfois","Non","Oui","Oui","Oui","Oui","Non","Oui","Oui","Non","Oui","Oui","Non","Non","Non","Non","Non","Non","Non","Oui","Oui","Non","Non","Non","Non","Non","Non","NA","NA","Non","Oui","Non","Non","Non","Non","Non","Non","Non","Non","Oui","Non","Non","Oui","Non","Non","Non","Oui","Non","Non","Non","Non","Non","Non","Cinq à dix ans","NA","Non","Non","Oui","Non","Non","CDD","Non","Non","Oui","Non","Non","Oui","Non","Non","Non","NA","Une femme","Non","Non","Oui","Non","Oui","Non","Non","Non","Oui","Non","Oui","Non","Non","Non","Oui","plus","moins","moins","plus","plus","plus","moins","moins","moins","moins","plus","moins","moins","moins","Non","Non","Oui","Non","Oui","Oui","Non","Non","Oui","Non","Non","Oui","Oui","Oui","Non","2a5","Oui","Oui","Oui","Non","Non","Non","Non","Non","Non","Non","Non","Windows","Oui","Non","Non","Non","Non","Non","Non","Oui","Non","Non","Non","Oui","Non","Oui","Non","Non","Non","Non","Non","Non","Non","Non","Non","Non","Non","Oui","Non","Non","Oui","Non","Non"
297,5,2,"Oui","Non","Non","Oui","Oui","Non","Oui","Oui","Oui","Non","Non","Non","Non","Assez","Non","Oui","Non","Non","Oui","Non","Non","Toujours","Souvent","Parfois","Souvent","Non","Non","Non","Non","Oui","Non","Non","Non","Non","Oui","Non","Non","Oui","Oui","Oui","Non","Non","Oui","Non","Non","non","oui","non","non","non","Oui","Toujours","Oui","Oui","Oui","Oui","Oui","Oui","Non","Oui","Oui","Non","Oui","Oui","Non","Non","Non","Non","Non","Non","Non","Oui","Oui","Oui","Oui","Non","Non","Oui","Souvent","plutotsat","Oui","Oui","Non","Non","Non","Non","Non","Non","Non","Non","Non","Oui","Oui","Non","Non","Non","Oui","Non","Non","Non","Non","Non","Non","Non","Plus de dix ans","NA","Oui","Non","Non","Non","Non","fonct","Non","Non","Oui","Non","Non","Non","Non","Non","Non","NA","Un homme","Non","Non","Oui","Oui","Oui","Oui","Oui","Non","Non","Non","Non","Non","Oui","Non","Non","moins","moins","moins","moins","moins","moins","moins","moins","moins","moins","moins","moins","moins","plus","Non","Non","Oui","Non","Oui","Non","Oui","Oui","Oui","Non","Non","Oui","Oui","Oui","Oui","11plus","Oui","Oui","Oui","Non","Non","Non","Non","Non","Non","Non","Non","Windows","Oui","Non","Non","Non","Oui","Non","Non","Oui","Non","Non","Oui","Oui","Oui","Non","Non","Non","Oui","Non","Non","Oui","Non","Oui","Oui","Non","Non","Non","Non","Non","Oui","Non","Non"
322,2,2,"Oui","Non","Non","Non","Oui","Non","Non","Non","Non","Non","Non","Non","Non","Assez","Non","Non","Non","Oui","Non","Non","Non","Parfois","Parfois","Jamais","Jamais","Non","Non","Non","Non","Oui","Non","Non","Non","Non","Non","Non","Non","Non","Non","Non","Non","Non","Non","Non","Oui","oui","non","non","oui","non","Non","Jamais","Non","Non","Non","Non","Non","Oui","Non","Oui","Oui","Non","Non","Non","Non","Non","Non","Non","Non","Non","Non","Oui","Oui","Non","Non","Non","Non","Oui","Parfois","nini","Non","Oui","Non","Non","Non","Non","Non","Non","Oui","Oui","Non","Oui","Non","Non","Non","Non","Oui","Non","Oui","Non","Non","Non","Non","Non","Plus de dix ans","CNRS","Oui","Non","Non","Non","Non","fonct","Non","Non","Oui","Non","Non","Non","Non","Non","Non","NA","Une femme","Non","Non","Oui","Non","Non","Oui","Non","Non","Non","Oui","Non","Oui","Non","Non","Oui","moins","NA","moins","NA","NA","moins","NA","NA","NA","moins","NA","NA","moins","NA","Oui","Non","Non","Non","Non","Oui","Non","Oui","Oui","Non","Non","Non","Non","Oui","Oui","2a5","Oui","Oui","Non","Non","Non","Non","Non","Non","Non","Non","Non","MacOS","Oui","Non","Non","Non","Non","Non","Non","Non","Non","Non","Oui","Non","Non","Non","Non","Non","Non","Non","Non","Non","Non","Non","Non","Non","Oui","Non","Non","Non","Non","Non","Non"
373,2,2,"Oui","Non","Non","Oui","Oui","Non","Non","Non","Non","Non","Non","Non","Non","Assez","Oui","Non","Oui","Oui","Non","Non","Non","Souvent","Jamais","Parfois","Jamais","Non","Non","Non","Non","Oui","Non","Non","Non","Non","Non","Non","Non","Non","Non","Oui","Non","Non","Non","Non","Non","non","non","non","oui","non","Je ne sais pas","Parfois","Non","Non","Non","Non","Oui","Non","Non","Oui","Oui","Non","Oui","Non","Non","Non","Non","Oui","Non","Non","Non","Non","Non","Non","Non","Non","Oui","Oui","Parfois","insatisfait","Non","Non","Non","Non","Non","Non","Non","Oui","Non","Oui","Non","Non","Non","Non","Non","Non","Oui","Non","Oui","Oui","Oui","Oui","Oui","Non","Plus de dix ans","NA","Non","Non","Oui","Non","Non","fonct","Non","Non","Oui","Non","Non","Non","Non","Non","Non","NA","Autre","Non","Non","Oui","Oui","Non","Oui","Oui","Non","Non","Oui","Oui","Non","Non","Non","Oui","moins","moins","moins","moins","moins","moins","moins","moins","moins","moins","moins","moins","moins","moins","Oui","Non","Oui","Oui","Non","Oui","Oui","Oui","Oui","Non","Non","Non","Non","Oui","Oui","2a5","Oui","Non","Oui","Non","Non","Non","Non","Non","Non","Non","Non","MacOS","Oui","Non","Non","Non","Non","Non","Non","Non","Non","Oui","Oui","Oui","Non","Non","Non","Non","Non","Oui","Oui","Non","Non","Non","Non","Oui","Non","Non","Non","Non","Oui","Non","Non"
436,2,2,"Oui","Oui","Non","Oui","Non","Oui","Oui","Non","Oui","Non","Oui","Non","Non","Assez","Oui","Oui","Oui","Oui","Non","Non","Oui","Parfois","Jamais","Jamais","NA","Non","Non","Non","Non","Oui","Non","Non","Oui","Oui","Non","Non","Non","Non","Non","Non","Non","Non","Non","Non","Non","non","non","oui","non","oui","Je ne sais pas","Jamais","Non","Oui","Non","Non","Oui","Non","Oui","Non","Oui","Non","Non","Non","Non","Non","Non","Non","Non","Non","Non","Oui","Non","Non","Non","Non","Oui","Oui","Parfois","plutotsat","Non","Non","Non","Non","Non","Non","Non","Oui","Non","Non","Oui","Non","Non","Non","Non","Non","Oui","Non","Non","Non","Non","Non","Non","Non","Plus de dix ans","NA","Oui","Non","Non","Non","Non","fonct","Non","Non","Non","Non","Oui","Non","Non","Non","Non","NA","Une femme","Non","Non","Oui","Non","Non","Oui","Non","Non","Non","Non","Oui","Oui","Non","Non","Oui","moins","moins","plus","NA","NA","moins","NA","NA","NA","NA","moins","NA","NA","NA","Oui","Non","Oui","Oui","Oui","Oui","Oui","Non","Oui","Non","Non","Non","Oui","Non","Oui","2a5","Oui","Oui","Non","Non","Non","Non","Non","Non","Non","Non","Non","MacOS","Oui","Non","Non","Non","Oui","Non","Non","Non","Non","Non","Oui","Non","Non","Non","Non","Non","Non","Non","Non","Non","Non","Oui","Non","Non","Non","Non","Non","Non","Oui","Oui","Non"
506,4,2,"Non","Non","Oui","Non","Non","Oui","Oui","Non","Non","Non","Oui","Oui","Non","Assez","Oui","Oui","Oui","Non","Oui","Non","Oui","Toujours","Toujours","Non applicable","Non applicable","Non","Non","Non","Non","Oui","Non","Non","Oui","Non","Oui","Non","Non","Non","Oui","Non","Non","Non","Non","Non","Non","non","oui","oui","non","non","Je ne sais pas","Parfois","Oui","Oui","Oui","Non","Non","Non","Non","Non","Non","Non","Oui","Non","Non","Non","Non","Non","Non","Non","Non","Oui","Non","Non","Non","Non","Non","Oui","Souvent","plutotsat","Non","Non","Non","Non","Non","Non","Non","Oui","Oui","Oui","Oui","Non","Non","Non","Non","Non","Oui","Non","Non","Non","Non","Non","Non","Non","Moins de cinq ans","NA","Non","Oui","Non","Non","Non","CDD","Non","Non","Non","Non","Non","Non","Non","Non","Oui","NA","Un homme","Oui","Non","Non","Non","Oui","Oui","Non","Non","Non","Non","Oui","Non","Non","Non","Non","plus","NA","NA","moins","NA","plus","NA","moins","NA","NA","moins","NA","NA","NA","Non","Oui","Non","Non","Non","Non","Non","Non","Non","Oui","Non","Oui","Non","Non","Oui","2a5","Oui","Oui","Non","Non","Non","Non","Non","Non","Non","Non","Non","Windows","Oui","Non","Non","Non","Non","Non","Non","Oui","Non","Non","Non","Oui","Non","Non","Non","Non","Non","Non","Non","Non","Non","Oui","Non","Non","Non","Non","Non","Non","Non","Non","Non"
661,4,2,"Non","Non","Non","Non","Non","Non","Oui","Oui","Oui","Oui","Oui","Oui","Non","Assez","Oui","Oui","Oui","Oui","Non","Non","Oui","Parfois","Jamais","Souvent","Jamais","Oui","Non","Non","Non","Non","Non","Non","Non","Non","Non","Non","Non","Non","Non","Non","Non","Oui","Oui","Non","Non","non","non","non","oui","non","Non","Jamais","Non","Oui","Oui","Non","Non","Non","Oui","Oui","Non","Non","Non","Non","Non","Non","Oui","Non","Non","Non","Non","Non","Non","Oui","Non","Non","Non","Non","NA","NA","Oui","Non","Non","Non","Non","Non","Non","Non","Non","Non","Non","Non","Non","Non","Non","Oui","Non","Non","Non","Non","Non","Non","Non","Oui","Plus de dix ans","école","Non","Non","Non","Non","Non","fonct","Non","Non","Non","Non","Non","Oui","Non","Non","Non","NA","Un homme","Non","Non","Non","Non","Oui","Non","Oui","Non","Non","Non","Non","Non","Oui","Oui","Non","moins","NA","moins","moins","moins","plus","moins","moins","moins","moins","moins","moins","moins","moins","Non","Oui","Oui","Non","Non","Oui","Non","Non","Oui","Non","Non","Oui","Oui","Oui","Non","11plus","Non","Non","Non","Non","Non","Non","Non","Non","Non","Non","Non","LinuxUnix","Non","Non","Non","Non","Non","Non","Non","Oui","Non","Non","Oui","Oui","Non","Non","Non","Non","Non","Non","Non","Non","Non","Non","Non","Non","Non","Non","Non","Non","Oui","Non","Non"
697,4,2,"Non","Oui","Non","Non","Oui","Non","Oui","Oui","Oui","Non","Oui","Non","Non","Peu","Oui","Oui","Oui","Non","Oui","Non","Non","Non applicable","Non applicable","Non applicable","Non applicable","Non","Non","Non","Non","Oui","Non","Non","Non","Non","Non","Non","Non","Non","Non","Non","Non","Non","Non","Non","Oui","non","non","non","non","oui","Oui","Souvent","Non","Oui","Oui","Oui","Oui","Non","Non","Non","Non","Oui","Oui","Non","Non","Non","Non","Non","Non","Non","Oui","Oui","Non","Non","Non","Non","Non","Non","NA","NA","Non","Non","Non","Oui","Non","Non","Non","Non","Non","Oui","Oui","Oui","Non","Non","Non","Non","Oui","Non","Non","Non","Non","Oui","Oui","Non","Cinq à dix ans","CNRS","Non","Non","Oui","Non","Non","fonct","Non","Non","Oui","Non","Non","Non","Non","Non","Non","NA","Une femme","Oui","Non","Oui","Non","Non","Non","Oui","Non","Oui","Oui","Oui","Non","Non","Non","Oui","moins","NA","NA","moins","moins","moins","NA","moins","moins","moins","moins","NA","moins","moins","Oui","Oui","Oui","Non","Non","Non","Non","Non","Oui","Non","Non","Non","Oui","Non","Non","2a5","Oui","Non","Non","Non","Non","Non","Non","Non","Non","Non","Non","Windows","Oui","Non","Non","Non","Oui","Non","Non","Non","Non","Non","Non","Non","Non","Non","Non","Non","Oui","Non","Non","Non","Non","Oui","Non","Non","Non","Non","Non","Non","Non","Oui","Non"
735,4,2,"Non","Non","Non","Oui","Non","Oui","Oui","Oui","Oui","Non","Oui","Oui","Non","Assez","Oui","Non","Oui","Non","Non","Non","Non","Toujours","Jamais","Jamais","Jamais","Non","Non","Non","Non","Oui","Non","Non","Non","Non","Non","Non","Non","Non","Non","Non","Non","Non","Non","Oui","Oui","non","oui","non","non","non","Je ne sais pas","Parfois","Non","Non","Oui","Non","Non","Non","Non","Oui","Oui","Non","Oui","Non","Non","Non","Non","Non","Non","Non","Oui","Oui","Non","Non","Oui","Non","Non","Oui","Parfois","nini","Non","Non","Non","Non","Non","Non","Non","Oui","Non","Non","Non","Oui","Oui","Non","Non","Non","Oui","Non","Non","Non","Non","Non","Non","Non","Plus de dix ans","NA","Non","Non","Oui","Non","Non","fonct","Non","Non","Non","Non","Non","Oui","Non","Non","Non","NA","Autre","Oui","Non","Non","Non","Oui","Oui","Non","Oui","Non","Oui","Oui","Oui","Non","Non","Oui","plus","moins","moins","moins","moins","moins","moins","moins","moins","moins","moins","moins","moins","moins","Non","Oui","Oui","Oui","Oui","Oui","Non","Non","Oui","Non","Non","Non","Oui","Oui","Oui","2a5","Oui","Oui","Oui","Non","Non","Non","Non","Non","Non","Non","Non","MacOS","Oui","Non","Oui","Non","Non","Oui","Non","Non","Non","Non","Oui","Oui","Oui","Non","Non","Non","Non","Non","Non","Non","Non","Oui","Oui","Non","Non","Non","Non","Non","Oui","Non","Non"
743,4,2,"Non","Oui","Oui","Oui","Non","Non","Non","Oui","Oui","Oui","Non","Non","Non","Peu","Oui","Non","Oui","Non","Non","Non","Oui","Toujours","Jamais","Jamais","Jamais","Non","Non","Non","Non","Oui","Non","Non","Non","Non","Oui","Non","Non","Non","Non","Non","Non","Non","Non","Non","Non","oui","non","oui","oui","non","Je ne sais pas","Parfois","Non","Non","Oui","Non","Non","Non","Non","Non","Non","Oui","Non","Non","Non","Non","Non","Non","Non","Non","Oui","Oui","Non","Non","Non","Oui","Oui","Oui","Parfois","plutotsat","Non","Non","Non","Non","Oui","Non","Non","Non","Non","Non","Non","Oui","Oui","Oui","Non","Non","Oui","Non","Non","Non","Non","Non","Oui","Non","Plus de dix ans","Université","Non","Non","Non","Non","Oui","fonct","Non","Oui","Non","Non","Non","Non","Oui","Non","Non","NA","Un homme","Oui","Non","Non","Non","Non","Non","Oui","Non","Non","Non","Oui","Non","Non","Non","Oui","NA","NA","NA","NA","NA","NA","NA","NA","NA","NA","NA","NA","NA","NA","Non","Non","Non","Non","Oui","Non","Non","Non","Oui","Non","Non","Oui","Non","Non","Non","2a5","Non","Non","Oui","Non","Non","Non","Non","Non","Non","Non","Non","LinuxUnix","Oui","Non","Non","Non","Non","Non","Non","Oui","Non","Non","Oui","Non","Non","Non","Non","Non","Oui","Non","Non","Oui","Non","Non","Non","Non","Non","Oui","Oui","Oui","Non","Non","Non"
804,1,2,"Oui","Oui","Non","Non","Oui","Non","Non","Oui","Oui","Non","Non","Non","Non","Assez","Oui","Oui","Non","Non","Non","Non","Oui","NA","NA","NA","NA","Non","Oui","Non","Non","Non","Non","Non","Non","Non","Non","Oui","Non","Non","Non","Non","Non","Non","Non","Non","Non","oui","oui","non","non","oui","Oui","Parfois","Oui","Non","Non","Non","Non","Non","Oui","Non","Non","Non","Non","Non","Non","Non","Non","Non","Non","Non","Non","Non","Oui","Non","Non","Non","Non","Non","NA","NA","Oui","Non","Non","Non","Non","Non","Non","Non","Non","Non","Non","Oui","Non","Non","Non","Non","Oui","Non","Non","Non","Non","Non","Non","Non","Moins de cinq ans","NA","Non","Oui","Non","Non","Non","autre","Non","Non","Non","Non","Non","Non","Non","Oui","Non","NA","Un homme","Non","Non","Oui","Non","Non","Non","Non","Non","Non","Non","Non","Oui","Non","Non","Non","NA","NA","NA","NA","NA","NA","NA","NA","NA","NA","NA","NA","NA","NA","Non","Non","Non","Non","Non","Non","Non","Oui","Oui","Non","Non","Non","Non","Non","Non","6a10","Non","Non","Non","Non","Non","Non","Non","Non","Oui","Non","Non","MacOS","Non","Non","Non","Oui","Non","Non","Non","Non","Non","Non","Non","Non","Non","Non","Oui","Non","Non","Non","Non","Non","Non","Non","Non","Non","Non","Oui","Non","Non","Non","Non","Non"
806,5,2,"Oui","Non","Non","Oui","Oui","Oui","Non","Non","Oui","Non","Oui","Oui","Non","Assez","Oui","Non","Oui","Oui","Oui","Non","Non","Souvent","Jamais","Parfois","Jamais","Non","Non","Oui","Oui","Non","Non","Oui","Non","Oui","Non","Non","Non","Non","Non","Non","Non","Non","Non","Non","Non","non","non","non","non","oui","Non","Souvent","Non","Oui","Oui","Oui","Non","Non","Non","Oui","Non","Non","Non","Non","Non","Non","Non","Non","Non","Non","Oui","Non","Oui","Non","Non","Oui","Non","Oui","Souvent","plutotsat","Non","Non","Non","Non","Non","Non","Oui","Non","Non","Non","Non","Non","Non","Non","Non","Oui","Non","Non","Non","Oui","Oui","Oui","Oui","Non","Moins de cinq ans","autre","Non","Non","Oui","Non","Non","doct","Non","Non","Oui","Non","Non","Non","Non","Non","Oui","NA","Autre","Oui","Non","Oui","Oui","Non","Oui","Oui","Non","Non","Oui","Non","Oui","Oui","Non","Oui","moins","moins","moins","moins","moins","plus","moins","moins","moins","moins","moins","moins","NA","moins","Oui","Oui","Non","Non","Non","Oui","Oui","Oui","Non","Oui","Non","Oui","Oui","Oui","Oui","2a5","Oui","Oui","Oui","Non","Non","Non","Non","Non","Oui","Non","Non","LinuxUnix","Oui","Non","Oui","Oui","Non","Non","Non","Oui","Non","Non","Oui","Non","Non","Non","Non","Oui","Non","Non","Non","Non","Non","Non","Non","Non","Oui","Oui","Non","Non","Oui","Oui","Non"
871,1,2,"Oui","Oui","Non","Oui","Oui","Non","Oui","Non","Oui","Non","Non","Non","Non","Peu","Non","Non","Non","Oui","Non","Non","Non","Souvent","NA","Souvent","NA","Oui","Non","Oui","Non","Non","Non","Oui","Non","Oui","Non","Non","Oui","Non","Non","Oui","Non","Non","Non","Non","Non","oui","non","non","non","non","Je ne sais pas","Parfois","Non","Non","Oui","Non","Oui","Non","Oui","Oui","Oui","Non","Oui","Non","Non","Non","Non","Non","Non","Non","Non","Oui","Non","Non","Non","Non","Non","Non applicable","NA","NA","Oui","Non","Non","Non","Non","Non","Non","Non","Non","Non","Non","Non","Non","Non","Non","Oui","Non","Non","Non","Non","Non","Non","Non","Oui","Plus de dix ans","NA","Non","Oui","Non","Non","Non","CDD","Non","Non","Oui","Non","Non","Non","Non","Non","Non","NA","Une femme","Non","Non","Oui","Oui","Oui","Oui","Non","Non","Non","Non","Non","Non","Non","Non","Oui","moins","NA","moins","NA","NA","moins","NA","NA","NA","moins","moins","NA","NA","NA","Oui","Non","Oui","Oui","Non","Oui","Non","Oui","Oui","Non","Non","Non","Oui","Oui","Oui","6a10","Oui","Oui","Oui","Non","Oui","Non","Non","Non","Non","Non","Oui","Windows","Oui","Non","Oui","Oui","Oui","Non","Non","Non","Non","Non","Non","Oui","Non","Non","Non","Non","Non","Non","Non","Non","Non","Oui","Oui","Non","Non","Non","Non","Non","Non","Non","Non"
886,4,2,"Non","Oui","Non","Non","Oui","Non","Non","Oui","Oui","Non","Non","Non","Non","Tout à fait","Oui","Non","Oui","Non","Non","Non","Oui","Souvent","Parfois","Jamais","Parfois","Non","Non","Oui","Non","Non","Non","Non","Oui","Non","Non","Non","Oui","Non","Non","Non","Non","Non","Non","Non","Non","non","non","oui","non","non","Oui","Souvent","Non","Oui","Oui","Non","Non","Non","Non","Oui","Oui","Non","Non","Non","Non","Non","Non","Non","Non","Non","Non","Oui","Non","Non","Oui","Non","Non","Oui","Jamais","NA","Non","Oui","Non","Non","Non","Non","Non","Non","Non","Non","Oui","Oui","Oui","Non","Non","Non","Non","Non","Oui","Non","Non","Non","Non","Non","Plus de dix ans","autre","Oui","Non","Non","Non","Non","fonct","Non","Non","Non","Non","Non","Non","Oui","Non","Non","NA","Un homme","Non","Non","Non","Oui","Oui","Oui","Non","Non","Non","Oui","Non","Non","Non","Non","Non","plus","moins","moins","moins","NA","moins","NA","moins","NA","NA","NA","NA","NA","NA","Oui","Oui","Oui","Oui","Non","Oui","Non","Non","Oui","Non","Non","Non","Oui","Non","Non","6a10","Oui","Oui","Oui","Non","Non","Non","Non","Non","Non","Non","Non","LinuxUnix","Oui","Non","Non","Oui","Non","Non","Non","Oui","Non","Non","Oui","Oui","Non","Non","Non","Non","Non","Non","Non","Non","Non","Oui","Non","Non","Non","Non","Non","Non","Oui","Oui","Non"
898,4,2,"Non","Oui","Oui","Oui","Non","Non","Non","Non","Non","Non","Non","Non","Non","Assez","Non","Oui","Oui","Non","Non","Non","Non","Toujours","Jamais","Jamais","Jamais","Non","Non","Oui","Oui","Non","Non","Non","Non","Oui","Non","Non","Non","Non","Non","Non","Non","Non","Non","Non","Non","oui","oui","non","non","non","Je ne sais pas","Parfois","Non","Oui","Oui","Non","Oui","Oui","Non","Non","Oui","Non","Non","Non","Non","Non","Non","Non","Non","Oui","Non","Non","Non","Non","Non","Non","Non","Non","NA","NA","Non","Non","Non","Non","Non","Non","Non","Oui","Non","Non","Oui","Oui","Non","Non","Non","Non","Non","Non","Non","Non","Non","Non","Non","Oui","Cinq à dix ans","NA","Non","Non","Oui","Non","Non","CDD","Non","Non","Non","Non","Non","Non","Non","Non","Oui","NA","Autre","Oui","Non","Non","Non","Non","Oui","Oui","Oui","Non","Non","Non","Non","Non","Non","Non","moins","moins","moins","moins","moins","moins","moins","moins","moins","moins","moins","moins","moins","moins","Non","Oui","Non","Non","Non","Oui","Non","Non","Oui","Non","Non","Non","Non","Oui","Oui","2a5","Oui","Non","Oui","Non","Non","Non","Non","Non","Non","Non","Non","Windows","Oui","Non","Non","Non","Non","Non","Non","Non","Non","Non","Oui","Non","Non","Non","Non","Non","Non","Non","Non","Non","Non","Non","Non","Non","Non","Non","Non","Non","Oui","Non","Non"
927,4,2,"Oui","Oui","Oui","Oui","Oui","Oui","Oui","Oui","Oui","Non","Non","Non","Non","Tout à fait","Oui","Non","Oui","Non","Non","Non","Oui","Toujours","Jamais","Jamais","Jamais","Oui","Oui","Oui","Oui","Non","Non","Non","Oui","Oui","Non","Non","Oui","Non","Non","Non","Non","Non","Non","Non","Non","non","non","oui","non","non","Je ne sais pas","Toujours","Oui","Non","Oui","Non","Oui","Non","Non","Non","Oui","Non","Non","Non","Non","Non","Non","Non","Non","Non","Non","Oui","Non","Non","Non","Non","Non","Non","NA","NA","Non","Non","Non","Non","Non","Non","Non","Oui","Oui","Non","Oui","Non","Non","Oui","Oui","Non","Oui","Non","Non","Non","Non","Non","Non","Non","Moins de cinq ans","Université","Non","Oui","Non","Non","Non","autre","Non","Non","Oui","Non","Non","Non","Non","Non","Non","NA","Une femme","Oui","Oui","Oui","Oui","Oui","Non","Oui","Oui","Oui","Oui","Non","Non","Non","Non","Non","NA","NA","NA","NA","NA","NA","NA","NA","NA","NA","NA","NA","NA","NA","Oui","Non","Non","Non","Non","Oui","Oui","Oui","Oui","Non","Non","Non","Oui","Oui","Oui","2a5","Oui","Non","Non","Non","Non","Non","Non","Non","Non","Non","Non","Windows","Oui","Non","Non","Oui","Oui","Oui","Non","Non","Non","Non","Oui","Non","Oui","Non","Non","Non","Oui","Non","Non","Non","Non","Non","Non","Non","Non","Non","Oui","Non","Oui","Oui","Non"
929,1,2,"Non","Oui","Oui","Oui","Oui","Oui","Oui","Oui","Oui","Non","Oui","Oui","Oui","Assez","Oui","Oui","Oui","Oui","Oui","Non","Non","Parfois","Parfois","Parfois","NA","Non","Non","Non","Non","Non","Oui","Non","Non","Non","Non","Non","Non","Non","Non","Non","Non","Non","Non","Non","Oui","non","non","oui","non","oui","Oui","Non applicable","Oui","Non","Non","Non","Non","Non","Non","Oui","Non","Non","Oui","Non","Non","Non","Non","Non","Non","Oui","Oui","Non","Non","Non","Non","Non","Non","Oui","Souvent","NA","Non","Non","Non","Non","Non","Non","Non","Oui","Non","Non","Non","Non","Non","Non","Non","Oui","Oui","Oui","Non","Non","Non","Oui","Oui","Non","Moins de cinq ans","NA","Non","Oui","Non","Non","Non","autre","Non","Non","Non","Non","Non","Non","Non","Non","Oui","NA","Un homme","Oui","Non","Non","Non","Non","Non","Oui","Oui","Oui","Non","Non","Non","Non","Non","Oui","plus","plus","plus","plus","plus","plus","NA","plus","plus","moins","plus","NA","plus","NA","Non","Non","Oui","Oui","Oui","Oui","Oui","Oui","Oui","Non","Non","Non","Non","Oui","Oui","6a10","Non","Non","Oui","Non","Non","Non","Non","Non","Non","Non","Non","Windows","Non","Non","Non","Non","Non","Non","Non","Non","Non","Oui","Non","Non","Non","Non","Non","Non","Non","Non","Non","Non","Oui","Non","Non","Non","Non","Non","Non","Non","Non","Non","Oui"
985,4,2,"Non","Non","Oui","Oui","Oui","Oui","Oui","Oui","Oui","Non","Oui","Non","Non","Tout à fait","Oui","Non","Oui","Non","Oui","Non","Oui","Parfois","Parfois","Jamais","Jamais","Non","Non","Non","Non","Oui","Non","Oui","Non","Oui","Oui","Non","Non","Non","Non","Oui","Non","Non","Non","Non","Non","oui","oui","non","non","non","Je ne sais pas","Parfois","Oui","Oui","Non","Non","Oui","Non","Non","Oui","Oui","Oui","Non","Non","Non","Non","Non","Non","Non","Oui","Non","Non","Oui","Non","Non","Non","Non","Non","NA","NA","Non","Non","Non","Non","Non","Oui","Non","Non","Non","Non","Non","Non","Non","Non","Non","Oui","Non","Non","Oui","Non","Non","Non","Non","Non","Moins de cinq ans","NA","Non","Oui","Non","Non","Non","doct","Non","Non","Non","Non","Non","Non","Oui","Non","Non","NA","Une femme","Oui","Non","Non","Non","Oui","Oui","Oui","Oui","Non","Non","Oui","Oui","Non","Non","Non","plus","moins","moins","plus","plus","plus","plus","plus","moins","plus","plus","plus","plus","moins","Non","Oui","Non","Non","Oui","Oui","Non","Non","Oui","Non","Non","Oui","Non","Oui","Oui","6a10","Oui","Oui","Oui","Non","Non","Non","Non","Non","Non","Non","Non","Windows","Oui","Non","Non","Non","Non","Oui","Non","Oui","Non","Non","Non","Oui","Oui","Non","Non","Non","Oui","Non","Non","Non","Non","Non","Non","Non","Oui","Non","Non","Non","Oui","Oui","Non"
994,4,2,"Non","Non","Non","Non","Oui","Oui","Non","Non","Non","Non","Non","Non","Non","Tout à fait","Non","Non","Oui","Oui","Oui","Non","Oui","Parfois","Jamais","Jamais","Jamais","Non","Non","Non","Non","Oui","Non","Non","Oui","Oui","Non","Non","Non","Non","Oui","Oui","Non","Non","Non","Non","Non","oui","oui","non","oui","non","Non","Parfois","Non","Non","Non","Non","Non","Non","Oui","Oui","Oui","Oui","Oui","Non","Oui","Non","Non","Non","Non","Oui","Non","Oui","Non","Non","Oui","Non","Non","Oui","Parfois","nini","Oui","Non","Oui","Non","Non","Non","Non","Non","Non","Non","Non","Oui","Oui","Oui","Oui","Non","Non","Non","Non","Non","Non","Non","Non","Oui","Plus de dix ans","Université","Oui","Non","Non","Non","Non","fonct","Non","Non","Non","Non","Non","Non","Non","Non","Oui","NA","Un homme","Oui","Non","Non","Non","Oui","Oui","Oui","Oui","Non","Oui","Non","Oui","Non","Non","Non","moins","moins","NA","NA","NA","moins","moins","moins","NA","moins","moins","NA","moins","NA","Non","Oui","Non","Non","Non","Non","Non","Non","Oui","Oui","Non","Oui","Non","Non","Non","2a5","Oui","Oui","Oui","Non","Non","Non","Non","Non","Non","Non","Non","MacOS","Oui","Oui","Non","Non","Non","Oui","Non","Oui","Non","Non","Oui","Oui","Oui","Non","Non","Non","Non","Non","Non","Non","Non","Non","Oui","Non","Oui","Non","Non","Non","Oui","Non","Non"
1048,4,2,"Oui","Non","Non","Non","Non","Non","Non","Oui","Oui","Non","Oui","Non","Non","Tout à fait","Oui","Oui","Oui","Non","Oui","Non","Non","Souvent","Jamais","Parfois","Jamais","Oui","Non","Non","Non","Non","Non","Oui","Oui","Oui","Non","Non","Oui","Non","Oui","Non","Non","Non","Non","Non","Non","oui","non","non","non","non","Non","Souvent","Non","Oui","Non","Non","Oui","Non","Non","Oui","Oui","Non","Non","Non","Non","Non","Non","Non","Non","Non","Non","Oui","Non","Non","Non","Non","Non","Non","NA","NA","Non","Non","Non","Non","Non","Non","Non","Oui","Oui","Oui","Non","Non","Non","Non","Non","Non","Non","Non","Oui","Non","Oui","Non","Oui","Non","Moins de cinq ans","NA","Oui","Non","Non","Non","Non","fonct","Non","Non","Non","Non","Non","Oui","Non","Non","Non","NA","Une femme","Oui","Non","Non","Non","Non","Oui","Oui","Oui","Non","Non","Oui","Non","Non","Non","Non","moins","moins","moins","moins","moins","moins","moins","moins","moins","moins","moins","moins","moins","moins","Non","Non","Oui","Non","Oui","Oui","Non","Non","Oui","Non","Non","Non","Oui","Oui","Oui","2a5","Oui","Oui","Oui","Non","Non","Non","Non","Non","Non","Non","Non","Windows","Oui","Non","Oui","Non","Non","Oui","Non","Non","Non","Non","Oui","Oui","Oui","Non","Non","Non","Oui","Oui","Non","Oui","Non","Oui","Non","Non","Non","Non","Non","Non","Oui","Non","Non"
1054,3,2,"Non","Oui","Oui","Non","Non","Non","Oui","Non","Oui","Non","Oui","Non","Non","Peu","Oui","Non","Non","Non","Oui","Non","Oui","Souvent","Jamais","Parfois","Jamais","Non","Non","Oui","Oui","Non","Non","Non","Non","Non","Non","Non","Oui","Oui","Oui","Non","Non","Non","Non","Non","Non","oui","oui","non","non","oui","Non","Parfois","Non","Non","Non","Non","Non","Oui","Non","Non","Non","Non","Oui","Non","Non","Non","Non","Non","Non","Non","Non","Oui","Non","Non","Non","Non","Non","Oui","Parfois","NA","Non","Oui","Oui","Oui","Oui","Non","Oui","Non","Oui","Oui","Oui","Oui","Oui","Oui","Non","Non","Oui","Non","Oui","Non","Non","Oui","Oui","Non","Plus de dix ans","Université","Non","Non","Oui","Non","Oui","fonct","Oui","Non","Non","Non","Non","Non","Non","Non","Non","NA","Une femme","Non","Non","Non","Oui","Non","Oui","Oui","Non","Non","Non","Oui","Non","Non","Non","Oui","moins","moins","NA","moins","moins","NA","NA","moins","NA","moins","NA","moins","moins","moins","Non","Non","Oui","Oui","Oui","Non","Oui","Oui","Non","Non","Non","Non","Non","Oui","Oui","2a5","Oui","Oui","Non","Non","Oui","Non","Oui","Non","Oui","Oui","Non","Windows","Oui","Non","Non","Non","Non","Non","Non","Non","Non","Non","Oui","Oui","Non","Non","Non","Oui","Non","Non","Non","Non","Non","Oui","Non","Non","Oui","Oui","Oui","Non","Oui","Non","Non"
1055,4,2,"Non","Non","Oui","Non","Non","Oui","Non","Non","Oui","Non","Oui","Non","Non","Tout à fait","Oui","Oui","Oui","Oui","Non","Non","Non","NA","Parfois","Souvent","NA","Non","Non","Non","Non","Oui","Non","Non","Non","Non","Non","Non","Non","Non","Non","Non","Non","Non","Non","Non","Oui","oui","non","non","non","non","Je ne sais pas","Parfois","Non","Oui","Oui","Oui","Oui","Non","Non","Non","Non","Oui","Non","Non","Non","Non","Non","Non","Non","Oui","Non","Oui","Oui","Non","Non","Non","Non","Oui","Parfois","plutotsat","Oui","Non","Oui","Non","Non","Non","Non","Non","Non","Oui","Non","Non","Non","Oui","Non","Non","Non","Non","Non","Oui","Non","Non","Non","Non","Plus de dix ans","CNRS","Non","Non","Oui","Non","Oui","fonct","Non","Non","Non","Non","Non","Oui","Non","Non","Non","NA","Un homme","Oui","Non","Non","Non","Oui","Non","Oui","Oui","Non","Non","Non","Non","Non","Non","Non","moins","NA","NA","NA","moins","NA","moins","moins","moins","moins","NA","NA","NA","moins","Non","Oui","Non","Non","Non","Non","Non","Non","Non","Oui","Non","Non","Non","Non","Oui","2a5","Oui","Non","Oui","Non","Non","Non","Non","Non","Non","Non","Non","Windows","Non","Non","Non","Non","Non","Non","Non","Oui","Non","Non","Non","Non","Non","Non","Non","Non","Non","Non","Non","Non","Oui","Non","Non","Non","Non","Non","Non","Non","Non","Non","Oui"
1082,3,2,"Oui","Oui","Non","Non","Non","Non","Non","Non","Non","Non","Non","Non","Non","Peu","Non","Non","Non","Oui","Oui","Non","Oui","Souvent","Parfois","NA","NA","Non","Non","Non","Non","Oui","Oui","Oui","Non","Oui","Non","Non","Non","Non","Non","Non","Non","Non","Non","Non","Non","oui","non","oui","oui","non","Je ne sais pas","Parfois","Oui","Non","Oui","Non","Non","Non","Oui","Oui","Oui","Non","Non","Non","Non","Non","Non","Non","Non","Non","Non","Oui","Non","Non","Oui","Non","Non","Oui","Parfois","nini","Non","Oui","Non","Non","Non","Non","Non","Non","Non","Oui","Non","Oui","Non","Oui","Oui","Non","Oui","Non","Non","Oui","Oui","Oui","Non","Non","Moins de cinq ans","NA","Non","Non","Non","Oui","Non","fonct","Non","Non","Non","Non","Oui","Non","Non","Non","Non","NA","Une femme","Non","Non","Non","Oui","Non","Non","Non","Non","Non","Non","Non","Non","Non","Non","Oui","moins","NA","NA","NA","NA","NA","NA","NA","NA","NA","NA","NA","NA","NA","Non","Non","Oui","Non","Non","Oui","Non","Non","Non","Non","Oui","Non","Oui","Non","Non","2a5","Oui","Non","Oui","Non","Non","Non","Non","Non","Non","Non","Non","Windows","Oui","Non","Non","Non","Non","Non","Non","Non","Non","Non","Oui","Non","Non","Non","Oui","Non","Non","Non","Non","Non","Non","Non","Non","Oui","Non","Non","Non","Oui","Oui","Non","Non"
1085,4,2,"Non","Oui","Oui","Oui","Non","Oui","Non","Oui","Oui","Non","Oui","Non","Non","Assez","Oui","Non","Oui","Non","Non","Non","Non","Souvent","Parfois","Jamais","Jamais","Non","Non","Oui","Non","Non","Non","Non","Oui","Oui","Oui","Non","Non","Non","Non","Non","Non","Non","Non","Non","Non","non","oui","non","oui","oui","Non","Parfois","Non","Non","Non","Non","Oui","Non","Non","Oui","Non","Oui","Non","Non","Non","Non","Non","Oui","Non","Non","Non","Oui","Non","Non","Non","Oui","Non","Oui","Parfois","nini","Oui","Non","Oui","Non","Oui","Non","Non","Non","Oui","Oui","Non","Oui","Oui","Non","Oui","Non","Non","Non","Oui","Non","Non","Non","Non","Non","Plus de dix ans","NA","Non","Non","Oui","Non","Oui","CDI","Non","Non","Non","Non","Non","Non","Oui","Non","Non","NA","Un homme","Non","Non","Non","Non","Oui","Oui","Non","Non","Non","Non","Oui","Oui","Oui","Non","Non","moins","moins","moins","moins","NA","moins","moins","moins","NA","NA","NA","NA","NA","NA","Non","Oui","Non","Non","Oui","Oui","Non","Oui","Oui","Oui","Non","Oui","Oui","Oui","Oui","6a10","Non","Non","Oui","Non","Non","Non","Non","Non","Non","Non","Non","Windows","Oui","Non","Non","Non","Non","Oui","Non","Oui","Non","Non","Oui","Oui","Oui","Oui","Non","Non","Oui","Non","Oui","Non","Non","Oui","Non","Non","Non","Oui","Oui","Oui","Oui","Non","Non"
1126,1,2,"Non","Oui","Non","Oui","Non","Non","Oui","Non","Oui","Non","Non","Non","Non","Pas du tout","Non","Non","Non","Non","Oui","Non","Oui","Non applicable","Non applicable","Non applicable","Toujours","Non","Non","Non","Non","Non","Oui","Non","Oui","Oui","Oui","Non","Oui","Oui","Non","Non","Non","Non","Non","Non","Non","oui","non","non","oui","non","Je ne sais pas","Non applicable","Oui","Oui","Oui","Oui","Oui","Oui","Non","Non","Non","Non","Non","Non","Non","Non","Non","Non","Oui","Non","Oui","Oui","Oui","Non","Non","Non","Non","Oui","Souvent","nini","Non","Non","Non","Non","Non","Non","Non","Oui","Non","Non","Non","Non","Non","Oui","Oui","Non","Oui","Non","Non","Oui","Oui","Oui","Oui","Non","Moins de cinq ans","Université","Non","Non","Non","Non","Non","CDD","Non","Non","Non","Non","Oui","Non","Non","Non","Non","NA","Une femme","Non","Non","Non","Non","Non","Oui","Oui","Non","Oui","Non","Oui","Oui","Non","Non","Oui","NA","NA","NA","NA","NA","NA","NA","NA","NA","moins","moins","moins","moins","moins","Oui","Oui","Oui","Oui","Oui","Oui","Oui","Oui","Non","Non","Non","Non","Non","Oui","Non","11plus","Non","Non","Non","Non","Non","Non","Non","Non","Non","Non","Non","Windows","Non","Non","Non","Non","Non","Non","Non","Non","Non","Oui","Non","Non","Non","Non","Non","Non","Non","Non","Non","Non","Oui","Non","Non","Non","Non","Non","Non","Non","Non","Non","Oui"
1165,2,2,"Non","Non","Oui","Oui","Oui","Oui","Oui","Non","Non","Non","Oui","Non","Non","Peu","Non","Oui","Non","Oui","Non","Non","Oui","Souvent","Jamais","Jamais","Jamais","Non","Non","Non","Non","Oui","Non","Oui","Non","Oui","Non","Non","Non","Non","Non","Non","Non","Non","Non","Non","Non","non","non","non","non","non","Non","Je ne sais pas","Oui","Non","Non","Non","Non","Non","Oui","Non","Oui","Non","Non","Non","Non","Non","Non","Non","Non","Oui","Non","Oui","Non","Non","Non","Non","Non","Non","NA","NA","Non","Oui","Oui","Oui","Oui","Oui","Oui","Non","Non","Non","Non","Non","Non","Non","Non","Oui","Non","Non","Oui","Non","Non","Non","Non","Non","Plus de dix ans","CNRS","Non","Non","Oui","Non","Non","fonct","Non","Non","Non","Non","Non","Non","Oui","Non","Non","NA","Un homme","Oui","Non","Non","Non","Oui","Oui","Non","Non","Non","Non","Non","Non","Non","Non","Oui","NA","NA","NA","NA","NA","NA","NA","NA","NA","NA","NA","NA","NA","NA","Non","Oui","Oui","Non","Non","Oui","Oui","Non","Non","Non","Non","Non","Non","Non","Oui","2a5","Oui","Non","Oui","Oui","Non","Non","Non","Non","Non","Non","Non","Windows","Non","Oui","Non","Non","Non","Non","Non","Non","Non","Non","Non","Oui","Non","Non","Non","Non","Non","Non","Non","Non","Non","Oui","Non","Non","Oui","Non","Non","Non","Non","Non","Non"
1179,3,2,"Oui","Oui","Non","Oui","Non","Non","Non","Non","Non","Non","Non","Non","Non","Peu","Oui","Non","Non","Non","Oui","Oui","Oui","Souvent","Jamais","Souvent","Jamais","Non","Non","Non","Non","Non","Oui","Non","Non","Oui","Non","Non","Non","Oui","Non","Non","Non","Non","Non","Non","Non","non","oui","non","oui","non","Je ne sais pas","Parfois","Oui","Non","Non","Non","Non","Oui","Non","Oui","Non","Non","Oui","Non","Non","Non","Non","Non","Non","Non","Non","Non","Oui","Non","Oui","Non","Non","Non","NA","NA","Non","Oui","Non","Oui","Oui","Non","Non","Non","Non","Non","Non","Oui","Oui","Oui","Oui","Non","Oui","Non","Oui","Non","Non","Non","Non","Non","Plus de dix ans","autre","Non","Non","Non","Non","Oui","fonct","Non","Non","Oui","Non","Non","Non","Non","Non","Non","NA","Une femme","Non","Non","Oui","Oui","Non","Oui","Non","Non","Non","Non","Non","Non","Non","Non","Oui","NA","NA","moins","NA","NA","moins","NA","NA","NA","NA","NA","moins","moins","NA","Non","Non","Non","Non","Non","Oui","Oui","Oui","Non","Non","Non","Non","Non","Non","Oui","6a10","Non","Non","Oui","Non","Oui","Non","Oui","Non","Non","Oui","Non","Windows","Non","Non","Non","Non","Non","Non","Non","Non","Non","Non","Oui","Non","Non","Non","Non","Non","Oui","Oui","Non","Oui","Non","Non","Non","Non","Oui","Non","Oui","Oui","Non","Non","Non"
446,4,2,"Non","Non","Non","Non","Oui","Oui","Non","Oui","Non","Non","Non","Non","Non","Assez","Non","Oui","Oui","Oui","Non","Non","Non","Parfois","Jamais","Jamais","Jamais","Non","Non","Non","Non","Oui","Non","Oui","Oui","Oui","Non","Non","Non","Non","Non","Non","Non","Non","Oui","Non","Non","oui","oui","oui","oui","non","Non","Jamais","Non","Oui","Oui","Non","Oui","Non","Non","Oui","Oui","Oui","Non","Non","Non","Non","Non","Non","Non","Oui","Non","Oui","Oui","Oui","Non","Non","Non","Oui","Parfois","tressat","Oui","Non","Non","Oui","Non","Non","Non","Non","Oui","Non","Non","Oui","Non","Oui","Oui","Non","Oui","Non","Oui","Non","Oui","Non","Non","Non","Plus de dix ans","Université","Oui","Non","Non","Non","Non","fonct","Non","Non","Non","Non","Non","Non","Non","Non","Oui","physique ","Un homme","Oui","Non","Non","Non","Oui","Oui","Oui","Oui","Non","Non","Non","Oui","Non","Non","Non","moins","NA","NA","NA","NA","moins","moins","moins","NA","moins","NA","NA","NA","moins","Non","Oui","Non","Non","Non","Oui","Non","Non","Oui","Non","Non","Oui","Oui","Non","Oui","2a5","Oui","Oui","Oui","Non","Non","Non","Non","Non","Non","Non","Non","Windows","Oui","Oui","Non","Non","Non","Non","Non","Oui","Non","Non","Non","Oui","Oui","Non","Non","Non","Non","Non","Non","Non","Non","Oui","Non","Non","Non","Oui","Non","Non","Oui","Non","Non"
515,4,2,"Oui","Oui","Non","Non","Non","Non","Non","Oui","Non","Non","Non","Non","Non","Tout à fait","Non","Oui","Oui","Non","Non","Non","Non","Souvent","Parfois","Jamais","Jamais","Non","Non","Non","Non","Oui","Non","Non","Oui","Oui","Non","Non","Oui","Non","Non","Oui","Non","Non","Non","Non","Non","non","non","oui","non","oui","Non","Jamais","Oui","Oui","Oui","Non","Non","Non","Non","Oui","Oui","Oui","Oui","Non","Non","Non","Non","Non","Non","Non","Non","Oui","Non","Non","Non","Non","Non","Oui","Parfois","plutotsat","Non","Non","Non","Non","Non","Non","Non","Oui","Non","Non","Non","Non","Non","Non","Non","Oui","Non","Non","Non","Non","Non","Non","Non","Oui","Plus de dix ans","CNRS","Oui","Non","Non","Non","Non","fonct","Non","Non","Non","Non","Non","Non","Non","Non","Oui","physique ","Un homme","Non","Non","Non","Oui","Non","Oui","Non","Non","Non","Non","Non","Oui","Non","Non","Non","moins","moins","moins","NA","NA","NA","moins","moins","NA","moins","NA","NA","NA","NA","Non","Non","Oui","Oui","Non","Oui","Non","Oui","Oui","Non","Non","Oui","Non","Oui","Oui","2a5","Oui","Oui","Non","Non","Non","Non","Non","Non","Non","Non","Non","LinuxUnix","Non","Non","Non","Non","Non","Non","Non","Oui","Non","Non","Oui","Oui","Oui","Non","Non","Non","Non","Non","Non","Non","Non","Non","Non","Non","Non","Non","Non","Non","Oui","Oui","Non"
519,4,2,"Non","Non","Non","Non","Non","Oui","Non","Non","Non","Non","Oui","Non","Non","Tout à fait","Non","Oui","Oui","Non","Oui","Non","Oui","Parfois","Jamais","Jamais","Jamais","Non","Non","Non","Non","Oui","Non","Oui","Non","Oui","Non","Non","Non","Non","Non","Oui","Non","Non","Non","Non","Non","oui","non","oui","oui","non","Non","Jamais","Non","Oui","Oui","Non","Oui","Non","Non","Oui","Oui","Non","Non","Non","Non","Non","Non","Non","Non","Oui","Non","Non","Non","Non","Non","Non","Non","Non","NA","NA","Non","Non","Non","Oui","Oui","Non","Non","Non","Non","Non","Non","Non","Oui","Non","Non","Non","Non","Non","Non","Non","Non","Oui","Non","Non","Moins de cinq ans","école","Non","Oui","Non","Non","Non","doct","Non","Non","Non","Non","Non","Non","Non","Non","Oui","physique ","Autre","Oui","Non","Non","Non","Non","Non","Non","Oui","Oui","Oui","Non","Non","Non","Non","Non","moins","NA","NA","NA","NA","moins","NA","moins","NA","moins","moins","NA","NA","moins","Non","Oui","Non","Non","Non","Non","Non","Non","Oui","Non","Non","Non","Non","Non","Non","2a5","Oui","Oui","Non","Non","Non","Non","Non","Non","Non","Non","Non","Windows","Non","Non","Non","Non","Non","Non","Non","Oui","Non","Non","Non","Oui","Non","Non","Non","Non","Non","Non","Non","Non","Non","Oui","Non","Non","Non","Non","Non","Non","Oui","Non","Non"
521,1,2,"Non","Non","Non","Oui","Non","Non","Non","Non","Non","Non","Non","Non","Non","Tout à fait","Non","Oui","Non","Oui","Oui","Non","Oui","NA","NA","NA","Toujours","Non","Non","Non","Oui","Non","Non","Non","Non","Non","Non","Non","Non","Oui","Non","Non","Non","Non","Non","Non","Non","oui","oui","oui","non","non","Oui","Toujours","Non","Oui","Oui","Non","Non","Non","Oui","Oui","Oui","Non","Non","Non","Non","Non","Non","Non","Non","Oui","Non","Oui","Oui","Non","Non","Non","Non","Non","NA","NA","Non","Non","Non","Non","Non","Non","Non","Oui","Non","Non","Non","Non","Non","Non","Non","Oui","Non","Non","Non","Non","Non","Non","Non","Oui","Plus de dix ans","CNRS","Oui","Non","Non","Non","Non","fonct","Non","Non","Non","Oui","Non","Non","Non","Oui","Oui","physique ","Un homme","Non","Non","Non","Oui","Oui","Oui","Non","Non","Non","Non","Non","Oui","Non","Non","Non","NA","NA","NA","NA","NA","NA","plus","NA","NA","NA","NA","NA","NA","NA","Non","Non","Oui","Non","Oui","Oui","Non","Non","Non","Non","Non","Non","Non","Oui","Non","2a5","Oui","Oui","Non","Non","Non","Non","Non","Non","Non","Non","Non","MacOS","Non","Non","Non","Non","Non","Non","Non","Non","Non","Oui","Oui","Oui","Oui","Non","Non","Non","Non","Non","Non","Non","Non","Non","Non","Non","Non","Non","Non","Non","Oui","Non","Non"
538,5,2,"Non","Oui","Non","Oui","Oui","Oui","Oui","Oui","Oui","Non","Oui","Non","Non","Tout à fait","Non","Non","Oui","Oui","Oui","Non","Oui","Toujours","Toujours","Parfois","NA","Non","Non","Oui","Non","Non","Non","Oui","Non","Non","Non","Non","Non","Oui","Non","Oui","Non","Non","Oui","Non","Non","oui","non","oui","non","oui","Je ne sais pas","Souvent","Non","Oui","Oui","Oui","Oui","Oui","Non","Oui","Oui","Oui","Oui","Non","Oui","Non","Non","Non","Non","Oui","Non","Oui","Non","Oui","Non","Non","Non","Non","NA","NA","Oui","Oui","Non","Oui","Non","Non","Non","Non","Non","Non","Non","Oui","Oui","Non","Oui","Non","Oui","Oui","Oui","Non","Non","Non","Oui","Non","Plus de dix ans","école","Oui","Non","Non","Non","Non","fonct","Non","Non","Non","Non","Non","Non","Non","Non","Oui","physique ","Une femme","Oui","Non","Non","Oui","Oui","Oui","Oui","Non","Non","Oui","Non","Oui","Non","Oui","Non","moins","NA","moins","moins","moins","plus","moins","plus","moins","NA","NA","NA","NA","NA","Non","Oui","Oui","Non","Oui","Oui","Oui","Non","Oui","Oui","Non","Non","Non","Non","Non","2a5","Oui","Oui","Oui","Oui","Non","Non","Non","Non","Non","Non","Non","MacOS","Non","Non","Non","Non","Non","Non","Non","Oui","Non","Non","Non","Oui","Oui","Non","Non","Non","Non","Non","Non","Non","Non","Oui","Non","Non","Non","Non","Non","Non","Oui","Non","Non"
609,4,2,"Non","Non","Non","Non","Non","Oui","Non","Oui","Non","Non","Non","Non","Non","Tout à fait","Non","Non","Oui","Oui","Oui","Oui","Non","Souvent","Jamais","Jamais","Souvent","Oui","Non","Oui","Non","Non","Non","Non","Non","Non","Non","Non","Oui","Non","Non","Non","Oui","Non","Non","Non","Non","non","non","oui","oui","non","Non","Jamais","Oui","Oui","Non","Non","Non","Non","Non","Oui","Non","Oui","Non","Non","Non","Oui","Non","Non","Non","Oui","Oui","Oui","Oui","Oui","Non","Oui","Non","Non","NA","NA","Non","Oui","Non","Non","Non","Non","Non","Non","Non","Non","Non","Non","Non","Non","Non","Oui","Non","Non","Non","Non","Non","Non","Non","Oui","Plus de dix ans","école","Oui","Non","Non","Non","Non","fonct","Non","Non","Non","Non","Non","Non","Non","Non","Oui","physique ","Un homme","Oui","Non","Non","Non","Oui","Oui","Oui","Non","Non","Oui","Non","Oui","Non","Non","Non","plus","NA","NA","NA","NA","moins","moins","NA","NA","moins","moins","moins","moins","NA","Non","Oui","Non","Non","Non","Non","Non","Non","Oui","Non","Non","Oui","Oui","Oui","Non","6a10","Oui","Oui","Non","Non","Non","Non","Non","Non","Non","Non","Non","MacOS","Non","Non","Non","Non","Non","Non","Non","Oui","Non","Non","Non","Non","Oui","Oui","Non","Non","Non","Non","Non","Oui","Non","Oui","Non","Non","Non","Non","Non","Non","Oui","Non","Non"
693,5,2,"Non","Non","Non","Non","Non","Non","Non","Oui","Non","Non","Oui","Oui","Non","Tout à fait","Oui","Oui","Oui","Oui","Non","Non","Oui","Toujours","NA","NA","NA","Non","Non","Oui","Non","Non","Non","Non","Non","Non","Non","Non","Non","Non","Non","Non","Non","Oui","Oui","Non","Non","oui","non","oui","oui","oui","Oui","Parfois","Non","Oui","Oui","Oui","Oui","Non","Non","Non","Non","Non","Oui","Non","Oui","Non","Non","Non","Non","Non","Non","Non","Non","Non","Oui","Oui","Non","Oui","Parfois","tressat","Non","Oui","Oui","Non","Non","Non","Non","Non","Non","Non","Oui","Oui","Oui","Non","Non","Non","Oui","Oui","Oui","Oui","Non","Non","Non","Non","Plus de dix ans","Université","Oui","Non","Non","Non","Non","fonct","Non","Non","Non","Non","Non","Non","Non","Non","Oui","physique ","Un homme","Oui","Non","Non","Non","Oui","Oui","Oui","Non","Non","Oui","Non","Non","Oui","Oui","Non","moins","NA","moins","plus","NA","plus","moins","moins","moins","moins","moins","NA","NA","moins","Non","Oui","Non","Non","Non","Non","Non","Non","Non","Oui","Non","Non","Oui","Oui","Non","11plus","Oui","Oui","Oui","Non","Non","Non","Non","Non","Non","Non","Oui","LinuxUnix","Non","Non","Non","Non","Non","Non","Non","Oui","Non","Non","Non","Oui","Oui","Non","Non","Non","Non","Non","Non","Non","Non","Oui","Oui","Non","Non","Non","Non","Non","Non","Non","Non"
719,4,2,"Non","Non","Oui","Non","Non","Oui","Oui","Oui","Non","Non","Oui","Non","Non","Peu","Oui","Oui","Oui","Oui","Oui","Non","Oui","NA","NA","Toujours","Toujours","Non","Non","Non","Non","Oui","Non","Non","Non","Non","Non","Non","Non","Non","Non","Non","Non","Non","Non","Non","Oui","oui","non","oui","non","non","Non","Souvent","Non","Oui","Non","Non","Non","Non","Non","Oui","Oui","Oui","Non","Non","Non","Non","Non","Non","Non","Non","Non","Oui","Non","Non","Non","Non","Non","Non","NA","NA","Non","Non","Oui","Non","Non","Non","Non","Non","Non","Non","Non","Oui","Non","Non","Non","Non","Non","Non","Oui","Non","Non","Oui","Non","Non","Plus de dix ans","autre","Oui","Non","Non","Non","Non","fonct","Non","Non","Non","Non","Non","Non","Oui","Non","Non","physique ","Un homme","Oui","Non","Non","Non","Non","Non","Oui","Non","Oui","Oui","Non","Oui","Oui","Non","Non","moins","NA","NA","moins","NA","moins","NA","moins","NA","moins","moins","NA","moins","NA","Non","Oui","Non","Non","Non","Oui","Non","Non","Oui","Non","Non","Oui","Oui","Oui","Non","2a5","Oui","Oui","Non","Non","Non","Non","Non","Non","Non","Non","Non","Windows","Non","Oui","Non","Non","Non","Non","Non","Oui","Non","Non","Oui","Oui","Oui","Non","Non","Non","Non","Non","Non","Non","Non","Oui","Non","Non","Non","Non","Non","Non","Oui","Non","Non"
778,5,2,"Non","Non","Non","Non","Non","Oui","Oui","Oui","Non","Non","Oui","Oui","Non","Tout à fait","Oui","Oui","Oui","Oui","Oui","Non","Oui","Toujours","Toujours","Jamais","Souvent","Non","Non","Oui","Non","Non","Non","Non","Oui","Oui","Oui","Non","Oui","Non","Oui","Non","Non","Non","Oui","Non","Non","oui","non","oui","oui","non","Oui","Parfois","Oui","Non","Oui","Oui","Oui","Non","Non","Non","Oui","Oui","Oui","Non","Non","Non","Non","Non","Non","Oui","Non","Oui","Oui","Oui","Oui","Non","Non","Oui","Souvent","plutotsat","Non","Non","Non","Non","Non","Non","Non","Oui","Oui","Non","Non","Oui","Oui","Non","Non","Non","Oui","Non","Oui","Non","Non","Oui","Oui","Non","Cinq à dix ans","autre","Non","Oui","Non","Non","Non","CDD","Non","Non","Non","Non","Non","Non","Non","Non","Oui","physique ","Un homme","Oui","Non","Non","Non","Oui","Oui","Non","Non","Non","Oui","Non","Oui","Non","Non","Non","plus","moins","moins","moins","moins","plus","moins","plus","moins","moins","plus","moins","moins","plus","Non","Oui","Non","Non","Non","Oui","Non","Non","Oui","Non","Non","Oui","Non","Oui","Oui","2a5","Oui","Oui","Non","Non","Non","Non","Non","Non","Non","Non","Oui","LinuxUnix","Non","Non","Non","Non","Non","Non","Non","Oui","Non","Non","Non","Oui","Oui","Non","Oui","Non","Oui","Oui","Oui","Non","Non","Oui","Oui","Non","Non","Oui","Oui","Oui","Oui","Non","Non"
890,4,2,"Non","Non","Oui","Non","Oui","Oui","Oui","Oui","Non","Non","Oui","Non","Non","Assez","Non","Oui","Oui","Oui","Non","Non","Oui","Souvent","Parfois","Jamais","Jamais","Non","Non","Oui","Oui","Non","Non","Non","Oui","Oui","Non","Non","Non","Non","Non","Non","Non","Non","Non","Non","Non","oui","oui","oui","non","non","Je ne sais pas","Parfois","Oui","Oui","Oui","Non","Oui","Non","Oui","Non","Non","Non","Oui","Non","Non","Non","Non","Non","Non","Oui","Non","Oui","Non","Non","Non","Non","Non","Non","NA","NA","Non","Non","Non","Non","Non","Non","Non","Oui","Non","Non","Non","Oui","Oui","Oui","Oui","Non","Oui","Non","Oui","Non","Non","Oui","Non","Non","Plus de dix ans","CNRS","Non","Non","Oui","Non","Non","fonct","Non","Non","Non","Non","Non","Non","Oui","Non","Oui","physique ","Un homme","Oui","Non","Non","Non","Non","Oui","Oui","Oui","Non","Oui","Non","Oui","Non","Non","Non","moins","moins","moins","moins","moins","moins","moins","moins","moins","moins","moins","moins","moins","moins","Non","Oui","Non","Non","Oui","Oui","Non","Non","Oui","Non","Non","Oui","Oui","Oui","Oui","6a10","Oui","Oui","Oui","Non","Non","Non","Non","Non","Non","Non","Oui","Windows","Oui","Oui","Non","Non","Non","Oui","Non","Oui","Non","Non","Oui","Oui","Oui","Non","Non","Non","Oui","Non","Oui","Non","Non","Oui","Oui","Oui","Oui","Non","Oui","Non","Oui","Oui","Non"
1022,4,2,"Non","Oui","Non","Non","Non","Oui","Non","Non","Non","Non","Non","Non","Non","Tout à fait","Non","Oui","Oui","Non","Non","Non","Oui","Parfois","Parfois","Jamais","Non applicable","Non","Non","Oui","Non","Non","Non","Oui","Oui","Non","Non","Non","Non","Non","Non","Oui","Non","Non","Non","Non","Non","oui","oui","non","oui","oui","Je ne sais pas","Parfois","Non","Oui","Non","Non","Non","Non","Non","Oui","Oui","Oui","Oui","Non","Non","Non","Non","Non","Non","Non","Non","Oui","Non","Non","Non","Non","Non","Non","NA","NA","Non","Oui","Non","Non","Non","Non","Oui","Non","Oui","Non","Non","Non","Non","Non","Non","Non","Oui","Non","Oui","Non","Non","Non","Non","Non","Plus de dix ans","CNRS","Oui","Non","Non","Non","Non","fonct","Non","Non","Non","Non","Non","Non","Non","Non","Oui","physique ","Un homme","Oui","Non","Non","Non","Oui","Oui","Oui","Non","Non","Non","Non","Non","Non","Non","Non","moins","NA","moins","moins","NA","moins","NA","NA","NA","NA","NA","NA","NA","NA","Non","Oui","Non","Non","Non","Oui","Non","Non","Oui","Non","Non","Non","Non","Non","Non","2a5","Oui","Non","Oui","Non","Non","Non","Non","Non","Non","Non","Non","Windows","Non","Oui","Non","Non","Non","Non","Non","Oui","Non","Non","Oui","Oui","Oui","Non","Non","Non","Non","Non","Non","Non","Non","Oui","Oui","Non","Non","Non","Non","Non","Non","Non","Non"
1031,4,2,"Non","Non","Non","Non","Non","Oui","Oui","Non","Non","Non","Oui","Non","Non","Tout à fait","Non","Non","Oui","Oui","Non","Non","Non","Souvent","Parfois","Jamais","Jamais","Non","Non","Non","Non","Oui","Non","Oui","Oui","Oui","Oui","Non","Non","Non","Oui","Oui","Non","Non","Non","Non","Non","non","oui","oui","oui","oui","Non","Parfois","Non","Oui","Non","Non","Non","Non","Oui","Oui","Oui","Oui","Non","Non","Non","Non","Non","Non","Non","Oui","Non","Oui","Non","Non","Non","Non","Non","Non","NA","NA","Non","Non","Non","Non","Non","Non","Non","Oui","Non","Non","Non","Non","Non","Non","Non","Oui","Oui","Non","Non","Non","Non","Non","Non","Non","Plus de dix ans","CNRS","Oui","Non","Non","Non","Non","CDI","Non","Non","Non","Non","Non","Non","Non","Non","Oui","physique ","Une femme","Oui","Non","Non","Non","Non","Oui","Oui","Non","Non","Oui","Oui","Non","Non","Non","Non","plus","NA","moins","NA","NA","plus","NA","plus","NA","plus","NA","NA","moins","moins","Non","Oui","Non","Non","Non","Oui","Non","Non","Oui","Non","Non","Non","Oui","Oui","Oui","2a5","Oui","Oui","Oui","Non","Non","Non","Non","Non","Non","Non","Non","Windows","Non","Oui","Non","Oui","Non","Oui","Non","Non","Non","Non","Oui","Oui","Oui","Oui","Non","Non","Oui","Oui","Oui","Non","Non","Oui","Non","Oui","Oui","Non","Non","Oui","Oui","Non","Non"
1062,4,2,"Non","Non","Oui","Non","Oui","Oui","Non","Non","Non","Non","Oui","Non","Non","Tout à fait","Non","Non","Oui","Oui","Non","Non","Non","Parfois","Jamais","Jamais","Jamais","Oui","Non","Non","Non","Non","Non","Non","Oui","Oui","Non","Non","Non","Non","Oui","Non","Non","Non","Non","Non","Non","non","non","oui","oui","oui","Non","Jamais","Non","Non","Non","Non","Non","Non","Oui","Non","Oui","Oui","Non","Non","Non","Non","Non","Non","Non","Non","Non","Oui","Non","Non","Non","Non","Non","Non","NA","NA","Non","Non","Non","Non","Non","Non","Non","Oui","Non","Non","Non","Oui","Non","Non","Non","Non","Non","Non","Non","Oui","Non","Non","Non","Non","Plus de dix ans","NA","Oui","Non","Non","Non","Non","CDI","Non","Non","Non","Non","Non","Non","Non","Non","Oui","physique ","Un homme","Oui","Non","Non","Non","Non","Oui","Non","Non","Non","Non","Oui","Oui","Non","Non","Non","moins","NA","NA","NA","NA","NA","moins","moins","NA","moins","moins","NA","NA","NA","Non","Oui","Non","Non","Non","Oui","Non","Non","Oui","Non","Non","Oui","Non","Oui","Oui","6a10","Oui","Oui","Oui","Non","Non","Oui","Non","Non","Non","Non","Oui","MacOS","Non","Oui","Non","Non","Non","Oui","Non","Oui","Non","Non","Oui","Oui","Oui","Oui","Non","Non","Non","Non","Non","Non","Non","Non","Oui","Non","Oui","Non","Non","Non","Oui","Non","Non"
273,5,2,"Oui","Oui","Non","Oui","Oui","Oui","Oui","Oui","Oui","Non","Oui","Oui","Non","Tout à fait","Non","Oui","Oui","Oui","Oui","Non","Oui","Souvent","Parfois","Jamais","Jamais","Oui","Oui","Oui","Oui","Oui","Non","Oui","Oui","Non","Oui","Oui","Non","Non","Oui","Oui","Non","Non","Oui","Non","Non","non","non","oui","non","non","Oui","Souvent","Oui","Non","Oui","Oui","Oui","Oui","Non","Oui","Oui","Non","Oui","Non","Non","Non","Non","Non","Non","Non","Non","Oui","Oui","Oui","Non","Oui","Non","Oui","Parfois","tressat","Oui","Non","Non","Non","Non","Oui","Oui","Non","Non","Non","Non","Non","Non","Non","Oui","Non","Non","Non","Non","Non","Non","Non","Non","Oui","Plus de dix ans","NA","Oui","Non","Oui","Non","Non","fonct","Non","Non","Oui","Non","Non","Non","Non","Non","Non","psychologie","Une femme","Non","Oui","Oui","Oui","Oui","Oui","Oui","Non","Oui","Oui","Oui","Oui","Oui","Oui","Oui","moins","moins","moins","moins","moins","moins","moins","moins","moins","moins","moins","moins","moins","moins","Oui","Oui","Oui","Oui","Oui","Oui","Oui","Oui","Oui","Non","Oui","Non","Non","Oui","Oui","11plus","Oui","Oui","Oui","Non","Oui","Non","Non","Non","Non","Non","Oui","Windows","Oui","Non","Oui","Non","Oui","Oui","Non","Non","Non","Non","Oui","Oui","Oui","Non","Non","Oui","Oui","Oui","Oui","Oui","Non","Non","Non","Oui","Non","Non","Oui","Oui","Oui","Oui","Non"
448,2,2,"Oui","Non","Non","Oui","Non","Non","Non","Non","Non","Non","Non","Non","Non","Peu","Non","Oui","Non","Oui","Non","Non","Non","Jamais","Jamais","Jamais","Jamais","Non","Non","Non","Non","Oui","Non","Non","Non","Non","Non","Non","Non","Non","Non","Non","Non","Non","Non","Non","Oui","non","non","oui","non","non","Non","Jamais","Non","Non","Non","Non","Oui","Non","Oui","Non","Oui","Non","Non","Non","Non","Non","Non","Non","Non","Non","Non","Non","Non","Non","Oui","Non","Non","Oui","Jamais","NA","Non","Non","Non","Non","Non","Non","Non","Oui","Non","Non","Oui","Non","Oui","Non","Non","Non","Non","Oui","Non","Non","Non","Non","Non","Non","Plus de dix ans","école","Oui","Non","Non","Non","Non","autre","Non","Non","Oui","Non","Non","Non","Non","Non","Non","psychologie","Un homme","Non","Non","Oui","Non","Oui","Oui","Non","Non","Non","Non","Oui","Oui","Non","Non","Non","moins","NA","plus","moins","NA","plus","NA","NA","NA","NA","moins","NA","NA","NA","Oui","Non","Non","Oui","Non","Oui","Non","Non","Oui","Non","Non","Non","Non","Non","Non","2a5","Oui","Non","Non","Non","Non","Non","Non","Non","Non","Non","Non","Windows","Non","Non","Non","Non","Oui","Non","Non","Non","Non","Non","Oui","Oui","Oui","Non","Non","Non","Non","Non","Non","Non","Non","Non","Non","Non","Non","Non","Non","Non","Oui","Oui","Non"
645,4,2,"Non","Non","Oui","Non","Non","Oui","Non","Oui","Non","Non","Non","Oui","Non","Assez","Non","Oui","Oui","Non","Non","Non","Non","Jamais","Jamais","Jamais","Jamais","Non","Non","Non","Non","Oui","Non","Non","Non","Non","Non","Non","Non","Non","Non","Non","Non","Non","Non","Non","Oui","oui","non","non","non","non","Oui","Parfois","Non","Oui","Non","Non","Non","Non","Oui","Non","Non","Non","Non","Non","Non","Non","Non","Non","Non","Non","Non","Oui","Non","Non","Non","Non","Non","Non","NA","NA","Non","Oui","Non","Non","Non","Non","Non","Non","Non","Oui","Non","Non","Non","Non","Oui","Non","Non","Non","Non","Non","Non","Non","Non","Non","Cinq à dix ans","Université","Oui","Non","Non","Non","Non","fonct","Non","Non","Oui","Non","Non","Non","Non","Non","Non","psychologie","Une femme","Non","Non","Oui","Non","Oui","Non","Non","Non","Non","Oui","Oui","Non","Non","Oui","Non","moins","NA","moins","moins","moins","moins","moins","moins","NA","NA","NA","NA","moins","moins","Oui","Oui","Non","Non","Non","Oui","Non","Non","Oui","Non","Non","Oui","Non","Non","Non","2a5","Oui","Oui","Non","Non","Non","Non","Non","Non","Non","Non","Oui","Windows","Oui","Non","Non","Non","Oui","Non","Non","Non","Non","Non","Oui","Non","Oui","Non","Non","Non","Non","Oui","Non","Non","Non","Oui","Oui","Non","Non","Non","Non","Non","Oui","Non","Non"
708,4,2,"Non","Non","Non","Non","Non","Non","Non","Non","Oui","Non","Oui","Oui","Non","Tout à fait","Non","Oui","Oui","Non","Oui","Non","Non","Parfois","Souvent","Souvent","Souvent","Oui","Non","Non","Non","Non","Non","Non","Non","Non","Non","Non","Non","Non","Non","Non","Non","Non","Non","Oui","Non","oui","oui","oui","non","non","Oui","Parfois","Non","Oui","Oui","Non","Oui","Non","Non","Non","Non","Non","Oui","Non","Non","Non","Non","Non","Non","Non","Non","Oui","Oui","Non","Non","Oui","Non","Oui","Jamais","NA","Oui","Non","Non","Non","Non","Non","Non","Non","Oui","Oui","Oui","Oui","Oui","Non","Oui","Non","Oui","Non","Oui","Non","Oui","Non","Non","Non","Moins de cinq ans","Université","Non","Oui","Non","Non","Non","CDD","Non","Non","Oui","Non","Non","Non","Non","Non","Non","psychologie","Un homme","Non","Non","Oui","Non","Oui","Oui","Non","Non","Non","Non","Oui","Non","Non","Non","Non","moins","NA","moins","moins","moins","moins","NA","moins","NA","moins","moins","NA","NA","NA","Oui","Non","Non","Non","Non","Oui","Non","Non","Oui","Non","Oui","Oui","Non","Oui","Non","2a5","Oui","Non","Non","Non","Non","Non","Non","Non","Non","Non","Non","MacOS","Oui","Non","Non","Non","Oui","Non","Non","Oui","Non","Non","Oui","Oui","Non","Non","Oui","Non","Non","Non","Non","Oui","Non","Oui","Non","Non","Non","Oui","Non","Non","Oui","Oui","Non"
736,2,2,"Oui","Non","Non","Non","Non","Oui","Oui","Oui","Non","Non","Oui","Non","Non","Assez","Non","Non","Oui","Non","Non","Oui","Oui","Parfois","Jamais","Jamais","Jamais","Non","Non","Non","Non","Oui","Non","Oui","Non","Non","Non","Non","Non","Non","Non","Non","Non","Non","Non","Non","Non","non","oui","oui","non","non","Oui","Jamais","Non","Non","Non","Non","Oui","Oui","Non","Oui","Oui","Non","Non","Non","Non","Non","Non","Non","Non","Non","Non","Oui","Non","Non","Non","Non","Oui","Oui","Parfois","NA","Non","Non","Non","Non","Oui","Non","Non","Non","Non","Non","Non","Oui","Non","Non","Non","Non","Non","Non","Non","Non","Oui","Non","Oui","Non","Moins de cinq ans","NA","Oui","Non","Non","Non","Non","fonct","Non","Non","Oui","Non","Non","Non","Non","Non","Non","psychologie","Une femme","Non","Oui","Oui","Oui","Oui","Oui","Oui","Non","Non","Oui","Oui","Oui","Non","Non","Non","moins","NA","plus","moins","moins","moins","moins","NA","NA","moins","moins","NA","moins","moins","Oui","Non","Non","Non","Non","Non","Non","Non","Oui","Non","Non","Non","Oui","Oui","Oui","2a5","Oui","Oui","Non","Non","Non","Non","Non","Non","Non","Non","Non","Windows","Oui","Non","Non","Non","Oui","Non","Non","Non","Non","Non","Non","Oui","Non","Non","Non","Non","Oui","Non","Non","Non","Non","Non","Oui","Non","Non","Oui","Non","Non","Oui","Non","Non"
1100,4,2,"Non","Non","Non","Non","Non","Non","Non","Oui","Non","Non","Oui","Non","Non","Tout à fait","Oui","Non","Oui","Non","Oui","Non","Oui","Souvent","Jamais","Jamais","Jamais","Non","Non","Non","Non","Oui","Non","Oui","Oui","Non","Non","Non","Non","Non","Non","Non","Non","Non","Non","Non","Non","oui","non","non","oui","oui","Oui","Jamais","Non","Oui","Non","Oui","Oui","Non","Oui","Oui","Non","Non","Non","Non","Non","Non","Non","Non","Non","Non","Non","Oui","Oui","Non","Non","Non","Non","Non","NA","NA","Non","Non","Oui","Non","Oui","Non","Non","Non","Non","Non","Oui","Non","Oui","Non","Oui","Non","Non","Oui","Oui","Oui","Non","Oui","Oui","Non","Moins de cinq ans","Université","Non","Oui","Non","Non","Non","doct","Non","Non","Oui","Non","Non","Non","Non","Non","Non","psychologie","Une femme","Non","Non","Oui","Non","Oui","Oui","Oui","Non","Non","Non","Non","Oui","Non","Non","Non","moins","moins","plus","moins","moins","moins","moins","moins","moins","moins","moins","moins","moins","moins","Oui","Non","Non","Non","Non","Oui","Non","Non","Oui","Non","Non","Non","Non","Non","Non","2a5","Oui","Oui","Non","Non","Non","Non","Non","Non","Non","Non","Non","Windows","Oui","Non","Non","Non","Oui","Non","Non","Non","Non","Non","Non","Oui","Non","Non","Non","Non","Non","Non","Non","Non","Non","Oui","Non","Non","Non","Non","Non","Non","Non","Oui","Non"
1104,4,2,"Oui","Non","Non","Non","Non","Oui","Oui","Non","Oui","Non","Oui","Oui","Non","Tout à fait","Non","Non","Oui","Oui","Non","Non","Oui","Toujours","Parfois","Jamais","Jamais","Non","Non","Non","Non","Oui","Non","Oui","Oui","Oui","Non","Non","Non","Non","Oui","Non","Non","Non","Non","Non","Non","oui","non","oui","oui","non","Je ne sais pas","Jamais","Non","Oui","Non","Non","Oui","Non","Non","Oui","Oui","Non","Non","Non","Non","Non","Non","Non","Non","Non","Non","Oui","Oui","Non","Non","Non","Non","Non","NA","NA","Oui","Oui","Non","Oui","Oui","Oui","Non","Non","Oui","Non","Oui","Non","Non","Non","Non","Non","Non","Non","Oui","Non","Oui","Oui","Oui","Non","Plus de dix ans","NA","Oui","Non","Non","Non","Non","CDI","Non","Non","Oui","Non","Non","Non","Non","Non","Non","psychologie","Une femme","Non","Non","Oui","Non","Oui","Oui","Oui","Non","Non","Non","Oui","Oui","Non","Non","Non","moins","NA","NA","moins","moins","moins","moins","moins","moins","NA","moins","NA","NA","NA","Oui","Non","Non","Non","Non","Non","Non","Non","Oui","Non","Non","Non","Oui","Non","Oui","2a5","Oui","Non","Non","Non","Non","Non","Non","Non","Non","Non","Oui","Windows","Oui","Non","Non","Non","Oui","Non","Non","Non","Non","Non","Oui","Non","Non","Non","Non","Non","Non","Non","Non","Non","Non","Oui","Non","Non","Oui","Non","Non","Non","Oui","Non","Non"
1147,4,2,"Non","Non","Non","Non","Non","Oui","Oui","Oui","Non","Non","Oui","Oui","Non","Assez","Non","Oui","Oui","Oui","Non","Non","Oui","Parfois","Parfois","Souvent","Jamais","Oui","Non","Oui","Non","Non","Non","Non","Non","Non","Non","Non","Oui","Non","Non","Non","Non","Non","Non","Non","Non","non","oui","oui","non","non","Je ne sais pas","Jamais","Non","Oui","Non","Non","Non","Non","Oui","Non","Oui","Non","Non","Non","Non","Non","Non","Non","Non","Non","Non","Oui","Non","Non","Non","Non","Non","Oui","Parfois","insatisfait","Oui","Oui","Non","Non","Non","Non","Non","Non","Non","Oui","Oui","Oui","Non","Non","Oui","Non","Oui","Oui","Oui","Non","Non","Oui","Non","Non","Cinq à dix ans","autre","Oui","Non","Non","Non","Non","fonct","Non","Non","Oui","Non","Non","Oui","Non","Non","Non","psychologie","Un homme","Non","Non","Oui","Oui","Oui","Oui","Oui","Oui","Oui","Oui","Oui","Oui","Oui","Non","Non","moins","moins","moins","moins","moins","moins","moins","moins","moins","moins","moins","moins","moins","plus","Oui","Oui","Non","Non","Non","Non","Non","Non","Oui","Non","Non","Oui","Oui","Non","Oui","2a5","Oui","Oui","Non","Non","Non","Non","Non","Non","Non","Non","Non","MacOS","Oui","Non","Non","Non","Non","Non","Non","Oui","Non","Non","Non","Oui","Oui","Non","Oui","Non","Non","Non","Non","Non","Non","Oui","Non","Non","Oui","Non","Non","Non","Non","Non","Non"
1170,4,2,"Non","Non","Non","Non","Non","Oui","Oui","Oui","Oui","Non","Oui","Non","Non","Assez","Non","Oui","Oui","Non","Non","Non","Oui","Souvent","Parfois","Parfois","NA","Non","Non","Non","Non","Oui","Non","Non","Non","Oui","Non","Non","Non","Oui","Non","Non","Non","Non","Non","Non","Non","oui","non","non","oui","non","Oui","Parfois","Non","Oui","Non","Non","Oui","Non","Oui","Non","Non","Non","Non","Non","Non","Oui","Non","Non","Non","Non","Non","Oui","Non","Non","Non","Non","Non","Non","NA","NA","Non","Non","Non","Non","Non","Non","Non","Oui","Non","Non","Oui","Non","Non","Non","Non","Non","Non","Non","Oui","Non","Non","Non","Non","Non","Moins de cinq ans","Université","Non","Oui","Non","Non","Non","doct","Non","Non","Oui","Non","Non","Non","Non","Non","Non","psychologie","Un homme","Non","Non","Non","Non","Oui","Oui","Non","Non","Non","Non","Non","Oui","Non","Non","Non","moins","NA","NA","moins","moins","plus","moins","moins","NA","moins","moins","moins","moins","NA","Non","Oui","Non","Non","Non","Oui","Non","Non","Oui","Non","Non","Oui","Oui","Oui","Non","2a5","Oui","Non","Non","Non","Non","Non","Non","Non","Non","Non","Non","Windows","Oui","Non","Non","Non","Oui","Non","Non","Oui","Non","Non","Non","Non","Non","Non","Non","Non","Oui","Non","Non","Non","Non","Non","Non","Non","Oui","Non","Oui","Non","Oui","Non","Non"
68,2,2,"Oui","Non","Non","Non","Oui","Non","Non","Non","Non","Non","Non","Non","Non","Pas du tout","Oui","Non","Non","Oui","Oui","Non","Oui","Jamais","Jamais","Jamais","Jamais","Non","Non","Non","Non","Oui","Non","Non","Non","Non","Non","Non","Non","Non","Non","Non","Non","Non","Non","Non","Oui","oui","non","non","oui","non","Non","Parfois","Oui","Oui","Non","Non","Oui","Non","Oui","Non","Non","Non","Non","Non","Non","Non","Non","Non","Non","Non","Non","Non","Non","Non","Non","Non","Oui","Non","NA","NA","Non","Non","Non","Non","Oui","Non","Non","Non","Oui","Oui","Oui","Oui","Oui","Non","Oui","Non","Non","Non","Oui","Oui","Oui","Oui","Oui","Non","Moins de cinq ans","Université","Non","Oui","Non","Non","Non","doct","Non","Non","Oui","Non","Non","Non","Non","Non","Non","sociologie","Une femme","Non","Non","Oui","Non","Non","Oui","Non","Non","Non","Non","Oui","Oui","Non","Non","Non","moins","moins","moins","moins","plus","plus","moins","NA","moins","moins","moins","moins","moins","moins","Oui","Non","Non","Non","Non","Oui","Non","Non","Non","Non","Non","Non","Non","Oui","Non","2a5","Oui","Non","Non","Non","Non","Non","Non","Non","Non","Non","Non","MacOS","Oui","Non","Non","Non","Non","Non","Non","Non","Non","Non","Oui","Non","Non","Non","Non","Non","Non","Non","Non","Non","Non","Non","Non","Non","Non","Non","Non","Non","Oui","Non","Non"
97,1,2,"Non","Non","Non","Oui","Non","Non","Oui","Non","Non","Non","Non","Non","Non","Peu","Non","Non","Non","Oui","Non","Non","Non","NA","NA","NA","NA","Non","Non","Non","Non","Oui","Oui","Non","Non","Oui","Non","Non","Non","Non","Oui","Non","Non","Non","Non","Non","Non","oui","non","oui","non","non","Non applicable","Parfois","Non","Non","Non","Non","Non","Oui","Oui","Oui","Oui","Non","Non","Non","Non","Non","Non","Non","Oui","Non","Non","Oui","Non","Non","Non","Non","Oui","Non","NA","NA","Non","Oui","Non","Non","Non","Non","Non","Non","Non","Non","Non","Oui","Non","Non","Oui","Non","Oui","Non","Oui","Non","Non","Non","Non","Non","Plus de dix ans","autre","Non","Non","Non","Non","Non","autre","Oui","Non","Oui","Non","Non","Non","Non","Non","Non","sociologie","Une femme","Non","Non","Non","Non","Non","Oui","Non","Non","Non","Non","Non","Oui","Non","Non","Non","NA","NA","NA","NA","NA","plus","NA","NA","NA","moins","moins","moins","NA","NA","Oui","Non","Oui","Non","Non","Oui","Non","Oui","Non","Non","Non","Non","Non","Non","Oui","2a5","Oui","Non","Non","Non","Non","Non","Non","Non","Non","Non","Oui","MacOS","Non","Non","Non","Non","Non","Non","Non","Non","Non","Oui","Oui","Non","Oui","Non","Non","Non","Non","Non","Non","Non","Non","Non","Non","Non","Oui","Non","Non","Non","Non","Non","Non"
104,3,2,"Oui","Non","Non","Non","Oui","Non","Oui","Non","Oui","Non","Oui","Oui","Non","Assez","Non","Non","Non","Oui","Non","Non","Oui","Toujours","NA","NA","NA","Non","Non","Non","Non","Oui","Non","Oui","Oui","Non","Non","Non","Non","Non","Non","Oui","Non","Non","Non","Non","Non","non","oui","oui","oui","non","Non","Souvent","Oui","Non","Oui","Non","Oui","Non","Oui","Oui","Oui","Non","Non","Non","Non","Non","Non","Oui","Non","Non","Non","Oui","Non","Non","Non","Non","Non","Oui","Parfois","nini","Oui","Non","Non","Oui","Non","Non","Non","Non","Non","Oui","Oui","Non","Non","Non","Non","Non","Oui","Non","Oui","Non","Non","Non","Non","Non","Plus de dix ans","autre","Oui","Non","Non","Non","Non","fonct","Non","Non","Oui","Non","Non","Non","Non","Non","Non","sociologie","Une femme","Non","Non","Oui","Oui","Oui","Oui","Non","Non","Non","Oui","Oui","Oui","Non","Non","Non","moins","NA","NA","moins","NA","plus","NA","moins","NA","moins","moins","moins","NA","NA","Non","Non","Oui","Non","Oui","Non","Non","Non","Oui","Non","Non","Non","Non","Oui","Non","2a5","Oui","Non","Non","Non","Non","Non","Non","Non","Non","Non","Non","Windows","Oui","Non","Non","Non","Oui","Non","Non","Non","Non","Non","Non","Non","Non","Non","Non","Non","Oui","Non","Non","Non","Non","Oui","Non","Non","Oui","Non","Oui","Non","Oui","Non","Non"
118,5,2,"Oui","Non","Oui","Oui","Oui","Oui","Oui","Oui","Oui","Non","Oui","Oui","Non","Assez","Oui","Non","Non","Oui","Non","Non","Oui","Souvent","Souvent","Jamais","Jamais","Non","Non","Oui","Non","Non","Non","Non","Non","Non","Non","Non","Non","Non","Non","Non","Non","Oui","Non","Non","Non","non","non","oui","oui","non","Je ne sais pas","Jamais","Non","Non","Oui","Oui","Oui","Non","Non","Oui","Non","Non","Oui","Oui","Non","Non","Non","Oui","Non","Non","Non","Oui","Oui","Non","Oui","Non","Non","Oui","Toujours","nini","Non","Non","Non","Non","Non","Oui","Non","Non","Non","Non","Non","Oui","Oui","Non","Non","Non","Non","Non","Non","Non","Non","Non","Non","Non","Plus de dix ans","NA","Non","Non","Oui","Non","Non","fonct","Non","Non","Oui","Non","Non","Non","Non","Non","Non","sociologie","Une femme","Non","Non","Oui","Oui","Oui","Oui","Oui","Oui","Non","Oui","Non","Non","Non","Non","Oui","plus","NA","moins","moins","moins","moins","NA","NA","moins","moins","moins","NA","moins","moins","Oui","Non","Non","Non","Oui","Oui","Non","Non","Oui","Non","Oui","Non","Non","Oui","Oui","11plus","Oui","Oui","Oui","Oui","Oui","Oui","Oui","Oui","Oui","Oui","Oui","Windows","Oui","Non","Non","Non","Oui","Non","Non","Non","Non","Non","Non","Oui","Non","Non","Non","Non","Non","Non","Non","Non","Non","Oui","Oui","Oui","Oui","Non","Oui","Oui","Oui","Oui","Non"
132,2,2,"Non","Non","Non","Oui","Non","Non","Oui","Non","Oui","Non","Non","Non","Non","Assez","Oui","Non","Non","Oui","Oui","Non","Non","Parfois","Jamais","Jamais","Jamais","Non","Non","Non","Non","Oui","Non","Non","Non","Non","Non","Non","Non","Non","Non","Non","Non","Non","Non","Non","Oui","oui","non","oui","oui","oui","Non","Parfois","Oui","Oui","Oui","Oui","Oui","Oui","Oui","Oui","Non","Non","Non","Non","Non","Oui","Non","Non","Non","Non","Non","Oui","Oui","Non","Non","Non","Non","Oui","Souvent","insatisfait","Oui","Non","Oui","Oui","Non","Oui","Oui","Non","Oui","Non","Non","Oui","Oui","Non","Non","Non","Oui","Non","Oui","Non","Non","Non","Oui","Non","Plus de dix ans","CNRS","Non","Non","Oui","Non","Non","fonct","Non","Non","Oui","Non","Non","Non","Non","Non","Non","sociologie","Une femme","Non","Non","Oui","Oui","Non","Oui","Non","Non","Non","Non","Non","Non","Non","Non","Oui","NA","NA","moins","NA","NA","NA","NA","NA","moins","moins","NA","NA","moins","plus","Oui","Non","Non","Oui","Oui","Oui","Oui","Oui","Oui","Non","Oui","Non","Non","Oui","Oui","2a5","Oui","Oui","Oui","Non","Non","Oui","Non","Non","Non","Non","Non","MacOS","Oui","Non","Non","Non","Non","Non","Non","Non","Non","Non","Non","Non","Non","Non","Non","Non","Non","Non","Non","Non","Oui","Oui","Non","Non","Oui","Non","Oui","Non","Non","Non","Non"
135,2,2,"Oui","Non","Non","Oui","Oui","Non","Oui","Non","Oui","Non","Non","Non","Non","Assez","Oui","Non","Non","Oui","Oui","Non","Non","Souvent","Jamais","Jamais","Jamais","Non","Non","Oui","Non","Non","Non","Non","Non","Non","Non","Non","Non","Non","Non","Non","Non","Non","Non","Non","Oui","non","non","oui","non","non","Non","Parfois","Non","Oui","Non","Non","Non","Oui","Non","Oui","Oui","Non","Non","Non","Non","Non","Non","Non","Non","Non","Non","Oui","Oui","Non","Non","Non","Non","Oui","Parfois","insatisfait","Non","Non","Non","Oui","Oui","Non","Oui","Non","Oui","Non","Non","Oui","Oui","Non","Non","Non","Oui","Non","Oui","Non","Non","Non","Non","Non","Plus de dix ans","NA","Oui","Non","Non","Non","Non","fonct","Non","Non","Oui","Non","Non","Non","Non","Non","Non","sociologie","Une femme","Non","Non","Oui","Oui","Oui","Oui","Oui","Non","Non","Oui","Non","Oui","Non","Non","Oui","moins","moins","moins","moins","moins","moins","moins","moins","moins","moins","moins","moins","moins","moins","Oui","Non","Oui","Oui","Non","Oui","Oui","Oui","Oui","Non","Non","Non","Non","Oui","Oui","2a5","Oui","Non","Non","Non","Non","Non","Non","Non","Non","Non","Non","MacOS","Oui","Non","Non","Non","Non","Non","Non","Oui","Non","Non","Non","Oui","Oui","Non","Non","Non","Non","Non","Non","Non","Non","Oui","Oui","Non","Non","Non","Oui","Non","Oui","Non","Non"
144,3,2,"Oui","Non","Non","Oui","Oui","Non","Oui","Non","Oui","Non","Oui","Oui","Non","Peu","Non","Non","Non","Oui","Oui","Non","Oui","Parfois","Jamais","Jamais","Jamais","Non","Non","Non","Non","Oui","Non","Non","Non","Non","Non","Non","Non","Non","Non","Oui","Non","Non","Non","Non","Non","oui","non","non","oui","non","Je ne sais pas","Souvent","Non","Non","Non","Non","Oui","Oui","Non","Oui","Non","Non","Non","Non","Non","Non","Non","Non","Non","Non","Non","Oui","Non","Non","Non","Non","Non","Non","NA","NA","Non","Oui","Non","Non","Non","Oui","Oui","Non","Oui","Non","Oui","Oui","Oui","Non","Oui","Non","Non","Non","Oui","Non","Non","Non","Non","Non","Plus de dix ans","CNRS","Oui","Non","Non","Non","Non","fonct","Non","Non","Oui","Non","Non","Non","Non","Non","Non","sociologie","Une femme","Non","Non","Oui","Oui","Non","Oui","Non","Non","Non","Oui","Non","Oui","Non","Non","Oui","moins","moins","moins","moins","moins","moins","NA","NA","NA","moins","moins","moins","moins","moins","Oui","Non","Oui","Non","Non","Oui","Oui","Oui","Oui","Non","Non","Non","Non","Oui","Oui","6a10","Oui","Oui","Non","Non","Non","Non","Non","Non","Non","Non","Non","MacOS","Oui","Non","Non","Non","Non","Non","Non","Non","Non","Non","Oui","Non","Non","Non","Non","Non","Non","Non","Non","Non","Non","Non","Non","Non","Oui","Non","Non","Non","Non","Non","Non"
149,4,2,"Non","Non","Non","Oui","Non","Non","Non","Oui","Oui","Non","Oui","Oui","Non","Assez","Oui","Non","Oui","Non","Non","Non","Non","Parfois","Jamais","Parfois","Parfois","Non","Non","Non","Non","Oui","Non","Non","Non","Oui","Oui","Non","Non","Non","Oui","Non","Non","Non","Oui","Non","Non","oui","non","non","non","non","Non","Parfois","Non","Oui","Oui","Non","Non","Non","Non","Oui","Oui","Non","Non","Non","Non","Non","Non","Non","Non","Non","Non","Oui","Non","Oui","Non","Non","Non","Non","NA","NA","Oui","Non","Non","Non","Non","Non","Non","Non","Non","Non","Non","Oui","Non","Non","Non","Non","Oui","Non","Non","Non","Non","Non","Oui","Non","Plus de dix ans","CNRS","Oui","Non","Non","Non","Non","fonct","Non","Non","Oui","Non","Non","Non","Non","Non","Non","sociologie","Un homme","Non","Non","Oui","Oui","Oui","Oui","Oui","Non","Non","Oui","Oui","Non","Non","Non","Non","moins","NA","NA","moins","NA","moins","NA","moins","NA","moins","moins","NA","NA","NA","Oui","Non","Oui","Oui","Non","Non","Non","Non","Oui","Non","Non","Oui","Non","Non","Non","2a5","Oui","Oui","Non","Non","Non","Non","Non","Non","Non","Non","Non","MacOS","Non","Non","Non","Non","Non","Non","Non","Oui","Non","Non","Oui","Non","Oui","Non","Non","Non","Non","Oui","Non","Non","Non","Non","Non","Oui","Oui","Non","Non","Non","Oui","Oui","Non"
161,2,2,"Oui","Non","Non","Oui","Oui","Non","Non","Non","Oui","Non","Non","Non","Non","Peu","Non","Non","Non","Oui","Oui","Non","Non","Toujours","Parfois","Jamais","Jamais","Non","Non","Non","Non","Oui","Non","Non","Non","Non","Non","Non","Non","Non","Non","Non","Non","Non","Non","Non","Oui","oui","non","non","non","oui","Oui","Parfois","Non","Oui","Non","Oui","Non","Oui","Oui","Oui","Oui","Non","Non","Non","Non","Non","Non","Non","Non","Non","Non","Oui","Oui","Non","Oui","Non","Non","Oui","Jamais","NA","Non","Non","Non","Non","Non","Non","Non","Oui","Non","Oui","Oui","Oui","Non","Non","Non","Non","Non","Non","Oui","Non","Non","Oui","Oui","Non","Plus de dix ans","Université","Oui","Non","Non","Non","Non","fonct","Non","Non","Oui","Non","Non","Non","Non","Non","Non","sociologie","Une femme","Non","Non","Oui","Oui","Non","Oui","Non","Non","Non","Oui","Non","Oui","Non","Non","Non","moins","moins","moins","NA","moins","plus","NA","NA","moins","NA","moins","NA","moins","moins","Oui","Non","Oui","Oui","Oui","Oui","Oui","Oui","Oui","Non","Non","Non","Oui","Oui","Oui","6a10","Oui","Oui","Non","Non","Non","Non","Non","Non","Non","Non","Non","MacOS","Oui","Non","Non","Non","Non","Non","Non","Non","Non","Non","Non","Non","Non","Non","Non","Non","Non","Non","Non","Non","Oui","Oui","Oui","Non","Oui","Non","Non","Non","Oui","Oui","Non"
168,4,2,"Oui","Oui","Non","Oui","Oui","Oui","Oui","Oui","Oui","Non","Oui","Oui","Non","Assez","Oui","Oui","Non","Oui","Non","Non","Non","Souvent","Jamais","Jamais","Jamais","Non","Non","Oui","Non","Non","Non","Non","Oui","Oui","Non","Non","Non","Non","Non","Non","Non","Non","Non","Non","Non","oui","oui","non","non","non","Oui","Souvent","Non","Oui","Oui","Non","Non","Oui","Non","Oui","Non","Non","Oui","Non","Non","Non","Non","Non","Non","Non","Non","Oui","Non","Non","Non","Non","Non","Non","NA","NA","Oui","Oui","Non","Non","Non","Non","Non","Non","Non","Non","Non","Oui","Non","Non","Non","Non","Oui","Non","Non","Non","Oui","Non","Non","Non","Plus de dix ans","Université","Oui","Non","Non","Non","Non","fonct","Non","Non","Oui","Non","Non","Non","Non","Non","Non","sociologie","Un homme","Non","Non","Oui","Oui","Oui","Oui","Non","Non","Non","Oui","Oui","Oui","Non","Non","Non","moins","NA","moins","moins","NA","moins","NA","NA","NA","NA","NA","NA","NA","NA","Oui","Non","Oui","Non","Oui","Oui","Oui","Non","Oui","Non","Non","Oui","Non","Oui","Oui","11plus","Oui","Oui","Non","Non","Non","Non","Non","Non","Non","Non","Non","Windows","Oui","Non","Oui","Non","Oui","Non","Non","Oui","Non","Non","Oui","Oui","Oui","Non","Non","Non","Non","Non","Non","Non","Non","Oui","Oui","Non","Oui","Non","Non","Non","Oui","Non","Non"
180,2,2,"Non","Non","Non","Non","Oui","Non","Oui","Non","Oui","Non","Non","Non","Non","Assez","Non","Non","Non","Non","Non","Non","Non","Parfois","Jamais","Jamais","Jamais","Non","Non","Non","Non","Oui","Non","Non","Non","Non","Non","Non","Non","Non","Non","Non","Non","Non","Non","Non","Oui","non","non","non","non","non","Oui","Jamais","Non","Oui","Oui","Oui","Oui","Non","Oui","Non","Oui","Oui","Non","Non","Non","Non","Non","Non","Non","Non","Oui","Oui","Oui","Non","Non","Non","Non","Oui","Parfois","tressat","Oui","Non","Non","Non","Non","Non","Non","Non","Non","Non","Oui","Oui","Oui","Non","Non","Non","Oui","Non","Oui","Non","Non","Non","Non","Non","Cinq à dix ans","NA","Non","Oui","Non","Non","Non","autre","Non","Non","Oui","Non","Non","Non","Non","Non","Non","sociologie","Une femme","Non","Non","Oui","Oui","Non","Oui","Non","Non","Non","Oui","Non","Non","Non","Non","Non","plus","moins","moins","moins","moins","plus","moins","moins","moins","moins","moins","moins","moins","moins","Oui","Non","Non","Non","Non","Oui","Oui","Oui","Oui","Non","Non","Non","Oui","Oui","Oui","6a10","Oui","Oui","Non","Non","Non","Non","Non","Non","Non","Non","Non","MacOS","Oui","Non","Non","Non","Oui","Non","Non","Non","Non","Non","Non","Oui","Non","Non","Non","Non","Non","Oui","Oui","Non","Non","Oui","Non","Oui","Oui","Oui","Non","Non","Non","Oui","Non"
182,2,2,"Oui","Non","Non","Non","Non","Non","Oui","Non","Oui","Non","Oui","Non","Non","Assez","Oui","Non","Non","Oui","Non","Non","Oui","Parfois","Jamais","Jamais","Jamais","Non","Non","Non","Non","Oui","Non","Non","Non","Non","Non","Non","Non","Non","Non","Non","Non","Non","Non","Non","Oui","oui","non","oui","non","oui","Je ne sais pas","Parfois","Non","Non","Non","Non","Oui","Non","Oui","Non","Oui","Non","Non","Non","Non","Non","Non","Non","Non","Non","Non","Oui","Non","Non","Non","Non","Non","Oui","Parfois","nini","Non","Oui","Non","Oui","Non","Oui","Non","Non","Oui","Oui","Oui","Oui","Oui","Non","Oui","Non","Non","Non","Oui","Non","Oui","Non","Oui","Non","Plus de dix ans","école","Oui","Non","Non","Non","Non","CDI","Non","Non","Oui","Non","Non","Non","Non","Non","Non","sociologie","Un homme","Non","Non","Oui","Oui","Non","Oui","Non","Non","Non","Oui","Non","Oui","Non","Non","Non","moins","moins","moins","moins","moins","moins","moins","NA","moins","NA","moins","NA","moins","NA","Oui","Non","Non","Non","Oui","Non","Non","Oui","Oui","Non","Non","Non","Non","Oui","Oui","2a5","Oui","Oui","Non","Non","Non","Non","Non","Non","Non","Non","Non","Windows","Oui","Non","Non","Non","Non","Non","Non","Non","Non","Non","Oui","Oui","Non","Non","Non","Oui","Non","Non","Non","Non","Non","Oui","Non","Oui","Non","Non","Non","Non","Oui","Non","Non"
190,2,2,"Oui","Non","Non","Oui","Oui","Non","Non","Non","Non","Non","Non","Non","Non","Assez","Non","Oui","Non","Oui","Non","Non","Non","Parfois","Jamais","Jamais","Jamais","Non","Non","Non","Non","Oui","Non","Oui","Oui","Non","Non","Non","Non","Non","Non","Non","Non","Non","Non","Non","Non","non","non","oui","non","oui","Oui","Parfois","Non","Non","Non","Oui","Non","Non","Non","Non","Non","Oui","Non","Non","Non","Non","Non","Non","Non","Non","Non","Oui","Non","Non","Oui","Non","Non","Oui","Parfois","insatisfait","Non","Oui","Non","Non","Oui","Non","Oui","Non","Non","Oui","Non","Non","Non","Non","Non","Non","Non","Non","Oui","Non","Non","Non","Oui","Non","Plus de dix ans","école","Oui","Non","Non","Non","Non","fonct","Non","Non","Oui","Non","Non","Non","Non","Non","Non","sociologie","Un homme","Non","Non","Oui","Non","Non","Oui","Non","Non","Non","Non","Oui","Non","Non","Non","Non","moins","NA","moins","NA","NA","moins","NA","NA","NA","moins","NA","NA","NA","moins","Non","Non","Non","Non","Non","Oui","Oui","Oui","Oui","Non","Non","Non","Non","Non","Oui","6a10","Oui","Oui","Oui","Non","Non","Non","Non","Non","Non","Non","Oui","Windows","Oui","Non","Non","Non","Non","Non","Non","Non","Non","Non","Oui","Non","Oui","Non","Non","Non","Oui","Non","Non","Non","Non","Non","Non","Non","Non","Oui","Oui","Non","Oui","Non","Non"
192,2,2,"Oui","Oui","Non","Oui","Oui","Non","Non","Non","Non","Non","Non","Non","Non","Assez","Non","Non","Oui","Oui","Non","Non","Non","Souvent","Jamais","Jamais","Jamais","Non","Non","Non","Non","Oui","Non","Non","Non","Non","Non","Non","Non","Non","Non","Non","Non","Non","Non","Non","Oui","non","non","oui","non","oui","Je ne sais pas","Jamais","Non","Non","Non","Oui","Oui","Non","Non","Oui","Non","Oui","Oui","Non","Non","Non","Non","Non","Non","Non","Non","Oui","Oui","Non","Non","Oui","Non","Oui","Souvent","insatisfait","Non","Non","Non","Non","Non","Non","Non","Oui","Non","Non","Non","Non","Non","Non","Non","Oui","Non","Non","Non","Non","Non","Non","Non","Oui","Plus de dix ans","école","Non","Non","Oui","Non","Non","fonct","Non","Non","Oui","Non","Non","Non","Non","Non","Non","sociologie","Un homme","Non","Non","Oui","Non","Non","Oui","Non","Non","Non","Oui","Oui","Oui","Non","Non","Non","moins","moins","moins","moins","NA","moins","NA","NA","moins","moins","moins","moins","moins","moins","Oui","Non","Non","Non","Non","Oui","Oui","Non","Oui","Non","Non","Non","Oui","Oui","Oui","2a5","Oui","Oui","Oui","Non","Non","Non","Non","Non","Non","Non","Non","Windows","Non","Non","Non","Non","Non","Non","Non","Non","Non","Oui","Non","Non","Non","Non","Non","Non","Non","Non","Non","Non","Oui","Non","Non","Non","Non","Non","Non","Non","Non","Non","Oui"
212,2,2,"Oui","Oui","Non","Oui","Oui","Non","Oui","Non","Non","Non","Non","Non","Non","Assez","Non","Non","Non","Non","Non","Non","Oui","Souvent","Jamais","Jamais","Jamais","Non","Non","Non","Non","Oui","Non","Non","Oui","Oui","Non","Non","Non","Non","Oui","Oui","Non","Non","Non","Non","Non","non","oui","oui","non","oui","Non applicable","Je ne sais pas","Non","Non","Non","Non","Non","Oui","Non","Oui","Oui","Non","Non","Non","Non","Non","Non","Non","Non","Non","Non","Oui","Non","Non","Non","Non","Non","Oui","Parfois","nini","Non","Non","Non","Non","Non","Oui","Non","Non","Non","Oui","Non","Non","Non","Non","Non","Non","Oui","Non","Non","Non","Non","Oui","Oui","Non","Plus de dix ans","Université","Oui","Non","Non","Non","Non","fonct","Non","Non","Oui","Non","Non","Non","Non","Non","Non","sociologie","Une femme","Non","Non","Oui","Oui","Non","Oui","Non","Non","Non","Oui","Non","Oui","Non","Non","Oui","moins","moins","moins","NA","NA","moins","NA","NA","NA","moins","NA","NA","moins","NA","Oui","Non","Non","Non","Non","Oui","Non","Oui","Oui","Non","Non","Non","Non","Oui","Oui","2a5","Oui","Oui","Non","Non","Oui","Non","Non","Non","Non","Non","Non","MacOS","Oui","Non","Non","Non","Non","Non","Non","Non","Non","Non","Non","Non","Non","Non","Non","Non","Non","Non","Non","Non","Oui","Non","Non","Non","Non","Oui","Non","Oui","Non","Non","Non"
213,1,2,"Oui","Oui","Non","Oui","Oui","Non","Oui","Non","Non","Non","Non","Non","Non","Assez","Non","Oui","Non","Oui","Non","Non","Non","Parfois","NA","NA","NA","Non","Non","Non","Non","Oui","Non","Non","Non","Oui","Non","Non","Non","Non","Non","Oui","Non","Non","Non","Non","Non","non","non","oui","non","oui","Non","Jamais","Non","Non","Non","Non","Non","Oui","Non","Oui","Oui","Non","Non","Non","Non","Non","Non","Non","Non","Non","Non","Oui","Oui","Oui","Non","Oui","Non","Non","NA","NA","Non","Non","Non","Non","Non","Non","Non","Oui","Non","Non","Non","Non","Non","Non","Non","Oui","Non","Non","Non","Non","Non","Non","Non","Oui","Plus de dix ans","école","Oui","Non","Non","Non","Non","fonct","Non","Non","Oui","Non","Non","Non","Non","Non","Non","sociologie","Une femme","Non","Non","Oui","Oui","Non","Oui","Oui","Non","Non","Non","Non","Oui","Non","Non","Non","moins","NA","moins","NA","NA","moins","NA","NA","NA","NA","moins","NA","moins","moins","Oui","Non","Non","Non","Non","Oui","Non","Oui","Oui","Non","Non","Non","Oui","Non","Oui","6a10","Oui","Oui","Oui","Non","Oui","Non","Oui","Non","Non","Oui","Oui","Windows","Non","Non","Oui","Non","Oui","Non","Non","Non","Non","Non","Oui","Oui","Oui","Non","Non","Non","Non","Non","Non","Non","Non","Oui","Oui","Non","Non","Non","Non","Non","Non","Oui","Non"
230,3,2,"Oui","Non","Non","Oui","Oui","Oui","Oui","Non","Oui","Non","Non","Non","Non","Tout à fait","Non","Oui","Non","Non","Oui","Non","Oui","Parfois","Parfois","Jamais","Parfois","Oui","Oui","Oui","Oui","Oui","Non","Oui","Oui","Oui","Oui","Non","Non","Non","Oui","Non","Non","Non","Non","Non","Non","oui","oui","non","oui","oui","Oui","Souvent","Oui","Non","Oui","Non","Oui","Non","Non","Oui","Oui","Non","Oui","Non","Non","Non","Non","Non","Non","Non","Non","Oui","Non","Non","Non","Non","Non","Oui","Parfois","nini","Oui","Oui","Non","Non","Non","Non","Non","Non","Non","Non","Non","Oui","Oui","Oui","Oui","Non","Non","Oui","Non","Non","Non","Oui","Oui","Non","Plus de dix ans","NA","Oui","Non","Non","Non","Non","fonct","Non","Non","Oui","Non","Non","Non","Non","Non","Non","sociologie","Une femme","Non","Non","Oui","Oui","Oui","Oui","Oui","Non","Non","Oui","Oui","Oui","Non","Non","Oui","moins","moins","moins","moins","moins","moins","moins","moins","moins","moins","moins","moins","moins","moins","Oui","Non","Oui","Non","Oui","Oui","Non","Oui","Oui","Non","Oui","Non","Oui","Oui","Oui","11plus","Oui","Oui","Oui","Non","Non","Non","Non","Non","Non","Non","Non","Windows","Non","Non","Oui","Non","Oui","Non","Non","Oui","Non","Non","Oui","Oui","Non","Non","Non","Non","Oui","Oui","Non","Non","Non","Oui","Non","Non","Non","Oui","Oui","Non","Oui","Non","Non"
232,3,2,"Oui","Non","Non","Oui","Oui","Non","Oui","Non","Oui","Non","Oui","Oui","Non","Peu","Oui","Non","Non","Oui","Non","Non","Oui","Parfois","Parfois","Jamais","Jamais","Non","Non","Non","Non","Oui","Non","Non","Non","Non","Non","Non","Non","Non","Oui","Non","Non","Non","Non","Non","Non","oui","oui","oui","non","oui","Je ne sais pas","Souvent","Oui","Non","Non","Non","Non","Non","Oui","Non","Oui","Non","Non","Non","Non","Oui","Non","Non","Non","Non","Non","Oui","Oui","Non","Non","Non","Non","Non","NA","NA","Oui","Non","Non","Non","Non","Non","Non","Non","Oui","Oui","Non","Oui","Oui","Oui","Oui","Non","Non","Oui","Oui","Non","Non","Non","Non","Non","Cinq à dix ans","Université","Non","Oui","Non","Non","Non","fonct","Non","Non","Oui","Non","Non","Non","Non","Non","Non","sociologie","Un homme","Non","Non","Oui","Oui","Oui","Oui","Non","Non","Non","Oui","Non","Oui","Non","Non","Non","moins","moins","moins","moins","NA","moins","NA","moins","NA","NA","moins","NA","moins","NA","Oui","Non","Oui","Non","Oui","Non","Non","Oui","Oui","Non","Non","Non","Non","Oui","Oui","2a5","Oui","Non","Non","Non","Non","Non","Non","Non","Non","Non","Non","MacOS","Oui","Non","Non","Non","Oui","Oui","Non","Oui","Non","Non","Oui","Non","Oui","Non","Non","Non","Non","Non","Non","Non","Non","Oui","Non","Non","Non","Oui","Non","Non","Non","Non","Non"
244,5,2,"Non","Non","Non","Non","Oui","Oui","Oui","Oui","Oui","Non","Oui","Oui","Non","Tout à fait","Non","Oui","Oui","Non","Oui","Non","Oui","Souvent","Souvent","Souvent","Souvent","Oui","Non","Oui","Non","Non","Non","Non","Non","Oui","Non","Non","Oui","Non","Non","Non","Non","Non","Oui","Non","Non","oui","oui","non","oui","non","Oui","Souvent","Non","Oui","Oui","Oui","Oui","Non","Oui","Non","Non","Non","Non","Non","Non","Oui","Oui","Non","Non","Non","Non","Oui","Oui","Oui","Non","Non","Non","Oui","Jamais","NA","Non","Oui","Non","Non","Non","Oui","Oui","Non","Non","Oui","Oui","Oui","Oui","Oui","Oui","Non","Oui","Non","Oui","Non","Oui","Non","Non","Non","Moins de cinq ans","autre","Non","Oui","Non","Non","Non","doct","Non","Non","Oui","Non","Non","Non","Non","Non","Non","sociologie","Un homme","Non","Non","Oui","Oui","Oui","Oui","Oui","Non","Non","Oui","Oui","Oui","Non","Oui","Non","moins","NA","NA","moins","moins","moins","moins","moins","moins","NA","moins","moins","NA","NA","Non","Non","Oui","Oui","Oui","Non","Oui","Oui","Oui","Oui","Non","Non","Non","Non","Oui","2a5","Oui","Non","Non","Non","Non","Non","Non","Non","Non","Non","Non","MacOS","Oui","Non","Non","Non","Oui","Non","Non","Oui","Non","Non","Oui","Oui","Non","Non","Oui","Non","Oui","Non","Non","Non","Non","Non","Non","Non","Non","Non","Non","Non","Oui","Non","Non"
254,3,2,"Non","Non","Non","Non","Oui","Non","Non","Non","Oui","Non","Non","Non","Non","Peu","Oui","Non","Non","Non","Oui","Non","Oui","Parfois","Jamais","Jamais","Jamais","Oui","Oui","Oui","Oui","Non","Non","Oui","Oui","Non","Oui","Non","Oui","Non","Non","Oui","Non","Non","Oui","Non","Non","non","non","oui","non","oui","Oui","Jamais","Oui","Oui","Oui","Oui","Oui","Oui","Non","Non","Oui","Oui","Oui","Non","Non","Non","Non","Non","Non","Non","Non","Oui","Oui","Oui","Non","Non","Non","Non","NA","NA","Oui","Oui","Non","Non","Non","Non","Non","Non","Oui","Oui","Non","Oui","Non","Oui","Non","Non","Oui","Oui","Oui","Oui","Oui","Oui","Oui","Non","Cinq à dix ans","Université","Non","Oui","Non","Non","Non","CDD","Non","Non","Oui","Non","Non","Non","Non","Non","Non","sociologie","Une femme","Non","Non","Oui","Non","Non","Oui","Oui","Non","Non","Oui","Non","Non","Non","Non","Oui","moins","moins","moins","moins","moins","plus","moins","moins","moins","moins","moins","moins","moins","moins","Oui","Non","Non","Non","Non","Oui","Oui","Oui","Oui","Oui","Non","Non","Oui","Oui","Non","2a5","Oui","Oui","Oui","Non","Non","Non","Non","Non","Non","Non","Non","Windows","Oui","Non","Non","Non","Non","Non","Non","Non","Non","Non","Non","Non","Non","Non","Non","Non","Non","Non","Non","Non","Oui","Non","Non","Non","Non","Oui","Oui","Non","Oui","Non","Non"
269,3,2,"Oui","Oui","Non","Oui","Oui","Non","Oui","Non","Oui","Non","Oui","Oui","Non","Peu","Oui","Non","Non","Non","Non","Non","Oui","Parfois","Parfois","Jamais","Jamais","Non","Non","Oui","Non","Non","Non","Non","Non","Non","Oui","Non","Non","Non","Non","Oui","Non","Non","Non","Non","Non","oui","non","non","non","non","Oui","Parfois","Non","Non","Non","Non","Oui","Non","Non","Non","Oui","Non","Oui","Non","Non","Non","Non","Non","Non","Non","Oui","Oui","Non","Non","Non","Non","Non","Oui","Souvent","plutotsat","Non","Non","Non","Non","Non","Non","Non","Oui","Oui","Non","Non","Non","Non","Oui","Non","Non","Oui","Non","Oui","Oui","Non","Non","Oui","Non","Plus de dix ans","Université","Non","Non","Oui","Non","Non","fonct","Non","Non","Oui","Non","Non","Non","Non","Non","Non","sociologie","Une femme","Non","Non","Oui","Oui","Oui","Oui","Oui","Non","Oui","Non","Non","Oui","Non","Non","Oui","moins","NA","moins","moins","moins","moins","NA","NA","NA","NA","NA","moins","moins","moins","Oui","Non","Non","Non","Oui","Oui","Non","Non","Oui","Non","Non","Non","Oui","Oui","Non","2a5","Oui","Oui","Oui","Oui","Oui","Non","Oui","Non","Non","Non","Non","MacOS","Oui","Non","Non","Non","Non","Non","Non","Non","Non","Non","Oui","Non","Non","Non","Non","Oui","Oui","Non","Oui","Oui","Non","Non","Non","Non","Non","Non","Oui","Non","Non","Non","Non"
276,5,2,"Oui","Non","Non","Oui","Oui","Non","Oui","Oui","Oui","Non","Oui","Oui","Non","Assez","Oui","Non","Non","Oui","Oui","Non","Non","Toujours","Toujours","Parfois","Souvent","Non","Non","Non","Non","Oui","Non","Non","Oui","Non","Oui","Non","Non","Oui","Non","Oui","Non","Non","Non","Non","Non","oui","oui","non","non","non","Oui","Jamais","Non","Oui","Oui","Non","Oui","Oui","Non","Oui","Oui","Non","Oui","Non","Non","Non","Non","Non","Non","Non","Non","Oui","Oui","Oui","Non","Non","Non","Oui","Parfois","insatisfait","Non","Non","Oui","Non","Non","Oui","Oui","Non","Non","Oui","Non","Oui","Non","Non","Oui","Non","Oui","Non","Oui","Non","Non","Non","Non","Non","Cinq à dix ans","Université","Non","Oui","Non","Non","Non","CDD","Non","Non","Oui","Non","Non","Non","Non","Non","Non","sociologie","Un homme","Non","Non","Non","Non","Oui","Oui","Oui","Non","Oui","Oui","Oui","Oui","Non","Non","Oui","moins","NA","NA","moins","moins","plus","moins","moins","moins","moins","moins","moins","moins","moins","Oui","Non","Oui","Non","Oui","Non","Oui","Non","Oui","Non","Non","Oui","Oui","Oui","Non","2a5","Oui","Non","Oui","Non","Non","Non","Non","Non","Non","Non","Non","Windows","Oui","Non","Non","Non","Non","Non","Non","Oui","Non","Non","Non","Oui","Non","Non","Non","Non","Oui","Non","Non","Non","Non","Oui","Non","Non","Non","Oui","Non","Non","Oui","Non","Non"
312,2,2,"Oui","Non","Non","Oui","Oui","Non","Oui","Non","Oui","Non","Non","Non","Non","Assez","Oui","Non","Non","Oui","Oui","Non","Non","Parfois","Jamais","Jamais","Jamais","Non","Non","Non","Non","Oui","Non","Non","Non","Non","Non","Non","Non","Non","Oui","Oui","Non","Non","Non","Non","Non","oui","non","oui","oui","non","Je ne sais pas","Parfois","Non","Oui","Non","Non","Non","Oui","Oui","Non","Non","Non","Oui","Non","Non","Oui","Non","Non","Non","Non","Non","Oui","Non","Non","Non","Non","Non","Oui","Parfois","plutotsat","Non","Non","Non","Non","Non","Non","Non","Oui","Non","Oui","Oui","Oui","Non","Non","Non","Non","Oui","Non","Oui","Non","Non","Non","Oui","Non","Plus de dix ans","Université","Oui","Non","Non","Non","Non","fonct","Non","Non","Oui","Non","Non","Non","Non","Non","Non","sociologie","Un homme","Non","Non","Oui","Oui","Non","Oui","Non","Non","Non","Oui","Non","Oui","Non","Non","Non","moins","NA","moins","NA","NA","moins","NA","NA","NA","NA","NA","NA","plus","moins","Non","Non","Oui","Oui","Non","Oui","Oui","Non","Oui","Non","Non","Non","Non","Oui","Non","2a5","Oui","Oui","Oui","Non","Non","Non","Non","Non","Non","Non","Non","MacOS","Oui","Non","Non","Non","Non","Non","Non","Non","Non","Non","Oui","Oui","Oui","Non","Oui","Non","Non","Non","Oui","Non","Non","Oui","Non","Non","Oui","Non","Non","Non","Non","Non","Non"
332,2,2,"Non","Non","Non","Non","Oui","Non","Non","Non","Non","Non","Oui","Non","Non","Assez","Oui","Non","Non","Oui","Oui","Non","Oui","Jamais","Jamais","Jamais","Jamais","Non","Non","Non","Non","Oui","Non","Non","Non","Non","Non","Non","Non","Non","Non","Non","Non","Non","Non","Non","Oui","non","oui","non","non","non","Je ne sais pas","Jamais","Oui","Non","Non","Non","Oui","Non","Non","Oui","Oui","Oui","Non","Non","Non","Non","Non","Non","Non","Non","Non","Oui","Oui","Oui","Non","Oui","Non","Oui","Souvent","tressat","Non","Oui","Oui","Oui","Non","Non","Non","Non","Non","Non","Non","Oui","Non","Non","Non","Non","Oui","Oui","Oui","Oui","Non","Non","Non","Non","Plus de dix ans","école","Oui","Non","Non","Non","Non","fonct","Non","Non","Oui","Non","Non","Non","Non","Non","Non","sociologie","Une femme","Non","Non","Oui","Oui","Non","Oui","Non","Non","Non","Non","Oui","Oui","Non","Non","Non","moins","NA","NA","NA","NA","NA","NA","NA","NA","NA","NA","NA","NA","moins","Oui","Non","Non","Non","Non","Oui","Oui","Non","Oui","Non","Non","Non","Non","Oui","Oui","2a5","Oui","Oui","Oui","Non","Non","Non","Non","Non","Non","Non","Non","Windows","Oui","Non","Non","Oui","Non","Non","Non","Non","Non","Non","Oui","Oui","Non","Non","Non","Non","Non","Non","Non","Non","Non","Oui","Non","Non","Non","Non","Non","Non","Non","Non","Non"
340,3,2,"Oui","Oui","Non","Oui","Oui","Non","Oui","Oui","Oui","Non","Oui","Oui","Non","Tout à fait","Oui","Oui","Oui","Oui","Non","Non","Oui","Toujours","NA","NA","NA","Non","Non","Non","Non","Oui","Non","Oui","Non","Oui","Oui","Non","Non","Non","Non","Non","Non","Non","Non","Non","Non","non","non","oui","non","oui","Oui","Parfois","Oui","Oui","Oui","Non","Oui","Non","Non","Oui","Oui","Non","Oui","Non","Non","Non","Non","Non","Non","Non","Non","Oui","Oui","Non","Non","Non","Non","Non","NA","NA","Non","Oui","Non","Non","Non","Non","Non","Non","Non","Non","Non","Oui","Oui","Non","Non","Non","Oui","Non","Oui","Oui","Oui","Non","Non","Non","Plus de dix ans","école","Non","Non","Oui","Non","Non","fonct","Non","Non","Oui","Non","Non","Non","Non","Non","Non","sociologie","Un homme","Non","Non","Oui","Oui","Oui","Oui","Non","Non","Non","Non","Oui","Non","Non","Non","Oui","NA","NA","moins","moins","NA","moins","NA","moins","NA","moins","moins","NA","NA","NA","Oui","Non","Oui","Oui","Non","Oui","Non","Oui","Oui","Non","Non","Non","Oui","Oui","Oui","2a5","Non","Non","Non","Oui","Oui","Non","Non","Non","Oui","Oui","Non","Windows","Oui","Non","Non","Non","Oui","Non","Non","Non","Non","Non","Oui","Non","Oui","Non","Non","Oui","Non","Non","Oui","Non","Non","Non","Non","Non","Non","Oui","Oui","Non","Oui","Oui","Non"
343,2,2,"Oui","Oui","Non","Non","Oui","Non","Oui","Non","Oui","Non","Non","Non","Non","Peu","Non","Non","Non","Oui","Non","Non","Oui","Souvent","NA","Parfois","Non applicable","Non","Non","Non","Non","Oui","Non","Non","Non","Non","Non","Non","Non","Non","Oui","Non","Non","Non","Non","Non","Non","non","oui","non","non","oui","Non","Jamais","Oui","Non","Oui","Non","Oui","Non","Non","Oui","Non","Oui","Non","Non","Non","Non","Non","Non","Non","Non","Non","Oui","Non","Non","Non","Non","Non","Oui","Parfois","nini","Non","Oui","Non","Non","Non","Non","Non","Non","Non","Non","Oui","Non","Non","Non","Non","Non","Oui","Non","Oui","Non","Non","Non","Non","Non","Plus de dix ans","école","Oui","Non","Non","Non","Non","fonct","Non","Non","Oui","Non","Non","Non","Non","Non","Non","sociologie","Une femme","Non","Non","Oui","Oui","Non","Oui","Non","Non","Non","Oui","Non","Oui","Non","Non","Non","moins","NA","moins","NA","NA","moins","NA","NA","NA","NA","moins","NA","moins","moins","Oui","Non","Oui","Non","Oui","Oui","Non","Non","Non","Non","Oui","Non","Non","Oui","Non","2a5","Oui","Oui","Oui","Non","Non","Non","Non","Non","Non","Non","Oui","Windows","Non","Non","Non","Non","Non","Non","Non","Non","Non","Oui","Non","Non","Non","Non","Non","Non","Non","Non","Non","Non","Oui","Non","Non","Non","Non","Non","Non","Non","Non","Non","Oui"
347,2,2,"Oui","Non","Non","Oui","Oui","Non","Non","Non","Non","Non","Oui","Non","Non","Peu","Non","Non","Non","Non","Non","Non","Oui","Non applicable","Non applicable","Non applicable","Non applicable","Non","Non","Oui","Non","Non","Non","Non","Non","Non","Non","Non","Non","Non","Non","Non","Non","Non","Non","Non","Oui","non","non","oui","oui","oui","Non","Jamais","Non","Non","Non","Non","Non","Oui","Non","Non","Oui","Non","Non","Non","Non","Non","Non","Non","Non","Non","Non","Oui","Non","Non","Non","Non","Non","Oui","Parfois","insatisfait","Non","Non","Non","Oui","Oui","Non","Oui","Non","Oui","Oui","Non","Non","Non","Non","Oui","Non","Oui","Non","Non","Non","Non","Non","Non","Non","Plus de dix ans","CNRS","Oui","Non","Non","Non","Non","fonct","Non","Non","Oui","Non","Non","Non","Non","Non","Non","sociologie","Un homme","Non","Non","Oui","Oui","Non","Oui","Non","Non","Non","Non","Non","Oui","Non","Non","Non","moins","NA","plus","NA","NA","plus","NA","NA","NA","NA","NA","NA","plus","NA","Oui","Non","Non","Non","Non","Oui","Oui","Oui","Oui","Non","Non","Non","Non","Non","Oui","11plus","Oui","Oui","Non","Non","Non","Non","Non","Non","Non","Non","Non","Windows","Non","Non","Non","Non","Non","Non","Non","Non","Non","Oui","Non","Non","Non","Non","Non","Non","Non","Non","Non","Non","Oui","Non","Non","Non","Non","Non","Non","Non","Non","Non","Oui"
438,3,2,"Oui","Non","Non","Oui","Non","Non","Non","Oui","Oui","Non","Non","Non","Non","Peu","Oui","Non","Oui","Oui","Oui","Oui","Oui","Toujours","Toujours","Jamais","Jamais","Non","Oui","Non","Oui","Non","Non","Oui","Non","Non","Oui","Non","Non","Non","Oui","Non","Non","Non","Non","Non","Non","oui","non","non","non","oui","Oui","Parfois","Non","Oui","Oui","Oui","Oui","Oui","Oui","Non","Oui","Non","Non","Non","Non","Oui","Non","Non","Non","Non","Non","Oui","Oui","Non","Non","Non","Non","Non","NA","NA","Oui","Non","Oui","Oui","Non","Oui","Oui","Non","Oui","Non","Oui","Oui","Oui","Non","Oui","Non","Oui","Non","Non","Non","Oui","Non","Non","Non","Moins de cinq ans","Université","Non","Oui","Non","Non","Non","autre","Non","Non","Oui","Non","Non","Non","Non","Non","Non","sociologie","Une femme","Non","Non","Oui","Oui","Non","Oui","Non","Non","Non","Oui","Oui","Oui","Non","Non","Non","plus","NA","moins","moins","moins","plus","NA","moins","moins","moins","moins","NA","plus","moins","Oui","Non","Oui","Non","Non","Oui","Oui","Non","Oui","Non","Non","Non","Oui","Oui","Oui","2a5","Non","Oui","Non","Non","Non","Non","Non","Non","Non","Non","Non","Windows","Oui","Non","Non","Non","Oui","Non","Non","Oui","Non","Non","Oui","Non","Non","Non","Non","Non","Oui","Non","Oui","Non","Non","Non","Non","Non","Oui","Non","Non","Non","Oui","Non","Non"
441,2,2,"Oui","Non","Non","Oui","Oui","Non","Oui","Non","Non","Non","Non","Non","Non","Assez","Oui","Non","Non","Oui","Non","Non","Non","Parfois","Jamais","Jamais","Jamais","Oui","Non","Non","Non","Non","Non","Non","Non","Non","Non","Non","Oui","Non","Non","Non","Non","Non","Non","Non","Non","non","oui","non","oui","non","Non","Jamais","Non","Non","Non","Non","Oui","Non","Non","Oui","Oui","Non","Non","Non","Non","Oui","Non","Non","Non","Non","Non","Oui","Oui","Non","Non","Non","Non","Non","NA","NA","Non","Non","Non","Non","Non","Non","Non","Oui","Non","Non","Non","Non","Non","Non","Oui","Non","Non","Non","Non","Non","Non","Non","Oui","Non","Plus de dix ans","école","Oui","Non","Non","Non","Non","fonct","Non","Non","Oui","Non","Non","Non","Non","Non","Non","sociologie","Un homme","Non","Non","Oui","Oui","Non","Oui","Non","Non","Non","Oui","Non","Oui","Non","Non","Non","moins","moins","moins","NA","NA","NA","NA","NA","moins","moins","NA","moins","NA","NA","Oui","Non","Non","Oui","Non","Non","Oui","Oui","Oui","Non","Non","Non","Non","Oui","Non","2a5","Oui","Non","Non","Non","Non","Non","Non","Non","Non","Non","Non","MacOS","Oui","Non","Non","Non","Non","Non","Non","Non","Non","Non","Oui","Non","Non","Non","Non","Non","Non","Non","Non","Non","Non","Non","Non","Non","Non","Non","Non","Non","Non","Non","Non"
475,2,2,"Oui","Non","Non","Oui","Oui","Non","Oui","Non","Non","Non","Non","Non","Non","Assez","Non","Non","Oui","Non","Non","Non","Non","Parfois","Jamais","Jamais","Jamais","Non","Non","Non","Non","Oui","Non","Oui","Non","Non","Non","Non","Non","Non","Non","Non","Non","Non","Non","Non","Non","non","non","non","non","non","Oui","Parfois","Oui","Non","Non","Non","Non","Non","Non","Oui","Non","Non","Non","Non","Non","Non","Non","Non","Non","Non","Non","Oui","Non","Non","Non","Non","Non","Oui","Parfois","tressat","Oui","Oui","Non","Non","Non","Oui","Non","Non","Non","Non","Non","Non","Oui","Non","Non","Non","Non","Non","Non","Non","Non","Non","Non","Non","Plus de dix ans","CNRS","Oui","Non","Non","Non","Non","fonct","Non","Non","Oui","Non","Non","Non","Non","Non","Non","sociologie","Un homme","Non","Non","Oui","Oui","Oui","Oui","Non","Non","Non","Oui","Non","Oui","Non","Non","Non","plus","moins","moins","moins","moins","moins","moins","moins","moins","moins","moins","moins","NA","NA","Oui","Non","Non","Non","Non","Non","Non","Non","Oui","Non","Non","Oui","Non","Non","Non","2a5","Oui","Oui","Non","Non","Non","Non","Non","Non","Non","Non","Non","LinuxUnix","Oui","Non","Non","Non","Oui","Non","Non","Oui","Non","Non","Oui","Oui","Non","Non","Non","Non","Non","Non","Non","Non","Non","Oui","Non","Non","Non","Non","Non","Oui","Non","Non","Non"
479,3,2,"Oui","Non","Non","Oui","Oui","Oui","Non","Non","Non","Non","Non","Non","Non","Tout à fait","Oui","Non","Non","Oui","Non","Non","Oui","Souvent","NA","NA","NA","Oui","Oui","Oui","Oui","Non","Non","Oui","Non","Non","Non","Non","Non","Non","Non","Non","Non","Non","Non","Non","Non","non","non","non","oui","oui","Oui","Souvent","Oui","Non","Non","Non","Non","Non","Oui","Non","Oui","Non","Non","Oui","Non","Oui","Non","Non","Non","Non","Non","Oui","Oui","Non","Non","Non","Non","Non","NA","NA","Non","Non","Non","Oui","Non","Non","Non","Non","Non","Non","Non","Oui","Non","Non","Non","Non","Non","Oui","Non","Non","Non","Non","Non","Non","Plus de dix ans","autre","Oui","Non","Non","Non","Non","fonct","Non","Non","Non","Non","Oui","Non","Non","Non","Non","sociologie","Un homme","Non","Non","Oui","Oui","Non","Oui","Oui","Non","Non","Oui","Non","Oui","Non","Non","Non","plus","moins","moins","NA","moins","moins","moins","moins","moins","moins","moins","moins","moins","moins","Oui","Non","Oui","Non","Oui","Oui","Oui","Oui","Oui","Non","Non","Non","Non","Oui","Oui","2a5","Oui","Oui","Non","Non","Non","Non","Non","Non","Non","Non","Oui","MacOS","Oui","Non","Non","Non","Non","Oui","Non","Non","Non","Non","Oui","Non","Non","Non","Non","Non","Non","Non","Non","Oui","Non","Oui","Oui","Oui","Oui","Non","Non","Non","Non","Non","Non"
486,4,2,"Oui","Oui","Oui","Oui","Oui","Oui","Oui","Oui","Oui","Oui","Oui","Oui","Non","Assez","Non","Non","Non","Non","Non","Non","Oui","Souvent","Souvent","Jamais","Jamais","Non","Non","Non","Non","Oui","Non","Oui","Oui","Non","Oui","Non","Non","Non","Non","Non","Non","Non","Non","Non","Non","oui","oui","oui","non","non","Oui","Parfois","Non","Oui","Oui","Oui","Oui","Non","Oui","Oui","Oui","Oui","Non","Non","Non","Non","Non","Non","Non","Non","Non","Oui","Oui","Oui","Non","Non","Non","Oui","Parfois","plutotsat","Non","Non","Oui","Non","Non","Non","Non","Non","Non","Non","Non","Oui","Oui","Non","Non","Non","Non","Non","Non","Oui","Non","Non","Non","Non","Cinq à dix ans","Université","Oui","Non","Non","Non","Non","CDI","Non","Non","Oui","Non","Non","Non","Non","Non","Non","sociologie","Un homme","Oui","Non","Oui","Oui","Oui","Oui","Oui","Oui","Oui","Oui","Non","Oui","Oui","Non","Non","plus","NA","plus","plus","plus","plus","moins","moins","moins","moins","moins","moins","moins","moins","Oui","Oui","Oui","Oui","Non","Non","Oui","Oui","Oui","Oui","Non","Oui","Oui","Oui","Non","2a5","Oui","Oui","Oui","Non","Non","Non","Non","Non","Non","Non","Non","Windows","Oui","Non","Non","Oui","Oui","Oui","Non","Oui","Non","Non","Oui","Oui","Oui","Non","Non","Non","Oui","Non","Non","Non","Non","Non","Non","Non","Non","Non","Non","Non","Oui","Non","Non"
528,2,2,"Oui","Non","Non","Oui","Non","Non","Non","Non","Non","Non","Non","Non","Non","Peu","Non","Non","Non","Oui","Oui","Non","Oui","Jamais","Jamais","Jamais","Jamais","Non","Non","Non","Non","Oui","Non","Non","Non","Non","Non","Non","Non","Non","Non","Non","Non","Non","Non","Non","Oui","non","non","oui","oui","non","Je ne sais pas","Parfois","Oui","Non","Non","Non","Non","Oui","Oui","Non","Oui","Non","Non","Non","Non","Non","Non","Non","Non","Non","Non","Oui","Non","Non","Non","Non","Non","Oui","Parfois","tressat","Non","Non","Non","Non","Non","Non","Non","Oui","Oui","Oui","Non","Oui","Oui","Non","Non","Non","Non","Non","Oui","Non","Non","Oui","Oui","Non","Cinq à dix ans","NA","Non","Oui","Non","Non","Non","CDD","Non","Non","Oui","Non","Non","Non","Non","Non","Non","sociologie","Une femme","Non","Non","Oui","Oui","Non","Oui","Non","Non","Non","Oui","Non","Non","Non","Non","Non","plus","moins","moins","NA","NA","plus","NA","NA","NA","moins","NA","NA","NA","NA","Oui","Non","Non","Non","Non","Oui","Oui","Non","Non","Non","Non","Non","Non","Oui","Oui","2a5","Oui","Oui","Non","Non","Non","Non","Non","Non","Non","Non","Non","Windows","Oui","Non","Non","Non","Non","Non","Non","Non","Non","Non","Oui","Oui","Non","Non","Non","Non","Non","Non","Non","Non","Non","Non","Non","Non","Non","Non","Non","Non","Oui","Non","Non"
534,4,2,"Non","Non","Non","Non","Non","Non","Oui","Oui","Oui","Non","Oui","Oui","Non","Assez","Non","Non","Oui","Non","Non","Non","Non","Souvent","Parfois","Jamais","Jamais","Non","Non","Non","Non","Oui","Non","Oui","Oui","Non","Oui","Non","Non","Non","Non","Non","Non","Non","Non","Non","Non","oui","oui","oui","non","non","Oui","Parfois","Non","Non","Oui","Oui","Non","Oui","Non","Oui","Oui","Non","Oui","Non","Oui","Non","Non","Non","Non","Non","Non","Oui","Oui","Non","Non","Non","Non","Oui","Parfois","plutotsat","Non","Oui","Non","Non","Non","Non","Non","Non","Non","Oui","Oui","Non","Non","Non","Oui","Non","Oui","Non","Non","Non","Non","Non","Non","Non","Cinq à dix ans","Université","Oui","Non","Non","Non","Non","fonct","Non","Non","Oui","Non","Non","Non","Non","Non","Non","sociologie","Un homme","Non","Non","Oui","Non","Oui","Oui","Oui","Non","Non","Oui","Oui","Non","Non","Non","Non","moins","NA","NA","moins","moins","moins","moins","moins","moins","NA","moins","moins","NA","NA","Oui","Non","Oui","Non","Oui","Non","Non","Non","Oui","Non","Non","Non","Oui","Oui","Non","6a10","Oui","Oui","Oui","Non","Non","Non","Non","Non","Non","Non","Oui","Windows","Oui","Non","Non","Oui","Oui","Non","Non","Oui","Non","Non","Non","Oui","Non","Non","Non","Non","Oui","Non","Non","Non","Non","Non","Oui","Oui","Non","Oui","Non","Non","Non","Non","Non"
598,2,2,"Oui","Non","Non","Oui","Oui","Non","Oui","Non","Oui","Non","Oui","Oui","Non","Tout à fait","Oui","Non","Oui","Non","Non","Non","Oui","Parfois","Jamais","Jamais","Jamais","Non","Non","Non","Non","Oui","Non","Non","Non","Oui","Non","Non","Non","Non","Oui","Non","Non","Non","Non","Non","Non","oui","oui","non","oui","oui","Non","Souvent","Non","Non","Oui","Non","Oui","Non","Non","Oui","Oui","Non","Non","Non","Non","Non","Non","Non","Non","Non","Non","Oui","Oui","Non","Non","Non","Non","Oui","Parfois","plutotsat","Non","Non","Non","Oui","Non","Non","Non","Non","Non","Oui","Non","Oui","Oui","Non","Non","Non","Oui","Non","Non","Non","Oui","Non","Non","Non","Plus de dix ans","NA","Oui","Non","Non","Non","Non","fonct","Non","Non","Oui","Non","Non","Non","Non","Non","Non","sociologie","Une femme","Non","Non","Oui","Oui","Oui","Oui","Non","Non","Non","Non","Oui","Oui","Non","Non","Non","moins","moins","moins","moins","moins","moins","NA","moins","moins","moins","moins","NA","moins","moins","Oui","Non","Non","Non","Non","Non","Oui","Oui","Oui","Non","Non","Oui","Non","Oui","Oui","6a10","Oui","Oui","Non","Non","Non","Non","Non","Non","Non","Non","Non","Windows","Oui","Non","Non","Non","Oui","Non","Non","Oui","Non","Non","Non","Oui","Non","Non","Non","Non","Oui","Non","Non","Oui","Non","Non","Non","Non","Non","Oui","Oui","Non","Oui","Non","Non"
601,2,2,"Non","Non","Non","Oui","Oui","Non","Non","Non","Non","Non","Non","Non","Non","Assez","Oui","Non","Non","Oui","Non","Non","Oui","Parfois","Jamais","Jamais","Jamais","Non","Non","Non","Non","Oui","Non","Non","Non","Oui","Non","Non","Non","Non","Non","Non","Non","Non","Non","Non","Non","oui","oui","oui","non","non","Je ne sais pas","Jamais","Non","Non","Non","Non","Non","Oui","Oui","Oui","Non","Non","Non","Non","Non","Non","Non","Non","Non","Non","Non","Oui","Non","Non","Non","Oui","Non","Non","NA","NA","Non","Non","Non","Non","Non","Non","Non","Oui","Non","Non","Non","Non","Non","Non","Non","Oui","Oui","Non","Oui","Non","Non","Non","Non","Non","Plus de dix ans","CNRS","Oui","Non","Non","Non","Non","fonct","Non","Non","Oui","Non","Non","Non","Non","Non","Non","sociologie","Un homme","Non","Non","Oui","Oui","Non","Oui","Non","Non","Non","Oui","Non","Oui","Non","Non","Non","moins","moins","moins","moins","moins","moins","moins","moins","moins","moins","moins","moins","moins","moins","Oui","Non","Non","Non","Non","Oui","Oui","Oui","Oui","Non","Non","Non","Non","Oui","Non","6a10","Oui","Oui","Oui","Non","Non","Non","Non","Non","Non","Non","Non","Windows","Non","Non","Non","Non","Non","Non","Non","Non","Non","Oui","Non","Non","Non","Non","Non","Non","Non","Non","Non","Non","Oui","Non","Non","Non","Non","Non","Non","Non","Non","Non","Oui"
827,2,2,"Oui","Oui","Non","Oui","Oui","Non","Oui","Non","Oui","Non","Oui","Oui","Non","Tout à fait","Oui","Non","Non","Non","Non","Non","Non","Parfois","Jamais","Jamais","Jamais","Non","Non","Oui","Non","Non","Non","Oui","Non","Non","Non","Non","Non","Non","Non","Oui","Non","Non","Non","Non","Non","non","non","oui","non","oui","Non","Jamais","Non","Non","Non","Non","Oui","Oui","Non","Oui","Oui","Non","Oui","Non","Non","Non","Non","Non","Non","Non","Non","Oui","Oui","Non","Non","Non","Non","Oui","Parfois","insatisfait","Oui","Oui","Non","Non","Non","Non","Non","Non","Non","Oui","Oui","Non","Non","Non","Oui","Non","Oui","Oui","Oui","Non","Non","Oui","Non","Non","Plus de dix ans","Université","Oui","Non","Non","Non","Non","fonct","Non","Non","Oui","Non","Non","Non","Non","Non","Non","sociologie","Une femme","Non","Non","Oui","Oui","Non","Oui","Non","Non","Non","Oui","Oui","Oui","Non","Non","Oui","plus","moins","moins","moins","moins","plus","NA","NA","moins","moins","moins","moins","moins","moins","Oui","Non","Oui","Oui","Non","Oui","Oui","Oui","Oui","Non","Non","Non","Oui","Oui","Oui","6a10","Oui","Oui","Oui","Non","Oui","Non","Non","Non","Non","Non","Non","Windows","Oui","Non","Non","Non","Oui","Non","Non","Non","Non","Non","Oui","Oui","Non","Non","Non","Non","Non","Non","Non","Non","Non","Non","Non","Oui","Oui","Non","Oui","Non","Non","Non","Non"
880,1,2,"Oui","Oui","Non","Oui","Non","Non","Oui","Oui","Oui","Non","Oui","Oui","Non","Tout à fait","Non","Non","Non","Oui","Oui","Non","Non","NA","NA","NA","NA","Non","Non","Non","Non","Non","Oui","Non","Non","Non","Non","Non","Non","Non","Non","Non","Non","Non","Non","Non","Oui","non","non","non","non","non","Non applicable","Non applicable","Non","Non","Non","Non","Non","Oui","Non","Non","Non","Non","Non","Non","Non","Non","Non","Non","Oui","Non","Non","Oui","Non","Non","Non","Non","Non","Oui","Jamais","NA","Non","Non","Non","Non","Non","Non","Non","Oui","Non","Non","Non","Non","Non","Non","Non","Oui","Non","Non","Non","Non","Non","Non","Non","Oui","Plus de dix ans","Université","Oui","Non","Non","Non","Non","fonct","Non","Non","Oui","Non","Non","Non","Non","Non","Non","sociologie","Une femme","Non","Non","Oui","Oui","Oui","Oui","Oui","Non","Non","Non","Non","Oui","Non","Non","Non","moins","NA","NA","NA","NA","NA","NA","NA","NA","NA","NA","NA","NA","NA","Non","Non","Non","Non","Non","Oui","Oui","Oui","Oui","Non","Non","Non","Non","Non","Non","2a5","Oui","Non","Non","Non","Non","Non","Non","Non","Non","Non","Non","Windows","Oui","Non","Non","Non","Non","Non","Non","Non","Non","Non","Non","Non","Non","Non","Non","Non","Non","Non","Non","Non","Oui","Oui","Non","Non","Non","Non","Non","Non","Non","Non","Non"
1058,3,2,"Oui","Oui","Non","Non","Oui","Non","Oui","Oui","Oui","Non","Non","Non","Non","Peu","Non","Non","Non","Non","Oui","Non","Oui","Souvent","Parfois","Jamais","Jamais","Non","Non","Non","Non","Oui","Non","Non","Non","Non","Oui","Non","Non","Oui","Non","Non","Non","Non","Non","Non","Non","oui","non","oui","non","oui","Je ne sais pas","Parfois","Non","Non","Non","Oui","Non","Oui","Oui","Non","Oui","Non","Non","Non","Non","Non","Non","Non","Non","Non","Oui","Oui","Oui","Non","Non","Non","Non","Non","NA","NA","Non","Oui","Non","Non","Non","Non","Non","Non","Oui","Oui","Oui","Oui","Non","Non","Non","Non","Non","Non","Oui","Non","Non","Non","Oui","Non","Plus de dix ans","Université","Oui","Non","Non","Non","Non","fonct","Non","Non","Oui","Non","Non","Non","Non","Non","Non","sociologie","Une femme","Non","Non","Oui","Oui","Oui","Oui","Non","Non","Non","Oui","Non","Non","Non","Non","Oui","moins","NA","moins","NA","moins","plus","NA","NA","NA","moins","NA","NA","NA","NA","Oui","Non","Oui","Non","Non","Non","Non","Oui","Oui","Non","Non","Non","Oui","Non","Non","6a10","Oui","Oui","Non","Non","Non","Non","Non","Non","Non","Non","Oui","Windows","Oui","Non","Non","Non","Non","Non","Non","Non","Non","Non","Oui","Non","Non","Non","Non","Non","Non","Non","Oui","Non","Non","Non","Non","Non","Oui","Non","Non","Non","Non","Non","Non"
1156,5,2,"Oui","Non","Oui","Oui","Oui","Oui","Oui","Oui","Oui","Non","Oui","Oui","Non","Tout à fait","Oui","Oui","Oui","Oui","Oui","Non","Non","Souvent","Parfois","Parfois","Parfois","Non","Non","Non","Non","Oui","Non","Non","Oui","Non","Oui","Non","Non","Non","Oui","Oui","Non","Non","Non","Non","Non","non","oui","non","oui","non","Je ne sais pas","Souvent","Non","Non","Oui","Oui","Non","Non","Non","Oui","Oui","Non","Non","Non","Non","Non","Non","Non","Non","Non","Non","Oui","Oui","Non","Oui","Non","Non","Oui","Parfois","tressat","Oui","Oui","Non","Oui","Non","Non","Non","Non","Oui","Non","Non","Oui","Non","Non","Non","Non","Oui","Non","Non","Oui","Non","Oui","Non","Non","Plus de dix ans","NA","Non","Non","Oui","Non","Non","fonct","Non","Non","Oui","Non","Non","Non","Non","Non","Non","sociologie","Une femme","Non","Non","Oui","Oui","Oui","Oui","Oui","Non","Oui","Oui","Oui","Non","Oui","Oui","Non","moins","NA","NA","moins","moins","moins","moins","moins","NA","moins","moins","NA","NA","moins","Oui","Non","Oui","Oui","Oui","Oui","Oui","Oui","Oui","Oui","Non","Oui","Oui","Oui","Oui","2a5","Oui","Oui","Oui","Non","Non","Non","Non","Non","Non","Non","Non","MacOS","Oui","Non","Non","Non","Oui","Non","Non","Oui","Non","Non","Oui","Non","Oui","Non","Non","Non","Oui","Oui","Non","Oui","Non","Oui","Oui","Non","Oui","Oui","Oui","Non","Non","Non","Non"
1160,2,2,"Non","Non","Non","Oui","Oui","Non","Oui","Non","Oui","Non","Non","Non","Non","Assez","Oui","Non","Non","Oui","Non","Non","Oui","Parfois","Jamais","Jamais","Jamais","Non","Non","Non","Non","Oui","Non","Non","Non","Oui","Oui","Non","Non","Non","Non","Non","Non","Non","Non","Non","Non","oui","non","oui","non","non","Non","Jamais","Non","Non","Non","Oui","Oui","Oui","Oui","Non","Non","Non","Oui","Oui","Oui","Non","Non","Non","Non","Non","Non","Oui","Oui","Non","Non","Non","Non","Oui","Parfois","plutotsat","Non","Non","Non","Non","Oui","Non","Non","Non","Oui","Non","Non","Non","Non","Non","Oui","Non","Oui","Non","Oui","Non","Non","Non","Non","Non","Plus de dix ans","école","Oui","Non","Non","Non","Non","fonct","Non","Non","Oui","Non","Non","Non","Non","Non","Non","sociologie","Une femme","Non","Non","Oui","Oui","Non","Oui","Non","Non","Non","Oui","Non","Non","Non","Non","Non","plus","NA","NA","moins","NA","plus","NA","NA","NA","moins","moins","NA","NA","NA","Oui","Non","Non","Non","Oui","Non","Non","Non","Oui","Non","Non","Non","Oui","Oui","Oui","6a10","Oui","Oui","Oui","Non","Non","Non","Non","Non","Non","Non","Non","Windows","Oui","Non","Non","Non","Non","Non","Non","Oui","Non","Non","Non","Oui","Non","Non","Non","Non","Non","Non","Non","Non","Non","Oui","Non","Non","Non","Non","Non","Non","Non","Non","Non"
1171,3,2,"Oui","Oui","Non","Oui","Non","Non","Non","Non","Oui","Non","Non","Non","Non","Peu","Oui","Non","Non","Oui","Non","Non","Non","Souvent","NA","NA","NA","Non","Non","Non","Non","Oui","Non","Oui","Non","Oui","Non","Non","Non","Non","Oui","Non","Non","Non","Non","Non","Non","oui","non","non","oui","non","Je ne sais pas","Parfois","Non","Oui","Oui","Non","Non","Oui","Oui","Non","Oui","Non","Non","Non","Non","Non","Non","Non","Non","Non","Non","Oui","Non","Non","Non","Non","Non","Non","NA","NA","Oui","Non","Oui","Oui","Non","Non","Non","Non","Oui","Oui","Oui","Non","Non","Non","Non","Non","Non","Non","Oui","Non","Non","Non","Oui","Non","Plus de dix ans","CNRS","Oui","Non","Non","Non","Non","fonct","Non","Non","Non","Non","Oui","Non","Non","Non","Non","sociologie","Une femme","Non","Non","Oui","Oui","Non","Oui","Non","Non","Non","Non","Non","Oui","Non","Non","Oui","moins","moins","moins","NA","NA","moins","NA","NA","NA","moins","NA","moins","NA","NA","Oui","Non","Oui","Oui","Non","Oui","Non","Oui","Oui","Non","Non","Non","Non","Non","Oui","2a5","Oui","Oui","Non","Non","Non","Non","Non","Non","Non","Non","Non","LinuxUnix","Non","Non","Oui","Non","Non","Oui","Non","Non","Non","Non","Oui","Non","Non","Non","Non","Non","Non","Non","Non","Non","Non","Non","Non","Non","Oui","Non","Non","Non","Non","Oui","Non"
1182,2,2,"Non","Non","Non","Non","Oui","Non","Non","Non","Non","Non","Non","Non","Non","Assez","Non","Non","Non","Non","Non","Non","Non","NA","Jamais","Jamais","Jamais","Non","Non","Non","Non","Oui","Non","Non","Non","Non","Non","Non","Non","Non","Non","Non","Non","Non","Non","Non","Oui","oui","non","non","oui","non","Non applicable","Jamais","Oui","Non","Non","Non","Non","Oui","Oui","Oui","Oui","Non","Non","Non","Non","Non","Non","Non","Oui","Non","Non","Oui","Oui","Non","Non","Non","Non","Non","NA","NA","Non","Non","Non","Oui","Non","Non","Non","Non","Non","Non","Non","Oui","Oui","Non","Oui","Non","Oui","Non","Oui","Non","Non","Non","Oui","Non","Cinq à dix ans","Université","Oui","Non","Non","Non","Non","fonct","Non","Non","Oui","Non","Non","Non","Non","Non","Non","sociologie","Une femme","Non","Non","Oui","Non","Non","Oui","Non","Non","Non","Oui","Non","Oui","Non","Non","Non","moins","NA","moins","NA","NA","moins","NA","NA","NA","NA","NA","NA","NA","NA","Oui","Non","Oui","Non","Non","Non","Oui","Non","Non","Non","Non","Non","Non","Oui","Oui","2a5","Oui","Oui","Non","Non","Non","Non","Non","Non","Non","Non","Non","Windows","Oui","Non","Non","Non","Non","Non","Non","Non","Non","Non","Oui","Non","Non","Non","Non","Non","Non","Non","Non","Non","Non","Non","Non","Non","Oui","Non","Non","Non","Oui","Non","Non"
315,5,3,"Oui","Oui","Oui","Oui","Oui","Oui","Oui","Oui","Oui","Non","Non","Non","Oui","Tout à fait","Non","Oui","Oui","Oui","Oui","Non","Oui","Souvent","Toujours","Parfois","Parfois","Non","Non","Oui","Non","Non","Non","Non","Non","Non","Non","Non","Non","Oui","Non","Non","Non","Oui","Oui","Non","Non","non","oui","non","non","oui","Oui","Toujours","Non","Oui","Non","Oui","Non","Non","Oui","Oui","Oui","Oui","Oui","Non","Oui","Non","Non","Oui","Non","Non","Oui","Non","Oui","Non","Non","Non","Non","Oui","Souvent","tressat","Oui","Oui","Non","Non","Oui","Oui","Non","Non","Non","Oui","Oui","Oui","Non","Non","Non","Non","Oui","Oui","Oui","Oui","Non","Non","Non","Non","Plus de dix ans","Université","Oui","Non","Non","Non","Non","fonct","Non","Non","Oui","Non","Non","Non","Non","Non","Non","archéologie","Un homme","Oui","Non","Oui","Oui","Oui","Oui","Oui","Non","Oui","Oui","Oui","Oui","Oui","Oui","Oui","moins","moins","moins","moins","moins","moins","moins","moins","moins","moins","moins","moins","NA","moins","Oui","Oui","Oui","Oui","Oui","Oui","Non","Oui","Oui","Non","Non","Non","Non","Non","Oui","2a5","Oui","Oui","Oui","Oui","Non","Non","Non","Non","Non","Non","Non","Windows","Oui","Non","Oui","Oui","Non","Non","Non","Non","Oui","Non","NA","NA","NA","NA","NA","NA","NA","NA","NA","NA","NA","NA","NA","NA","NA","NA","NA","NA","NA","NA","NA"
320,5,3,"Oui","Oui","Non","Oui","Non","Non","Non","Oui","Oui","Non","Oui","Oui","Non","Assez","Oui","Oui","Oui","Oui","Oui","Oui","Oui","Parfois","Souvent","Souvent","Souvent","Non","Non","Oui","Non","Non","Non","Non","Non","Non","Oui","Non","Non","Oui","Non","Oui","Oui","Oui","Oui","Non","Non","oui","non","non","oui","non","Oui","Parfois","Oui","Oui","Oui","Oui","Oui","Oui","Non","Non","Non","Oui","Oui","Non","Oui","Non","Non","Oui","Non","Non","Oui","Oui","Oui","Oui","Oui","Non","Non","Oui","Souvent","plutotsat","Oui","Non","Non","Non","Non","Oui","Oui","Non","Non","Non","Non","Non","Non","Oui","Oui","Non","Oui","Oui","Oui","Oui","Oui","Oui","Oui","Non","Moins de cinq ans","CNRS","Non","Non","Oui","Non","Oui","fonct","Non","Oui","Oui","Non","Non","Non","Non","Non","Non","archéologie","Un homme","Non","Non","Oui","Oui","Non","Oui","Oui","Non","Oui","Oui","Oui","Non","Oui","Oui","Oui","plus","moins","moins","plus","moins","moins","moins","moins","plus","plus","moins","moins","moins","moins","Oui","Non","Oui","Non","Oui","Oui","Non","Oui","Oui","Non","Oui","Oui","Non","Oui","Oui","2a5","Oui","Oui","Oui","Oui","Oui","Non","Non","Non","Non","Non","Non","MacOS","Oui","Non","Oui","Non","Non","Oui","Non","Oui","Oui","Non","NA","NA","NA","NA","NA","NA","NA","NA","NA","NA","NA","NA","NA","NA","NA","NA","NA","NA","NA","NA","NA"
558,3,3,"Oui","Non","Non","Non","Oui","Oui","Non","Oui","Oui","Non","Oui","Non","Non","Pas du tout","Oui","Non","Non","Oui","Non","Non","Oui","Parfois","Parfois","Jamais","Jamais","Non","Non","Oui","Non","Non","Non","Oui","Oui","Oui","Non","Non","Non","Non","Oui","Oui","Non","Oui","Non","Non","Non","oui","oui","non","oui","non","Oui","Souvent","Non","Non","Non","Oui","Non","Oui","Non","Oui","Oui","Non","Non","Non","Non","Non","Non","Oui","Non","Non","Non","Oui","Non","Non","Non","Non","Non","Oui","Parfois","plutotsat","Oui","Oui","Oui","Oui","Non","Non","Non","Non","Non","Non","Non","Oui","Non","Non","Oui","Non","Oui","Non","Oui","Non","Oui","Oui","Oui","Non","Plus de dix ans","CNRS","Non","Non","Oui","Non","Non","fonct","Non","Non","Oui","Non","Non","Non","Non","Non","Non","archéologie","Un homme","Non","Non","Oui","Oui","Oui","Oui","Oui","Non","Non","Oui","Non","Oui","Non","Non","Oui","plus","moins","moins","moins","moins","moins","NA","moins","moins","moins","moins","moins","moins","NA","Oui","Non","Oui","Non","Oui","Oui","Non","Oui","Oui","Non","Non","Non","Non","Non","Oui","2a5","Oui","Oui","Oui","Non","Non","Non","Non","Non","Non","Non","Oui","MacOS","Oui","Non","Oui","Non","Non","Oui","Non","Non","Oui","Non","NA","NA","NA","NA","NA","NA","NA","NA","NA","NA","NA","NA","NA","NA","NA","NA","NA","NA","NA","NA","NA"
32,5,3,"Oui","Oui","Non","Oui","Non","Oui","Non","Oui","Oui","Non","Oui","Non","Non","Tout à fait","Oui","Oui","Oui","Non","Oui","Non","Oui","Souvent","Souvent","Parfois","Parfois","Oui","Non","Oui","Non","Non","Non","Oui","Oui","Oui","Oui","Non","Oui","Non","Oui","Oui","Non","Oui","Non","Non","Non","oui","oui","non","non","oui","Oui","Souvent","Oui","Oui","Oui","Oui","Oui","Oui","Oui","Oui","Oui","Oui","Oui","Oui","Oui","Oui","Non","Oui","Non","Non","Oui","Oui","Oui","Non","Oui","Non","Non","Oui","Jamais","NA","Non","Oui","Oui","Non","Non","Non","Non","Non","Oui","Oui","Oui","Oui","Oui","Non","Non","Non","Oui","Oui","Oui","Non","Non","Non","Oui","Non","Plus de dix ans","autre","Oui","Non","Non","Non","Non","CDI","Non","Oui","Oui","Non","Non","Non","Non","Non","Non","autre","Un homme","Non","Non","Oui","Oui","Oui","Oui","Oui","Non","Non","Oui","Oui","Oui","Non","Non","Oui","moins","moins","moins","NA","moins","moins","moins","moins","moins","moins","moins","NA","moins","moins","Oui","Non","Oui","Non","Oui","Oui","Oui","Oui","Oui","Non","Oui","Oui","Non","Oui","Oui","11plus","Oui","Oui","Oui","Oui","Oui","Non","Oui","Non","Oui","Non","Oui","Windows","Oui","Non","Oui","Oui","Non","Oui","Non","Oui","Oui","Non","NA","NA","NA","NA","NA","NA","NA","NA","NA","NA","NA","NA","NA","NA","NA","NA","NA","NA","NA","NA","NA"
160,3,3,"Oui","Oui","Non","Oui","Oui","Non","Non","Non","Oui","Non","Non","Oui","Non","Tout à fait","Non","Non","Non","Oui","Non","Non","Oui","Souvent","Parfois","Jamais","Non applicable","Non","Non","Non","Non","Oui","Non","Non","Non","Non","Oui","Non","Non","Non","Oui","Oui","Non","Non","Non","Non","Non","oui","non","oui","non","non","Oui","Parfois","Non","Oui","Oui","Oui","Oui","Oui","Non","Oui","Oui","Non","Oui","Non","Non","Non","Non","Non","Non","Non","Oui","Oui","Oui","Non","Oui","Non","Non","Oui","Parfois","nini","Oui","Oui","Non","Oui","Non","Non","Non","Non","Oui","Oui","Non","Oui","Oui","Non","Oui","Non","Oui","Oui","Non","Oui","Non","Non","Oui","Non","Plus de dix ans","école","Oui","Non","Non","Non","Non","fonct","Non","Non","Oui","Non","Non","Non","Non","Non","Non","autre","Une femme","Non","Non","Oui","Oui","Non","Oui","Non","Non","Non","Oui","Non","Non","Non","Non","Non","moins","moins","moins","moins","moins","moins","NA","NA","moins","moins","moins","NA","moins","NA","Non","Non","Oui","Oui","Oui","Oui","Oui","Oui","Oui","Non","Non","Non","Non","Oui","Oui","2a5","Oui","Oui","Non","Non","Non","Non","Non","Non","Non","Non","Oui","Windows","Oui","Non","Non","Non","Non","Non","Non","Non","Oui","Non","NA","NA","NA","NA","NA","NA","NA","NA","NA","NA","NA","NA","NA","NA","NA","NA","NA","NA","NA","NA","NA"
188,2,3,"Oui","Non","Non","Non","Oui","Non","Oui","Non","Oui","Non","Non","Non","Non","Tout à fait","Non","Non","Non","Non","Non","Non","Non","Parfois","Parfois","Jamais","Jamais","Non","Non","Non","Non","Oui","Non","Non","Oui","Oui","Non","Non","Non","Non","Non","Non","Non","Non","Non","Non","Non","non","non","oui","oui","non","Non","Souvent","Oui","Non","Non","Non","Oui","Oui","Oui","Non","Oui","Non","Non","Non","Non","Non","Non","Non","Non","Non","Non","Non","Non","Non","Non","Non","Oui","Oui","Jamais","NA","Oui","Non","Non","Non","Non","Non","Non","Non","Non","Non","Non","Oui","Non","Non","Oui","Non","Non","Non","Non","Non","Non","Non","Non","Oui","Cinq à dix ans","autre","Non","Oui","Non","Non","Non","CDD","Non","Non","Non","Non","Non","Non","Non","Non","Non","autre","Autre","Non","Non","Oui","Oui","Non","Oui","Non","Non","Non","Oui","Non","Oui","Non","Oui","Non","plus","moins","moins","NA","moins","plus","moins","moins","moins","moins","moins","NA","moins","moins","Oui","Oui","Oui","Oui","Non","Oui","Oui","Oui","Oui","Non","Non","Non","Non","Non","Oui","2a5","Oui","Oui","Oui","Non","Oui","Non","Non","Non","Non","Non","Oui","MacOS","Oui","Non","Non","Non","Non","Non","Non","Non","Oui","Non","NA","NA","NA","NA","NA","NA","NA","NA","NA","NA","NA","NA","NA","NA","NA","NA","NA","NA","NA","NA","NA"
274,2,3,"Oui","Non","Non","Oui","Non","Non","Non","Non","Non","Non","Non","Non","Non","Tout à fait","Non","Non","Oui","Non","Non","Non","Non","Souvent","Jamais","Jamais","Parfois","Non","Non","Non","Non","Oui","Non","Non","Non","Non","Non","Non","Non","Non","Non","Non","Non","Non","Non","Non","Oui","oui","oui","non","non","oui","Oui","Parfois","Non","Non","Oui","Oui","Non","Non","Oui","Non","Non","Non","Oui","Oui","Non","Non","Non","Non","Non","Non","Non","Non","Non","Non","Non","Non","Oui","Oui","Parfois","plutotsat","Non","Non","Non","Non","Non","Non","Non","Oui","Non","Non","Non","Non","Non","Non","Non","Oui","Non","Non","Non","Non","Non","Non","Non","Oui","Plus de dix ans","Université","Non","Oui","Non","Non","Non","autre","Oui","Non","Oui","Oui","Oui","Non","Non","Non","Non","autre","Un homme","Non","Non","Non","Oui","Oui","Oui","Non","Non","Non","Oui","Non","Oui","Non","Oui","Non","moins","moins","moins","moins","moins","plus","plus","moins","moins","moins","moins","moins","moins","moins","Non","Non","Oui","Non","Non","Non","Non","Oui","Oui","Oui","Non","Oui","Oui","Non","Non","seule","NA","NA","NA","NA","NA","NA","NA","NA","NA","NA","NA","LinuxUnix","Oui","Non","Non","Non","Non","Non","Non","Oui","Oui","Non","NA","NA","NA","NA","NA","NA","NA","NA","NA","NA","NA","NA","NA","NA","NA","NA","NA","NA","NA","NA","NA"
350,1,3,"Oui","Oui","Non","Oui","Non","Non","Non","Non","Oui","Non","Non","Non","Non","Peu","Oui","Non","Non","Oui","Oui","Oui","Oui","NA","Parfois","Parfois","NA","Non","Non","Non","Non","Oui","Non","Non","Non","Non","Non","Non","Non","Non","Non","Non","Non","Non","Non","Non","Oui","oui","non","oui","non","oui","Non applicable","Parfois","Non","Non","Non","Non","Non","Oui","Oui","Non","Non","Non","Oui","Non","Non","Non","Non","Non","Non","Non","Non","Non","Non","Non","Non","Non","Oui","Oui","Parfois","plutotsat","Non","Non","Non","Non","Non","Non","Non","Oui","Oui","Oui","Oui","Non","Non","Non","Non","Non","Oui","Non","Oui","Oui","Non","Non","Oui","Non","Plus de dix ans","Université","Oui","Non","Non","Non","Non","fonct","Non","Non","Oui","Non","Non","Non","Non","Non","Non","autre","Une femme","Non","Non","Non","Oui","Non","Oui","Non","Non","Non","Oui","Non","Oui","Non","Non","Non","plus","moins","moins","NA","moins","moins","NA","NA","NA","moins","NA","NA","NA","moins","Non","Non","Oui","Non","Non","Oui","Oui","Oui","Non","Non","Non","Non","Non","Oui","Oui","seule","NA","NA","NA","NA","NA","NA","NA","NA","NA","NA","NA","Windows","Non","Non","Non","Non","Non","Non","Non","Non","Oui","Non","NA","NA","NA","NA","NA","NA","NA","NA","NA","NA","NA","NA","NA","NA","NA","NA","NA","NA","NA","NA","NA"
457,5,3,"Non","Non","Oui","Non","Non","Oui","Oui","Oui","Oui","Oui","Oui","Oui","Non","Assez","Non","Non","Oui","Non","Non","Non","Oui","Parfois","Non applicable","Souvent","Non applicable","Non","Non","Oui","Non","Non","Non","Non","Non","Non","Non","Non","Non","Oui","Non","Oui","Non","Non","Non","Oui","Non","oui","non","non","oui","non","Oui","Souvent","Non","Oui","Non","Oui","Non","Non","Non","Oui","Non","Oui","Oui","Non","Oui","Non","Non","Oui","Non","Non","Oui","Oui","Non","Oui","Non","Oui","Non","Oui","Souvent","plutotsat","Non","Oui","Non","Non","Oui","Non","Non","Non","Non","Non","Oui","Non","Oui","Non","Oui","Non","Oui","Oui","Non","Non","Non","Oui","Non","Non","Plus de dix ans","CNRS","Oui","Non","Non","Non","Non","fonct","Non","Non","Non","Non","Non","Non","Non","Oui","Non","autre","Un homme","Oui","Non","Oui","Non","Oui","Non","Oui","Non","Non","Oui","Non","Non","Oui","Non","Non","moins","moins","moins","NA","moins","plus","plus","plus","moins","moins","plus","plus","moins","moins","Non","Oui","Oui","Non","Oui","Non","Non","Non","Oui","Non","Non","Non","Oui","Non","Non","11plus","Oui","Oui","Oui","Oui","Non","Non","Non","Non","Non","Non","Non","MacOS","Non","Non","Non","Oui","Oui","Non","Non","Oui","Oui","Non","NA","NA","NA","NA","NA","NA","NA","NA","NA","NA","NA","NA","NA","NA","NA","NA","NA","NA","NA","NA","NA"
491,1,3,"Oui","Oui","Non","Non","Oui","Non","Non","Oui","Oui","Non","Oui","Non","Non","Tout à fait","Non","Non","Oui","Oui","Oui","Non","Non","NA","NA","NA","Toujours","Non","Non","Non","Non","Non","Oui","Non","Non","Non","Non","Non","Non","Oui","Non","Non","Non","Oui","Non","Non","Non","oui","oui","non","oui","oui","Non applicable","Parfois","Non","Oui","Oui","Oui","Oui","Oui","Non","Non","Non","Non","Non","Non","Oui","Non","Non","Non","Non","Non","Non","Oui","Oui","Oui","Non","Non","Non","Non applicable","NA","NA","Oui","Oui","Non","Non","Non","Oui","Oui","Non","Oui","Non","Non","Non","Non","Non","Non","Non","Oui","Non","Non","Non","Non","Non","Oui","Non","Plus de dix ans","CNRS","Non","Non","Oui","Non","Non","fonct","Non","Oui","Non","Non","Non","Non","Non","Non","Non","autre","Une femme","Non","Non","Non","Oui","Non","Oui","Non","Non","Oui","Non","Non","Non","Oui","Non","Oui","NA","NA","NA","moins","moins","moins","NA","NA","NA","NA","NA","moins","moins","moins","Oui","Non","Non","Non","Non","Non","Non","Non","Oui","Non","Oui","Oui","Non","Non","Non","2a5","Oui","Oui","Oui","Non","Non","Non","Non","Non","Non","Non","Non","MacOS","Oui","Non","Non","Non","Non","Non","Non","Oui","Oui","Non","NA","NA","NA","NA","NA","NA","NA","NA","NA","NA","NA","NA","NA","NA","NA","NA","NA","NA","NA","NA","NA"
532,5,3,"Non","Oui","Non","Non","Non","Non","Non","Oui","Oui","Non","Oui","Oui","Non","Tout à fait","Oui","Non","Oui","Oui","Oui","Non","Oui","Souvent","Parfois","Parfois","Parfois","Oui","Non","Oui","Non","Non","Non","Non","Oui","Non","Oui","Oui","Non","Non","Oui","Oui","Oui","Oui","Oui","Non","Non","oui","non","oui","oui","oui","Oui","Parfois","Non","Oui","Oui","Oui","Oui","Oui","Non","Oui","Oui","Oui","Oui","Non","Oui","Non","Non","Non","Non","Non","Oui","Oui","Oui","Oui","Non","Oui","Non","Oui","NA","NA","Non","Oui","Oui","Oui","Non","Oui","Non","Non","Oui","Oui","Non","Oui","Oui","Non","Oui","Non","Oui","Oui","Oui","Oui","Oui","Oui","Oui","Non","Plus de dix ans","CNRS","Non","Non","Oui","Non","Non","fonct","Non","Oui","Non","Non","Oui","Non","Non","Non","Non","autre","Une femme","Oui","Non","Non","Non","Oui","Oui","Oui","Non","Non","Non","Non","Non","Oui","Non","Oui","moins","NA","moins","moins","moins","moins","NA","moins","moins","moins","moins","moins","moins","moins","Oui","Oui","Oui","Oui","Oui","Non","Non","Non","Oui","Non","Oui","Non","Oui","Non","Non","6a10","Oui","Oui","Oui","Non","Non","Non","Non","Non","Non","Non","Non","Windows","Oui","Non","Oui","Non","Oui","Oui","Non","Oui","Oui","Non","NA","NA","NA","NA","NA","NA","NA","NA","NA","NA","NA","NA","NA","NA","NA","NA","NA","NA","NA","NA","NA"
589,2,3,"Oui","Non","Non","Non","Non","Non","Non","Non","Non","Non","Non","Non","Non","Pas du tout","Oui","Non","Non","Non","Non","Non","Non","Jamais","Jamais","Jamais","Jamais","Non","Non","Non","Non","Oui","Non","Non","Non","Non","Non","Non","Non","Non","Non","Non","Non","Non","Non","Non","Oui","non","non","non","non","non","Non","Souvent","Non","Non","Non","Non","Oui","Non","Oui","Oui","Oui","Non","Non","Non","Non","Non","Non","Non","Non","Non","Non","Oui","Non","Non","Non","Non","Non","Non","NA","NA","Non","Non","Non","Non","Non","Non","Non","Oui","Non","Non","Non","Non","Non","Non","Non","Oui","Non","Non","Non","Non","Non","Non","Non","Oui","Plus de dix ans","autre","Oui","Non","Non","Non","Non","fonct","Non","Non","Oui","Non","Non","Non","Non","Non","Non","autre","Une femme","Non","Non","Oui","Non","Non","Oui","Non","Non","Non","Oui","Non","Non","Non","Non","Non","moins","NA","NA","NA","NA","moins","NA","NA","NA","NA","NA","NA","NA","NA","Oui","Non","Non","Non","Non","Oui","Non","Non","Non","Non","Non","Non","Non","Non","Oui","2a5","Oui","Non","Non","Non","Non","Non","Non","Non","Non","Non","Oui","Windows","Non","Non","Non","Non","Non","Non","Non","Non","Oui","Non","NA","NA","NA","NA","NA","NA","NA","NA","NA","NA","NA","NA","NA","NA","NA","NA","NA","NA","NA","NA","NA"
740,5,3,"Oui","Oui","Non","Oui","Oui","Oui","Oui","Non","Oui","Non","Oui","Non","Non","Assez","Oui","Oui","Oui","Oui","Oui","Non","Oui","Souvent","Parfois","Souvent","Toujours","Oui","Oui","Oui","Oui","Non","Non","Oui","Oui","Oui","Oui","Non","Oui","Non","Oui","Non","Non","Non","Non","Non","Non","non","non","non","non","non","Oui","Toujours","Oui","Oui","Oui","Oui","Non","Oui","Oui","Oui","Oui","Non","Oui","Oui","Non","Oui","Non","Oui","Non","Non","Oui","Oui","Non","Non","Non","Non","Oui","Oui","Parfois","plutotsat","Non","Non","Non","Non","Non","Oui","Oui","Non","Non","Non","Non","Non","Non","Oui","Non","Non","Non","Non","Non","Non","Non","Non","Oui","Oui","Plus de dix ans","autre","Oui","Non","Non","Non","Non","CDI","Non","Non","Oui","Non","Oui","Non","Non","Non","Non","autre","Un homme","Non","Non","Oui","Oui","Non","Oui","Oui","Non","Non","Oui","Non","Oui","Non","Non","Oui","plus","moins","plus","moins","moins","plus","moins","moins","moins","moins","plus","moins","moins","moins","Oui","Non","Oui","Oui","Oui","Oui","Oui","Oui","Oui","Oui","Oui","Non","Non","Oui","Oui","seule","NA","NA","NA","NA","NA","NA","NA","NA","NA","NA","NA","MacOS","Oui","Non","Oui","Non","Non","Oui","Non","Non","Oui","Oui","NA","NA","NA","NA","NA","NA","NA","NA","NA","NA","NA","NA","NA","NA","NA","NA","NA","NA","NA","NA","NA"
745,4,3,"Non","Non","Oui","Non","Non","Oui","Non","Oui","Oui","Non","Oui","Non","Non","Assez","Oui","Non","Non","Non","Non","Non","Non","Souvent","Parfois","Jamais","Souvent","Non","Non","Non","Non","Oui","Non","Non","Oui","Non","Oui","Non","Non","Oui","Non","Non","Non","Non","Non","Non","Non","oui","non","non","non","oui","Oui","Souvent","Oui","Oui","Non","Oui","Non","Non","Non","Non","Non","Oui","Non","Non","Non","Non","Non","Non","Non","Non","Non","Oui","Oui","Non","Non","Non","Non","Non","NA","NA","Non","Non","Non","Oui","Non","Oui","Non","Non","Non","Non","Non","Oui","Non","Non","Non","Non","Non","Non","Non","Non","Non","Non","Oui","Non","Plus de dix ans","organisme","Non","Non","Oui","Non","Non","fonct","Non","Non","Non","Non","Non","Non","Non","Oui","Non","autre","Une femme","Non","Non","Non","Non","Oui","Non","Non","Non","Non","Oui","Non","Non","Non","Non","Oui","moins","moins","NA","plus","moins","plus","NA","moins","plus","plus","plus","plus","NA","moins","Non","Non","Oui","Non","Oui","Non","Non","Non","Non","Oui","Oui","Oui","Non","Non","Oui","2a5","Oui","Non","Oui","Oui","Non","Non","Non","Non","Non","Non","Oui","Windows","Oui","Non","Oui","Oui","Non","Non","Non","Oui","Oui","Non","NA","NA","NA","NA","NA","NA","NA","NA","NA","NA","NA","NA","NA","NA","NA","NA","NA","NA","NA","NA","NA"
952,5,3,"Oui","Non","Non","Oui","Non","Non","Oui","Oui","Oui","Non","Oui","Oui","Non","Tout à fait","Oui","Non","Oui","Non","Oui","Oui","Oui","Parfois","Toujours","Jamais","Jamais","Oui","Non","Non","Non","Non","Non","Oui","Oui","Oui","Oui","Non","Non","Non","Oui","Oui","Oui","Non","Non","Non","Non","oui","oui","non","non","oui","Oui","Non applicable","Oui","Oui","Oui","Oui","Oui","Non","Non","Oui","Oui","Non","Oui","Non","Non","Non","Non","Non","Non","Non","Oui","Oui","Oui","Non","Oui","Non","Non","Oui","Toujours","tressat","Non","Non","Non","Non","Non","Non","Non","Oui","Non","Non","Non","Oui","Non","Non","Non","Non","Oui","Oui","Oui","Oui","Oui","Non","Non","Non","Plus de dix ans","école","Non","Non","Non","Oui","Non","fonct","Oui","Non","Oui","Non","Oui","Oui","Non","Non","Non","autre","Une femme","Non","Non","Non","Oui","Oui","Oui","Oui","Non","Non","Oui","Oui","Oui","Non","Non","Oui","moins","NA","moins","moins","NA","moins","NA","moins","NA","moins","plus","moins","moins","moins","Non","Non","Oui","Oui","Oui","Oui","Oui","Oui","Oui","Non","Oui","Non","Oui","Oui","Non","11plus","Non","Non","Oui","Non","Oui","Oui","Oui","Oui","Non","Oui","Non","Windows","Oui","Non","Non","Non","Oui","Oui","Non","Non","Oui","Non","NA","NA","NA","NA","NA","NA","NA","NA","NA","NA","NA","NA","NA","NA","NA","NA","NA","NA","NA","NA","NA"
983,4,3,"Non","Oui","Non","Oui","Non","Non","Non","Non","Oui","Oui","Oui","Non","Non","Tout à fait","Non","Oui","Oui","Non","Non","Non","Non","Non applicable","Non applicable","Non applicable","Toujours","Oui","Non","Non","Non","Non","Non","Non","Oui","Non","Non","Non","Non","Oui","Non","Non","Non","Oui","Non","Non","Non","oui","oui","non","non","non","Oui","Souvent","Oui","Oui","Oui","Non","Oui","Non","Oui","Non","Oui","Oui","Non","Non","Non","Non","Non","Non","Non","Non","Non","Oui","Non","Non","Non","Non","Non","Oui","NA","NA","Oui","Oui","Non","Non","Non","Oui","Non","Non","Oui","Non","Non","Oui","Non","Non","Non","Non","Non","Oui","Non","Non","Non","Non","Non","Non","Plus de dix ans","CNRS","Oui","Non","Non","Non","Non","fonct","Non","Non","Non","Non","Non","Oui","Non","Non","Non","autre","Un homme","Oui","Oui","Non","Oui","Oui","Oui","Non","Non","Non","Oui","Non","Non","Non","Non","Non","moins","moins","moins","moins","moins","moins","moins","moins","moins","moins","moins","moins","moins","moins","Non","Non","Oui","Oui","Non","Oui","Non","Non","Oui","Oui","Non","Non","Oui","Non","Oui","2a5","Oui","Oui","Non","Non","Non","Non","Non","Non","Non","Non","Oui","MacOS","Oui","Non","Non","Oui","Non","Non","Non","Non","Oui","Non","NA","NA","NA","NA","NA","NA","NA","NA","NA","NA","NA","NA","NA","NA","NA","NA","NA","NA","NA","NA","NA"
1205,4,3,"Non","Oui","Oui","Non","Non","Oui","Non","Oui","Non","Non","Oui","Non","Non","Assez","Oui","Oui","Oui","Non","Oui","Non","Non","Parfois","Parfois","Jamais","Jamais","Oui","Non","Oui","Non","Non","Non","Non","Non","Non","Non","Non","Oui","Non","Non","Oui","Non","Non","Non","Non","Non","oui","non","oui","oui","oui","Oui","Parfois","Non","Non","Non","Non","Oui","Non","Non","Oui","Oui","Non","Oui","Non","Non","Non","Non","Non","Non","Oui","Non","Oui","Non","Non","Non","Non","Non","Oui","Parfois","NA","Non","Oui","Non","Non","Non","Non","Non","Non","Oui","Oui","Non","Non","Non","Non","Non","Non","Non","Non","Oui","Non","Non","Oui","Oui","Non","Plus de dix ans","Université","Oui","Non","Non","Non","Non","fonct","Non","Non","Non","Non","Non","Oui","Non","Oui","Non","autre","Une femme","Oui","Non","Oui","Non","Oui","Oui","Non","Oui","Non","Non","Non","Oui","Non","Non","Non","moins","NA","NA","moins","moins","moins","moins","moins","moins","moins","moins","moins","moins","NA","Oui","Oui","Non","Non","Oui","Oui","Oui","Non","Oui","Non","Oui","Non","Non","Oui","Oui","2a5","Non","Oui","Non","Non","Non","Non","Non","Non","Non","Non","Non","Windows","Oui","Non","Non","Non","Oui","Non","Non","Oui","Oui","Non","NA","NA","NA","NA","NA","NA","NA","NA","NA","NA","NA","NA","NA","NA","NA","NA","NA","NA","NA","NA","NA"
262,5,3,"Non","Non","Oui","Non","Non","Oui","Oui","Oui","Oui","Oui","Oui","Oui","Non","Tout à fait","Oui","Oui","Oui","Non","Non","Non","Oui","Souvent","Jamais","Souvent","Jamais","Non","Non","Non","Non","Oui","Non","Non","Oui","Oui","Oui","Non","Non","Oui","Oui","Oui","Non","Non","Oui","Non","Non","oui","oui","non","oui","non","Oui","Parfois","Non","Oui","Non","Oui","Oui","Non","Non","Non","Oui","Oui","Non","Oui","Oui","Non","Non","Non","Non","Non","Non","Oui","Non","Oui","Oui","Non","Non","Non","NA","NA","Non","Non","Non","Non","Oui","Non","Non","Non","Oui","Non","Non","Oui","Oui","Oui","Oui","Non","Oui","Oui","Non","Non","Non","Oui","Non","Non","Plus de dix ans","organisme","Non","Non","Oui","Non","Non","fonct","Non","Oui","Non","Non","Oui","Oui","Non","Non","Non","biologie","Une femme","Oui","Non","Non","Non","Oui","Oui","Oui","Oui","Oui","Non","Oui","Non","Oui","Non","Non","moins","NA","NA","moins","moins","moins","NA","moins","moins","moins","moins","moins","NA","moins","Non","Oui","Oui","Oui","Oui","Oui","Non","Non","Oui","Oui","Oui","Oui","Oui","Oui","Oui","6a10","Oui","Oui","Oui","Oui","Non","Non","Non","Non","Non","Non","Oui","Windows","Oui","Non","Non","Oui","Non","Oui","Non","Oui","Oui","Non","NA","NA","NA","NA","NA","NA","NA","NA","NA","NA","NA","NA","NA","NA","NA","NA","NA","NA","NA","NA","NA"
636,4,3,"Non","Oui","Non","Non","Non","Oui","Non","Non","Non","Non","Oui","Non","Non","Tout à fait","Oui","Oui","Non","Non","Non","Non","Oui","Toujours","Jamais","Jamais","Jamais","Non","Oui","Non","Non","Non","Non","Non","Non","Non","Oui","Non","Non","Non","Non","Non","Non","Non","Non","Non","Non","non","non","non","oui","oui","Non","Jamais","Non","Oui","Oui","Oui","Oui","Non","Non","Oui","Non","Non","Oui","Oui","Non","Non","Non","Non","Non","Oui","Oui","Oui","Oui","Oui","Non","Non","Non","Oui","Souvent","nini","Non","Non","Non","Non","Oui","Non","Oui","Non","Non","Non","Non","Non","Non","Non","Non","Oui","Oui","Non","Non","Non","Non","Oui","Non","Non","Plus de dix ans","organisme","Oui","Non","Non","Non","Non","fonct","Non","Non","Non","Non","Oui","Oui","Oui","Non","Non","biologie","Un homme","Oui","Oui","Non","Oui","Oui","Oui","Oui","Non","Oui","Non","Non","Oui","Oui","Non","Non","moins","moins","moins","moins","NA","plus","moins","moins","NA","NA","moins","NA","NA","NA","Non","Oui","Non","Non","Non","Non","Non","Non","Oui","Oui","Non","Oui","Oui","Oui","Non","2a5","Oui","Oui","Non","Non","Non","Non","Non","Non","Non","Non","Oui","MacOS","Oui","Non","Non","Non","Non","Non","Non","Oui","Oui","Non","NA","NA","NA","NA","NA","NA","NA","NA","NA","NA","NA","NA","NA","NA","NA","NA","NA","NA","NA","NA","NA"
1189,4,3,"Non","Non","Non","Non","Non","Non","Non","Non","Oui","Non","Non","Non","Non","Tout à fait","Non","Non","Oui","Oui","Oui","Non","Non","Souvent","NA","Parfois","NA","Non","Non","Non","Non","Oui","Non","Non","Oui","Non","Oui","Non","Oui","Non","Non","Non","Non","Non","Non","Non","Non","non","non","oui","oui","non","Je ne sais pas","Parfois","Non","Non","Oui","Non","Oui","Non","Non","Oui","Oui","Oui","Non","Non","Non","Non","Non","Non","Non","Non","Oui","Oui","Non","Non","Non","Non","Non","Oui","Parfois","nini","Oui","Oui","Non","Non","Non","Non","Non","Non","Non","Non","Non","Oui","Oui","Non","Non","Non","Non","Oui","Non","Non","Non","Non","Non","Non","Plus de dix ans","CNRS","Oui","Non","Non","Non","Non","fonct","Non","Non","Non","Non","Non","Oui","Non","Non","Non","biologie","Une femme","Oui","Non","Non","Non","Oui","Oui","Non","Oui","Non","Non","Non","Oui","Non","Non","Non","plus","NA","NA","NA","moins","plus","NA","NA","NA","NA","moins","moins","NA","NA","Non","Oui","Oui","Non","Non","Oui","Oui","Non","Oui","Non","Non","Non","Non","Oui","Oui","2a5","Oui","Oui","Non","Non","Non","Non","Non","Non","Non","Non","Non","Windows","Non","Non","Non","Non","Non","Non","Non","Oui","Oui","Non","NA","NA","NA","NA","NA","NA","NA","NA","NA","NA","NA","NA","NA","NA","NA","NA","NA","NA","NA","NA","NA"
40,5,3,"Oui","Oui","Non","Non","Non","Non","Oui","Oui","Oui","Non","Non","Non","Non","Assez","Non","Non","Oui","Non","Oui","Non","Oui","NA","Parfois","Parfois","Parfois","Non","Non","Oui","Non","Non","Non","Non","Non","Non","Non","Non","Non","Non","Non","Non","Oui","Non","Non","Non","Non","oui","oui","non","oui","non","Oui","Parfois","Oui","Oui","Oui","Oui","Oui","Oui","Non","Non","Non","Non","Oui","Non","Non","Non","Non","Non","Non","Non","Non","Oui","Non","Non","Non","Oui","Non","Oui","Souvent","tressat","Non","Non","Non","Non","Non","Non","Non","Oui","Non","Non","Non","Non","Non","Non","Non","Oui","Non","Non","Non","Non","Non","Oui","Oui","Non","Plus de dix ans","école","Non","Non","Non","Oui","Oui","CDI","Non","Non","Oui","Non","Non","Non","Non","Non","Non","géographie","Un homme","Non","Non","Oui","Oui","Non","Oui","Non","Non","Non","Non","Non","Non","Non","Non","Oui","NA","NA","NA","NA","NA","NA","NA","NA","moins","moins","moins","moins","moins","NA","Oui","Non","Oui","Oui","Oui","Oui","Oui","Oui","Oui","Non","Oui","Non","Non","Non","Non","6a10","Oui","Oui","Non","Non","Oui","Oui","Oui","Non","Non","Non","Non","MacOS","Oui","Non","Non","Non","Non","Non","Non","Non","Oui","Non","NA","NA","NA","NA","NA","NA","NA","NA","NA","NA","NA","NA","NA","NA","NA","NA","NA","NA","NA","NA","NA"
128,5,3,"Oui","Non","Non","Non","Non","Non","Oui","Oui","Oui","Non","Oui","Oui","Non","Tout à fait","Oui","Oui","Oui","Oui","Oui","Non","Non","Souvent","Souvent","Souvent","Souvent","Oui","Non","Oui","Non","Non","Non","Oui","Oui","Oui","Oui","Oui","Oui","Oui","Oui","Oui","Non","Oui","Oui","Non","Non","non","oui","non","oui","oui","Oui","Souvent","Oui","Non","Oui","Oui","Non","Oui","Oui","Oui","Oui","Oui","Oui","Oui","Oui","Non","Oui","Oui","Non","Non","Oui","Oui","Oui","Oui","Non","Oui","Non","Oui","Parfois","insatisfait","Oui","Oui","Non","Non","Non","Oui","Non","Non","Non","Oui","Non","Oui","Oui","Non","Non","Non","Oui","Oui","Non","Oui","Oui","Non","Oui","Non","Plus de dix ans","Université","Oui","Non","Non","Non","Non","fonct","Non","Oui","Oui","Non","Non","Non","Non","Non","Non","géographie","Un homme","Non","Non","Oui","Oui","Oui","Oui","Oui","Non","Oui","Oui","Oui","Oui","Oui","Oui","Oui","moins","moins","NA","moins","moins","moins","moins","moins","moins","moins","moins","moins","moins","moins","Oui","Non","Oui","Oui","Oui","Oui","Oui","Non","Oui","Non","Oui","Oui","Oui","Oui","Non","2a5","Oui","Oui","Oui","Oui","Non","Non","Non","Non","Non","Non","Non","MacOS","Oui","Non","Oui","Oui","Oui","Oui","Oui","Oui","Oui","Non","NA","NA","NA","NA","NA","NA","NA","NA","NA","NA","NA","NA","NA","NA","NA","NA","NA","NA","NA","NA","NA"
543,5,3,"Non","Non","Non","Oui","Non","Non","Oui","Oui","Oui","Non","Oui","Oui","Non","Tout à fait","Non","Oui","Oui","Non","Oui","Non","Oui","Parfois","Parfois","Toujours","Toujours","Non","Non","Non","Oui","Non","Non","Oui","Oui","Oui","Oui","Non","Non","Non","Oui","Oui","Oui","Oui","Oui","Non","Non","oui","oui","non","non","non","Oui","Souvent","Oui","Oui","Oui","Oui","Oui","Oui","Non","Non","Oui","Oui","Oui","Oui","Non","Non","Non","Non","Non","Non","Oui","Oui","Non","Oui","Non","Non","Non","Oui","Parfois","tressat","Oui","Non","Non","Non","Non","Oui","Non","Non","Non","Non","Non","Oui","Non","Oui","Non","Non","Non","Non","Oui","Oui","Non","Oui","Oui","Non","Cinq à dix ans","NA","Non","Oui","Non","Non","Non","CDD","Non","Non","Oui","Non","Oui","Non","Non","Non","Non","géographie","Un homme","Non","Non","Oui","Oui","Oui","Oui","Oui","Non","Oui","Non","Non","Oui","Oui","Oui","Oui","moins","moins","moins","moins","moins","plus","moins","plus","moins","moins","plus","plus","moins","moins","Oui","Oui","Oui","Non","Oui","Oui","Non","Oui","Oui","Oui","Oui","Oui","Non","Oui","Non","11plus","Oui","Oui","Non","Non","Non","Non","Non","Non","Non","Non","Oui","Windows","Oui","Non","Oui","Oui","Non","Oui","Non","Oui","Oui","Non","NA","NA","NA","NA","NA","NA","NA","NA","NA","NA","NA","NA","NA","NA","NA","NA","NA","NA","NA","NA","NA"
584,4,3,"Oui","Non","Non","Oui","Oui","Non","Non","Oui","Oui","Non","Oui","Non","Non","Tout à fait","Non","Non","Oui","Non","Non","Non","Non","Non applicable","Toujours","Non applicable","Non applicable","Non","Non","Oui","Non","Non","Non","Non","Non","Non","Non","Non","Non","Non","Non","Oui","Non","Non","Non","Non","Non","non","non","oui","oui","non","Je ne sais pas","Souvent","Non","Oui","Oui","Non","Non","Non","Non","Non","Non","Non","Non","Non","Oui","Non","Non","Non","Non","Non","Non","Oui","Non","Oui","Non","Non","Non","Non","NA","NA","Non","Oui","Non","Non","Non","Non","Non","Non","Oui","Oui","Oui","Non","Oui","Non","Non","Non","Oui","Non","Non","Non","Oui","Non","Non","Non","Plus de dix ans","Université","Oui","Non","Non","Non","Non","fonct","Non","Non","Oui","Non","Non","Non","Non","Non","Non","géographie","Un homme","Non","Non","Oui","Non","Oui","Oui","Oui","Oui","Non","Non","Non","Non","Oui","Non","Oui","NA","NA","moins","plus","plus","plus","NA","plus","moins","moins","plus","NA","NA","moins","Oui","Non","Oui","Non","Non","Non","Non","Non","Oui","Non","Non","Oui","Oui","Non","Non","11plus","Oui","Oui","Oui","Non","Oui","Non","Non","Non","Non","Non","Oui","Windows","Oui","Non","Oui","Oui","Oui","Oui","Non","Oui","Oui","Non","NA","NA","NA","NA","NA","NA","NA","NA","NA","NA","NA","NA","NA","NA","NA","NA","NA","NA","NA","NA","NA"
293,5,3,"Non","Non","Non","Oui","Non","Oui","Oui","Oui","Oui","Non","Oui","Oui","Non","Tout à fait","Oui","Oui","Oui","Oui","Oui","Oui","Oui","Jamais","Souvent","Jamais","Souvent","Oui","Non","Oui","Non","Non","Non","Non","Non","Non","Oui","Oui","Oui","Non","Non","Non","Oui","Non","Non","Non","Non","oui","oui","non","oui","non","Oui","Souvent","Oui","Oui","Oui","Oui","Oui","Non","Non","Non","Non","Oui","Non","Oui","Oui","Non","Non","Non","Non","Oui","Oui","Oui","Oui","Oui","Non","Non","Non","Oui","Parfois","plutotsat","Non","Non","Oui","Non","Non","Oui","Non","Non","Non","Non","Non","Oui","Non","Non","Non","Non","Non","Oui","Oui","Non","Oui","Non","Non","Non","Cinq à dix ans","Université","Oui","Non","Non","Non","Non","CDD","Oui","Non","Non","Non","Oui","Non","Non","Non","Non","histoire","Un homme","Non","Non","Non","Oui","Oui","Oui","Oui","Non","Non","Oui","Oui","Oui","Non","Non","Oui","moins","moins","NA","moins","moins","moins","moins","moins","moins","moins","moins","moins","moins","NA","Non","Non","Oui","Oui","Oui","Oui","Non","Oui","Oui","Non","Non","Oui","Non","Non","Oui","2a5","Oui","Non","Oui","Non","Non","Non","Non","Non","Non","Non","Non","Windows","Oui","Non","Oui","Oui","Oui","Non","Non","Oui","Oui","Non","NA","NA","NA","NA","NA","NA","NA","NA","NA","NA","NA","NA","NA","NA","NA","NA","NA","NA","NA","NA","NA"
355,5,3,"Oui","Oui","Oui","Oui","Oui","Oui","Oui","Oui","Oui","Non","Oui","Oui","Oui","Assez","Oui","Oui","Oui","Oui","Oui","Non","Oui","Souvent","Souvent","Parfois","Parfois","Non","Oui","Oui","Non","Non","Non","Oui","Oui","Oui","Oui","Non","Non","Oui","Oui","Oui","Non","Oui","Oui","Non","Non","oui","non","oui","non","non","Oui","Souvent","Oui","Oui","Oui","Oui","Oui","Oui","Oui","Oui","Oui","Oui","Oui","Oui","Oui","Oui","Non","Oui","Non","Oui","Oui","Oui","Oui","Non","Oui","Non","Non","Oui","Toujours","tressat","Non","Oui","Non","Non","Oui","Oui","Oui","Non","Oui","Non","Oui","Oui","Non","Non","Oui","Non","Non","Non","Oui","Oui","Non","Oui","Oui","Non","Plus de dix ans","CNRS","Oui","Non","Non","Non","Non","fonct","Non","Non","Oui","Non","Non","Non","Non","Non","Non","histoire","Un homme","Oui","Non","Non","Oui","Non","Oui","Oui","Non","Non","Oui","Oui","Oui","Non","Non","Oui","plus","moins","plus","moins","moins","moins","NA","moins","moins","moins","plus","moins","moins","moins","Non","Non","Oui","Non","Non","Oui","Oui","Oui","Oui","Non","Oui","Non","Oui","Oui","Oui","6a10","Oui","Oui","Oui","Non","Oui","Non","Oui","Non","Oui","Non","Oui","Windows","Oui","Non","Oui","Oui","Non","Oui","Non","Oui","Oui","Non","NA","NA","NA","NA","NA","NA","NA","NA","NA","NA","NA","NA","NA","NA","NA","NA","NA","NA","NA","NA","NA"
445,5,3,"Oui","Oui","Non","Oui","Oui","Non","Oui","Oui","Oui","Non","Oui","Oui","Non","Assez","Oui","Non","Oui","Oui","Oui","Non","Non","Jamais","Souvent","Souvent","Toujours","Non","Non","Oui","Non","Non","Non","Non","Oui","Oui","Oui","Oui","Oui","Oui","Non","Oui","Oui","Oui","Oui","Non","Non","oui","non","non","oui","oui","Oui","Souvent","Non","Oui","Oui","Oui","Oui","Oui","Non","Oui","Oui","Non","Non","Non","Oui","Non","Non","Non","Non","Non","Oui","Oui","Oui","Oui","Oui","Oui","Non","Oui","Souvent","plutotsat","Oui","Oui","Non","Non","Non","Non","Non","Non","Non","Non","Non","Non","Non","Non","Non","Oui","Non","Non","Non","Non","Non","Non","Non","Oui","Moins de cinq ans","Université","Non","Non","Oui","Non","Oui","CDD","Non","Oui","Oui","Non","Non","Non","Non","Non","Non","histoire","Une femme","Non","Non","Non","Oui","Oui","Oui","Oui","Non","Oui","Non","Non","Non","Oui","Oui","Oui","moins","moins","moins","plus","moins","plus","plus","plus","plus","plus","plus","moins","plus","plus","Oui","Non","Oui","Non","Oui","Non","Non","Oui","Oui","Non","Oui","Oui","Oui","Oui","Oui","6a10","Oui","Oui","Oui","Non","Oui","Non","Non","Oui","Non","Non","Non","MacOS","Oui","Non","Oui","Oui","Non","Non","Non","Oui","Oui","Non","NA","NA","NA","NA","NA","NA","NA","NA","NA","NA","NA","NA","NA","NA","NA","NA","NA","NA","NA","NA","NA"
537,3,3,"Oui","Oui","Non","Oui","Non","Non","Oui","Non","Oui","Non","Non","Non","Non","Assez","Oui","Non","Non","Non","Oui","Non","Oui","Toujours","Parfois","Jamais","Parfois","Non","Non","Non","Non","Oui","Non","Oui","Oui","Oui","Non","Non","Non","Oui","Oui","Oui","Non","Non","Non","Non","Non","oui","non","non","oui","oui","Oui","Souvent","Oui","Non","Non","Oui","Oui","Oui","Oui","Non","Oui","Non","Non","Non","Non","Non","Oui","Non","Non","Non","Non","Oui","Oui","Non","Oui","Non","Non","Non","NA","NA","Oui","Non","Oui","Non","Non","Non","Non","Non","Non","Oui","Oui","Non","Oui","Non","Non","Non","Non","Non","Oui","Non","Oui","Oui","Non","Non","Moins de cinq ans","Université","Non","Oui","Non","Non","Non","autre","Non","Non","Oui","Non","Non","Non","Non","Non","Non","histoire","Une femme","Non","Non","Non","Oui","Non","Oui","Non","Non","Non","Oui","Non","Oui","Non","Non","Non","plus","plus","plus","NA","moins","moins","NA","NA","moins","moins","moins","NA","NA","NA","Non","Non","Non","Non","Non","Oui","Non","Oui","Oui","Non","Non","Non","Non","Oui","Oui","seule","NA","NA","NA","NA","NA","NA","NA","NA","NA","NA","NA","Windows","Oui","Non","Oui","Non","Non","Oui","Non","Oui","Oui","Non","NA","NA","NA","NA","NA","NA","NA","NA","NA","NA","NA","NA","NA","NA","NA","NA","NA","NA","NA","NA","NA"
586,5,3,"Oui","Oui","Non","Oui","Oui","Non","Non","Oui","Oui","Non","Non","Non","Non","Tout à fait","Non","Oui","Non","Oui","Oui","Oui","Non","Souvent","Souvent","Jamais","Souvent","Oui","Non","Oui","Non","Non","Non","Non","Oui","Oui","Oui","Non","Oui","Oui","Oui","Oui","Oui","Oui","Non","Non","Non","oui","non","non","oui","non","Oui","Souvent","Non","Non","Non","Non","Non","Oui","Oui","Oui","Oui","Non","Oui","Oui","Oui","Oui","Non","Oui","Non","Non","Oui","Oui","Oui","Non","Non","Non","Non","Oui","Souvent","insatisfait","Non","Oui","Non","Non","Non","Non","Non","Non","Oui","Oui","Oui","Oui","Oui","Non","Oui","Non","Oui","Non","Oui","Non","Non","Non","Oui","Non","Plus de dix ans","CNRS","Oui","Non","Non","Non","Non","fonct","Non","Non","Oui","Non","Non","Non","Non","Non","Non","histoire","Un homme","Non","Non","Oui","Oui","Non","Oui","Oui","Non","Non","Oui","Non","Oui","Non","Oui","Oui","plus","plus","plus","moins","moins","plus","moins","moins","NA","plus","plus","plus","plus","plus","Oui","Non","Oui","Oui","Non","Oui","Oui","Oui","Oui","Non","Non","Non","Oui","Oui","Oui","6a10","Oui","Oui","Oui","Non","Oui","Oui","Oui","Oui","Oui","Oui","Oui","MacOS","Oui","Non","Oui","Non","Non","Oui","Non","Oui","Oui","Non","NA","NA","NA","NA","NA","NA","NA","NA","NA","NA","NA","NA","NA","NA","NA","NA","NA","NA","NA","NA","NA"
906,5,3,"Oui","Oui","Non","Oui","Non","Non","Non","Oui","Oui","Non","Non","Non","Non","Peu","Non","Non","Non","Oui","Oui","Non","Non","Souvent","Souvent","Parfois","Parfois","Non","Non","Non","Non","Oui","Non","Non","Non","Non","Oui","Non","Non","Oui","Non","Non","Non","Oui","Oui","Non","Non","non","oui","non","oui","oui","Oui","Parfois","Non","Oui","Oui","Oui","Non","Oui","Non","Oui","Non","Oui","Oui","Oui","Oui","Non","Non","Non","Non","Non","Oui","Non","Non","Oui","Non","Oui","Oui","Oui","Parfois","nini","Non","Oui","Non","Non","Oui","Non","Non","Non","Non","Non","Oui","Non","Non","Non","Non","Non","Oui","Oui","Non","Non","Non","Oui","Non","Non","Cinq à dix ans","CNRS","Non","Non","Oui","Non","Oui","fonct","Non","Non","Oui","Non","Non","Non","Non","Non","Non","histoire","Une femme","Non","Non","Non","Oui","Non","Oui","Non","Non","Oui","Non","Oui","Non","Oui","Non","Oui","moins","moins","moins","plus","moins","moins","moins","plus","plus","plus","moins","NA","NA","moins","Non","Non","Non","Non","Oui","Non","Oui","Oui","Oui","Non","Oui","Oui","Oui","Oui","Oui","2a5","Oui","Oui","Oui","Oui","Oui","Non","Non","Non","Non","Non","Non","MacOS","Oui","Non","Non","Oui","Non","Non","Oui","Oui","Oui","Non","NA","NA","NA","NA","NA","NA","NA","NA","NA","NA","NA","NA","NA","NA","NA","NA","NA","NA","NA","NA","NA"
1210,5,3,"Oui","Oui","Non","Oui","Non","Non","Non","Oui","Oui","Non","Non","Non","Non","Peu","Oui","Oui","Non","Oui","Oui","Non","Oui","Parfois","Parfois","Parfois","Souvent","Oui","Non","Non","Non","Non","Non","Non","Non","Oui","Non","Non","Non","Oui","Non","Non","Oui","Oui","Oui","Non","Non","oui","non","non","non","oui","Non","Souvent","Non","Oui","Oui","Oui","Oui","Oui","Oui","Oui","Non","Non","Oui","Non","Non","Non","Non","Non","Non","Non","Oui","Oui","Oui","Oui","Oui","Oui","Non","Oui","Souvent","plutotsat","Oui","Oui","Non","Non","Oui","Non","Oui","Non","Oui","Oui","Oui","Oui","Oui","Non","Oui","Non","Oui","Non","Oui","Non","Non","Oui","Oui","Non","Plus de dix ans","autre","Non","Non","Oui","Oui","Oui","fonct","Non","Non","Oui","Non","Non","Non","Oui","Non","Non","histoire","Une femme","Non","Non","Oui","Oui","Oui","Oui","Non","Non","Oui","Non","Non","Non","Non","Non","Oui","plus","plus","plus","plus","moins","plus","plus","moins","plus","moins","plus","plus","moins","NA","Oui","Non","Oui","Non","Oui","Oui","Non","Oui","Oui","Oui","Oui","Non","Non","Oui","Oui","2a5","Oui","Non","Oui","Oui","Oui","Oui","Oui","Oui","Non","Oui","Non","Windows","Oui","Non","Oui","Non","Non","Non","Non","Oui","Oui","Non","NA","NA","NA","NA","NA","NA","NA","NA","NA","NA","NA","NA","NA","NA","NA","NA","NA","NA","NA","NA","NA"
47,5,3,"Oui","Oui","Non","Oui","Non","Non","Non","Oui","Oui","Oui","Non","Non","Non","Tout à fait","Oui","Oui","Oui","Oui","Oui","Non","Oui","Parfois","Jamais","Souvent","Souvent","Non","Non","Non","Non","Oui","Non","Non","Non","Non","Non","Non","Non","Oui","Non","Non","Non","Oui","Non","Non","Non","non","oui","non","oui","oui","Oui","Parfois","Non","Oui","Oui","Oui","Oui","Non","Oui","Non","Non","Oui","Non","Non","Non","Non","Non","Non","Non","Non","Non","Oui","Oui","Oui","Oui","Non","Non","Oui","Souvent","tressat","Non","Oui","Non","Non","Non","Non","Non","Non","Non","Oui","Non","Non","Non","Non","Non","Non","Non","Non","Oui","Non","Non","Non","Non","Non","Plus de dix ans","CNRS","Oui","Non","Non","Non","Non","fonct","Non","Non","Oui","Non","Non","Non","Non","Non","Non","linguistique","Un homme","Non","Non","Oui","Oui","Non","Oui","Oui","Non","Non","Oui","Non","Oui","Non","Non","Oui","moins","moins","NA","NA","moins","moins","NA","NA","moins","moins","moins","moins","moins","moins","Oui","Non","Non","Non","Non","Non","Non","Non","Oui","Non","Non","Oui","Non","Non","Non","2a5","Oui","Oui","Oui","Non","Non","Non","Non","Non","Non","Non","Oui","LinuxUnix","Oui","Non","Non","Non","Non","Non","Non","Oui","Oui","Non","NA","NA","NA","NA","NA","NA","NA","NA","NA","NA","NA","NA","NA","NA","NA","NA","NA","NA","NA","NA","NA"
386,5,3,"Oui","Oui","Non","Oui","Oui","Non","Oui","Oui","Oui","Non","Oui","Oui","Non","Assez","Oui","Non","Oui","Oui","Oui","Non","Oui","Parfois","Parfois","NA","Souvent","Non","Non","Non","Non","Oui","Non","Non","Non","Non","Non","Non","Non","Oui","Oui","Oui","Oui","Oui","Non","Non","Non","non","non","non","oui","oui","Non applicable","Souvent","Oui","Oui","Oui","Oui","Oui","Oui","Oui","Oui","Oui","Non","Non","Non","Oui","Oui","Non","Non","Non","Oui","Non","Oui","Oui","Oui","Oui","Non","Non","Oui","Parfois","NA","Oui","Oui","Non","Non","Non","Non","Non","Non","Non","Non","Non","Non","Non","Oui","Oui","Non","Oui","Non","Non","Non","Non","Non","Non","Non","Plus de dix ans","Université","Oui","Non","Non","Non","Non","fonct","Non","Non","Oui","Non","Non","Non","Non","Non","Non","linguistique","Un homme","Non","Non","Oui","Oui","Non","Oui","Non","Non","Non","Oui","Non","Oui","Non","Non","Oui","moins","NA","moins","NA","NA","moins","NA","NA","moins","moins","NA","moins","moins","NA","Oui","Non","Oui","Non","Oui","Oui","Oui","Oui","Oui","Non","Oui","Non","Non","Oui","Non","6a10","Oui","Non","Non","Oui","Non","Non","Non","Oui","Non","Non","Non","Windows","Non","Non","Non","Oui","Non","Oui","Non","Non","Oui","Non","NA","NA","NA","NA","NA","NA","NA","NA","NA","NA","NA","NA","NA","NA","NA","NA","NA","NA","NA","NA","NA"
686,5,3,"Oui","Oui","Non","Oui","Non","Non","Oui","Non","Oui","Non","Oui","Oui","Non","Tout à fait","Oui","Oui","Oui","Oui","Oui","Non","Oui","Parfois","Parfois","Parfois","Jamais","Oui","Non","Oui","Non","Non","Non","Non","Oui","Oui","Non","Non","Oui","Oui","Oui","Oui","Non","Non","Oui","Non","Non","oui","non","non","oui","non","Oui","Parfois","Non","Non","Oui","Oui","Oui","Non","Non","Oui","Oui","Non","Oui","Non","Non","Oui","Non","Non","Non","Non","Non","Oui","Oui","Oui","Non","Non","Non","Oui","Parfois","plutotsat","Non","Oui","Non","Oui","Oui","Non","Non","Non","Oui","Oui","Non","Non","Non","Non","Non","Non","Non","Non","Non","Oui","Non","Non","Non","Non","Plus de dix ans","CNRS","Oui","Non","Non","Non","Non","CDI","Non","Non","Oui","Non","Non","Non","Non","Non","Non","linguistique","Un homme","Non","Non","Oui","Oui","Oui","Oui","Oui","Non","Non","Oui","Oui","Oui","Non","Oui","Non","moins","moins","moins","moins","moins","moins","moins","moins","moins","moins","moins","moins","moins","moins","Oui","Non","Oui","Oui","Oui","Oui","Oui","Oui","Oui","Non","Oui","Non","Non","Oui","Oui","11plus","Oui","Oui","Oui","Non","Non","Non","Non","Non","Non","Non","Oui","Windows","Oui","Non","Non","Non","Non","Non","Non","Oui","Oui","Non","NA","NA","NA","NA","NA","NA","NA","NA","NA","NA","NA","NA","NA","NA","NA","NA","NA","NA","NA","NA","NA"
1148,5,3,"Oui","Oui","Non","Non","Non","Non","Non","Non","Oui","Non","Oui","Oui","Non","Assez","Non","Oui","Oui","Oui","Oui","Oui","Oui","Jamais","Parfois","Souvent","NA","Non","Non","Oui","Oui","Non","Non","Non","Non","Non","Oui","Non","Non","Oui","Non","Non","Non","Non","Non","Non","Non","oui","oui","non","non","oui","Oui","Souvent","Oui","Non","Oui","Oui","Oui","Oui","Oui","Oui","Oui","Non","Oui","Non","Non","Non","Non","Non","Non","Non","Non","Oui","Oui","Non","Non","Non","Non","Oui","Toujours","plutotsat","Oui","Oui","Non","Non","Non","Non","Non","Non","Non","Non","Non","Non","Non","Oui","Oui","Non","Oui","Non","Oui","Non","Non","Non","Oui","Non","Plus de dix ans","Université","Oui","Non","Non","Non","Non","fonct","Non","Non","Oui","Non","Non","Non","Non","Non","Non","linguistique","Une femme","Non","Non","Non","Oui","Oui","Oui","Oui","Non","Non","Oui","Non","Oui","Oui","Non","Oui","moins","NA","NA","plus","moins","plus","NA","plus","moins","plus","plus","plus","plus","plus","Oui","Non","Oui","Non","Non","Oui","Oui","Oui","Non","Oui","Non","Non","Non","Oui","Non","6a10","Oui","Oui","Oui","Oui","Oui","Oui","Oui","Oui","Oui","Non","Oui","Windows","Oui","Non","Oui","Non","Non","Non","Non","Non","Oui","Non","NA","NA","NA","NA","NA","NA","NA","NA","NA","NA","NA","NA","NA","NA","NA","NA","NA","NA","NA","NA","NA"
280,1,3,"Non","Non","Non","Non","Non","Non","Non","Oui","Oui","Non","Oui","Oui","Oui","Assez","Oui","Oui","Non","Oui","Oui","Non","Oui","NA","NA","NA","Parfois","Oui","Non","Oui","Non","Non","Non","Non","Non","Non","Non","Non","Non","Non","Non","Non","Non","Non","Non","Non","Oui","oui","non","non","oui","non","Non applicable","Non applicable","Non","Oui","Oui","Oui","Oui","Non","Non","Non","Non","Non","Non","Non","Non","Non","Non","Non","Oui","Non","Non","Non","Non","Non","Non","Oui","Non","Oui","Souvent","plutotsat","Non","Non","Oui","Oui","Non","Non","Non","Non","Non","Non","Non","Oui","Non","Non","Non","Non","Oui","Non","Non","Non","Non","Non","Non","Non","Moins de cinq ans","NA","Non","Non","Non","Non","Oui","fonct","Non","Non","Non","Non","Oui","Non","Non","Non","Non","NA","Une femme","Non","Non","Non","Oui","Non","Non","Non","Non","Non","Non","Non","Non","Non","Non","Oui","NA","NA","NA","NA","NA","NA","NA","NA","moins","NA","NA","NA","moins","moins","Non","Non","Non","Non","Oui","Non","Non","Non","Non","Non","Oui","Non","Non","Non","Non","2a5","Oui","Oui","Oui","Non","Non","Non","Non","Non","Non","Non","Non","Windows","Non","Non","Non","Non","Non","Non","Non","Non","Oui","Non","NA","NA","NA","NA","NA","NA","NA","NA","NA","NA","NA","NA","NA","NA","NA","NA","NA","NA","NA","NA","NA"
621,5,3,"Oui","Oui","Non","Oui","Oui","Non","Non","Non","Oui","Non","Oui","Oui","Oui","Tout à fait","Oui","Oui","Non","Non","Oui","Oui","Oui","Parfois","Parfois","Non applicable","Toujours","Non","Non","Oui","Oui","Non","Non","Non","Non","Non","Oui","Non","Non","Non","Non","Oui","Non","Non","Non","Non","Non","oui","oui","non","oui","non","Oui","Souvent","Oui","Non","Oui","Oui","Oui","Oui","Non","Non","Non","Oui","Oui","Non","Oui","Non","Non","Non","Non","Oui","Oui","Oui","Oui","Non","Oui","Oui","Non","Oui","Souvent","tressat","Non","Oui","Non","Non","Non","Non","Non","Non","Non","Oui","Non","Non","Oui","Non","Oui","Non","Non","Non","Non","Oui","Oui","Non","Non","Non","Plus de dix ans","Université","Non","Non","Non","Oui","Non","fonct","Non","Non","Oui","Non","Non","Non","Non","Non","Non","NA","Une femme","Non","Non","Oui","Non","Non","Non","Oui","Non","Oui","Oui","Oui","Non","Non","Non","Oui","moins","moins","plus","plus","moins","moins","moins","moins","moins","moins","moins","moins","plus","plus","Oui","Non","Non","Non","Non","Non","Non","Oui","Oui","Non","Non","Non","Non","Oui","Oui","seule","NA","NA","NA","NA","NA","NA","NA","NA","NA","NA","NA","Windows","Oui","Non","Oui","Non","Non","Non","Non","Non","Oui","Non","NA","NA","NA","NA","NA","NA","NA","NA","NA","NA","NA","NA","NA","NA","NA","NA","NA","NA","NA","NA","NA"
779,5,3,"Non","Oui","Non","Oui","Non","Non","Oui","Non","Oui","Oui","Oui","Oui","Non","Tout à fait","Oui","Oui","Oui","Non","Oui","Non","Oui","Souvent","Souvent","Parfois","Parfois","Non","Oui","Oui","Oui","Non","Non","Non","Oui","Non","Oui","Oui","Non","Oui","Non","Oui","Non","Oui","Oui","Non","Non","oui","oui","non","non","oui","Je ne sais pas","Parfois","Non","Oui","Oui","Non","Non","Non","Non","Oui","Non","Oui","Oui","Oui","Oui","Non","Oui","Non","Non","Non","Non","Oui","Oui","Oui","Oui","Oui","Non","Oui","Parfois","NA","Oui","Non","Non","Non","Non","Oui","Oui","Non","Non","Non","Non","Non","Non","Non","Non","Oui","Non","Non","Oui","Oui","Oui","Non","Non","Non","Plus de dix ans","autre","Non","Non","Oui","Non","Oui","fonct","Non","Oui","Non","Non","Non","Non","Non","Non","Non","NA","Un homme","Oui","Non","Oui","Non","Oui","Oui","Oui","Non","Oui","Oui","Non","Oui","Oui","Non","Oui","moins","NA","NA","moins","moins","moins","NA","moins","NA","moins","moins","moins","moins","moins","Oui","Non","Oui","Non","Oui","Non","Oui","Non","Oui","Non","Oui","Oui","Oui","Oui","Non","2a5","Oui","Oui","Oui","Oui","Non","Non","Non","Non","Non","Non","Non","LinuxUnix","Non","Non","Non","Oui","Non","Oui","Non","Oui","Oui","Non","NA","NA","NA","NA","NA","NA","NA","NA","NA","NA","NA","NA","NA","NA","NA","NA","NA","NA","NA","NA","NA"
848,4,3,"Non","Oui","Oui","Oui","Non","Oui","Oui","Oui","Oui","Non","Oui","Oui","Non","Assez","Oui","Non","Non","Oui","Non","Non","Non","Parfois","Jamais","Jamais","Jamais","Non","Non","Oui","Non","Non","Non","Non","Oui","Oui","Oui","Non","Non","Non","Non","Non","Non","Non","Non","Non","Non","oui","oui","non","oui","non","Oui","Parfois","Non","Non","Oui","Oui","Oui","Non","Non","Oui","Non","Oui","Oui","Non","Non","Non","Non","Oui","Non","Non","Non","Oui","Oui","Non","Non","Non","Non","Oui","Parfois","plutotsat","Non","Non","Non","Oui","Non","Non","Non","Non","Non","Non","Non","Non","Oui","Non","Non","Non","Oui","Non","Non","Non","Non","Oui","Non","Non","Cinq à dix ans","NA","Non","Non","Oui","Non","Oui","fonct","Oui","Non","Non","Non","Non","Non","Non","Non","Non","NA","Une femme","Non","Non","Oui","Non","Oui","Oui","Oui","Non","Non","Oui","Oui","Non","Non","Non","Oui","moins","NA","moins","moins","moins","moins","moins","moins","moins","moins","moins","moins","NA","NA","Oui","Non","Oui","Non","Oui","Non","Non","Non","Oui","Non","Non","Non","Non","Oui","Non","2a5","Oui","Oui","Oui","Non","Non","Oui","Non","Non","Non","Non","Non","Windows","Oui","Non","Oui","Non","Oui","Non","Non","Non","Oui","Non","NA","NA","NA","NA","NA","NA","NA","NA","NA","NA","NA","NA","NA","NA","NA","NA","NA","NA","NA","NA","NA"
857,3,3,"Oui","Non","Non","Oui","Non","Non","Non","Non","Oui","Non","Non","Non","Non","Assez","Non","Non","Non","Non","Oui","Non","Oui","Toujours","Jamais","Souvent","NA","Oui","Non","Oui","Non","Non","Non","Non","Oui","Oui","Non","Non","Non","Non","Non","Non","Non","Non","Non","Non","Non","oui","non","non","non","non","Je ne sais pas","Souvent","Non","Non","Oui","Non","Non","Oui","Non","Non","Oui","Oui","Non","Non","Non","Non","Non","Non","Non","Non","Non","Oui","Non","Non","Non","Non","Oui","Oui","Jamais","NA","Non","Oui","Non","Non","Non","Non","Non","Non","Oui","Non","Non","Non","Oui","Oui","Oui","Non","Oui","Non","Non","Non","Non","Non","Non","Non","Cinq à dix ans","NA","Non","Non","Oui","Non","Non","fonct","Non","Non","Oui","Non","Non","Non","Non","Non","Non","NA","Une femme","Non","Non","Non","Oui","Non","Oui","Non","Non","Non","Non","Non","Non","Non","Non","Oui","moins","plus","moins","plus","NA","NA","NA","NA","NA","moins","NA","moins","NA","moins","Non","Non","Oui","Oui","Oui","Oui","Oui","Oui","Oui","Non","Non","Non","Non","Non","Oui","2a5","Oui","Non","Non","Non","Non","Non","Non","Non","Non","Oui","Non","Windows","Non","Non","Non","Non","Non","Non","Non","Non","Oui","Non","NA","NA","NA","NA","NA","NA","NA","NA","NA","NA","NA","NA","NA","NA","NA","NA","NA","NA","NA","NA","NA"
920,5,3,"Oui","Non","Non","Non","Non","Non","Oui","Oui","Oui","Non","Oui","Non","Non","Assez","Oui","Oui","Oui","Oui","Oui","Oui","Oui","Souvent","Souvent","Parfois","Parfois","Non","Non","Oui","Non","Non","Non","Non","Non","Non","Non","Non","Non","Non","Non","Oui","Oui","Oui","Oui","Non","Non","oui","oui","non","oui","non","Non applicable","Souvent","Non","Oui","Oui","Oui","Oui","Oui","Non","Non","Non","Non","Non","Non","Non","Non","Non","Non","Oui","Non","Non","Oui","Oui","Non","Non","Oui","Non","Non applicable","NA","NA","Non","Non","Non","Non","Non","Non","Non","Oui","Non","Non","Non","Non","Non","Non","Non","Oui","Non","Non","Non","Non","Non","Non","Non","Oui","Plus de dix ans","Université","Non","Non","Non","Oui","Non","fonct","Non","Non","Oui","Non","Non","Non","Non","Non","Non","NA","Une femme","Non","Non","Non","Oui","Non","Non","Non","Non","Non","Non","Non","Non","Non","Non","Oui","NA","NA","NA","NA","NA","NA","NA","NA","NA","NA","NA","NA","NA","NA","Oui","Non","Oui","Oui","Oui","Non","Oui","Oui","Oui","Non","Non","Oui","Non","Oui","Oui","2a5","Oui","Oui","Oui","Oui","Oui","Oui","Oui","Non","Non","Non","Non","Windows","Non","Non","Non","Non","Non","Non","Non","Non","Oui","Non","NA","NA","NA","NA","NA","NA","NA","NA","NA","NA","NA","NA","NA","NA","NA","NA","NA","NA","NA","NA","NA"
959,5,3,"Oui","Oui","Oui","Oui","Non","Oui","Oui","Oui","Oui","Non","Oui","Oui","Oui","Tout à fait","Oui","Non","Oui","Oui","Oui","Non","Non","Parfois","Parfois","Jamais","Parfois","Oui","Oui","Oui","Oui","Non","Non","Oui","Non","Oui","Oui","Non","Non","Non","Non","Oui","Oui","Oui","Oui","Non","Non","oui","non","non","oui","non","Oui","Parfois","Non","Oui","Oui","Oui","Oui","Non","Non","Oui","Non","Oui","Oui","Oui","Oui","Oui","Non","Non","Non","Oui","Oui","Oui","Oui","Oui","Non","Oui","Non","Oui","Souvent","plutotsat","Non","Non","Oui","Oui","Non","Non","Non","Non","Non","Non","Non","Oui","Oui","Non","Non","Non","Oui","Non","Non","Non","Oui","Oui","Oui","Non","Plus de dix ans","NA","Non","Non","Non","Oui","Non","CDD","Non","Oui","Non","Non","Non","Non","Non","Non","Non","NA","Une femme","Oui","Non","Oui","Oui","Non","Oui","Oui","Non","Non","Oui","Oui","Oui","Non","Non","Oui","NA","NA","NA","NA","NA","NA","NA","NA","NA","NA","NA","NA","NA","NA","Oui","Non","Oui","Oui","Oui","Oui","Oui","Oui","Oui","Oui","Oui","Oui","Oui","Oui","Oui","6a10","Oui","Oui","Oui","Oui","Oui","Oui","Oui","Oui","Oui","Oui","Non","Windows","Oui","Non","Oui","Oui","Oui","Oui","Oui","Oui","Oui","Non","NA","NA","NA","NA","NA","NA","NA","NA","NA","NA","NA","NA","NA","NA","NA","NA","NA","NA","NA","NA","NA"
1040,3,3,"Oui","Oui","Non","Oui","Non","Non","Non","Oui","Oui","Non","Oui","Non","Non","Peu","Oui","Non","Non","Oui","Oui","Non","Oui","Toujours","Parfois","Parfois","Jamais","Non","Non","Non","Non","Oui","Non","Oui","Oui","Oui","Non","Non","Non","Non","Oui","Oui","Non","Non","Non","Non","Non","non","oui","oui","non","oui","Non","Toujours","Non","Non","Non","Oui","Oui","Oui","Non","Oui","Oui","Oui","Oui","Oui","Non","Oui","Non","Non","Non","Non","Oui","Oui","Non","Non","Non","Non","Non","Non","NA","NA","Oui","Oui","Oui","Oui","Oui","Non","Non","Non","Oui","Non","Oui","Oui","Non","Non","Non","Non","Oui","Non","Oui","Non","Non","Non","Oui","Non","Plus de dix ans","autre","Non","Non","Oui","Non","Non","fonct","Non","Non","Oui","Non","Non","Non","Non","Non","Non","NA","Un homme","Non","Non","Oui","Oui","Oui","Oui","Non","Non","Non","Oui","Oui","Oui","Non","Non","Oui","plus","moins","moins","moins","moins","plus","moins","moins","moins","moins","moins","moins","moins","moins","Oui","Non","Oui","Non","Oui","Oui","Non","Oui","Oui","Non","Non","Non","Non","Oui","Non","2a5","Oui","Oui","Oui","Non","Oui","Non","Non","Non","Non","Oui","Non","Windows","Oui","Non","Oui","Non","Oui","Oui","Non","Oui","Oui","Non","NA","NA","NA","NA","NA","NA","NA","NA","NA","NA","NA","NA","NA","NA","NA","NA","NA","NA","NA","NA","NA"
1070,5,3,"Non","Oui","Non","Oui","Non","Oui","Non","Oui","Oui","Non","Oui","Oui","Oui","Tout à fait","Oui","Oui","Oui","Oui","Non","Non","Non","Parfois","Parfois","Jamais","Souvent","Non","Non","Oui","Non","Non","Non","Non","Non","Non","Non","Non","Non","Non","Non","Non","Oui","Non","Oui","Non","Non","oui","non","oui","oui","non","Oui","Parfois","Oui","Oui","Oui","Oui","Oui","Oui","Non","Oui","Non","Oui","Non","Non","Non","Non","Oui","Non","Non","Non","Non","Oui","Oui","Oui","Non","Non","Non","Oui","Souvent","plutotsat","Non","Oui","Non","Non","Non","Non","Non","Non","Non","Non","Non","Oui","Non","Non","Oui","Non","Non","Non","Non","Non","Non","Non","Non","Non","Plus de dix ans","organisme","Non","Non","Oui","Non","Oui","fonct","Non","Oui","Non","Non","Non","Oui","Non","Non","Non","NA","Une femme","Oui","Non","Oui","Non","Oui","Oui","Non","Non","Oui","Non","Non","Non","Non","Non","Oui","moins","moins","moins","moins","moins","moins","moins","moins","moins","moins","moins","moins","moins","moins","Oui","Oui","Non","Non","Oui","Non","Non","Non","Non","Oui","Oui","Oui","Non","Oui","Oui","6a10","Oui","Oui","Oui","Oui","Oui","Oui","Oui","Oui","Oui","Oui","Non","LinuxUnix","Oui","Non","Non","Oui","Non","Oui","Oui","Oui","Oui","Non","NA","NA","NA","NA","NA","NA","NA","NA","NA","NA","NA","NA","NA","NA","NA","NA","NA","NA","NA","NA","NA"
1125,1,3,"Non","Oui","Non","Non","Non","Non","Non","Non","Non","Non","Non","Non","Non","Assez","Oui","Non","Non","Oui","Non","Non","Oui","NA","NA","NA","NA","Non","Non","Non","Non","Oui","Non","Non","Oui","Oui","Oui","Non","Non","Non","Non","Non","Non","Non","Non","Non","Non","non","non","non","non","non","Je ne sais pas","Non applicable","Oui","Non","Oui","Oui","Oui","Oui","Non","Oui","Non","Oui","Oui","Non","Non","Non","Non","Non","Non","Non","Oui","Non","Non","Non","Non","Oui","Oui","Oui","Souvent","plutotsat","Non","Non","Non","Non","Oui","Non","Non","Non","Non","Non","Non","Non","Non","Non","Non","Oui","Non","Non","Non","Non","Non","Non","Non","Oui","Moins de cinq ans","école","Non","Non","Non","Non","Oui","CDD","Non","Non","Non","Non","Non","Oui","Oui","Non","Non","NA","Une femme","Oui","Non","Oui","Non","Oui","Oui","Oui","Non","Oui","Oui","Oui","Non","Non","Non","Oui","plus","plus","plus","NA","NA","plus","NA","plus","NA","plus","plus","plus","plus","NA","Non","Non","Non","Non","Non","Non","Non","Non","Oui","Non","Non","Oui","Oui","Non","Non","6a10","Non","Non","Non","Non","Oui","Non","Non","Non","Oui","Non","Non","Windows","Oui","Non","Oui","Non","Non","Non","Non","Non","Oui","Non","NA","NA","NA","NA","NA","NA","NA","NA","NA","NA","NA","NA","NA","NA","NA","NA","NA","NA","NA","NA","NA"
1187,3,3,"Oui","Non","Non","Non","Oui","Non","Non","Non","Oui","Non","Oui","Oui","Non","Tout à fait","Oui","Oui","Oui","Non","Non","Non","Non","Parfois","Jamais","NA","NA","Non","Non","Non","Non","Non","Oui","Oui","Non","Non","Non","Non","Non","Non","Non","Non","Non","Non","Non","Non","Non","oui","oui","oui","oui","non","Je ne sais pas","Souvent","Non","Oui","Oui","Oui","Oui","Oui","Oui","Non","Non","Non","Non","Non","Non","Oui","Non","Non","Non","Non","Non","Non","Non","Non","Non","Non","Oui","Non","NA","NA","Oui","Non","Oui","Non","Non","Non","Non","Non","Oui","Non","Non","Non","Oui","Oui","Oui","Non","Oui","Non","Oui","Non","Non","Non","Oui","Non","Moins de cinq ans","autre","Non","Oui","Non","Non","Non","autre","Non","Non","Oui","Non","Non","Non","Non","Non","Non","NA","Une femme","Non","Non","Oui","Oui","Oui","Oui","Non","Oui","Non","Non","Oui","Oui","Non","Non","Non","moins","NA","moins","moins","moins","plus","moins","moins","plus","moins","moins","NA","moins","NA","Non","Non","Oui","Oui","Non","Non","Oui","Non","Non","Non","Oui","Non","Oui","Oui","Oui","seule","NA","NA","NA","NA","NA","NA","NA","NA","NA","NA","NA","Windows","Non","Non","Non","Non","Oui","Non","Non","Oui","Oui","Non","NA","NA","NA","NA","NA","NA","NA","NA","NA","NA","NA","NA","NA","NA","NA","NA","NA","NA","NA","NA","NA"
173,2,3,"Oui","Non","Non","Oui","Oui","Non","Non","Non","Oui","Non","Oui","Non","Non","Peu","Non","Non","Non","Oui","Non","Non","Oui","Jamais","Jamais","Jamais","Jamais","Non","Non","Non","Non","Non","Oui","Non","Non","Non","Non","Non","Non","Non","Non","Non","Non","Non","Non","Non","Oui","non","oui","non","oui","oui","Je ne sais pas","Parfois","Non","Oui","Non","Non","Oui","Oui","Oui","Non","Non","Non","Non","Non","Non","Non","Oui","Non","Non","Non","Non","Non","Non","Non","Non","Non","Oui","Non applicable","NA","NA","Non","Oui","Non","Non","Non","Non","Non","Non","Oui","Oui","Oui","Oui","Oui","Oui","Oui","Non","Non","Non","Oui","Non","Non","Oui","Oui","Non","Moins de cinq ans","Université","Non","Oui","Non","Non","Non","autre","Non","Non","Oui","Non","Non","Non","Non","Non","Non","sociologie","Une femme","Non","Non","Oui","Oui","Non","Oui","Non","Non","Non","Non","Non","Non","Non","Non","Oui","moins","NA","moins","NA","NA","plus","NA","NA","moins","moins","moins","NA","NA","NA","Non","Non","Oui","Oui","Non","Oui","Oui","Oui","Oui","Non","Non","Non","Oui","Oui","Oui","seule","NA","NA","NA","NA","NA","NA","NA","NA","NA","NA","NA","Windows","Oui","Non","Oui","Non","Non","Non","Non","Non","Oui","Non","NA","NA","NA","NA","NA","NA","NA","NA","NA","NA","NA","NA","NA","NA","NA","NA","NA","NA","NA","NA","NA"
210,3,3,"Oui","Non","Non","Oui","Oui","Non","Oui","Oui","Oui","Non","Non","Non","Non","Tout à fait","Oui","Non","Non","Oui","Non","Non","Oui","Souvent","Parfois","Jamais","Jamais","Oui","Non","Non","Non","Non","Non","Non","Oui","Non","Oui","Non","Oui","Non","Oui","Non","Non","Non","Non","Non","Non","non","oui","oui","non","non","Oui","Souvent","Oui","Oui","Oui","Oui","Oui","Oui","Oui","Oui","Oui","Non","Non","Non","Oui","Non","Non","Non","Non","Non","Oui","Oui","Non","Non","Non","Non","Non","Oui","Parfois","tressat","Non","Oui","Non","Non","Non","Non","Non","Non","Non","Non","Non","Oui","Oui","Non","Oui","Non","Oui","Non","Oui","Oui","Oui","Non","Non","Non","Plus de dix ans","CNRS","Oui","Non","Non","Non","Non","fonct","Non","Non","Oui","Non","Non","Non","Non","Non","Non","sociologie","Un homme","Non","Non","Oui","Oui","Oui","Oui","Oui","Non","Non","Oui","Oui","Oui","Oui","Oui","Non","moins","NA","moins","moins","moins","moins","NA","moins","moins","moins","moins","moins","moins","NA","Oui","Non","Oui","Non","Oui","Non","Oui","Oui","Oui","Oui","Non","Oui","Non","Oui","Oui","2a5","Oui","Oui","Non","Non","Non","Non","Non","Non","Non","Non","Non","LinuxUnix","Oui","Non","Non","Oui","Non","Non","Non","Oui","Oui","Non","NA","NA","NA","NA","NA","NA","NA","NA","NA","NA","NA","NA","NA","NA","NA","NA","NA","NA","NA","NA","NA"
298,2,3,"Oui","Non","Non","Non","Oui","Non","Non","Non","Non","Non","Non","Non","Non","Peu","Oui","Oui","Non","Oui","Non","Non","Oui","Parfois","Jamais","Jamais","Jamais","Oui","Non","Oui","Non","Non","Non","Non","Non","Non","Non","Non","Non","Non","Non","Non","Non","Oui","Non","Non","Non","non","oui","oui","non","oui","Non","Parfois","Non","Non","Non","Non","Oui","Non","Non","Non","Non","Non","Non","Oui","Non","Non","Non","Non","Non","Non","Non","Oui","Non","Non","Non","Non","Non","Oui","Parfois","nini","Non","Oui","Non","Non","Non","Oui","Oui","Non","Non","Oui","Non","Oui","Non","Non","Non","Non","Oui","Oui","Non","Non","Oui","Oui","Non","Non","Plus de dix ans","NA","Oui","Non","Non","Non","Non","fonct","Non","Non","Oui","Non","Non","Non","Non","Non","Non","sociologie","Une femme","Non","Non","Oui","Non","Non","Non","Non","Non","Non","Oui","Non","Oui","Non","Non","Non","plus","NA","NA","NA","NA","moins","moins","NA","moins","moins","moins","NA","moins","moins","Oui","Non","Non","Non","Oui","Non","Oui","Oui","Oui","Non","Oui","Non","Non","Oui","Non","6a10","Oui","Oui","Oui","Oui","Non","Oui","Oui","Non","Non","Non","Non","Windows","Oui","Non","Non","Non","Non","Oui","Non","Non","Oui","Non","NA","NA","NA","NA","NA","NA","NA","NA","NA","NA","NA","NA","NA","NA","NA","NA","NA","NA","NA","NA","NA"
363,2,3,"Oui","Non","Non","Non","Oui","Non","Non","Non","Non","Non","Non","Non","Non","Peu","Oui","Non","Non","Oui","Oui","Non","Oui","Parfois","Jamais","Jamais","Jamais","Non","Non","Non","Non","Oui","Non","Non","Non","Oui","Non","Non","Non","Non","Non","Non","Non","Non","Non","Non","Non","oui","non","oui","non","non","Non","Jamais","Oui","Non","Non","Non","Oui","Oui","Non","Oui","Oui","Non","Non","Non","Non","Non","Non","Non","Non","Non","Non","Oui","Oui","Non","Non","Non","Non","Oui","Parfois","tressat","Non","Non","Non","Non","Non","Non","Non","Oui","Non","Non","Non","Non","Non","Non","Non","Oui","Non","Non","Oui","Non","Non","Non","Non","Non","Plus de dix ans","école","Oui","Non","Non","Non","Non","fonct","Non","Non","Oui","Non","Non","Non","Non","Non","Non","sociologie","Une femme","Non","Non","Oui","Non","Non","Oui","Non","Non","Non","Oui","Non","Oui","Non","Non","Non","moins","NA","NA","NA","NA","moins","NA","NA","NA","NA","NA","NA","NA","moins","Oui","Non","Non","Non","Oui","Oui","Oui","Non","Oui","Non","Non","Non","Non","Oui","Non","2a5","Oui","Oui","Non","Non","Non","Non","Non","Non","Non","Non","Non","MacOS","Oui","Non","Non","Non","Non","Non","Non","Non","Oui","Non","NA","NA","NA","NA","NA","NA","NA","NA","NA","NA","NA","NA","NA","NA","NA","NA","NA","NA","NA","NA","NA"
399,2,3,"Oui","Non","Non","Oui","Oui","Non","Oui","Oui","Oui","Non","Oui","Oui","Non","Peu","Oui","Non","Oui","Non","Oui","Non","Oui","Parfois","Jamais","Jamais","Jamais","Non","Non","Non","Non","Oui","Non","Oui","Non","Oui","Oui","Non","Non","Non","Non","Non","Non","Non","Non","Non","Non","non","non","non","oui","non","Oui","Parfois","Non","Oui","Oui","Oui","Non","Non","Non","Oui","Oui","Non","Oui","Non","Non","Non","Non","Non","Non","Non","Non","Oui","Oui","Non","Non","Non","Non","Oui","Parfois","tressat","Oui","Oui","Non","Non","Non","Non","Non","Non","Non","Non","Non","Non","Non","Non","Non","Oui","Non","Non","Non","Non","Non","Non","Non","Oui","Plus de dix ans","Université","Oui","Non","Non","Non","Non","fonct","Non","Non","Oui","Non","Non","Non","Non","Non","Non","sociologie","Un homme","Non","Non","Oui","Oui","Oui","Oui","Oui","Non","Non","Oui","Non","Oui","Oui","Non","Non","moins","moins","moins","moins","moins","moins","NA","moins","moins","moins","moins","NA","NA","moins","Oui","Non","Oui","Non","Oui","Non","Non","Oui","Oui","Non","Non","Oui","Oui","Oui","Oui","seule","NA","NA","NA","NA","NA","NA","NA","NA","NA","NA","NA","Windows","Oui","Non","Non","Oui","Non","Oui","Non","Oui","Oui","Non","NA","NA","NA","NA","NA","NA","NA","NA","NA","NA","NA","NA","NA","NA","NA","NA","NA","NA","NA","NA","NA"
801,2,3,"Oui","Non","Non","Oui","Oui","Non","Oui","Non","Oui","Non","Non","Non","Non","Peu","Oui","Non","Non","Oui","Non","Non","Oui","Souvent","Jamais","Jamais","Jamais","Non","Non","Non","Non","Oui","Non","Non","Non","Oui","Non","Non","Non","Non","Oui","Non","Non","Non","Non","Non","Non","oui","non","oui","oui","non","Je ne sais pas","Souvent","Oui","Oui","Non","Non","Oui","Oui","Oui","Oui","Non","Non","Oui","Non","Non","Oui","Non","Non","Non","Non","Non","Oui","Oui","Non","Oui","Non","Non","Oui","Parfois","tressat","Non","Non","Non","Non","Non","Non","Non","Oui","Non","Oui","Oui","Non","Non","Non","Oui","Non","Non","Non","Oui","Non","Non","Non","Non","Non","Plus de dix ans","autre","Oui","Non","Non","Non","Non","fonct","Non","Non","Oui","Non","Non","Non","Non","Non","Non","sociologie","Un homme","Non","Non","Oui","Oui","Non","Oui","Oui","Non","Non","Oui","Non","Oui","Non","Non","Non","moins","NA","moins","NA","NA","moins","NA","NA","NA","moins","NA","moins","NA","moins","Oui","Non","Non","Non","Oui","Oui","Non","Non","Oui","Non","Non","Non","Non","Oui","Oui","6a10","Oui","Oui","Non","Non","Non","Non","Non","Non","Non","Non","Non","MacOS","Oui","Non","Non","Non","Non","Non","Non","Non","Oui","Non","NA","NA","NA","NA","NA","NA","NA","NA","NA","NA","NA","NA","NA","NA","NA","NA","NA","NA","NA","NA","NA"
