ID,envir_labo,envir_clinique,envir_terrain,envir_bibarchives,envir_modele,envir_theoredac,terme_corpus,terme_ressources,terme_valeurs,terme_sources,terme_materiaux,terme_mesures,terme_stat,terme_jeuxdo,terme_basedo,terme_pipeline,terme_brutes,terme_nettoyees,terme_negatives,plus_tech,plus_expe,plus_autom,plus_dorares,plus_dostandards,plus_theo,plus_workflow,plus_modeli,plus_support,reprofam,quali_tracabilite,quali_replicabilite,quali_reproductibilite,quali_explicabilite,quali_rechouv,quali_openschol,quali_transparence,temps_collecte,temps_numeriser,temps_corpus,temps_nettoyer,temps_structurer,temps_analyser,temps_modeliser,temps_visu,temps_qualifier,temps_archiver,temps_qualite,temps_disporech,temps_com,temps_formation,source_terrain,source_instru,source_bddOA,source_bddabo,source_bddcoll,source_article,source_web,source_archive,produit_fichierordi,produit_fichierhteperf,produit_norme,produit_script,produit_logiciel,produit_notesnum,produit_notespap,partagerestreint,partagecontrole,partageligne,partagelicence,oblig_comedit,oblig_comethique,oblig_financeur,oblig_partenaire,oblig_non,oblig_nonapp,dispo_amov,dispo_envoi,dispo_mail,dispo_servsecu,dispo_datapaper,dispo_supplem,dispo_site,dispo_cloudnoninst,dispo_cloudinst,dispo_entrepgal,dispo_entrepdiscip,dispo_git,dispo_nsp,dispo_nonapp,limite_habitude,limite_valo,limite_doute,limite_temps,limite_mesusage,reutilisable,reutilise,mettredispo_cahiers,mettredispo_logiciels,mettredispo_doc,mettredispo_metado,mettredispo_protocole,mettredispo_blog,conserv_ordiperso,conserv_ordiprof,conserv_externe,conserv_servint,conserv_servinst,conserv_servautre,conserv_servinfrastr,conserv_servprive,conserv_web,conserv_archivage,conserv_nonappl,tailleequipe,wavec_perman,wavec_nonperman,wavec_IT,wavec_SI,wavec_bib,wavec_jur,wavec_valo,wavec_scouv,wavec_manag,wavec_com,wavec_intnat,sysOS,log_tab,log_tabsci,log_bdd,log_visu,log_stat,log_image,log_datasci,log_prog,log_entrep,log_nonapp,outil_moi,outil_equipe,outil_parten,outil_employeur,outil_reso,outil_liste,outil_formation,outil_colloque,outil_informel,outil_veille,outil_nonapp,forma_equipe,forma_parten,forma_atelier,forma_informel,forma_mooc,forma_presentiel,forma_continue,forma_tuto,forma_papier,forma_nonapp,collab_cahier,collab_bdd,collab_dosspartage,collab_redacpartage,collab_codepartage,collab_wiki,collab_gestionproj,collab_seul,connsoutien,bénésoutien,oksoutien,soutien_fi,soutien_rh,soutien_infrastr,soutien_tech,soutien_forma,soutien_jur,soutien_ethique,soutien_nonapp,aide_amont,aide_constitution,aide_traitement,aide_stockage,aide_misedispo,aide_valo,aide_publi,aide_nonappl,aidequi_speetab,aidequi_sepecentres,aidequi_labo,aidequi_liste,aidequi_platef,aidequi_formation,aidequi_JE,aidequi_nonappl,anciennete,structure,fct_perma,fct_nonperma,fct_IT,fct_bib,fct_autre,statut,disc_dt,disc_inf,disc_lsh,disc_math,disc_pluri,disc_vie,disc_inge,disc_terre,disc_matiere,disc_pour_ponde,poids,specialite,sexe
382,Non,Non,Oui,Oui,Oui,Oui,Oui,Oui,Non,Oui,Oui,Oui,Oui,Non,Oui,Non,Non,Non,Non,Non,Non,Non,Oui,Non,Oui,Non,Non,Non,Pas du tout,Oui,Non,Non,Oui,Non,Non,Oui,plus,moins,plus,plus,moins,plus,plus,moins,moins,plus,moins,moins,moins,moins,Non,Non,Oui,Non,Non,Oui,Non,Oui,Oui,Non,Non,Non,Non,Oui,Oui,Souvent,Jamais,Jamais,Jamais,Oui,Non,Oui,Oui,Non,Non,Oui,Oui,Oui,Non,Non,Non,Non,Oui,Non,Non,Non,Non,Non,Non,oui,non,non,oui,oui,Je ne sais pas,Parfois,Oui,Non,Non,Non,Non,Oui,Oui,Non,Oui,Non,Non,Non,Non,Non,Non,Non,Non,seule,NA,NA,NA,NA,NA,NA,NA,NA,NA,NA,NA,Windows,Oui,Non,Non,Non,Non,Oui,Non,Non,Non,Non,Oui,Non,Non,Non,Non,Non,Oui,Non,Oui,Non,Non,Oui,Non,Non,Oui,Non,Non,Non,Oui,Non,Non,Non,Non,Oui,Non,Non,Non,Non,Oui,Oui,Parfois,plutotsat,Oui,Oui,Non,Non,Non,Non,Non,Non,Oui,Oui,Oui,Non,Non,Non,Oui,Non,Oui,Non,Oui,Non,Non,Non,Non,Non,Plus de dix ans,autre,Oui,Non,Non,Non,Non,fonct,Non,Non,Non,Non,Non,Non,Non,Non,Non,autre,1,autre,Une femme
1150,Non,Non,Oui,Oui,Oui,Oui,Oui,Oui,Non,Oui,Non,Non,Oui,Non,Oui,Non,Non,Non,Non,Oui,Non,Non,Oui,Oui,Oui,Non,Non,Oui,Peu,Oui,Oui,Oui,Oui,Non,Non,Oui,moins,plus,NA,moins,moins,NA,moins,moins,moins,moins,NA,moins,moins,NA,Non,Non,Non,Non,Non,Oui,Non,Non,Non,Non,Non,Non,Non,Oui,Oui,Jamais,Jamais,Jamais,Jamais,Non,Non,Non,Non,Non,Oui,Non,Non,Non,Non,Non,Non,Non,Non,Non,Non,Non,Non,Oui,Non,oui,non,non,oui,non,Je ne sais pas,Parfois,Non,Oui,Oui,Non,Non,Oui,Oui,Non,Non,Non,Non,Non,Non,Non,Non,Non,Non,2a5,Oui,Oui,Non,Non,Non,Non,Non,Non,Non,Non,Non,MacOS,Non,Non,Non,Non,Non,Non,Non,Non,Non,Oui,Oui,Non,Non,Non,Non,Non,Non,Non,Non,Non,Non,Non,Non,Non,Non,Non,Non,Non,Non,Non,Oui,Non,Non,Oui,Non,Non,Non,Non,Non,Oui,Jamais,NA,Non,Oui,Non,Non,Non,Non,Non,Non,Oui,Oui,Oui,Oui,Oui,Oui,Oui,Non,Oui,Non,Non,Non,Non,Non,Oui,Non,Plus de dix ans,autre,Oui,Non,Non,Non,Non,CDI,Non,Non,Non,Non,Non,Non,Non,Non,Non,autre,1,autre,Une femme
188,Non,Non,Oui,Oui,Non,Oui,Oui,Non,Non,Non,Oui,Non,Oui,Non,Oui,Non,Non,Non,Non,Non,Non,Non,Oui,Non,Oui,Non,Oui,Non,Tout à fait,Non,Non,Non,Non,Non,Non,Non,plus,moins,moins,NA,moins,plus,moins,moins,moins,moins,moins,NA,moins,moins,Oui,Oui,Oui,Oui,Non,Oui,Oui,Oui,Oui,Non,Non,Non,Non,Non,Oui,Parfois,Parfois,Jamais,Jamais,Non,Non,Non,Non,Oui,Non,Non,Oui,Oui,Non,Non,Non,Non,Non,Non,Non,Non,Non,Non,Non,non,non,oui,oui,non,Non,Souvent,Oui,Non,Non,Non,Oui,Oui,Oui,Non,Oui,Non,Non,Non,Non,Non,Non,Non,Non,2a5,Oui,Oui,Oui,Non,Oui,Non,Non,Non,Non,Non,Oui,MacOS,Oui,Non,Non,Non,Non,Non,Non,Non,Oui,Non,NA,NA,NA,NA,NA,NA,NA,NA,NA,NA,NA,NA,NA,NA,NA,NA,NA,NA,NA,NA,NA,Non,Non,Non,Non,Non,Non,Non,Oui,Oui,Jamais,NA,Oui,Non,Non,Non,Non,Non,Non,Non,Non,Non,Non,Oui,Non,Non,Oui,Non,Non,Non,Non,Non,Non,Non,Non,Oui,Cinq à dix ans,autre,Non,Oui,Non,Non,Non,CDD,Non,Non,Non,Non,Non,Non,Non,Non,Non,autre,1,autre,Autre
626,Non,Non,Non,Non,Oui,Oui,Oui,Non,Non,Oui,Oui,Oui,Oui,Oui,Oui,Non,Oui,Oui,Non,Oui,Non,Non,Oui,Non,Oui,Non,Non,Non,Tout à fait,Non,Oui,Oui,Oui,Oui,Non,Oui,moins,NA,NA,moins,moins,moins,moins,moins,moins,moins,moins,NA,moins,moins,Non,Non,Oui,Non,Oui,Non,Non,Non,Oui,Non,Non,Non,Non,Oui,Non,Parfois,Jamais,Jamais,Jamais,Non,Non,Non,Non,Oui,Non,Non,Oui,Oui,Non,Non,Non,Non,Non,Non,Non,Non,Non,Non,Non,oui,oui,non,oui,non,Oui,Souvent,Non,Oui,Oui,Oui,Oui,Non,Non,Oui,Oui,Non,Non,Non,Non,Non,Non,Non,Non,2a5,Oui,Oui,Non,Non,Non,Non,Non,Non,Non,Non,Non,Windows,Oui,Non,Non,Oui,Oui,Oui,Non,Non,Non,Non,Oui,Oui,Oui,Non,Non,Non,Non,Non,Oui,Non,Non,Oui,Oui,Non,Oui,Non,Non,Non,Oui,Non,Non,Non,Non,Oui,Non,Non,Non,Non,Non,Oui,Parfois,plutotsat,Oui,Oui,Oui,Non,Non,Non,Non,Non,Non,Oui,Non,Non,Oui,Non,Oui,Non,Non,Non,Non,Non,Non,Non,Non,Oui,Plus de dix ans,NA,Oui,Non,Non,Non,Non,fonct,Non,Non,Non,Non,Non,Non,Non,Non,Non,autre,1,géographie,Un homme
320,Non,Non,Oui,Oui,Non,Oui,Oui,Oui,Non,Oui,Non,Non,Non,Oui,Oui,Non,Oui,Oui,Non,Oui,Non,Oui,Oui,Oui,Non,Oui,Oui,Oui,Assez,Oui,Oui,Oui,Oui,Oui,Oui,Oui,plus,moins,moins,plus,moins,moins,moins,moins,plus,plus,moins,moins,moins,moins,Oui,Non,Oui,Non,Oui,Oui,Non,Oui,Oui,Non,Oui,Oui,Non,Oui,Oui,Parfois,Souvent,Souvent,Souvent,Non,Non,Oui,Non,Non,Non,Non,Non,Non,Oui,Non,Non,Oui,Non,Oui,Oui,Oui,Oui,Non,Non,oui,non,non,oui,non,Oui,Parfois,Oui,Oui,Oui,Oui,Oui,Oui,Non,Non,Non,Oui,Oui,Non,Oui,Non,Non,Oui,Non,2a5,Oui,Oui,Oui,Oui,Oui,Non,Non,Non,Non,Non,Non,MacOS,Oui,Non,Oui,Non,Non,Oui,Non,Oui,Oui,Non,NA,NA,NA,NA,NA,NA,NA,NA,NA,NA,NA,NA,NA,NA,NA,NA,NA,NA,NA,NA,NA,Non,Oui,Oui,Oui,Oui,Oui,Non,Non,Oui,Souvent,plutotsat,Oui,Non,Non,Non,Non,Oui,Oui,Non,Non,Non,Non,Non,Non,Oui,Oui,Non,Oui,Oui,Oui,Oui,Oui,Oui,Oui,Non,Moins de cinq ans,CNRS,Non,Non,Oui,Non,Oui,fonct,Non,Oui,Oui,Non,Non,Non,Non,Non,Non,autre,1,archéologie,Un homme
32,Non,Non,Oui,Oui,Oui,Oui,Oui,Oui,Non,Oui,Non,Oui,Non,Oui,Oui,Non,Oui,Non,Non,Oui,Non,Non,Oui,Oui,Oui,Non,Non,Oui,Tout à fait,Oui,Oui,Oui,Non,Oui,Non,Oui,moins,moins,moins,NA,moins,moins,moins,moins,moins,moins,moins,NA,moins,moins,Oui,Non,Oui,Non,Oui,Oui,Oui,Oui,Oui,Non,Oui,Oui,Non,Oui,Oui,Souvent,Souvent,Parfois,Parfois,Oui,Non,Oui,Non,Non,Non,Oui,Oui,Oui,Oui,Non,Oui,Non,Oui,Oui,Non,Oui,Non,Non,Non,oui,oui,non,non,oui,Oui,Souvent,Oui,Oui,Oui,Oui,Oui,Oui,Oui,Oui,Oui,Oui,Oui,Oui,Oui,Oui,Non,Oui,Non,11plus,Oui,Oui,Oui,Oui,Oui,Non,Oui,Non,Oui,Non,Oui,Windows,Oui,Non,Oui,Oui,Non,Oui,Non,Oui,Oui,Non,NA,NA,NA,NA,NA,NA,NA,NA,NA,NA,NA,NA,NA,NA,NA,NA,NA,NA,NA,NA,NA,Non,Oui,Oui,Oui,Non,Oui,Non,Non,Oui,Jamais,NA,Non,Oui,Oui,Non,Non,Non,Non,Non,Oui,Oui,Oui,Oui,Oui,Non,Non,Non,Oui,Oui,Oui,Non,Non,Non,Oui,Non,Plus de dix ans,autre,Oui,Non,Non,Non,Non,CDI,Non,Oui,Oui,Non,Non,Non,Non,Non,Non,autre,1,autre,Un homme
1161,Non,Non,Non,Oui,Non,Oui,Oui,Oui,Non,Oui,Non,Non,Non,Oui,Oui,Non,Non,Non,Non,Non,Non,Non,Oui,Non,Oui,Non,Non,Non,Pas du tout,Oui,Non,Oui,Oui,Non,Non,Oui,moins,moins,NA,moins,moins,plus,NA,NA,moins,moins,NA,NA,NA,NA,Non,Non,Oui,Non,Non,Oui,Oui,Oui,Oui,Non,Non,Non,Non,Non,Non,NA,NA,NA,Toujours,Non,Non,Non,Non,Oui,Non,Non,Oui,Oui,Non,Non,Non,Non,Non,Non,Non,Non,Non,Non,Oui,oui,non,non,oui,non,Oui,Souvent,Non,Non,Non,Oui,Non,Non,Non,Oui,Non,Oui,Non,Non,Non,Non,Non,Non,Non,2a5,Oui,Non,Non,Non,Non,Non,Oui,Non,Non,Non,Non,Windows,Oui,Non,Non,Non,Non,Oui,Non,Non,Non,Non,Non,Oui,Non,Non,Non,Non,Non,Non,Non,Non,Non,Oui,Non,Non,Non,Non,Non,Non,Non,Non,Non,Non,Non,Non,Non,Non,Non,Non,Oui,Oui,Souvent,plutotsat,Non,Non,Non,Non,Oui,Non,Non,Non,Oui,Oui,Oui,Oui,Oui,Oui,Oui,Non,Non,Non,Non,Non,Non,Oui,Oui,Non,Moins de cinq ans,Université,Non,Non,Non,Oui,Non,fonct,Non,Oui,Oui,Non,Non,Non,Non,Non,Non,autre,1,autre,Une femme
1087,Non,Non,Oui,Oui,Oui,Non,Oui,Oui,Non,Oui,Non,Oui,Non,Oui,Oui,Non,Oui,Oui,Non,Oui,Non,Oui,Oui,Non,Non,Non,Non,Non,Tout à fait,Non,Non,Oui,Oui,Oui,Non,Non,plus,moins,moins,moins,moins,moins,moins,moins,moins,NA,moins,moins,NA,moins,Oui,Non,Oui,Non,Non,Non,Non,Oui,Oui,Non,Oui,Non,Non,Non,Non,Parfois,Parfois,Jamais,Souvent,Non,Non,Oui,Oui,Non,Non,Non,Non,Non,Non,Non,Non,Oui,Non,Non,Non,Oui,Oui,Non,Non,oui,non,non,oui,non,Oui,Souvent,Non,Non,Oui,Oui,Non,Non,Non,Oui,Oui,Non,Non,Non,Oui,Non,Oui,Non,Non,11plus,Oui,Oui,Non,Non,Oui,Oui,Non,Non,Non,Non,Non,MacOS,Oui,Non,Oui,Oui,Non,Oui,Oui,Oui,Non,Non,Oui,Non,Oui,Non,Non,Non,Oui,Non,Non,Non,Non,Oui,Non,Non,Non,Oui,Non,Non,Oui,Non,Non,Non,Oui,Oui,Oui,Oui,Oui,Non,Non,Non applicable,NA,NA,Non,Oui,Non,Non,Non,Non,Non,Non,Non,Non,Non,Non,Non,Non,Non,Oui,Non,Non,Oui,Non,Non,Non,Non,Non,Cinq à dix ans,Université,Oui,Non,Non,Non,Non,fonct,Non,Oui,Oui,Non,Non,Non,Non,Non,Non,autre,1,autre,Un homme
128,Non,Non,Oui,Oui,Oui,Oui,Oui,Non,Non,Non,Non,Non,Oui,Oui,Oui,Non,Oui,Oui,Non,Oui,Non,Oui,Oui,Oui,Oui,Oui,Oui,Oui,Tout à fait,Oui,Oui,Oui,Oui,Oui,Non,Non,moins,moins,NA,moins,moins,moins,moins,moins,moins,moins,moins,moins,moins,moins,Oui,Non,Oui,Oui,Oui,Oui,Oui,Non,Oui,Non,Oui,Oui,Oui,Oui,Non,Souvent,Souvent,Souvent,Souvent,Oui,Non,Oui,Non,Non,Non,Oui,Oui,Oui,Oui,Oui,Oui,Oui,Oui,Oui,Non,Oui,Oui,Non,Non,non,oui,non,oui,oui,Oui,Souvent,Oui,Non,Oui,Oui,Non,Oui,Oui,Oui,Oui,Oui,Oui,Oui,Oui,Non,Oui,Oui,Non,2a5,Oui,Oui,Oui,Oui,Non,Non,Non,Non,Non,Non,Non,MacOS,Oui,Non,Oui,Oui,Oui,Oui,Oui,Oui,Oui,Non,NA,NA,NA,NA,NA,NA,NA,NA,NA,NA,NA,NA,NA,NA,NA,NA,NA,NA,NA,NA,NA,Non,Oui,Oui,Oui,Oui,Non,Oui,Non,Oui,Parfois,insatisfait,Oui,Oui,Non,Non,Non,Oui,Non,Non,Non,Oui,Non,Oui,Oui,Non,Non,Non,Oui,Oui,Non,Oui,Oui,Non,Oui,Non,Plus de dix ans,Université,Oui,Non,Non,Non,Non,fonct,Non,Oui,Oui,Non,Non,Non,Non,Non,Non,autre,1,géographie,Un homme
445,Non,Non,Non,Oui,Oui,Oui,Oui,Oui,Non,Oui,Oui,Non,Oui,Oui,Oui,Non,Oui,Oui,Non,Oui,Non,Oui,Non,Non,Non,Oui,Oui,Oui,Assez,Oui,Non,Oui,Oui,Oui,Non,Non,moins,moins,moins,plus,moins,plus,plus,plus,plus,plus,plus,moins,plus,plus,Oui,Non,Oui,Non,Oui,Non,Non,Oui,Oui,Non,Oui,Oui,Oui,Oui,Oui,Jamais,Souvent,Souvent,Toujours,Non,Non,Oui,Non,Non,Non,Non,Oui,Oui,Oui,Oui,Oui,Oui,Non,Oui,Oui,Oui,Oui,Non,Non,oui,non,non,oui,oui,Oui,Souvent,Non,Oui,Oui,Oui,Oui,Oui,Non,Oui,Oui,Non,Non,Non,Oui,Non,Non,Non,Non,6a10,Oui,Oui,Oui,Non,Oui,Non,Non,Oui,Non,Non,Non,MacOS,Oui,Non,Oui,Oui,Non,Non,Non,Oui,Oui,Non,NA,NA,NA,NA,NA,NA,NA,NA,NA,NA,NA,NA,NA,NA,NA,NA,NA,NA,NA,NA,NA,Non,Oui,Oui,Oui,Oui,Oui,Oui,Non,Oui,Souvent,plutotsat,Oui,Oui,Non,Non,Non,Non,Non,Non,Non,Non,Non,Non,Non,Non,Non,Oui,Non,Non,Non,Non,Non,Non,Non,Oui,Moins de cinq ans,Université,Non,Non,Oui,Non,Oui,CDD,Non,Oui,Oui,Non,Non,Non,Non,Non,Non,autre,1,histoire,Une femme
470,Non,Non,Oui,Oui,Oui,Oui,Oui,Non,Non,Oui,Non,Non,Oui,Oui,Oui,Non,Oui,Oui,Non,Oui,Non,Non,Oui,Non,Oui,Non,Non,Non,Assez,Non,Non,Non,Non,Non,Non,Non,moins,NA,moins,moins,moins,moins,moins,moins,moins,moins,moins,moins,moins,moins,Oui,Non,Oui,Non,Oui,Oui,Oui,Oui,Oui,Non,Non,Non,Non,Oui,Oui,Parfois,Jamais,Jamais,Jamais,Non,Non,Non,Non,Oui,Non,Non,Non,Non,Non,Non,Non,Non,Non,Non,Non,Non,Non,Non,Oui,oui,non,oui,oui,non,Non,Jamais,Oui,Oui,Non,Non,Non,Non,Oui,Oui,Non,Non,Non,Non,Non,Non,Non,Non,Non,2a5,Oui,Oui,Oui,Non,Non,Non,Non,Non,Non,Non,Non,MacOS,Oui,Non,Non,Non,Oui,Non,Non,Oui,Non,Non,Non,Non,Non,Non,Non,Non,Non,Non,Non,Non,Oui,Oui,Non,Non,Oui,Non,Non,Non,Non,Non,Non,Non,Non,Oui,Oui,Non,Non,Non,Non,Oui,Parfois,insatisfait,Non,Non,Oui,Oui,Non,Non,Non,Non,Non,Non,Oui,Non,Non,Non,Non,Non,Oui,Non,Non,Non,Non,Non,Non,Non,Plus de dix ans,autre,Oui,Non,Non,Non,Non,fonct,Non,Oui,Oui,Non,Non,Non,Non,Non,Non,autre,1,histoire,Un homme
770,Non,Non,Non,Non,Oui,Non,Oui,Oui,Non,Non,Non,Non,Non,Oui,Oui,Non,Oui,Oui,Non,Non,Non,Non,Non,Non,Oui,Oui,Non,Non,Assez,Non,Non,Oui,Oui,Oui,Non,Non,moins,NA,NA,moins,NA,plus,moins,moins,moins,NA,NA,moins,NA,moins,Non,Non,Oui,Non,Oui,Non,Non,Non,Oui,Oui,Oui,Oui,Oui,Non,Non,Parfois,Jamais,Jamais,Souvent,Oui,Non,Oui,Non,Non,Non,Non,Non,Non,Non,Non,Oui,Oui,Non,Non,Non,Non,Oui,Non,Non,oui,non,non,non,non,Oui,Toujours,Non,Non,Oui,Non,Oui,Non,Non,Oui,Non,Non,Oui,Non,Non,Non,Non,Oui,Non,2a5,Oui,Oui,Non,Non,Non,Non,Non,Non,Non,Non,Non,Windows,Oui,Non,Non,Non,Non,Non,Non,Oui,Non,Non,Non,Non,Non,Non,Non,Non,Non,Oui,Oui,Oui,Non,Non,Non,Oui,Oui,Non,Non,Non,Oui,Non,Non,Non,Non,Oui,Non,Non,Oui,Non,Non,Oui,Souvent,NA,Non,Non,Non,Non,Non,Non,Non,Oui,Non,Non,Oui,Non,Non,Non,Non,Non,Non,Non,Oui,Non,Non,Non,Non,Non,Plus de dix ans,Université,Oui,Non,Non,Non,Non,fonct,Non,Oui,Oui,Non,Non,Non,Non,Non,Non,autre,1,linguistique,Une femme
257,Non,Oui,Oui,Oui,Oui,Oui,Oui,Non,Oui,Non,Non,Non,Oui,Oui,Oui,Non,Non,Oui,Non,Oui,Non,Oui,Non,Oui,Non,Oui,Oui,Non,Assez,Non,Non,Oui,Oui,Non,Non,Oui,plus,NA,NA,plus,plus,plus,moins,moins,NA,moins,moins,moins,plus,NA,Non,Non,Oui,Non,Oui,Non,Non,Non,Oui,Non,Non,Oui,Oui,Oui,Non,Parfois,Jamais,Jamais,Jamais,Non,Non,Non,Non,Oui,Non,Non,Non,Non,Oui,Non,Non,Non,Non,Non,Non,Non,Non,Non,Non,non,oui,non,oui,non,Oui,Parfois,Non,Non,Non,Non,Non,Non,Non,Oui,Oui,Non,Oui,Non,Non,Non,Non,Non,Non,2a5,Oui,Oui,Oui,Oui,Non,Non,Non,Non,Non,Non,Non,Windows,Oui,Non,Oui,Oui,Oui,Non,Non,Oui,Non,Non,Oui,Non,Non,Non,Non,Non,Oui,Non,Non,Non,Non,Non,Non,Non,Non,Non,Non,Oui,Oui,Non,Non,Non,Non,Oui,Non,Non,Non,Non,Non,Oui,NA,nini,Non,Oui,Non,Oui,Non,Oui,Non,Non,Non,Non,Non,Oui,Oui,Oui,Oui,Non,Oui,Non,Non,Non,Non,Non,Non,Non,Plus de dix ans,NA,Non,Non,Non,Non,Non,fonct,Non,Oui,Oui,Non,Non,Non,Non,Non,Non,autre,1,NA,Autre
426,Non,Non,Non,Oui,Oui,Non,Oui,Oui,Non,Oui,Oui,Non,Non,Non,Oui,Non,Non,Non,Non,Oui,Non,Non,Oui,Non,Non,Non,Non,Non,Pas du tout,Non,Oui,Non,Non,Oui,Non,Non,moins,moins,moins,moins,plus,moins,moins,moins,moins,moins,moins,moins,moins,moins,Non,Non,Non,Non,Non,Oui,Oui,Oui,Oui,Non,Non,Non,Oui,Non,Non,Non applicable,Non applicable,Non applicable,Non applicable,Non,Non,Non,Non,Oui,Non,Non,Non,Non,Non,Non,Non,Non,Non,Non,Non,Non,Non,Non,Oui,non,non,non,non,non,Non applicable,Non applicable,Non,Oui,Oui,Non,Oui,Oui,Non,Non,Non,Non,Non,Non,Non,Non,Non,Non,Oui,seule,NA,NA,NA,NA,NA,NA,NA,NA,NA,NA,NA,MacOS,Oui,Non,Non,Non,Non,Non,Non,Non,Non,Non,Oui,Oui,Non,Non,Non,Non,Non,Non,Non,Non,Non,Non,Non,Oui,Non,Oui,Oui,Oui,Non,Non,Non,Non,Non,Non,Non,Non,Non,Non,Oui,Oui,Parfois,insatisfait,Non,Non,Non,Oui,Oui,Non,Non,Non,Oui,Oui,Oui,Non,Oui,Oui,Non,Non,Oui,Non,Oui,Non,Oui,Non,Oui,Non,Moins de cinq ans,NA,Non,Oui,Non,Non,Non,autre,Oui,Non,Oui,Non,Non,Non,Non,Non,Non,autre,1,autre,Un homme
556,Non,Non,Non,Oui,Oui,Oui,Non,Non,Non,Oui,Non,Non,Oui,Non,Oui,Non,Oui,Non,Non,Non,Non,Non,Oui,Non,Oui,Non,Non,Non,Assez,Non,Non,Oui,Non,Oui,Non,Oui,moins,NA,NA,moins,moins,plus,NA,NA,NA,NA,moins,moins,NA,NA,Non,Non,Oui,Oui,Oui,Non,Non,Oui,Oui,Non,Non,Non,Oui,Non,Non,Souvent,Non applicable,Non applicable,Non applicable,Non,Non,Non,Non,Oui,Non,Non,Oui,Non,Non,Non,Non,Non,Non,Non,Non,Non,Non,Non,Non,non,oui,oui,non,non,Oui,Souvent,Non,Non,Non,Non,Oui,Non,Non,Oui,Oui,Non,Non,Non,Non,Non,Non,Non,Non,2a5,Oui,Non,Oui,Non,Non,Non,Non,Non,Non,Non,Non,Windows,Oui,Non,Non,Non,Oui,Non,Non,Non,Non,Non,Oui,Oui,Non,Non,Non,Non,Non,Non,Oui,Non,Non,Non,Non,Non,Oui,Non,Non,Non,Oui,Non,Non,Non,Non,Oui,Oui,Non,Non,Non,Non,Oui,Jamais,nini,Oui,Oui,Non,Oui,Non,Non,Non,Non,Non,Oui,Non,Non,Oui,Non,Oui,Non,Oui,Non,Oui,Non,Non,Non,Non,Non,Cinq à dix ans,autre,Oui,Non,Non,Non,Non,fonct,Oui,Non,Oui,Non,Non,Non,Non,Non,Non,autre,1,histoire,Un homme
97,Non,Non,Non,Non,Non,Oui,Non,Non,Non,Oui,Non,Non,Oui,Non,Non,Non,Non,Non,Non,Non,Non,Non,Non,Non,Oui,Non,Non,Non,Peu,Non,Non,Non,Oui,Non,Non,Non,NA,NA,NA,NA,NA,plus,NA,NA,NA,moins,moins,moins,NA,NA,Oui,Non,Oui,Non,Non,Oui,Non,Oui,Non,Non,Non,Non,Non,Non,Oui,NA,NA,NA,NA,Non,Non,Non,Non,Oui,Oui,Non,Non,Oui,Non,Non,Non,Non,Oui,Non,Non,Non,Non,Non,Non,oui,non,oui,non,non,Non applicable,Parfois,Non,Non,Non,Non,Non,Oui,Oui,Oui,Oui,Non,Non,Non,Non,Non,Non,Non,Oui,2a5,Oui,Non,Non,Non,Non,Non,Non,Non,Non,Non,Oui,MacOS,Non,Non,Non,Non,Non,Non,Non,Non,Non,Oui,Oui,Non,Oui,Non,Non,Non,Non,Non,Non,Non,Non,Non,Non,Non,Oui,Non,Non,Non,Non,Non,Non,Non,Non,Oui,Non,Non,Non,Non,Oui,Non,NA,NA,Non,Oui,Non,Non,Non,Non,Non,Non,Non,Non,Non,Oui,Non,Non,Oui,Non,Oui,Non,Oui,Non,Non,Non,Non,Non,Plus de dix ans,autre,Non,Non,Non,Non,Non,autre,Oui,Non,Oui,Non,Non,Non,Non,Non,Non,autre,1,sociologie,Une femme
691,Non,Non,Oui,Oui,Oui,Oui,Oui,Non,Non,Oui,Oui,Oui,Oui,Oui,Oui,Non,Oui,Oui,Non,Oui,Non,Non,Oui,Non,Oui,Non,Non,Non,Assez,Non,Non,Oui,Oui,Non,Non,Oui,moins,NA,moins,moins,moins,plus,NA,moins,moins,moins,NA,moins,moins,moins,Oui,Non,Oui,Non,Non,Oui,Non,Oui,Oui,Non,Oui,Oui,Oui,Oui,Oui,Parfois,Jamais,Parfois,Jamais,Oui,Non,Non,Non,Non,Non,Non,Non,Non,Non,Non,Oui,Non,Non,Non,Non,Non,Non,Non,Non,oui,oui,non,non,non,Oui,Parfois,Non,Oui,Oui,Oui,Oui,Oui,Non,Oui,Oui,Non,Oui,Non,Non,Non,Non,Non,Non,seule,NA,NA,NA,NA,NA,NA,NA,NA,NA,NA,NA,Windows,Oui,Non,Non,Non,Non,Non,Non,Oui,Non,Non,Non,Oui,Oui,Non,Non,Non,Oui,Non,Non,Oui,Non,Non,Non,Non,Oui,Non,Oui,Oui,Oui,Oui,Non,Non,Non,Oui,Oui,Non,Non,Non,Oui,Oui,Toujours,tressat,Non,Non,Non,Oui,Non,Non,Non,Non,Non,Oui,Oui,Non,Non,Oui,Non,Non,Oui,Non,Non,Non,Non,Non,Non,Non,Moins de cinq ans,Université,Non,Oui,Non,Non,Non,doct,Oui,Non,Oui,Non,Non,Non,Non,Non,Non,autre,1,sociologie,Un homme
643,Non,Non,Oui,Oui,Non,Oui,Oui,Oui,Non,Oui,Oui,Non,Oui,Non,Oui,Non,Oui,Non,Non,Non,Non,Non,Oui,Non,Oui,Non,Non,Oui,Peu,Non,Non,Oui,Oui,Oui,Non,Oui,moins,moins,moins,NA,moins,moins,NA,NA,NA,moins,NA,moins,moins,moins,Oui,Non,Oui,Non,Non,Oui,Oui,Oui,Non,Non,Non,Non,Non,Oui,Oui,Parfois,Parfois,Souvent,Jamais,Non,Non,Non,Non,Non,Oui,Non,Non,Non,Non,Non,Non,Non,Non,Non,Non,Non,Non,Non,Oui,non,non,non,non,non,Non applicable,Parfois,Oui,Oui,Non,Non,Oui,Oui,Oui,Non,Oui,Non,Non,Non,Non,Oui,Non,Non,Non,seule,NA,NA,NA,NA,NA,NA,NA,NA,NA,NA,NA,Windows,Oui,Non,Non,Non,Non,Non,Non,Non,Non,Non,Oui,Oui,Oui,Oui,Non,Oui,Oui,Non,Oui,Non,Non,Oui,Non,Non,Oui,Oui,Non,Non,Non,Non,Non,Non,Non,Oui,Oui,Non,Non,Non,Oui,Oui,Jamais,nini,Non,Non,Non,Non,Non,Non,Non,Oui,Oui,Oui,Oui,Non,Non,Non,Non,Non,Oui,Non,Oui,Non,Non,Oui,Non,Non,Moins de cinq ans,autre,Non,Oui,Non,Non,Non,doct,Oui,Non,Oui,Non,Non,Non,Non,Non,Non,autre,1,sociologie,Un homme
103,Non,Non,Oui,Oui,Non,Oui,Oui,Oui,Oui,Oui,Non,Non,Non,Oui,Oui,Non,Non,Non,Non,Oui,Non,Non,Non,Oui,Non,Non,Oui,Oui,Tout à fait,Oui,Oui,Oui,Non,Oui,Non,Non,moins,moins,moins,plus,moins,moins,moins,moins,moins,moins,moins,moins,moins,moins,Non,Non,Oui,Oui,Oui,Oui,Oui,Oui,Oui,Non,Non,Oui,Non,Non,Non,Toujours,Toujours,Toujours,Toujours,Oui,Non,Oui,Non,Non,Non,Non,Non,Non,Non,Oui,Non,Non,Non,Oui,Oui,Non,Oui,Non,Non,oui,oui,non,oui,non,Oui,Souvent,Oui,Non,Oui,Non,Non,Non,Oui,Non,Non,Oui,Oui,Non,Non,Non,Oui,Non,Non,2a5,Oui,Non,Oui,Oui,Non,Non,Non,Non,Non,Non,Non,LinuxUnix,Oui,Non,Non,Oui,Non,Non,Non,Oui,Non,Non,Non,Non,Non,Non,Non,Non,Oui,Oui,Non,Non,Non,Non,Non,Oui,Non,Oui,Oui,Non,Non,Non,Non,Non,Non,Non,Non,Oui,Non,Oui,Non,Oui,Parfois,plutotsat,Oui,Oui,Non,Non,Non,Non,Non,Non,Non,Non,Oui,Non,Non,Non,Non,Non,Non,Non,Non,Non,Non,Non,Oui,Non,Moins de cinq ans,CNRS,Non,Non,Oui,Non,Non,fonct,Oui,Oui,Non,Non,Non,Non,Non,Non,Non,autre,1,autre,Un homme
806,Oui,Non,Oui,Oui,Non,Oui,Oui,Non,Non,Oui,Oui,Oui,Non,Non,Oui,Non,Oui,Oui,Non,Oui,Non,Non,Oui,Non,Oui,Oui,Non,Oui,Assez,Oui,Non,Oui,Oui,Oui,Non,Non,moins,moins,moins,moins,moins,plus,moins,moins,moins,moins,moins,moins,NA,moins,Oui,Oui,Non,Non,Non,Oui,Oui,Oui,Non,Oui,Non,Oui,Oui,Oui,Oui,Souvent,Jamais,Parfois,Jamais,Non,Non,Oui,Oui,Non,Non,Oui,Non,Oui,Non,Non,Non,Non,Non,Non,Non,Non,Non,Non,Non,non,non,non,non,oui,Non,Souvent,Non,Oui,Oui,Oui,Non,Non,Non,Oui,Non,Non,Non,Non,Non,Non,Non,Non,Non,2a5,Oui,Oui,Oui,Non,Non,Non,Non,Non,Oui,Non,Non,LinuxUnix,Oui,Non,Oui,Oui,Non,Non,Non,Oui,Non,Non,Oui,Non,Non,Non,Non,Oui,Non,Non,Non,Non,Non,Non,Non,Non,Oui,Oui,Non,Non,Oui,Oui,Non,Non,Oui,Non,Oui,Non,Non,Oui,Non,Oui,Souvent,plutotsat,Non,Non,Non,Non,Non,Non,Oui,Non,Non,Non,Non,Non,Non,Non,Non,Oui,Non,Non,Non,Oui,Oui,Oui,Oui,Non,Moins de cinq ans,autre,Non,Non,Oui,Non,Non,doct,Non,Non,Oui,Non,Non,Non,Non,Non,Oui,autre,1,NA,Autre
83,Non,Non,Oui,Oui,Oui,Oui,Oui,Oui,Non,Oui,Oui,Oui,Oui,Oui,Oui,Non,Non,Non,Non,Oui,Oui,Non,Oui,Oui,Oui,Non,Oui,Non,Tout à fait,Non,Non,Oui,Non,Non,Non,Non,moins,moins,moins,moins,moins,moins,moins,moins,moins,moins,moins,moins,moins,moins,Oui,Oui,Oui,Non,Oui,Oui,Oui,Oui,Oui,Non,Oui,Oui,Non,Oui,Oui,NA,NA,Toujours,NA,Non,Non,Non,Oui,Non,Non,Oui,Oui,Oui,Non,Non,Non,Oui,Non,Non,Non,Non,Non,Non,Non,non,non,non,oui,non,Oui,Toujours,Non,Non,Oui,Oui,Oui,Oui,Oui,Non,Oui,Non,Non,Oui,Non,Oui,Non,Non,Non,2a5,Oui,Oui,Non,Non,Non,Non,Non,Non,Non,Non,Non,Windows,Oui,Non,Non,Oui,Non,Non,Non,Oui,Non,Non,Oui,Oui,Oui,Non,Non,Non,Non,Non,Oui,Oui,Non,Oui,Oui,Oui,Oui,Non,Oui,Non,Oui,Oui,Non,Non,Non,Oui,Non,Non,Non,Non,Non,Oui,Parfois,nini,Oui,Oui,Oui,Oui,Non,Oui,Non,Non,Non,Non,Non,Non,Non,Non,Oui,Non,Non,Non,Non,Non,Non,Non,Non,Oui,Plus de dix ans,NA,Oui,Non,Non,Non,Non,fonct,Non,Oui,Oui,Non,Non,Non,Non,Oui,Non,autre,1,NA,Autre
1165,Oui,Non,Non,Non,Oui,Oui,Non,Non,Oui,Oui,Oui,Oui,Oui,Non,Non,Non,Oui,Non,Non,Non,Non,Non,Non,Non,Non,Non,Non,Oui,Peu,Non,Oui,Non,Oui,Non,Non,Oui,NA,NA,NA,NA,NA,NA,NA,NA,NA,NA,NA,NA,NA,NA,Non,Oui,Oui,Non,Non,Oui,Oui,Non,Non,Non,Non,Non,Non,Non,Oui,Souvent,Jamais,Jamais,Jamais,Non,Non,Non,Non,Oui,Non,Oui,Non,Oui,Non,Non,Non,Non,Non,Non,Non,Non,Non,Non,Non,non,non,non,non,non,Non,Je ne sais pas,Oui,Non,Non,Non,Non,Non,Oui,Non,Oui,Non,Non,Non,Non,Non,Non,Non,Non,2a5,Oui,Non,Oui,Oui,Non,Non,Non,Non,Non,Non,Non,Windows,Non,Oui,Non,Non,Non,Non,Non,Non,Non,Non,Non,Oui,Non,Non,Non,Non,Non,Non,Non,Non,Non,Oui,Non,Non,Oui,Non,Non,Non,Non,Non,Non,Oui,Non,Oui,Non,Non,Non,Non,Non,Non,NA,NA,Non,Oui,Oui,Oui,Oui,Oui,Oui,Non,Non,Non,Non,Non,Non,Non,Non,Oui,Non,Non,Oui,Non,Non,Non,Non,Non,Plus de dix ans,CNRS,Non,Non,Oui,Non,Non,fonct,Non,Non,Non,Non,Non,Non,Oui,Non,Non,autre,1,NA,Un homme
33,Non,Non,Oui,Oui,Non,Oui,Oui,Oui,Non,Oui,Oui,Non,Non,Oui,Oui,Oui,Oui,Oui,Non,Oui,Non,Oui,Oui,Oui,Non,Oui,Non,Oui,Tout à fait,Oui,Non,Non,Non,Non,Non,Oui,moins,moins,moins,plus,plus,moins,moins,moins,moins,moins,moins,moins,NA,moins,Oui,Non,Oui,Non,Oui,Non,Non,Oui,Oui,Non,Oui,Oui,Oui,Oui,Non,Parfois,Souvent,Jamais,Toujours,Non,Non,Oui,Non,Non,Non,Non,Non,Non,Non,Non,Non,Oui,Non,Oui,Oui,Oui,Oui,Non,Non,oui,oui,non,oui,non,Oui,Souvent,Non,Oui,Oui,Oui,Oui,Non,Non,Oui,Oui,Non,Non,Non,Oui,Oui,Oui,Non,Non,11plus,Oui,Oui,Oui,Non,Non,Non,Non,Non,Non,Non,Non,MacOS,Oui,Non,Non,Oui,Non,Non,Non,Oui,Non,Non,Oui,Non,Oui,Non,Non,Non,Non,Non,Non,Oui,Non,Non,Non,Oui,Non,Non,Non,Non,Oui,Non,Non,Non,Oui,Non,Non,Oui,Oui,Non,Non,Oui,Jamais,tressat,Oui,Oui,Oui,Oui,Oui,Oui,Oui,Non,Oui,Oui,Oui,Oui,Oui,Non,Non,Non,Oui,Non,Oui,Non,Non,Oui,Oui,Non,Moins de cinq ans,CNRS,Non,Non,Oui,Non,Non,CDD,Non,Non,Oui,Non,Non,Non,Oui,Non,Non,autre,1,autre,Une femme
1210,Non,Non,Oui,Oui,Oui,Oui,Oui,Oui,Non,Oui,Non,Non,Non,Oui,Oui,Non,Non,Non,Non,Non,Non,Oui,Non,Non,Non,Non,Non,Oui,Peu,Oui,Oui,Non,Oui,Oui,Non,Oui,plus,plus,plus,plus,moins,plus,plus,moins,plus,moins,plus,plus,moins,NA,Oui,Non,Oui,Non,Oui,Oui,Non,Oui,Oui,Oui,Oui,Non,Non,Oui,Oui,Parfois,Parfois,Parfois,Souvent,Oui,Non,Non,Non,Non,Non,Non,Non,Oui,Non,Non,Non,Oui,Non,Non,Oui,Oui,Oui,Non,Non,oui,non,non,non,oui,Non,Souvent,Non,Oui,Oui,Oui,Oui,Oui,Oui,Oui,Non,Non,Oui,Non,Non,Non,Non,Non,Non,2a5,Oui,Non,Oui,Oui,Oui,Oui,Oui,Oui,Non,Oui,Non,Windows,Oui,Non,Oui,Non,Non,Non,Non,Oui,Oui,Non,NA,NA,NA,NA,NA,NA,NA,NA,NA,NA,NA,NA,NA,NA,NA,NA,NA,NA,NA,NA,NA,Non,Oui,Oui,Oui,Oui,Oui,Oui,Non,Oui,Souvent,plutotsat,Oui,Oui,Non,Non,Oui,Non,Oui,Non,Oui,Oui,Oui,Oui,Oui,Non,Oui,Non,Oui,Non,Oui,Non,Non,Oui,Oui,Non,Plus de dix ans,autre,Non,Non,Oui,Oui,Oui,fonct,Non,Non,Oui,Non,Non,Non,Oui,Non,Non,autre,1,histoire,Une femme
1167,Non,Non,Non,Non,Oui,Non,Oui,Non,Non,Non,Non,Non,Non,Non,Oui,Non,Non,Non,Non,Non,Non,Non,Oui,Non,Non,Non,Non,Non,Tout à fait,Oui,Non,Non,Oui,Oui,Non,Non,plus,plus,moins,NA,NA,moins,NA,NA,NA,NA,moins,plus,NA,NA,Non,Non,Oui,Non,Non,Oui,Oui,Oui,Oui,Non,Non,Non,Non,Non,Non,Toujours,Toujours,Toujours,Souvent,Oui,Non,Non,Oui,Non,Non,Oui,Oui,Oui,Non,Non,Non,Non,Oui,Non,Non,Non,Non,Non,Non,oui,non,non,non,oui,Oui,Souvent,Non,Non,Non,Oui,Non,Non,Non,Oui,Oui,Oui,Non,Oui,Non,Non,Non,Non,Non,2a5,Oui,Oui,Non,Oui,Oui,Non,Non,Non,Non,Non,Oui,Windows,Oui,Non,Oui,Non,Non,Oui,Non,Non,Non,Non,Oui,Non,Oui,Non,Non,Non,Oui,Non,Oui,Non,Non,Non,Non,Non,Non,Non,Non,Non,Oui,Non,Non,Non,Oui,Oui,Non,Non,Non,Non,Non,Non applicable,NA,NA,Non,Non,Non,Non,Non,Oui,Non,Non,Non,Non,Oui,Non,Oui,Non,Oui,Non,Non,Non,Non,Non,Non,Oui,Non,Non,Plus de dix ans,autre,Oui,Non,Non,Non,Non,autre,Non,Non,Oui,Non,Non,Oui,Non,Non,Non,autre,1,biologie,Un homme
288,Non,Non,Oui,Non,Oui,Non,Oui,Non,Non,Non,Non,Non,Non,Oui,Oui,Non,Oui,Oui,Non,Non,Non,Oui,Non,Oui,Non,Non,Non,Oui,Pas du tout,Non,Non,Oui,Oui,Non,Non,Oui,plus,moins,moins,plus,plus,plus,moins,moins,moins,moins,plus,moins,moins,moins,Non,Non,Oui,Non,Oui,Oui,Non,Non,Oui,Non,Non,Oui,Oui,Oui,Non,Parfois,Toujours,Jamais,Jamais,Non,Non,Non,Non,Oui,Non,Non,Oui,Non,Oui,Non,Non,Oui,Non,Non,Non,Non,Oui,Non,Non,oui,non,non,oui,oui,Je ne sais pas,Parfois,Non,Oui,Oui,Oui,Oui,Non,Oui,Oui,Non,Oui,Oui,Non,Non,Non,Non,Non,Non,2a5,Oui,Oui,Oui,Non,Non,Non,Non,Non,Non,Non,Non,Windows,Oui,Non,Non,Non,Non,Non,Non,Oui,Non,Non,Non,Oui,Non,Oui,Non,Non,Non,Non,Non,Non,Non,Non,Non,Non,Non,Oui,Non,Non,Oui,Non,Non,Non,Oui,Oui,Non,Non,Non,Non,Non,Non,NA,NA,Non,Oui,Non,Non,Non,Non,Non,Non,Non,Non,Oui,Non,Non,Oui,Non,Non,Non,Oui,Non,Non,Non,Non,Non,Non,Cinq à dix ans,NA,Non,Non,Oui,Non,Non,CDD,Non,Non,Oui,Non,Non,Oui,Non,Non,Non,autre,1,NA,Une femme
1147,Non,Non,Oui,Oui,Oui,Oui,Non,Non,Non,Non,Non,Oui,Oui,Oui,Non,Non,Oui,Oui,Non,Oui,Oui,Oui,Oui,Oui,Oui,Oui,Non,Non,Assez,Non,Oui,Oui,Oui,Non,Non,Oui,moins,moins,moins,moins,moins,moins,moins,moins,moins,moins,moins,moins,moins,plus,Oui,Oui,Non,Non,Non,Non,Non,Non,Oui,Non,Non,Oui,Oui,Non,Oui,Parfois,Parfois,Souvent,Jamais,Oui,Non,Oui,Non,Non,Non,Non,Non,Non,Non,Non,Oui,Non,Non,Non,Non,Non,Non,Non,Non,non,oui,oui,non,non,Je ne sais pas,Jamais,Non,Oui,Non,Non,Non,Non,Oui,Non,Oui,Non,Non,Non,Non,Non,Non,Non,Non,2a5,Oui,Oui,Non,Non,Non,Non,Non,Non,Non,Non,Non,MacOS,Oui,Non,Non,Non,Non,Non,Non,Oui,Non,Non,Non,Oui,Oui,Non,Oui,Non,Non,Non,Non,Non,Non,Oui,Non,Non,Oui,Non,Non,Non,Non,Non,Non,Non,Non,Oui,Non,Non,Non,Non,Non,Oui,Parfois,insatisfait,Oui,Oui,Non,Non,Non,Non,Non,Non,Non,Oui,Oui,Oui,Non,Non,Oui,Non,Oui,Oui,Oui,Non,Non,Oui,Non,Non,Cinq à dix ans,autre,Oui,Non,Non,Non,Non,fonct,Non,Non,Oui,Non,Non,Oui,Non,Non,Non,autre,1,psychologie,Un homme
1130,Oui,Non,Non,Non,Oui,Oui,Non,Non,Non,Non,Non,Non,Oui,Non,Non,Oui,Oui,Oui,Non,Oui,Non,Non,Oui,Non,Oui,Non,Oui,Non,Tout à fait,Non,Oui,Oui,Oui,Oui,Non,Oui,moins,moins,moins,moins,moins,moins,moins,moins,moins,moins,moins,moins,moins,moins,Non,Oui,Non,Non,Non,Non,Non,Non,Oui,Oui,Non,Oui,Non,Oui,Non,Parfois,Jamais,Parfois,Jamais,Oui,Non,Non,Non,Non,Non,Non,Oui,Non,Oui,Non,Non,Non,Oui,Non,Oui,Non,Non,Non,Non,oui,non,oui,oui,non,Oui,Parfois,Oui,Non,Oui,Oui,Non,Non,Non,Oui,Oui,Oui,Non,Non,Non,Non,Non,Non,Non,2a5,Non,Oui,Non,Non,Non,Non,Non,Non,Non,Non,Non,Windows,Non,Non,Non,Non,Non,Non,Non,Oui,Non,Non,Non,Non,Non,Non,Non,Non,Oui,Non,Non,Non,Non,Oui,Oui,Non,Non,Non,Non,Non,Non,Non,Non,Non,Non,Oui,Oui,Non,Non,Non,Non,Non,NA,NA,Non,Oui,Non,Non,Non,Non,Non,Non,Non,Non,Non,Oui,Oui,Non,Non,Non,Non,Oui,Non,Non,Oui,Non,Non,Non,Cinq à dix ans,CNRS,Oui,Non,Non,Non,Non,fonct,Non,Non,Non,Non,Oui,Non,Non,Non,Non,autre,1,autre,Un homme
1073,Non,Non,Non,Oui,Non,Non,Oui,Oui,Non,Non,Non,Non,Non,Oui,Non,Non,Oui,Oui,Non,Non,Non,Non,Non,Non,Non,Non,Non,Oui,Peu,Oui,Non,Non,Oui,Oui,Non,Oui,moins,NA,moins,NA,NA,NA,NA,NA,NA,NA,NA,NA,NA,moins,Non,Non,Oui,Oui,Non,Oui,Non,Oui,Non,Non,Oui,Non,Non,Non,Non,Non applicable,Non applicable,Non applicable,Non applicable,Non,Non,Non,Non,Non,Oui,Non,Non,Non,Non,Non,Non,Non,Non,Non,Non,Non,Non,Non,Oui,non,oui,non,oui,oui,Non applicable,Non applicable,Oui,Non,Non,Non,Non,Oui,Non,Non,Non,Non,Non,Non,Non,Non,Non,Non,Oui,6a10,Oui,Oui,Non,Oui,Oui,Oui,Oui,Non,Non,Non,Non,Windows,Non,Non,Non,Non,Non,Non,Non,Non,Non,Oui,Non,Non,Non,Non,Non,Non,Non,Non,Non,Non,Oui,Non,Non,Oui,Non,Non,Oui,Oui,Oui,Non,Non,Non,Non,Oui,Oui,Non,Oui,Non,Non,Non,NA,NA,Non,Non,Non,Oui,Oui,Oui,Non,Non,Non,Non,Non,Non,Non,Non,Non,Oui,Oui,Non,Non,Non,Oui,Oui,Oui,Non,Plus de dix ans,Université,Non,Non,Non,Oui,Non,fonct,Non,Non,Non,Non,Oui,Non,Non,Non,Non,autre,1,autre,Autre
1126,Non,Non,Non,Non,Non,Oui,Non,Oui,Non,Oui,Non,Non,Oui,Non,Oui,Non,Non,Non,Non,Oui,Non,Oui,Non,Oui,Oui,Non,Non,Oui,Pas du tout,Non,Non,Non,Non,Oui,Non,Oui,NA,NA,NA,NA,NA,NA,NA,NA,NA,moins,moins,moins,moins,moins,Oui,Oui,Oui,Oui,Oui,Oui,Oui,Oui,Non,Non,Non,Non,Non,Oui,Non,Non applicable,Non applicable,Non applicable,Toujours,Non,Non,Non,Non,Non,Oui,Non,Oui,Oui,Oui,Non,Oui,Oui,Non,Non,Non,Non,Non,Non,Non,oui,non,non,oui,non,Je ne sais pas,Non applicable,Oui,Oui,Oui,Oui,Oui,Oui,Non,Non,Non,Non,Non,Non,Non,Non,Non,Non,Oui,11plus,Non,Non,Non,Non,Non,Non,Non,Non,Non,Non,Non,Windows,Non,Non,Non,Non,Non,Non,Non,Non,Non,Oui,Non,Non,Non,Non,Non,Non,Non,Non,Non,Non,Oui,Non,Non,Non,Non,Non,Non,Non,Non,Non,Oui,Non,Oui,Oui,Oui,Non,Non,Non,Non,Oui,Souvent,nini,Non,Non,Non,Non,Non,Non,Non,Oui,Non,Non,Non,Non,Non,Oui,Oui,Non,Oui,Non,Non,Oui,Oui,Oui,Oui,Non,Moins de cinq ans,Université,Non,Non,Non,Non,Non,CDD,Non,Non,Non,Non,Oui,Non,Non,Non,Non,autre,1,NA,Une femme
1082,Non,Non,Non,Oui,Non,Non,Oui,Oui,Non,Non,Non,Non,Non,Non,Non,Non,Non,Non,Non,Non,Non,Non,Non,Non,Non,Non,Non,Oui,Peu,Non,Non,Non,Oui,Oui,Non,Oui,moins,NA,NA,NA,NA,NA,NA,NA,NA,NA,NA,NA,NA,NA,Non,Non,Oui,Non,Non,Oui,Non,Non,Non,Non,Oui,Non,Oui,Non,Non,Souvent,Parfois,NA,NA,Non,Non,Non,Non,Oui,Oui,Oui,Non,Oui,Non,Non,Non,Non,Non,Non,Non,Non,Non,Non,Non,oui,non,oui,oui,non,Je ne sais pas,Parfois,Oui,Non,Oui,Non,Non,Non,Oui,Oui,Oui,Non,Non,Non,Non,Non,Non,Non,Non,2a5,Oui,Non,Oui,Non,Non,Non,Non,Non,Non,Non,Non,Windows,Oui,Non,Non,Non,Non,Non,Non,Non,Non,Non,Oui,Non,Non,Non,Oui,Non,Non,Non,Non,Non,Non,Non,Non,Oui,Non,Non,Non,Oui,Oui,Non,Non,Non,Non,Oui,Non,Non,Oui,Non,Non,Oui,Parfois,nini,Non,Oui,Non,Non,Non,Non,Non,Non,Non,Oui,Non,Oui,Non,Oui,Oui,Non,Oui,Non,Non,Oui,Oui,Oui,Non,Non,Moins de cinq ans,NA,Non,Non,Non,Oui,Non,fonct,Non,Non,Non,Non,Oui,Non,Non,Non,Non,autre,1,NA,Une femme
436,Non,Non,Oui,Non,Non,Oui,Oui,Oui,Non,Oui,Non,Oui,Oui,Non,Oui,Non,Oui,Non,Non,Non,Non,Non,Non,Oui,Oui,Non,Non,Oui,Assez,Oui,Oui,Oui,Oui,Non,Non,Oui,moins,moins,plus,NA,NA,moins,NA,NA,NA,NA,moins,NA,NA,NA,Oui,Non,Oui,Oui,Oui,Oui,Oui,Non,Oui,Non,Non,Non,Oui,Non,Oui,Parfois,Jamais,Jamais,NA,Non,Non,Non,Non,Oui,Non,Non,Oui,Oui,Non,Non,Non,Non,Non,Non,Non,Non,Non,Non,Non,non,non,oui,non,oui,Je ne sais pas,Jamais,Non,Oui,Non,Non,Oui,Non,Oui,Non,Oui,Non,Non,Non,Non,Non,Non,Non,Non,2a5,Oui,Oui,Non,Non,Non,Non,Non,Non,Non,Non,Non,MacOS,Oui,Non,Non,Non,Oui,Non,Non,Non,Non,Non,Oui,Non,Non,Non,Non,Non,Non,Non,Non,Non,Non,Oui,Non,Non,Non,Non,Non,Non,Oui,Oui,Non,Non,Non,Oui,Non,Non,Non,Non,Oui,Oui,Parfois,plutotsat,Non,Non,Non,Non,Non,Non,Non,Oui,Non,Non,Oui,Non,Non,Non,Non,Non,Oui,Non,Non,Non,Non,Non,Non,Non,Plus de dix ans,NA,Oui,Non,Non,Non,Non,fonct,Non,Non,Non,Non,Oui,Non,Non,Non,Non,autre,1,NA,Une femme
290,Non,Non,Oui,Non,Non,Non,Oui,Non,Non,Non,Non,Non,Oui,Non,Non,Non,Oui,Oui,Oui,Oui,Non,Non,Non,Oui,Oui,Oui,Non,Oui,Assez,Oui,Non,Oui,Oui,Non,Non,Oui,NA,NA,NA,NA,NA,NA,NA,NA,NA,NA,NA,NA,NA,NA,Non,Non,Oui,Oui,Non,Oui,Non,Non,Oui,Non,Non,Non,Non,Non,Non,Souvent,NA,NA,NA,Non,Non,Non,Non,Non,Oui,Non,Non,Non,Non,Non,Non,Non,Non,Non,Oui,Non,Non,Non,Non,oui,oui,non,non,non,Oui,Jamais,Non,Oui,Oui,Oui,Oui,Oui,Non,Oui,Oui,Non,Non,Non,Non,Non,Non,Non,Non,seule,NA,NA,NA,NA,NA,NA,NA,NA,NA,NA,NA,Windows,Oui,Non,Non,Non,Non,Non,Non,Non,Non,Non,Non,Non,Non,Non,Non,Non,Oui,Non,Non,Non,Non,Non,Non,Oui,Non,Non,Non,Non,Non,Non,Non,Non,Non,Oui,Non,Non,Non,Non,Oui,Oui,Jamais,nini,Non,Non,Oui,Oui,Oui,Non,Non,Non,Oui,Oui,Non,Non,Non,Non,Non,Non,Oui,Oui,Oui,Oui,Non,Non,Non,Non,Plus de dix ans,autre,Non,Non,Oui,Non,Non,fonct,Non,Non,Non,Non,Oui,Non,Non,Non,Non,autre,1,NA,Une femme
1166,Non,Non,Non,Oui,Non,Non,Non,Non,Non,Non,Non,Non,Non,Non,Non,Non,Non,Non,Non,Non,Non,Non,Non,Non,Non,Non,Non,Oui,Peu,Oui,Non,Oui,Non,Oui,Non,Oui,NA,NA,NA,NA,NA,NA,NA,NA,NA,NA,NA,NA,moins,moins,Non,Non,Non,Non,Non,Non,Non,Non,Non,Non,Non,Non,Non,Non,Non,NA,NA,NA,NA,Non,Non,Non,Non,Oui,Non,Non,Non,Non,Non,Non,Non,Non,Non,Non,Non,Non,Non,Non,Oui,oui,non,oui,non,non,Non applicable,Non applicable,Oui,Oui,Oui,Oui,Oui,Oui,Non,Non,Non,Non,Non,Non,Non,Non,Non,Non,Oui,seule,NA,NA,NA,NA,NA,NA,NA,NA,NA,NA,NA,Windows,Non,Non,Non,Non,Non,Non,Non,Non,Non,Oui,Non,Non,Non,Non,Non,Non,Non,Non,Non,Non,Oui,Non,Non,Non,Non,Non,Non,Non,Non,Non,Oui,Non,Non,Non,Non,Non,Non,Non,Oui,Oui,Parfois,insatisfait,Non,Oui,Oui,Oui,Oui,Non,Non,Non,Oui,Oui,Oui,Oui,Oui,Oui,Oui,Non,Oui,Oui,Non,Oui,Oui,Oui,Oui,Non,Moins de cinq ans,Université,Non,Non,Oui,Oui,Oui,fonct,Non,Non,Non,Non,Oui,Non,Non,Non,Non,autre,1,NA,Une femme
280,Non,Non,Non,Oui,Non,Non,Non,Non,Non,Non,Non,Non,Non,Oui,Oui,Non,Oui,Oui,Oui,Non,Non,Non,Non,Non,Non,Non,Non,Oui,Assez,Oui,Oui,Non,Oui,Oui,Non,Oui,NA,NA,NA,NA,NA,NA,NA,NA,moins,NA,NA,NA,moins,moins,Non,Non,Non,Non,Oui,Non,Non,Non,Non,Non,Oui,Non,Non,Non,Non,NA,NA,NA,Parfois,Oui,Non,Oui,Non,Non,Non,Non,Non,Non,Non,Non,Non,Non,Non,Non,Non,Non,Non,Non,Oui,oui,non,non,oui,non,Non applicable,Non applicable,Non,Oui,Oui,Oui,Oui,Non,Non,Non,Non,Non,Non,Non,Non,Non,Non,Non,Oui,2a5,Oui,Oui,Oui,Non,Non,Non,Non,Non,Non,Non,Non,Windows,Non,Non,Non,Non,Non,Non,Non,Non,Oui,Non,NA,NA,NA,NA,NA,NA,NA,NA,NA,NA,NA,NA,NA,NA,NA,NA,NA,NA,NA,NA,NA,Non,Non,Non,Non,Non,Non,Oui,Non,Oui,Souvent,plutotsat,Non,Non,Oui,Oui,Non,Non,Non,Non,Non,Non,Non,Oui,Non,Non,Non,Non,Oui,Non,Non,Non,Non,Non,Non,Non,Moins de cinq ans,NA,Non,Non,Non,Non,Oui,fonct,Non,Non,Non,Non,Oui,Non,Non,Non,Non,autre,1,NA,Une femme
1171,Non,Non,Oui,Oui,Non,Oui,Oui,Oui,Non,Oui,Non,Non,Non,Non,Oui,Non,Non,Non,Non,Non,Non,Non,Non,Non,Oui,Non,Non,Oui,Peu,Oui,Non,Non,Oui,Non,Non,Non,moins,moins,moins,NA,NA,moins,NA,NA,NA,moins,NA,moins,NA,NA,Oui,Non,Oui,Oui,Non,Oui,Non,Oui,Oui,Non,Non,Non,Non,Non,Oui,Souvent,NA,NA,NA,Non,Non,Non,Non,Oui,Non,Oui,Non,Oui,Non,Non,Non,Non,Oui,Non,Non,Non,Non,Non,Non,oui,non,non,oui,non,Je ne sais pas,Parfois,Non,Oui,Oui,Non,Non,Oui,Oui,Non,Oui,Non,Non,Non,Non,Non,Non,Non,Non,2a5,Oui,Oui,Non,Non,Non,Non,Non,Non,Non,Non,Non,LinuxUnix,Non,Non,Oui,Non,Non,Oui,Non,Non,Non,Non,Oui,Non,Non,Non,Non,Non,Non,Non,Non,Non,Non,Non,Non,Non,Oui,Non,Non,Non,Non,Oui,Non,Non,Non,Oui,Non,Non,Non,Non,Non,Non,NA,NA,Oui,Non,Oui,Oui,Non,Non,Non,Non,Oui,Oui,Oui,Non,Non,Non,Non,Non,Non,Non,Oui,Non,Non,Non,Oui,Non,Plus de dix ans,CNRS,Oui,Non,Non,Non,Non,fonct,Non,Non,Non,Non,Oui,Non,Non,Non,Non,autre,1,sociologie,Une femme
479,Non,Non,Oui,Oui,Non,Oui,Oui,Non,Non,Oui,Oui,Oui,Non,Non,Non,Non,Non,Non,Non,Oui,Non,Non,Oui,Non,Oui,Non,Non,Non,Tout à fait,Oui,Non,Non,Oui,Non,Non,Oui,plus,moins,moins,NA,moins,moins,moins,moins,moins,moins,moins,moins,moins,moins,Oui,Non,Oui,Non,Oui,Oui,Oui,Oui,Oui,Non,Non,Non,Non,Oui,Oui,Souvent,NA,NA,NA,Oui,Oui,Oui,Oui,Non,Non,Oui,Non,Non,Non,Non,Non,Non,Non,Non,Non,Non,Non,Non,Non,non,non,non,oui,oui,Oui,Souvent,Oui,Non,Non,Non,Non,Non,Oui,Non,Oui,Non,Non,Oui,Non,Oui,Non,Non,Non,2a5,Oui,Oui,Non,Non,Non,Non,Non,Non,Non,Non,Oui,MacOS,Oui,Non,Non,Non,Non,Oui,Non,Non,Non,Non,Oui,Non,Non,Non,Non,Non,Non,Non,Non,Oui,Non,Oui,Oui,Oui,Oui,Non,Non,Non,Non,Non,Non,Non,Non,Oui,Oui,Non,Non,Non,Non,Non,NA,NA,Non,Non,Non,Oui,Non,Non,Non,Non,Non,Non,Non,Oui,Non,Non,Non,Non,Non,Oui,Non,Non,Non,Non,Non,Non,Plus de dix ans,autre,Oui,Non,Non,Non,Non,fonct,Non,Non,Non,Non,Oui,Non,Non,Non,Non,autre,1,sociologie,Un homme
225,Non,Non,Non,Non,Oui,Oui,Oui,Non,Non,Non,Non,Non,Oui,Non,Non,Non,Non,Non,Non,Non,Non,Non,Oui,Non,Oui,Non,Non,Non,Tout à fait,Non,Non,Non,Oui,Non,Non,Oui,moins,NA,moins,moins,moins,moins,moins,moins,NA,NA,moins,NA,moins,NA,Non,Non,Non,Non,Non,Non,Oui,Non,Oui,Oui,Non,Oui,Oui,Oui,Non,Toujours,Souvent,NA,NA,Non,Non,Non,Oui,Non,Non,Non,Non,Non,Non,Non,Non,Non,Oui,Non,Non,Non,Non,Non,Non,oui,oui,non,non,non,Je ne sais pas,Souvent,Non,Non,Non,Non,Oui,Oui,Non,Oui,Non,Non,Non,Non,Non,Oui,Non,Non,Non,2a5,Oui,Non,Non,Non,Non,Non,Non,Non,Non,Non,Non,Windows,Non,Non,Non,Oui,Non,Non,Non,Non,Non,Non,Non,Oui,Non,Non,Non,Non,Non,Non,Oui,Oui,Non,Non,Non,Non,Non,Non,Non,Non,Oui,Non,Non,Non,Non,Oui,Oui,Non,Non,Non,Non,Non,NA,NA,Non,Oui,Non,Oui,Non,Non,Non,Non,Non,Oui,Non,Non,Non,Non,Non,Non,Non,Non,Oui,Non,Non,Non,Non,Non,Plus de dix ans,Université,Oui,Non,Non,Non,Non,fonct,Oui,Non,Oui,Non,Oui,Non,Non,Non,Non,autre,1,autre,Un homme
888,Non,Non,Non,Oui,Non,Oui,Oui,Non,Non,Oui,Non,Non,Oui,Non,Oui,Non,Oui,Oui,Non,Oui,Non,Non,Oui,Non,Oui,Non,Non,Non,Assez,Non,Oui,Oui,Non,Oui,Non,Non,moins,moins,moins,moins,moins,moins,moins,moins,moins,moins,moins,moins,moins,moins,Non,Non,Non,Non,Oui,Oui,Non,Oui,Oui,Non,Oui,Oui,Non,Oui,Non,Toujours,Jamais,Toujours,Toujours,Oui,Non,Non,Non,Oui,Non,Non,Oui,Oui,Non,Oui,Non,Oui,Non,Non,Non,Non,Oui,Non,Non,oui,oui,non,oui,non,Oui,Souvent,Non,Oui,Oui,Oui,Non,Non,Oui,Oui,Oui,Non,Non,Oui,Non,Oui,Oui,Non,Non,2a5,Oui,Non,Oui,Non,Non,Non,Non,Non,Non,Non,Oui,MacOS,Oui,Non,Non,Non,Oui,Non,Non,Oui,Non,Non,Oui,Oui,Oui,Non,Non,Oui,Non,Oui,Oui,Non,Non,Oui,Non,Non,Oui,Non,Non,Non,Oui,Oui,Non,Non,Oui,Oui,Oui,Oui,Non,Oui,Non,Oui,Jamais,tressat,Oui,Non,Oui,Oui,Non,Non,Non,Non,Non,Non,Non,Oui,Oui,Non,Oui,Non,Oui,Oui,Non,Oui,Non,Non,Non,Non,Plus de dix ans,Université,Oui,Non,Non,Non,Non,fonct,Oui,Non,Oui,Non,Oui,Non,Non,Non,Non,autre,1,histoire,Un homme
274,Non,Non,Non,Oui,Oui,Oui,Oui,Non,Non,Oui,Non,Non,Non,Non,Non,Non,Non,Non,Non,Non,Non,Non,Oui,Non,Oui,Non,Oui,Non,Tout à fait,Non,Non,Oui,Non,Non,Non,Non,moins,moins,moins,moins,moins,plus,plus,moins,moins,moins,moins,moins,moins,moins,Non,Non,Oui,Non,Non,Non,Non,Oui,Oui,Oui,Non,Oui,Oui,Non,Non,Souvent,Jamais,Jamais,Parfois,Non,Non,Non,Non,Oui,Non,Non,Non,Non,Non,Non,Non,Non,Non,Non,Non,Non,Non,Non,Oui,oui,oui,non,non,oui,Oui,Parfois,Non,Non,Oui,Oui,Non,Non,Oui,Non,Non,Non,Oui,Oui,Non,Non,Non,Non,Non,seule,NA,NA,NA,NA,NA,NA,NA,NA,NA,NA,NA,LinuxUnix,Oui,Non,Non,Non,Non,Non,Non,Oui,Oui,Non,NA,NA,NA,NA,NA,NA,NA,NA,NA,NA,NA,NA,NA,NA,NA,NA,NA,NA,NA,NA,NA,Non,Non,Non,Non,Non,Non,Non,Oui,Oui,Parfois,plutotsat,Non,Non,Non,Non,Non,Non,Non,Oui,Non,Non,Non,Non,Non,Non,Non,Oui,Non,Non,Non,Non,Non,Non,Non,Oui,Plus de dix ans,Université,Non,Oui,Non,Non,Non,autre,Oui,Non,Oui,Oui,Oui,Non,Non,Non,Non,autre,1,autre,Un homme
611,Non,Non,Oui,Non,Oui,Oui,Non,Non,Oui,Non,Non,Non,Oui,Oui,Oui,Non,Oui,Oui,Non,Non,Non,Non,Non,Non,Oui,Oui,Oui,Non,Tout à fait,Oui,Oui,Oui,Non,Non,Non,Oui,moins,moins,moins,moins,moins,moins,moins,moins,moins,moins,moins,NA,moins,moins,Non,Non,Oui,Oui,Oui,Oui,Oui,Oui,Oui,Non,Oui,Oui,Oui,Oui,Non,Toujours,Parfois,Jamais,Jamais,Oui,Non,Oui,Non,Non,Non,Oui,Oui,Oui,Non,Non,Non,Non,Non,Non,Non,Non,Non,Non,Non,non,oui,non,non,non,Oui,Souvent,Non,Non,Oui,Oui,Oui,Non,Oui,Oui,Oui,Non,Non,Non,Non,Non,Non,Non,Non,2a5,Oui,Non,Non,Non,Non,Non,Non,Non,Non,Non,Non,Windows,Oui,Non,Oui,Non,Oui,Non,Non,Oui,Non,Non,Oui,Oui,Oui,Non,Non,Non,Non,Non,Oui,Non,Non,Oui,Oui,Non,Oui,Non,Oui,Non,Oui,Non,Non,Non,Oui,Oui,Non,Non,Oui,Non,Non,Oui,Parfois,insatisfait,Oui,Oui,Non,Non,Non,Oui,Non,Non,Non,Non,Non,Non,Non,Non,Oui,Non,Non,Oui,Non,Non,Non,Non,Non,Non,Plus de dix ans,organisme,Oui,Non,Non,Non,Non,fonct,Oui,Oui,Non,Non,Oui,Non,Non,Oui,Non,autre,1,autre,Un homme
1009,Oui,Oui,Oui,Oui,Non,Oui,Non,Oui,Oui,Non,Non,Non,Oui,Non,Non,Non,Non,Non,Non,Non,Non,Non,Oui,Oui,Oui,Non,Non,Non,Assez,Non,Non,Oui,Oui,Oui,Non,Oui,moins,NA,moins,NA,moins,moins,NA,moins,NA,moins,moins,moins,moins,moins,Oui,Oui,Oui,Non,Oui,Oui,Oui,Non,Oui,Non,Non,Non,Non,Oui,Oui,Parfois,Jamais,Jamais,Jamais,Non,Non,Non,Oui,Non,Non,Non,Non,Oui,Non,Oui,Non,Non,Non,Non,Non,Non,Non,Non,Non,non,non,oui,oui,oui,Oui,Souvent,Oui,Non,Non,Oui,Oui,Oui,Oui,Non,Oui,Non,Non,Non,Non,Non,Non,Non,Non,2a5,Oui,Non,Non,Non,Oui,Non,Non,Oui,Non,Non,Non,Windows,Non,Non,Non,Non,Non,Non,Non,Non,Non,Non,Non,Non,Non,Non,Non,Non,Non,Non,Non,Non,Oui,Non,Non,Non,Non,Non,Non,Non,Non,Non,Oui,Non,Non,Non,Oui,Non,Oui,Non,Non,Oui,Toujours,plutotsat,Oui,Non,Non,Non,Oui,Non,Non,Non,Non,Oui,Non,Non,Oui,Non,Oui,Non,Oui,Oui,Oui,Oui,Non,Non,Oui,Non,Cinq à dix ans,autre,Non,Non,Non,Non,Non,autre,Non,Non,Oui,Non,Oui,Oui,Non,Non,Non,autre,1,autre,Un homme
952,Non,Non,Non,Oui,Oui,Oui,Oui,Non,Non,Oui,Non,Non,Oui,Oui,Oui,Non,Oui,Oui,Non,Oui,Non,Non,Oui,Oui,Oui,Non,Non,Oui,Tout à fait,Oui,Non,Oui,Non,Oui,Oui,Oui,moins,NA,moins,moins,NA,moins,NA,moins,NA,moins,plus,moins,moins,moins,Non,Non,Oui,Oui,Oui,Oui,Oui,Oui,Oui,Non,Oui,Non,Oui,Oui,Non,Parfois,Toujours,Jamais,Jamais,Oui,Non,Non,Non,Non,Non,Oui,Oui,Oui,Oui,Non,Non,Non,Oui,Oui,Oui,Non,Non,Non,Non,oui,oui,non,non,oui,Oui,Non applicable,Oui,Oui,Oui,Oui,Oui,Non,Non,Oui,Oui,Non,Oui,Non,Non,Non,Non,Non,Non,11plus,Non,Non,Oui,Non,Oui,Oui,Oui,Oui,Non,Oui,Non,Windows,Oui,Non,Non,Non,Oui,Oui,Non,Non,Oui,Non,NA,NA,NA,NA,NA,NA,NA,NA,NA,NA,NA,NA,NA,NA,NA,NA,NA,NA,NA,NA,NA,Non,Oui,Oui,Oui,Non,Oui,Non,Non,Oui,Toujours,tressat,Non,Non,Non,Non,Non,Non,Non,Oui,Non,Non,Non,Oui,Non,Non,Non,Non,Oui,Oui,Oui,Oui,Oui,Non,Non,Non,Plus de dix ans,école,Non,Non,Non,Oui,Non,fonct,Oui,Non,Oui,Non,Oui,Oui,Non,Non,Non,autre,1,autre,Une femme
1164,Non,Non,Non,Oui,Non,Oui,Non,Oui,Non,Oui,Non,Non,Non,Non,Non,Non,Non,Non,Non,Non,Non,Non,Non,Non,Oui,Non,Non,Non,Pas du tout,Non,Non,Non,Non,Oui,Non,Non,plus,plus,plus,moins,moins,plus,moins,plus,moins,plus,moins,moins,moins,moins,Non,Non,Oui,Oui,Non,Oui,Non,Oui,Oui,Non,Non,Non,Non,Oui,Oui,Parfois,Jamais,Jamais,Jamais,Non,Non,Non,Non,Oui,Non,Non,Non,Oui,Non,Non,Non,Non,Non,Non,Non,Non,Non,Non,Non,oui,non,non,non,non,Je ne sais pas,Toujours,Non,Non,Non,Non,Oui,Oui,Oui,Non,Non,Non,Non,Non,Non,Non,Non,Non,Non,seule,NA,NA,NA,NA,NA,NA,NA,NA,NA,NA,NA,Windows,Oui,Non,Non,Non,Non,Non,Non,Non,Non,Non,Oui,Non,Non,Non,Non,Non,Non,Non,Non,Non,Non,Non,Non,Non,Non,Non,Non,Non,Oui,Non,Non,Non,Non,Non,Non,Non,Non,Non,Oui,Non,NA,NA,Non,Non,Non,Non,Non,Non,Non,Oui,Non,Oui,Non,Oui,Non,Non,Non,Non,Oui,Non,Non,Non,Non,Non,Non,Non,Moins de cinq ans,autre,Non,Oui,Non,Non,Non,doct,Oui,Non,Non,Non,Non,Non,Non,Non,Non,DE,3.4,autre,Une femme
1122,Non,Non,Non,Oui,Non,Oui,Oui,Oui,Non,Non,Non,Non,Non,Non,Oui,Non,Non,Non,Non,Non,Non,Non,Oui,Non,Non,Non,Non,Non,Pas du tout,Non,Non,Non,Non,Non,Non,Non,NA,NA,moins,NA,NA,plus,NA,NA,NA,NA,NA,NA,NA,NA,Non,Non,Oui,Oui,Non,Oui,Non,Oui,Oui,Non,Non,Non,Non,Non,Non,NA,NA,NA,NA,Non,Non,Non,Non,Oui,Non,Non,Non,Non,Non,Non,Non,Non,Non,Non,Non,Non,Non,Non,Oui,oui,non,non,oui,non,Non applicable,Souvent,Non,Non,Oui,Non,Non,Non,Oui,Non,Oui,Non,Non,Non,Non,Non,Non,Non,Non,seule,NA,NA,NA,NA,NA,NA,NA,NA,NA,NA,NA,MacOS,Non,Non,Non,Non,Non,Non,Non,Non,Non,Oui,Non,Non,Non,Non,Non,Non,Non,Non,Non,Non,Oui,Non,Non,Non,Non,Non,Non,Non,Non,Non,Oui,Non,Non,Non,Non,Non,Non,Non,Oui,Non applicable,NA,NA,Non,Non,Non,Non,Non,Non,Non,Oui,Non,Non,Non,Non,Non,Non,Non,Oui,Non,Oui,Non,Non,Non,Oui,Non,Non,Plus de dix ans,autre,Oui,Non,Non,Non,Non,fonct,Oui,Non,Non,Non,Non,Non,Non,Non,Non,DE,3.4,autre,Un homme
1193,Non,Non,Non,Oui,Non,Oui,Non,Oui,Non,Oui,Non,Non,Oui,Non,Oui,Non,Non,Non,Non,Non,Non,Non,Non,Non,Non,Non,Non,Oui,Pas du tout,Non,Non,Non,Oui,Oui,Non,Oui,plus,moins,NA,moins,NA,moins,NA,NA,NA,NA,NA,NA,NA,NA,Non,Non,Oui,Oui,Non,Oui,Oui,Non,Non,Non,Non,Non,Non,Non,Oui,Parfois,Parfois,Jamais,NA,Oui,Non,Oui,Non,Non,Non,Non,Non,Oui,Non,Non,Non,Non,Non,Non,Non,Non,Non,Non,Non,oui,oui,non,non,non,Oui,Souvent,Non,Non,Oui,Oui,Oui,Oui,Oui,Non,Oui,Non,Non,Non,Non,Non,Non,Non,Non,seule,NA,NA,NA,NA,NA,NA,NA,NA,NA,NA,NA,Windows,Oui,Non,Non,Non,Non,Non,Non,Non,Non,Non,Oui,Non,Non,Non,Non,Non,Non,Non,Non,Non,Non,Non,Non,Non,Non,Non,Non,Non,Oui,Non,Non,Non,Non,Non,Non,Non,Non,Non,Oui,Oui,Parfois,plutotsat,Non,Non,Non,Non,Oui,Non,Non,Non,Non,Non,Non,Oui,Oui,Non,Oui,Non,Oui,Non,Oui,Non,Oui,Oui,Oui,Non,Plus de dix ans,autre,Oui,Non,Non,Non,Non,fonct,Oui,Non,Non,Non,Non,Non,Non,Non,Non,DE,3.4,autre,Une femme
1098,Non,Non,Non,Oui,Non,Oui,Oui,Non,Non,Oui,Non,Non,Non,Non,Oui,Non,Non,Non,Non,Oui,Non,Non,Non,Non,Oui,Non,Non,Oui,Peu,Non,Non,Non,Oui,Non,Non,Oui,moins,moins,moins,NA,NA,moins,NA,NA,moins,moins,NA,NA,moins,NA,Non,Non,Non,Oui,Non,Oui,Non,Oui,Oui,Non,Non,Non,Non,Non,Non,Parfois,Parfois,Parfois,Parfois,Oui,Non,Oui,Non,Non,Non,Non,Oui,Oui,Non,Non,Non,Oui,Non,Non,Non,Non,Non,Non,Non,oui,oui,non,non,non,Je ne sais pas,Souvent,Non,Non,Oui,Oui,Non,Oui,Non,Oui,Non,Non,Non,Non,Oui,Non,Non,Non,Non,2a5,Oui,Oui,Oui,Non,Non,Non,Non,Non,Non,Non,Non,Windows,Oui,Non,Non,Non,Non,Non,Non,Non,Non,Non,Oui,Oui,Oui,Oui,Non,Non,Non,Non,Oui,Non,Non,Oui,Oui,Non,Non,Non,Non,Non,Oui,Non,Non,Non,Oui,Oui,Non,Non,Non,Non,Non,Non,NA,NA,Non,Oui,Oui,Oui,Non,Oui,Non,Non,Non,Non,Oui,Oui,Non,Non,Non,Non,Oui,Non,Oui,Non,Non,Non,Non,Non,Plus de dix ans,Université,Oui,Non,Non,Non,Non,fonct,Oui,Non,Non,Non,Non,Non,Non,Non,Non,DE,3.4,autre,Un homme
914,Non,Non,Non,Oui,Non,Oui,Non,Oui,Non,Oui,Non,Non,Oui,Non,Oui,Non,Oui,Non,Non,Non,Non,Non,Non,Non,Oui,Non,Non,Non,Assez,Oui,Non,Non,Non,Non,Non,Oui,moins,moins,NA,moins,moins,moins,NA,NA,moins,moins,moins,NA,NA,NA,Oui,Non,Oui,Oui,Non,Oui,Oui,Oui,Oui,Non,Non,Non,Non,Oui,Oui,Souvent,Parfois,Parfois,Jamais,Oui,Non,Non,Non,Non,Non,Non,Non,Oui,Oui,Non,Non,Oui,Oui,Non,Non,Non,Non,Non,Non,oui,non,non,non,non,Je ne sais pas,Souvent,Non,Non,Non,Non,Non,Non,Oui,Oui,Oui,Non,Non,Non,Non,Non,Non,Oui,Non,seule,NA,NA,NA,NA,NA,NA,NA,NA,NA,NA,NA,MacOS,Oui,Non,Non,Non,Non,Oui,Non,Non,Non,Non,Oui,Non,Non,Non,Non,Non,Non,Non,Non,Non,Non,Non,Non,Non,Oui,Oui,Oui,Oui,Oui,Oui,Non,Non,Non,Oui,Oui,Non,Non,Oui,Non,Oui,Souvent,plutotsat,Non,Non,Non,Non,Non,Non,Non,Oui,Non,Oui,Non,Non,Oui,Non,Non,Non,Non,Non,Non,Non,Oui,Oui,Oui,Non,Moins de cinq ans,Université,Non,Oui,Non,Non,Non,CDD,Oui,Non,Non,Non,Non,Non,Non,Non,Non,DE,3.4,autre,Autre
1144,Non,Non,Non,Oui,Non,Oui,Non,Oui,Non,Oui,Non,Non,Non,Non,Oui,Non,Non,Non,Non,Non,Non,Non,Non,Oui,Oui,Non,Non,Non,Pas du tout,Non,Non,Non,Oui,Non,Non,Oui,NA,NA,moins,NA,NA,NA,NA,NA,NA,NA,NA,NA,NA,NA,Non,Non,Non,Non,Non,Oui,Oui,Oui,Non,Non,Non,Non,Non,Non,Oui,Jamais,Jamais,Jamais,Jamais,Oui,Non,Non,Non,Non,Non,Non,Non,Non,Non,Non,Non,Non,Non,Non,Non,Non,Non,Oui,Non,oui,non,non,non,non,Non,Je ne sais pas,Non,Non,Non,Non,Non,Oui,Oui,Non,Oui,Non,Non,Non,Non,Non,Non,Non,Non,seule,NA,NA,NA,NA,NA,NA,NA,NA,NA,NA,NA,Windows,Non,Non,Non,Non,Non,Non,Non,Non,Non,Oui,Non,Non,Non,Non,Non,Non,Non,Non,Non,Non,Oui,Non,Non,Non,Oui,Non,Non,Non,Non,Non,Non,Non,Oui,Non,Non,Non,Non,Non,Oui,Oui,Parfois,plutotsat,Non,Non,Non,Non,Oui,Non,Non,Non,Non,Non,Non,Non,Non,Non,Non,Oui,Non,Non,Non,Non,Non,Oui,Non,Non,Plus de dix ans,Université,Oui,Non,Non,Non,Non,fonct,Oui,Non,Non,Non,Non,Non,Non,Non,Non,DE,3.4,autre,Une femme
530,Non,Non,Oui,Non,Oui,Oui,Non,Non,Non,Non,Non,Non,Non,Non,Oui,Non,Oui,Oui,Non,Oui,Non,Oui,Oui,Non,Non,Non,Non,Non,Assez,Oui,Oui,Non,Non,Non,Non,Oui,moins,moins,NA,moins,moins,moins,NA,NA,moins,moins,moins,moins,moins,NA,Oui,Non,Oui,Non,Non,Non,Non,Non,Oui,Non,Non,Oui,Oui,Oui,Non,Parfois,Jamais,Jamais,Jamais,Oui,Non,Non,Non,Non,Non,Non,Non,Oui,Non,Non,Non,Non,Non,Non,Non,Non,Non,Non,Non,non,oui,non,non,non,Oui,Parfois,Non,Non,Oui,Oui,Oui,Oui,Non,Oui,Oui,Non,Non,Non,Non,Non,Non,Non,Non,2a5,Oui,Non,Non,Non,Non,Non,Non,Non,Non,Non,Non,Windows,Oui,Non,Oui,Oui,Oui,Non,Non,Oui,Non,Non,Oui,Oui,Non,Non,Non,Non,Non,Non,Non,Non,Non,Non,Non,Oui,Oui,Oui,Non,Non,Oui,Oui,Non,Non,Non,Oui,Oui,Non,Non,Non,Non,Non,NA,NA,Oui,Non,Non,Oui,Non,Non,Non,Non,Oui,Non,Oui,Non,Non,Non,Non,Non,Oui,Oui,Non,Oui,Non,Non,Non,Non,Plus de dix ans,école,Oui,Non,Non,Non,Non,fonct,Oui,Non,Non,Non,Non,Non,Non,Non,Non,DE,3.4,autre,Un homme
984,Non,Non,Oui,Non,Oui,Oui,Non,Oui,Non,Non,Non,Non,Non,Oui,Oui,Non,Oui,Oui,Non,Oui,Non,Non,Oui,Oui,Non,Non,Non,Oui,Assez,Oui,Oui,Oui,Oui,Oui,Non,Oui,moins,NA,moins,moins,moins,moins,NA,moins,moins,moins,moins,moins,moins,NA,Oui,Non,Oui,Non,Non,Oui,Non,Non,Oui,Non,Non,Non,Non,Oui,Non,Parfois,Parfois,Parfois,Parfois,Non,Non,Non,Non,Oui,Non,Non,Oui,Oui,Non,Oui,Non,Oui,Oui,Oui,Non,Non,Non,Non,Non,oui,non,non,non,non,Oui,Parfois,Non,Oui,Oui,Oui,Oui,Non,Oui,Non,Non,Oui,Non,Non,Non,Non,Non,Non,Non,2a5,Oui,Non,Oui,Non,Non,Non,Non,Non,Non,Non,Non,Windows,Oui,Non,Non,Non,Oui,Non,Non,Oui,Non,Non,Non,Oui,Non,Non,Non,Non,Oui,Non,Non,Non,Non,Oui,Non,Oui,Non,Non,Non,Oui,Oui,Non,Non,Non,Non,Oui,Non,Non,Non,Non,Non,Oui,Jamais,NA,Non,Oui,Non,Non,Non,Non,Non,Non,Non,Non,Non,Non,Non,Non,Non,Oui,Non,Non,Oui,Non,Oui,Non,Oui,Non,Plus de dix ans,école,Non,Non,Oui,Non,Non,fonct,Oui,Non,Non,Non,Non,Non,Non,Non,Non,DE,3.4,autre,Une femme
978,Oui,Non,Non,Non,Non,Oui,Non,Non,Non,Non,Non,Non,Non,Non,Non,Non,Oui,Oui,Non,Non,Oui,Non,Oui,Non,Non,Non,Non,Non,Assez,Non,Oui,Oui,Oui,Non,Non,Oui,moins,moins,moins,moins,moins,moins,moins,moins,moins,moins,moins,moins,moins,moins,Oui,Non,Non,Non,Non,Non,Non,Non,Oui,Non,Non,Oui,Non,Oui,Non,Parfois,Jamais,Jamais,Jamais,Oui,Non,Oui,Non,Non,Non,Oui,Non,Oui,Non,Non,Non,Non,Non,Non,Non,Non,Non,Non,Non,oui,oui,non,oui,non,Oui,Jamais,Non,Non,Non,Non,Oui,Non,Oui,Non,Non,Non,Non,Non,Oui,Non,Non,Non,Non,2a5,Oui,Non,Non,Non,Non,Non,Non,Non,Non,Non,Non,Windows,Oui,Non,Non,Non,Oui,Oui,Non,Non,Non,Non,Non,Oui,Oui,Non,Non,Non,Non,Non,Oui,Non,Non,Non,Oui,Non,Oui,Non,Non,Non,Oui,Non,Non,Non,Non,Oui,Oui,Non,Non,Oui,Non,Oui,Jamais,NA,Non,Non,Non,Non,Non,Non,Non,Oui,Non,Oui,Non,Non,Oui,Non,Non,Non,Oui,Non,Oui,Oui,Non,Non,Non,Non,Plus de dix ans,Université,Oui,Non,Non,Non,Non,fonct,Oui,Non,Non,Non,Non,Non,Non,Non,Non,DE,3.4,autre,Une femme
823,Non,Non,Non,Non,Oui,Non,Non,Non,Non,Non,Non,Non,Oui,Oui,Oui,Non,Oui,Oui,Non,Non,Non,Non,Non,Oui,Non,Non,Non,Non,Assez,Oui,Oui,Non,Non,Non,Non,Oui,NA,NA,moins,moins,moins,moins,moins,moins,moins,moins,moins,moins,moins,moins,Non,Non,Oui,Oui,Non,Non,Non,Non,Oui,Oui,Non,Oui,Non,Non,Non,Parfois,Jamais,Parfois,Jamais,Oui,Non,Non,Non,Non,Non,Non,Non,Non,Non,Non,Non,Oui,Non,Non,Non,Non,Non,Non,Non,non,oui,non,oui,oui,Non,Souvent,Non,Oui,Oui,Non,Oui,Non,Oui,Oui,Non,Non,Oui,Non,Non,Non,Non,Non,Non,2a5,Oui,Oui,Non,Non,Non,Non,Non,Non,Non,Non,Non,Windows,Non,Non,Non,Non,Oui,Non,Non,Non,Non,Non,Oui,Oui,Non,Non,Non,Non,Non,Non,Non,Non,Non,Oui,Non,Non,Oui,Non,Non,Non,Oui,Non,Non,Non,Non,Oui,Oui,Non,Non,Non,Non,Oui,Parfois,insatisfait,Oui,Non,Oui,Non,Non,Oui,Oui,Non,Non,Non,Non,Oui,Non,Non,Oui,Non,Oui,Non,Oui,Non,Non,Oui,Oui,Non,Plus de dix ans,Université,Oui,Non,Non,Non,Non,fonct,Oui,Non,Non,Non,Non,Non,Non,Non,Non,DE,3.4,autre,Une femme
87,Non,Non,Oui,Oui,Non,Oui,Oui,Oui,Oui,Oui,Oui,Non,Non,Oui,Oui,Non,Oui,Non,Non,Non,Non,Non,Oui,Non,Oui,Non,Non,Non,Assez,Non,Oui,Non,Non,Non,Non,Oui,moins,NA,moins,NA,NA,plus,plus,NA,NA,moins,moins,NA,moins,moins,Oui,Non,Oui,Oui,Oui,Oui,Non,Non,Oui,Non,Non,Non,Non,Oui,Oui,Parfois,Jamais,Jamais,Jamais,Non,Non,Non,Non,Oui,Non,Non,Non,Non,Non,Non,Non,Non,Non,Non,Non,Non,Non,Non,Oui,non,non,oui,oui,oui,Non,Parfois,Oui,Non,Non,Non,Oui,Oui,Oui,Non,Oui,Non,Non,Non,Non,Non,Non,Non,Non,2a5,Non,Oui,Oui,Non,Non,Non,Non,Non,Non,Non,Non,Windows,Oui,Non,Non,Non,Oui,Non,Oui,Non,Non,Non,Non,Oui,Oui,Non,Non,Non,Non,Non,Oui,Non,Non,Non,Non,Non,Oui,Non,Non,Non,Non,Non,Non,Non,Non,Oui,Oui,Non,Non,Non,Non,Oui,Jamais,tressat,Oui,Oui,Non,Non,Oui,Oui,Oui,Non,Oui,Oui,Non,Oui,Oui,Oui,Non,Non,Non,Non,Non,Non,Non,Non,Non,Oui,Plus de dix ans,autre,Oui,Non,Non,Non,Non,fonct,Oui,Non,Non,Non,Non,Non,Non,Non,Non,DE,3.4,autre,Une femme
834,Non,Non,Non,Non,Non,Oui,Non,Oui,Non,Oui,Non,Oui,Oui,Oui,Oui,Oui,Oui,Oui,Non,Non,Non,Non,Non,Non,Oui,Non,Non,Non,Assez,Oui,Oui,Non,Oui,Oui,Non,Oui,moins,moins,moins,moins,moins,moins,moins,moins,moins,moins,moins,moins,moins,moins,Non,Non,Non,Non,Oui,Oui,Non,Non,Oui,Non,Non,Oui,Oui,Oui,Oui,Souvent,Jamais,Jamais,Jamais,Non,Non,Non,Non,Non,Oui,Non,Non,Non,Non,Non,Non,Non,Non,Non,Non,Non,Oui,Non,Non,non,non,oui,oui,non,Oui,Souvent,Non,Oui,Oui,Non,Oui,Non,Non,Oui,Non,Non,Non,Non,Non,Oui,Non,Non,Non,2a5,Oui,Oui,Non,Non,Non,Non,Non,Non,Non,Non,Non,MacOS,Oui,Non,Non,Non,Non,Non,Non,Oui,Non,Non,Non,Non,Non,Oui,Non,Non,Oui,Non,Non,Non,Non,Oui,Non,Oui,Oui,Oui,Oui,Oui,Oui,Oui,Non,Non,Oui,Oui,Oui,Oui,Non,Non,Oui,Non applicable,NA,NA,Non,Non,Non,Non,Non,Non,Non,Oui,Non,Non,Oui,Oui,Non,Non,Non,Non,Non,Non,Oui,Non,Non,Non,Non,Non,Moins de cinq ans,autre,Non,Oui,Non,Non,Non,doct,Oui,Non,Non,Non,Non,Non,Non,Non,Non,DE,3.4,autre,Un homme
1211,Non,Non,Oui,Oui,Oui,Oui,Oui,Non,Non,Oui,Non,Non,Oui,Oui,Oui,Non,Oui,Oui,Non,Oui,Non,Non,Oui,Non,Non,Non,Non,Oui,Assez,Oui,Non,Oui,Non,Non,Non,Oui,moins,NA,NA,moins,moins,moins,NA,moins,moins,moins,moins,moins,moins,moins,Oui,Non,Non,Oui,Non,Non,Non,Non,Non,Non,Non,Oui,Non,Oui,Oui,Souvent,Souvent,Jamais,Jamais,Oui,Non,Non,Non,Non,Non,Oui,Oui,Oui,Oui,Non,Non,Non,Non,Oui,Non,Non,Non,Non,Non,oui,oui,non,oui,oui,Je ne sais pas,Jamais,Non,Oui,Non,Non,Oui,Non,Non,Non,Non,Non,Oui,Non,Non,Non,Non,Non,Non,2a5,Oui,Non,Oui,Non,Non,Non,Non,Non,Non,Non,Non,Windows,Oui,Non,Non,Non,Oui,Oui,Non,Oui,Non,Non,Oui,Non,Non,Oui,Non,Non,Oui,Non,Oui,Non,Non,Non,Non,Oui,Non,Non,Oui,Oui,Oui,Oui,Non,Non,Non,Oui,Oui,Non,Non,Oui,Non,Non,NA,NA,Non,Non,Oui,Non,Non,Non,Non,Non,Non,Non,Non,Oui,Non,Non,Non,Non,Oui,Non,Non,Non,Non,Non,Non,Non,Cinq à dix ans,NA,Non,Non,Oui,Non,Non,fonct,Oui,Non,Non,Non,Non,Non,Non,Non,Non,DE,3.4,autre,Une femme
1092,Non,Non,Oui,Non,Non,Oui,Non,Non,Non,Non,Oui,Non,Non,Oui,Non,Non,Oui,Non,Non,Non,Non,Non,Oui,Non,Oui,Non,Non,Non,Assez,Non,Non,Non,Oui,Non,Non,Oui,plus,NA,moins,NA,NA,moins,NA,NA,moins,moins,moins,NA,NA,NA,Oui,Non,Non,Non,Non,Non,Non,Non,Oui,Non,Non,Non,Non,Oui,Oui,Jamais,Jamais,Jamais,Jamais,Non,Non,Non,Oui,Oui,Non,Non,Non,Non,Non,Non,Non,Non,Non,Non,Non,Non,Non,Non,Oui,oui,non,non,non,non,Non,Parfois,Oui,Non,Non,Non,Oui,Oui,Non,Oui,Non,Non,Non,Non,Non,Oui,Non,Non,Non,2a5,Oui,Oui,Non,Non,Non,Non,Non,Non,Non,Non,Non,MacOS,Oui,Non,Non,Oui,Oui,Non,Non,Non,Non,Non,Non,Oui,Non,Non,Non,Non,Non,Oui,Oui,Non,Non,Non,Non,Non,Non,Non,Non,Non,Non,Non,Non,Non,Non,Oui,Non,Non,Non,Non,Non,Non,NA,NA,Non,Oui,Non,Non,Oui,Non,Oui,Non,Oui,Non,Non,Non,Non,Oui,Oui,Non,Oui,Oui,Non,Non,Non,Non,Non,Non,Plus de dix ans,autre,Oui,Non,Non,Non,Non,fonct,Oui,Non,Non,Non,Non,Non,Non,Non,Non,DE,3.4,autre,Une femme
835,Non,Non,Oui,Non,Oui,Oui,Non,Oui,Non,Non,Non,Oui,Oui,Oui,Oui,Non,Oui,Oui,Non,Oui,Oui,Non,Oui,Non,Oui,Non,Non,Oui,Assez,Oui,Non,Oui,Oui,Oui,Non,Oui,moins,moins,moins,NA,NA,moins,moins,plus,moins,NA,moins,moins,moins,moins,Oui,Non,Oui,Non,Oui,Oui,Oui,Non,Oui,Non,Non,Non,Non,Oui,Oui,Parfois,Jamais,Jamais,Parfois,Non,Non,Oui,Non,Non,Non,Non,Non,Non,Non,Non,Oui,Oui,Oui,Non,Non,Non,Oui,Non,Non,non,non,oui,non,oui,Oui,Parfois,Non,Non,Oui,Oui,Oui,Oui,Non,Oui,Non,Non,Oui,Non,Non,Non,Non,Non,Non,6a10,Oui,Oui,Oui,Non,Non,Non,Non,Non,Non,Non,Oui,Windows,Oui,Non,Oui,Non,Non,Non,Non,Non,Non,Non,Oui,Oui,Oui,Non,Non,Non,Non,Non,Non,Non,Non,Oui,Oui,Non,Oui,Non,Non,Non,Oui,Non,Non,Non,Oui,Oui,Oui,Oui,Oui,Oui,Non,Non,NA,NA,Non,Non,Non,Oui,Non,Non,Non,Non,Non,Non,Non,Oui,Oui,Oui,Non,Non,Oui,Oui,Non,Oui,Oui,Non,Non,Non,Plus de dix ans,CNRS,Non,Non,Oui,Non,Oui,fonct,Oui,Non,Non,Non,Non,Non,Non,Non,Non,DE,3.4,autre,Autre
430,Non,Non,Oui,Oui,Non,Oui,Oui,Non,Non,Oui,Non,Non,Oui,Non,Non,Non,Non,Non,Non,Non,Non,Non,Oui,Non,Non,Non,Non,Oui,Tout à fait,Non,Non,Non,Oui,Non,Non,Oui,plus,NA,plus,NA,NA,plus,NA,NA,NA,NA,NA,NA,moins,moins,Oui,Non,Non,Non,Non,Oui,Non,Oui,Non,Non,Non,Non,Non,Non,Oui,Toujours,Souvent,NA,NA,Non,Non,Oui,Non,Non,Non,Non,Non,Non,Non,Non,Non,Non,Oui,Non,Non,Non,Non,Non,Non,oui,oui,oui,non,non,Je ne sais pas,Parfois,Non,Non,Non,Non,Oui,Non,Non,Oui,Oui,Non,Non,Non,Non,Non,Non,Non,Non,2a5,Oui,Oui,Non,Non,Non,Non,Non,Non,Non,Non,Oui,Windows,Non,Non,Non,Non,Non,Non,Non,Non,Non,Oui,Non,Non,Non,Non,Non,Non,Non,Non,Oui,Non,Non,Non,Non,Non,Non,Oui,Non,Non,Non,Oui,Non,Non,Non,Oui,Non,Non,Non,Non,Non,Oui,Souvent,tressat,Non,Non,Non,Non,Non,Non,Non,Oui,Non,Non,Non,Non,Non,Non,Non,Oui,Oui,Non,Oui,Non,Non,Non,Non,Non,Plus de dix ans,CNRS,Oui,Non,Non,Non,Non,fonct,Oui,Non,Non,Non,Non,Non,Non,Non,Non,DE,3.4,autre,Une femme
810,Non,Non,Oui,Oui,Oui,Oui,Non,Non,Non,Oui,Non,Non,Non,Non,Non,Non,Oui,Non,Non,Non,Non,Non,Oui,Non,Oui,Non,Non,Non,Tout à fait,Oui,Non,Oui,Oui,Non,Non,Oui,moins,moins,moins,NA,moins,plus,NA,NA,NA,NA,NA,NA,NA,NA,Oui,Non,Non,Non,Non,Oui,Non,Oui,Oui,Non,Non,Non,Non,Non,Oui,Parfois,Jamais,Jamais,Jamais,Non,Non,Non,Non,Oui,Non,Non,Non,Non,Non,Non,Non,Non,Non,Non,Non,Non,Non,Non,Oui,non,oui,oui,non,oui,Non,Parfois,Non,Non,Non,Non,Non,Non,Non,Oui,Non,Non,Oui,Non,Non,Non,Non,Non,Non,2a5,Oui,Non,Non,Non,Non,Non,Non,Non,Non,Non,Non,Windows,Oui,Non,Non,Non,Non,Non,Non,Non,Non,Non,Non,Non,Non,Non,Non,Non,Non,Non,Non,Non,Non,Oui,Non,Non,Non,Non,Non,Non,Oui,Oui,Non,Non,Non,Oui,Non,Non,Non,Non,Non,Oui,Jamais,NA,Non,Non,Non,Non,Non,Non,Non,Oui,Non,Non,Non,Non,Non,Non,Non,Oui,Non,Non,Non,Non,Non,Non,Non,Oui,Plus de dix ans,Université,Oui,Non,Non,Non,Non,fonct,Oui,Non,Non,Non,Non,Non,Non,Non,Non,DE,3.4,autre,Une femme
15,Oui,Non,Non,Non,Non,Non,Non,Non,Non,Non,Oui,Non,Non,Non,Non,Non,Non,Non,Non,Oui,Oui,Non,Non,Non,Non,Non,Non,Non,Pas du tout,Oui,Non,Oui,Non,Oui,Non,Oui,NA,NA,NA,NA,NA,NA,NA,NA,NA,NA,NA,NA,NA,NA,Non,Oui,Oui,Non,Non,Non,Non,Non,Non,Non,Oui,Non,Non,Non,Non,NA,NA,NA,NA,Non,Oui,Non,Non,Non,Non,Non,Non,Non,Oui,Non,Non,Non,Non,Non,Non,Non,Non,Non,Non,non,oui,oui,non,oui,Non,Jamais,Oui,Non,Non,Non,Non,Non,Oui,Non,Non,Non,Non,Non,Non,Non,Non,Non,Non,6a10,Oui,Non,Non,Non,Non,Non,Non,Non,Non,Non,Non,LinuxUnix,Non,Non,Non,Oui,Non,Non,Non,Non,Non,Non,Non,Non,Non,Non,Oui,Non,Non,Non,Non,Non,Non,Non,Oui,Non,Non,Non,Non,Non,Non,Non,Non,Oui,Non,Non,Non,Non,Non,Non,Non,Non,NA,NA,Non,Non,Oui,Non,Non,Non,Non,Non,Non,Non,Non,Non,Non,Non,Oui,Non,Oui,Non,Non,Non,Non,Non,Non,Non,Moins de cinq ans,NA,Oui,Non,Non,Non,Non,fonct,Oui,Non,Non,Non,Non,Non,Non,Non,Non,DE,3.4,NA,Autre
1054,Non,Non,Non,Oui,Non,Oui,Non,Oui,Oui,Non,Non,Non,Oui,Non,Oui,Non,Oui,Non,Non,Oui,Non,Non,Non,Oui,Non,Non,Non,Oui,Peu,Oui,Non,Non,Non,Oui,Non,Oui,moins,moins,NA,moins,moins,NA,NA,moins,NA,moins,NA,moins,moins,moins,Non,Non,Oui,Oui,Oui,Non,Oui,Oui,Non,Non,Non,Non,Non,Oui,Oui,Souvent,Jamais,Parfois,Jamais,Non,Non,Oui,Oui,Non,Non,Non,Non,Non,Non,Non,Oui,Oui,Oui,Non,Non,Non,Non,Non,Non,oui,oui,non,non,oui,Non,Parfois,Non,Non,Non,Non,Non,Oui,Non,Non,Non,Non,Oui,Non,Non,Non,Non,Non,Non,2a5,Oui,Oui,Non,Non,Oui,Non,Oui,Non,Oui,Oui,Non,Windows,Oui,Non,Non,Non,Non,Non,Non,Non,Non,Non,Oui,Oui,Non,Non,Non,Oui,Non,Non,Non,Non,Non,Oui,Non,Non,Oui,Oui,Oui,Non,Oui,Non,Non,Non,Non,Oui,Non,Non,Non,Non,Non,Oui,Parfois,NA,Non,Oui,Oui,Oui,Oui,Non,Oui,Non,Oui,Oui,Oui,Oui,Oui,Oui,Non,Non,Oui,Non,Oui,Non,Non,Oui,Oui,Non,Plus de dix ans,Université,Non,Non,Oui,Non,Oui,fonct,Oui,Non,Non,Non,Non,Non,Non,Non,Non,DE,3.4,NA,Une femme
848,Non,Non,Oui,Non,Oui,Oui,Non,Oui,Oui,Oui,Non,Oui,Oui,Oui,Oui,Non,Oui,Oui,Non,Oui,Non,Non,Oui,Oui,Non,Non,Non,Oui,Assez,Oui,Non,Non,Oui,Non,Non,Non,moins,NA,moins,moins,moins,moins,moins,moins,moins,moins,moins,moins,NA,NA,Oui,Non,Oui,Non,Oui,Non,Non,Non,Oui,Non,Non,Non,Non,Oui,Non,Parfois,Jamais,Jamais,Jamais,Non,Non,Oui,Non,Non,Non,Non,Oui,Oui,Oui,Non,Non,Non,Non,Non,Non,Non,Non,Non,Non,oui,oui,non,oui,non,Oui,Parfois,Non,Non,Oui,Oui,Oui,Non,Non,Oui,Non,Oui,Oui,Non,Non,Non,Non,Oui,Non,2a5,Oui,Oui,Oui,Non,Non,Oui,Non,Non,Non,Non,Non,Windows,Oui,Non,Oui,Non,Oui,Non,Non,Non,Oui,Non,NA,NA,NA,NA,NA,NA,NA,NA,NA,NA,NA,NA,NA,NA,NA,NA,NA,NA,NA,NA,NA,Non,Non,Oui,Oui,Non,Non,Non,Non,Oui,Parfois,plutotsat,Non,Non,Non,Oui,Non,Non,Non,Non,Non,Non,Non,Non,Oui,Non,Non,Non,Oui,Non,Non,Non,Non,Oui,Non,Non,Cinq à dix ans,NA,Non,Non,Oui,Non,Oui,fonct,Oui,Non,Non,Non,Non,Non,Non,Non,Non,DE,3.4,NA,Une femme
293,Non,Non,Non,Oui,Oui,Oui,Non,Non,Non,Oui,Non,Oui,Oui,Oui,Oui,Non,Oui,Oui,Non,Oui,Non,Non,Oui,Oui,Oui,Non,Non,Oui,Tout à fait,Oui,Oui,Oui,Oui,Oui,Oui,Oui,moins,moins,NA,moins,moins,moins,moins,moins,moins,moins,moins,moins,moins,NA,Non,Non,Oui,Oui,Oui,Oui,Non,Oui,Oui,Non,Non,Oui,Non,Non,Oui,Jamais,Souvent,Jamais,Souvent,Oui,Non,Oui,Non,Non,Non,Non,Non,Non,Oui,Oui,Oui,Non,Non,Non,Oui,Non,Non,Non,Non,oui,oui,non,oui,non,Oui,Souvent,Oui,Oui,Oui,Oui,Oui,Non,Non,Non,Non,Oui,Non,Oui,Oui,Non,Non,Non,Non,2a5,Oui,Non,Oui,Non,Non,Non,Non,Non,Non,Non,Non,Windows,Oui,Non,Oui,Oui,Oui,Non,Non,Oui,Oui,Non,NA,NA,NA,NA,NA,NA,NA,NA,NA,NA,NA,NA,NA,NA,NA,NA,NA,NA,NA,NA,NA,Oui,Oui,Oui,Oui,Oui,Non,Non,Non,Oui,Parfois,plutotsat,Non,Non,Oui,Non,Non,Oui,Non,Non,Non,Non,Non,Oui,Non,Non,Non,Non,Non,Oui,Oui,Non,Oui,Non,Non,Non,Cinq à dix ans,Université,Oui,Non,Non,Non,Non,CDD,Oui,Non,Non,Non,Oui,Non,Non,Non,Non,DE,3.4,histoire,Un homme
315,Oui,Non,Oui,Oui,Oui,Oui,Oui,Oui,Oui,Oui,Oui,Oui,Oui,Oui,Oui,Non,Non,Non,Oui,Oui,Non,Oui,Oui,Oui,Oui,Oui,Oui,Oui,Tout à fait,Non,Oui,Oui,Oui,Oui,Non,Oui,moins,moins,moins,moins,moins,moins,moins,moins,moins,moins,moins,moins,NA,moins,Oui,Oui,Oui,Oui,Oui,Oui,Non,Oui,Oui,Non,Non,Non,Non,Non,Oui,Souvent,Toujours,Parfois,Parfois,Non,Non,Oui,Non,Non,Non,Non,Non,Non,Non,Non,Non,Oui,Non,Non,Non,Oui,Oui,Non,Non,non,oui,non,non,oui,Oui,Toujours,Non,Oui,Non,Oui,Non,Non,Oui,Oui,Oui,Oui,Oui,Non,Oui,Non,Non,Oui,Non,2a5,Oui,Oui,Oui,Oui,Non,Non,Non,Non,Non,Non,Non,Windows,Oui,Non,Oui,Oui,Non,Non,Non,Non,Oui,Non,NA,NA,NA,NA,NA,NA,NA,NA,NA,NA,NA,NA,NA,NA,NA,NA,NA,NA,NA,NA,NA,Non,Oui,Non,Oui,Non,Non,Non,Non,Oui,Souvent,tressat,Oui,Oui,Non,Non,Oui,Oui,Non,Non,Non,Oui,Oui,Oui,Non,Non,Non,Non,Oui,Oui,Oui,Oui,Non,Non,Non,Non,Plus de dix ans,Université,Oui,Non,Non,Non,Non,fonct,Non,Non,Oui,Non,Non,Non,Non,Non,Non,LSH,0.6,archéologie,Un homme
249,Non,Non,Oui,Non,Oui,Oui,Oui,Non,Non,Oui,Oui,Non,Non,Non,Oui,Non,Non,Non,Oui,Oui,Non,Non,Oui,Oui,Oui,Non,Oui,Oui,Pas du tout,Non,Non,Non,Oui,Oui,Non,Oui,plus,moins,plus,moins,moins,plus,moins,moins,plus,moins,moins,moins,moins,moins,Oui,Oui,Non,Non,Non,Oui,Oui,Oui,Non,Non,Non,Non,Non,Oui,Oui,Souvent,Souvent,Jamais,Jamais,Oui,Non,Non,Non,Non,Non,Non,Oui,Oui,Oui,Non,Non,Non,Non,Oui,Non,Non,Non,Non,Non,non,oui,non,non,non,Non,Souvent,Non,Oui,Non,Oui,Non,Non,Non,Oui,Non,Non,Oui,Non,Non,Non,Non,Non,Non,2a5,Oui,Oui,Oui,Non,Non,Non,Non,Non,Non,Non,Non,Windows,Non,Non,Oui,Oui,Non,Oui,Non,Non,Non,Non,Oui,Oui,Non,Non,Non,Non,Oui,Non,Oui,Non,Non,Oui,Non,Non,Oui,Non,Non,Non,Non,Non,Non,Non,Oui,Oui,Non,Non,Non,Non,Non,Oui,Parfois,nini,Oui,Oui,Non,Non,Non,Non,Non,Non,Non,Non,Non,Non,Non,Non,Non,Oui,Non,Non,Non,Non,Non,Non,Oui,Non,Plus de dix ans,autre,Oui,Non,Oui,Non,Non,fonct,Non,Non,Oui,Non,Non,Non,Non,Non,Non,LSH,0.6,archéologie,Un homme
54,Non,Non,Oui,Non,Oui,Oui,Oui,Non,Non,Oui,Oui,Oui,Non,Non,Oui,Non,Oui,Non,Non,Non,Non,Non,Oui,Non,Oui,Non,Non,Non,Assez,Non,Non,Oui,Oui,Oui,Non,Oui,plus,moins,moins,NA,moins,plus,moins,moins,moins,moins,moins,plus,moins,moins,Oui,Oui,Oui,Non,Oui,Oui,Oui,Oui,Oui,Oui,Oui,Non,Non,Oui,Oui,Jamais,Jamais,Parfois,Parfois,Non,Non,Non,Non,Oui,Non,Non,Non,Non,Non,Non,Non,Non,Non,Non,Non,Non,Non,Non,Oui,oui,oui,non,oui,non,Oui,Toujours,Non,Non,Oui,Oui,Oui,Non,Non,Oui,Oui,Oui,Oui,Oui,Oui,Non,Non,Non,Non,2a5,Oui,Oui,Oui,Non,Non,Non,Non,Non,Non,Non,Non,Windows,Oui,Non,Oui,Oui,Non,Oui,Non,Non,Non,Non,Oui,Oui,Oui,Non,Non,Oui,Oui,Oui,Oui,Oui,Non,Oui,Non,Oui,Non,Non,Non,Oui,Oui,Non,Non,Non,Oui,Oui,Oui,Non,Non,Non,Non,Oui,Souvent,plutotsat,Oui,Oui,Oui,Oui,Oui,Oui,Oui,Non,Oui,Oui,Oui,Oui,Oui,Oui,Oui,Non,Oui,Oui,Non,Non,Non,Oui,Oui,Non,Plus de dix ans,CNRS,Non,Non,Oui,Non,Non,fonct,Non,Non,Oui,Non,Non,Non,Non,Non,Non,LSH,0.6,archéologie,Un homme
492,Non,Non,Oui,Oui,Non,Oui,Oui,Oui,Oui,Oui,Oui,Non,Non,Non,Oui,Non,Oui,Non,Non,Oui,Non,Non,Oui,Oui,Non,Non,Non,Non,Peu,Oui,Oui,Non,Non,Oui,Oui,Oui,plus,moins,plus,plus,plus,plus,moins,plus,moins,moins,moins,moins,moins,moins,Oui,Non,Non,Non,Non,Oui,Non,Oui,Oui,Non,Non,Non,Non,Oui,Oui,Souvent,Parfois,Jamais,Jamais,Non,Non,Non,Non,Oui,Non,Oui,Oui,Oui,Oui,Non,Non,Non,Oui,Oui,Non,Non,Non,Non,Non,oui,oui,non,oui,non,Je ne sais pas,Souvent,Oui,Oui,Non,Non,Non,Oui,Oui,Non,Oui,Non,Non,Non,Non,Non,Non,Non,Non,2a5,Oui,Oui,Non,Non,Non,Non,Non,Non,Non,Non,Oui,Windows,Oui,Non,Oui,Non,Non,Oui,Non,Non,Non,Non,Oui,Non,Non,Non,Non,Non,Non,Non,Oui,Non,Non,Non,Non,Non,Non,Non,Non,Non,Non,Non,Oui,Oui,Non,Oui,Oui,Non,Non,Non,Non,Non,NA,NA,Non,Non,Non,Non,Non,Non,Non,Oui,Non,Non,Oui,Non,Non,Non,Oui,Non,Oui,Non,Non,Non,Oui,Oui,Oui,Non,Plus de dix ans,NA,Non,Oui,Non,Non,Non,autre,Non,Non,Oui,Non,Non,Non,Non,Non,Non,LSH,0.6,archéologie,Une femme
504,Oui,Non,Oui,Oui,Non,Oui,Oui,Non,Non,Non,Non,Non,Non,Non,Non,Non,Non,Non,Non,Non,Non,Non,Oui,Oui,Non,Non,Non,Oui,Pas du tout,Non,Non,Non,Oui,Oui,Non,Oui,moins,NA,NA,NA,NA,moins,NA,NA,NA,moins,moins,moins,moins,moins,Oui,Oui,Non,Non,Non,Oui,Non,Non,Non,Non,Non,Non,Non,Oui,Oui,Parfois,Jamais,Jamais,Jamais,Non,Non,Non,Non,Oui,Non,Oui,Oui,Oui,Non,Non,Non,Non,Oui,Non,Non,Non,Non,Non,Non,oui,non,oui,oui,non,Je ne sais pas,Parfois,Non,Non,Non,Non,Oui,Oui,Oui,Non,Oui,Non,Non,Non,Non,Non,Non,Non,Non,2a5,Oui,Oui,Non,Non,Non,Non,Non,Non,Non,Non,Oui,Windows,Oui,Non,Oui,Non,Non,Oui,Non,Non,Non,Non,Oui,Oui,Oui,Non,Non,Non,Oui,Oui,Oui,Non,Non,Non,Non,Non,Oui,Non,Non,Non,Oui,Non,Non,Non,Non,Non,Oui,Non,Non,Non,Non,Non,NA,NA,Oui,Non,Non,Non,Non,Non,Non,Non,Non,Non,Non,Non,Oui,Non,Oui,Non,Oui,Non,Oui,Non,Non,Non,Non,Non,Moins de cinq ans,Université,Non,Oui,Non,Non,Non,autre,Non,Non,Oui,Non,Non,Non,Non,Non,Non,LSH,0.6,archéologie,Une femme
346,Non,Non,Non,Oui,Oui,Oui,Oui,Non,Non,Oui,Non,Non,Non,Oui,Oui,Non,Non,Non,Non,Oui,Non,Non,Oui,Oui,Non,Non,Non,Oui,Assez,Oui,Non,Oui,Non,Non,Non,Oui,plus,moins,plus,moins,moins,moins,moins,moins,moins,moins,moins,moins,moins,moins,Oui,Non,Oui,Non,Oui,Oui,Non,Oui,Oui,Non,Non,Non,Non,Oui,Oui,Souvent,Jamais,Toujours,NA,Non,Non,Oui,Non,Non,Non,Oui,Non,Oui,Non,Non,Non,Oui,Non,Non,Non,Oui,Non,Non,Non,non,oui,non,non,oui,Non,Parfois,Oui,Oui,Oui,Oui,Oui,Oui,Oui,Oui,Oui,Non,Non,Non,Non,Non,Non,Non,Non,2a5,Oui,Oui,Non,Non,Non,Non,Non,Non,Non,Non,Non,Windows,Oui,Non,Oui,Oui,Non,Oui,Non,Non,Non,Non,Oui,Non,Non,Non,Oui,Non,Oui,Oui,Oui,Non,Non,Non,Non,Non,Oui,Non,Non,Non,Oui,Non,Non,Non,Non,Oui,Oui,Non,Non,Non,Non,Non,NA,NA,Non,Non,Oui,Oui,Oui,Non,Non,Non,Non,Non,Non,Oui,Oui,Non,Oui,Non,Oui,Non,Oui,Non,Oui,Non,Non,Non,Cinq à dix ans,autre,Non,Oui,Non,Non,Non,CDD,Non,Non,Oui,Non,Non,Non,Non,Non,Non,LSH,0.6,archéologie,Une femme
1034,Oui,Non,Non,Oui,Oui,Oui,Oui,Oui,Non,Non,Oui,Oui,Non,Non,Oui,Non,Oui,Non,Non,Non,Non,Oui,Non,Oui,Non,Non,Non,Oui,Assez,Oui,Non,Non,Oui,Oui,Non,Oui,moins,moins,NA,moins,NA,moins,NA,moins,moins,moins,moins,moins,moins,moins,Oui,Oui,Oui,Non,Oui,Oui,Non,Oui,Oui,Oui,Oui,Non,Oui,Oui,Oui,Souvent,Souvent,Parfois,Parfois,Oui,Non,Oui,Oui,Non,Non,Oui,Oui,Oui,Oui,Non,Oui,Oui,Oui,Non,Non,Non,Non,Non,Non,oui,oui,non,oui,oui,Oui,Parfois,Oui,Non,Oui,Oui,Oui,Non,Non,Non,Non,Oui,Oui,Non,Non,Non,Non,Non,Non,2a5,Oui,Oui,Oui,Non,Non,Non,Non,Non,Non,Non,Non,Windows,Oui,Non,Oui,Oui,Non,Oui,Non,Non,Non,Non,Non,Oui,Oui,Non,Non,Non,Non,Non,Oui,Non,Non,Non,Non,Non,Non,Non,Oui,Non,Oui,Oui,Non,Non,Non,Oui,Oui,Non,Non,Oui,Non,Oui,Parfois,plutotsat,Oui,Oui,Non,Oui,Non,Non,Non,Non,Non,Non,Non,Oui,Oui,Oui,Non,Non,Oui,Non,Non,Non,Non,Non,Non,Non,Plus de dix ans,Université,Non,Non,Oui,Non,Non,fonct,Non,Non,Oui,Non,Non,Non,Non,Non,Non,LSH,0.6,archéologie,Une femme
943,Non,Non,Oui,Oui,Non,Oui,Oui,Non,Non,Oui,Oui,Non,Non,Oui,Oui,Non,Oui,Oui,Non,Non,Non,Non,Oui,Oui,Oui,Non,Non,Oui,Peu,Non,Non,Non,Oui,Oui,Oui,Oui,plus,NA,moins,moins,NA,moins,NA,NA,moins,moins,moins,NA,NA,NA,Oui,Non,Non,Non,Oui,Oui,Oui,Oui,Oui,Oui,Non,Non,Non,Non,Non,Toujours,Jamais,Toujours,Jamais,Non,Non,Non,Non,Oui,Non,Non,Non,Non,Oui,Non,Non,Non,Non,Oui,Non,Non,Non,Non,Non,oui,non,non,non,non,Oui,Souvent,Oui,Oui,Oui,Oui,Oui,Oui,Non,Oui,Oui,Oui,Non,Non,Non,Non,Non,Non,Non,6a10,Non,Non,Oui,Non,Oui,Non,Oui,Non,Non,Non,Non,Windows,Oui,Non,Oui,Oui,Non,Oui,Non,Non,Non,Non,Non,Oui,Non,Oui,Non,Non,Oui,Non,Non,Non,Non,Non,Non,Non,Non,Non,Oui,Non,Oui,Non,Non,Non,Oui,Oui,Non,Non,Non,Non,Non,Oui,Parfois,insatisfait,Non,Oui,Non,Non,Non,Non,Non,Non,Oui,Non,Oui,Oui,Non,Non,Non,Non,Oui,Oui,Oui,Non,Non,Oui,Non,Non,Plus de dix ans,autre,Non,Non,Oui,Non,Oui,fonct,Non,Non,Oui,Non,Non,Non,Non,Non,Non,LSH,0.6,archéologie,Un homme
256,Non,Non,Oui,Oui,Oui,Oui,Oui,Non,Non,Non,Non,Non,Oui,Non,Oui,Non,Non,Non,Non,Non,Non,Non,Oui,Non,Oui,Non,Oui,Non,Assez,Non,Non,Non,Oui,Non,Oui,Oui,plus,moins,moins,NA,moins,moins,moins,moins,NA,moins,moins,NA,moins,NA,Oui,Non,Non,Non,Oui,Non,Non,Oui,Oui,Non,Non,Non,Oui,Oui,Non,Souvent,Parfois,Jamais,Jamais,Non,Non,Non,Non,Oui,Non,Oui,Oui,Oui,Non,Non,Non,Non,Oui,Non,Non,Non,Non,Non,Non,oui,oui,oui,non,non,Non,Souvent,Oui,Non,Non,Non,Oui,Non,Oui,Non,Oui,Non,Non,Non,Oui,Non,Non,Non,Non,2a5,Oui,Oui,Non,Non,Non,Non,Non,Non,Non,Non,Non,Windows,Oui,Non,Oui,Oui,Non,Oui,Non,Non,Non,Non,Non,Oui,Non,Non,Non,Non,Oui,Non,Non,Non,Non,Non,Non,Oui,Oui,Oui,Oui,Non,Oui,Non,Non,Non,Non,Oui,Non,Non,Oui,Non,Non,Non,NA,NA,Non,Non,Non,Oui,Oui,Non,Non,Non,Non,Non,Non,Oui,Non,Oui,Oui,Non,Oui,Non,Oui,Non,Oui,Non,Non,Non,Moins de cinq ans,autre,Non,Oui,Non,Non,Non,doct,Non,Non,Oui,Non,Non,Non,Non,Non,Non,LSH,0.6,archéologie,Une femme
558,Non,Non,Oui,Oui,Oui,Oui,Oui,Non,Non,Non,Oui,Oui,Non,Oui,Oui,Non,Oui,Non,Non,Oui,Non,Non,Oui,Non,Oui,Non,Non,Oui,Pas du tout,Oui,Non,Non,Oui,Non,Non,Oui,plus,moins,moins,moins,moins,moins,NA,moins,moins,moins,moins,moins,moins,NA,Oui,Non,Oui,Non,Oui,Oui,Non,Oui,Oui,Non,Non,Non,Non,Non,Oui,Parfois,Parfois,Jamais,Jamais,Non,Non,Oui,Non,Non,Non,Oui,Oui,Oui,Non,Non,Non,Non,Oui,Oui,Non,Oui,Non,Non,Non,oui,oui,non,oui,non,Oui,Souvent,Non,Non,Non,Oui,Non,Oui,Non,Oui,Oui,Non,Non,Non,Non,Non,Non,Oui,Non,2a5,Oui,Oui,Oui,Non,Non,Non,Non,Non,Non,Non,Oui,MacOS,Oui,Non,Oui,Non,Non,Oui,Non,Non,Oui,Non,NA,NA,NA,NA,NA,NA,NA,NA,NA,NA,NA,NA,NA,NA,NA,NA,NA,NA,NA,NA,NA,Non,Non,Oui,Non,Non,Non,Non,Non,Oui,Parfois,plutotsat,Oui,Oui,Oui,Oui,Non,Non,Non,Non,Non,Non,Non,Oui,Non,Non,Oui,Non,Oui,Non,Oui,Non,Oui,Oui,Oui,Non,Plus de dix ans,CNRS,Non,Non,Oui,Non,Non,fonct,Non,Non,Oui,Non,Non,Non,Non,Non,Non,LSH,0.6,archéologie,Un homme
944,Non,Non,Oui,Non,Non,Non,Non,Oui,Non,Oui,Oui,Non,Non,Non,Non,Non,Non,Non,Non,Non,Non,Non,Oui,Non,Oui,Non,Non,Non,Pas du tout,Oui,Non,Non,Non,Non,Non,Non,moins,NA,NA,NA,NA,moins,NA,NA,NA,NA,NA,NA,NA,NA,Oui,Non,Non,Non,Non,Non,Non,Non,Non,Non,Non,Non,Non,Non,Oui,Jamais,Jamais,Jamais,Jamais,Non,Non,Non,Non,Oui,Non,Non,Non,Non,Non,Non,Non,Non,Non,Non,Non,Non,Non,Non,Oui,non,non,oui,non,oui,Je ne sais pas,Jamais,Oui,Non,Non,Non,Non,Non,Non,Non,Oui,Non,Non,Non,Non,Non,Non,Non,Non,6a10,Oui,Non,Non,Non,Non,Non,Non,Non,Non,Non,Non,MacOS,Non,Non,Non,Non,Non,Non,Non,Non,Non,Oui,Non,Oui,Non,Non,Non,Non,Non,Non,Non,Non,Non,Non,Non,Non,Non,Non,Non,Non,Non,Non,Oui,Non,Non,Oui,Non,Non,Non,Non,Non,Oui,Jamais,NA,Non,Oui,Non,Non,Oui,Non,Oui,Non,Oui,Non,Non,Non,Non,Non,Non,Non,Oui,Non,Non,Non,Non,Non,Oui,Non,Plus de dix ans,autre,Oui,Non,Non,Non,Non,fonct,Non,Non,Oui,Non,Non,Non,Non,Non,Non,LSH,0.6,autre,Un homme
496,Non,Non,Oui,Non,Non,Oui,Non,Oui,Non,Oui,Oui,Non,Non,Non,Non,Non,Oui,Non,Non,Oui,Non,Non,Oui,Non,Oui,Non,Non,Non,Assez,Oui,Non,Non,Oui,Non,Non,Non,moins,NA,moins,moins,NA,moins,moins,NA,NA,moins,NA,NA,NA,NA,Oui,Non,Non,Non,Non,Non,Non,Non,Oui,Non,Non,Non,Non,Oui,Oui,Jamais,Jamais,Jamais,Jamais,Non,Non,Non,Non,Oui,Non,Non,Non,Non,Non,Non,Non,Non,Non,Non,Non,Non,Non,Non,Oui,oui,non,oui,non,oui,Je ne sais pas,Jamais,Oui,Oui,Oui,Oui,Oui,Non,Oui,Non,Oui,Non,Non,Non,Non,Oui,Non,Non,Non,seule,NA,NA,NA,NA,NA,NA,NA,NA,NA,NA,NA,Windows,Oui,Non,Non,Non,Non,Non,Non,Non,Non,Non,Oui,Non,Non,Oui,Non,Non,Oui,Non,Non,Non,Non,Non,Non,Non,Non,Non,Non,Non,Non,Non,Oui,Non,Non,Non,Non,Non,Non,Non,Oui,Non,NA,NA,Non,Non,Non,Non,Non,Non,Non,Oui,Non,Non,Non,Oui,Non,Non,Oui,Non,Oui,Oui,Oui,Non,Oui,Oui,Non,Non,Cinq à dix ans,autre,Non,Oui,Non,Non,Non,autre,Non,Non,Oui,Non,Non,Non,Non,Non,Non,LSH,0.6,autre,Un homme
754,Non,Non,Oui,Oui,Non,Oui,Oui,Oui,Non,Non,Oui,Non,Oui,Non,Oui,Non,Non,Non,Non,Non,Non,Non,Oui,Non,Non,Non,Non,Non,Assez,Non,Non,Oui,Oui,Oui,Non,Non,plus,moins,plus,moins,moins,plus,plus,moins,plus,moins,moins,moins,plus,moins,Oui,Non,Oui,Oui,Oui,Oui,Oui,Oui,Oui,Non,Non,Non,Oui,Oui,Oui,Parfois,Souvent,Jamais,Souvent,Non,Non,Non,Non,Oui,Non,Non,Non,Non,Non,Oui,Oui,Oui,Non,Non,Non,Non,Non,Non,Non,oui,oui,non,non,non,Non,Souvent,Non,Oui,Oui,Oui,Oui,Non,Oui,Non,Non,Non,Non,Non,Non,Non,Non,Non,Non,seule,NA,NA,NA,NA,NA,NA,NA,NA,NA,NA,NA,MacOS,Oui,Non,Non,Non,Non,Non,Non,Non,Non,Non,Oui,Oui,Non,Non,Non,Oui,Oui,Oui,Oui,Non,Non,Non,Non,Oui,Non,Oui,Oui,Non,Oui,Oui,Non,Non,Oui,Non,Oui,Non,Oui,Non,Non,Oui,Toujours,tressat,Non,Non,Non,Non,Non,Oui,Non,Non,Oui,Oui,Non,Non,Non,Oui,Oui,Non,Oui,Non,Oui,Oui,Oui,Oui,Oui,Non,Cinq à dix ans,autre,Non,Oui,Non,Non,Non,autre,Non,Non,Oui,Non,Non,Non,Non,Non,Non,LSH,0.6,autre,Une femme
589,Non,Non,Oui,Non,Non,Oui,Oui,Non,Non,Non,Non,Non,Non,Non,Non,Non,Non,Non,Non,Non,Non,Non,Oui,Non,Non,Non,Non,Non,Pas du tout,Oui,Non,Non,Non,Non,Non,Non,moins,NA,NA,NA,NA,moins,NA,NA,NA,NA,NA,NA,NA,NA,Oui,Non,Non,Non,Non,Oui,Non,Non,Non,Non,Non,Non,Non,Non,Oui,Jamais,Jamais,Jamais,Jamais,Non,Non,Non,Non,Oui,Non,Non,Non,Non,Non,Non,Non,Non,Non,Non,Non,Non,Non,Non,Oui,non,non,non,non,non,Non,Souvent,Non,Non,Non,Non,Oui,Non,Oui,Oui,Oui,Non,Non,Non,Non,Non,Non,Non,Non,2a5,Oui,Non,Non,Non,Non,Non,Non,Non,Non,Non,Oui,Windows,Non,Non,Non,Non,Non,Non,Non,Non,Oui,Non,NA,NA,NA,NA,NA,NA,NA,NA,NA,NA,NA,NA,NA,NA,NA,NA,NA,NA,NA,NA,NA,Non,Non,Oui,Non,Non,Non,Non,Non,Non,NA,NA,Non,Non,Non,Non,Non,Non,Non,Oui,Non,Non,Non,Non,Non,Non,Non,Oui,Non,Non,Non,Non,Non,Non,Non,Oui,Plus de dix ans,autre,Oui,Non,Non,Non,Non,fonct,Non,Non,Oui,Non,Non,Non,Non,Non,Non,LSH,0.6,autre,Une femme
652,Non,Non,Oui,Non,Non,Non,Non,Non,Non,Non,Oui,Non,Non,Non,Non,Non,Non,Non,Non,Non,Non,Non,Non,Non,Oui,Non,Non,Non,Peu,Oui,Non,Non,Oui,Non,Non,Non,plus,NA,moins,NA,NA,plus,NA,NA,NA,moins,moins,NA,moins,NA,Oui,Non,Non,Non,Non,Oui,Oui,Oui,Oui,Non,Non,Non,Non,Non,Oui,Parfois,Parfois,Jamais,Jamais,Non,Non,Non,Non,Oui,Non,Non,Non,Oui,Non,Non,Non,Oui,Non,Non,Non,Non,Non,Non,Non,oui,oui,oui,oui,non,Oui,Parfois,Non,Oui,Oui,Oui,Oui,Oui,Oui,Non,Oui,Non,Non,Non,Non,Non,Non,Non,Non,2a5,Non,Oui,Non,Non,Non,Non,Non,Non,Non,Non,Non,MacOS,Oui,Non,Non,Non,Non,Non,Non,Non,Non,Non,Oui,Non,Non,Non,Non,Non,Non,Non,Non,Non,Non,Non,Non,Non,Non,Non,Non,Non,Oui,Non,Non,Non,Non,Non,Non,Non,Non,Non,Oui,Non,NA,NA,Oui,Oui,Non,Oui,Oui,Non,Non,Non,Non,Non,Oui,Non,Oui,Oui,Non,Non,Non,Non,Oui,Non,Non,Oui,Oui,Non,Cinq à dix ans,autre,Non,Oui,Non,Non,Non,autre,Non,Non,Oui,Non,Non,Non,Non,Non,Non,LSH,0.6,autre,Une femme
572,Non,Non,Non,Oui,Non,Oui,Oui,Non,Non,Oui,Non,Non,Non,Non,Non,Non,Non,Non,Non,Non,Non,Non,Non,Non,Oui,Non,Non,Non,Pas du tout,Non,Non,Non,Non,Non,Non,Non,moins,moins,moins,moins,NA,plus,NA,NA,NA,moins,NA,moins,NA,NA,Non,Non,Non,Non,Non,Non,Non,Oui,Non,Non,Non,Non,Non,Non,Non,Souvent,Jamais,Jamais,Jamais,Non,Non,Non,Non,Oui,Non,Oui,Non,Non,Non,Non,Non,Non,Non,Non,Non,Non,Non,Non,Non,non,non,oui,non,oui,Oui,Je ne sais pas,Non,Non,Non,Non,Non,Non,Oui,Non,Oui,Non,Non,Non,Non,Non,Non,Non,Non,seule,NA,NA,NA,NA,NA,NA,NA,NA,NA,NA,NA,Windows,Non,Non,Non,Non,Non,Oui,Non,Non,Non,Non,Non,Non,Non,Non,Non,Non,Non,Non,Non,Non,Oui,Non,Non,Non,Non,Non,Non,Non,Non,Non,Oui,Non,Non,Oui,Non,Non,Non,Non,Non,Oui,Parfois,nini,Non,Non,Non,Non,Non,Non,Non,Oui,Non,Non,Non,Non,Non,Non,Non,Oui,Non,Non,Non,Non,Non,Non,Non,Oui,Plus de dix ans,autre,Non,Oui,Non,Non,Non,autre,Non,Non,Oui,Non,Non,Non,Non,Non,Non,LSH,0.6,autre,Un homme
24,Non,Non,Oui,Oui,Non,Oui,Oui,Oui,Non,Oui,Oui,Non,Non,Non,Non,Non,Non,Non,Non,Non,Non,Non,Oui,Non,Oui,Non,Non,Non,Pas du tout,Oui,Non,Non,Non,Oui,Non,Oui,moins,moins,moins,NA,NA,NA,NA,NA,NA,NA,NA,NA,NA,NA,Oui,Non,Oui,Non,Non,Oui,Non,Oui,Oui,Non,Non,Non,Non,Oui,Oui,Parfois,Parfois,Jamais,Jamais,Non,Non,Non,Non,Oui,Non,Oui,Non,Oui,Oui,Non,Non,Non,Non,Oui,Non,Non,Non,Non,Non,oui,non,non,non,non,Je ne sais pas,Parfois,Oui,Non,Non,Non,Non,Non,Oui,Non,Oui,Non,Non,Non,Non,Non,Non,Non,Non,2a5,Oui,Oui,Non,Non,Non,Non,Non,Non,Non,Non,Non,MacOS,Non,Non,Non,Non,Non,Oui,Non,Non,Non,Non,Oui,Non,Non,Non,Non,Non,Non,Non,Non,Non,Non,Non,Non,Non,Non,Non,Non,Non,Oui,Non,Non,Non,Non,Oui,Non,Non,Non,Non,Non,Oui,Parfois,nini,Oui,Non,Non,Non,Non,Non,Non,Non,Non,Non,Non,Oui,Non,Non,Non,Non,Oui,Non,Non,Oui,Non,Non,Non,Non,Plus de dix ans,autre,Oui,Non,Non,Non,Non,fonct,Non,Non,Oui,Non,Non,Non,Non,Non,Non,LSH,0.6,autre,Une femme
798,Non,Non,Oui,Oui,Non,Oui,Oui,Oui,Non,Non,Non,Non,Non,Non,Non,Non,Non,Non,Non,Non,Non,Non,Non,Non,Non,Non,Non,Oui,Pas du tout,Non,Non,Non,Non,Oui,Non,Non,moins,moins,moins,NA,NA,NA,NA,NA,moins,NA,NA,NA,moins,NA,Oui,Non,Oui,Oui,Non,Oui,Oui,Oui,Oui,Non,Non,Non,Non,Oui,Oui,Jamais,Jamais,Jamais,Jamais,Non,Non,Non,Non,Oui,Non,Non,Non,Non,Non,Non,Non,Non,Non,Non,Non,Non,Non,Oui,Non,oui,non,non,non,oui,Je ne sais pas,Je ne sais pas,Oui,Non,Non,Non,Oui,Oui,Oui,Non,Oui,Non,Non,Non,Non,Non,Non,Non,Non,seule,NA,NA,NA,NA,NA,NA,NA,NA,NA,NA,NA,MacOS,Non,Non,Non,Non,Non,Oui,Non,Non,Non,Non,Oui,Non,Non,Non,Non,Non,Non,Non,Non,Non,Non,Non,Non,Non,Non,Oui,Oui,Oui,Oui,Non,Non,Non,Non,Non,Non,Non,Non,Non,Oui,Non,NA,NA,Oui,Non,Non,Non,Non,Non,Non,Non,Oui,Non,Non,Non,Non,Oui,Oui,Non,Oui,Non,Non,Non,Oui,Non,Oui,Non,Moins de cinq ans,NA,Non,Oui,Non,Non,Non,autre,Non,Non,Oui,Non,Non,Non,Non,Non,Non,LSH,0.6,autre,Un homme
737,Non,Non,Oui,Oui,Non,Oui,Non,Non,Non,Non,Non,Non,Non,Oui,Oui,Non,Oui,Non,Non,Non,Non,Non,Non,Non,Oui,Non,Non,Oui,Pas du tout,Oui,Non,Non,Non,Oui,Non,Non,moins,moins,moins,moins,moins,moins,moins,moins,moins,moins,moins,moins,moins,moins,Oui,Non,Non,Non,Non,Oui,Oui,Oui,Oui,Non,Non,Non,Non,Oui,Oui,Souvent,Parfois,Parfois,Jamais,Non,Non,Oui,Non,Non,Non,Non,Non,Non,Non,Non,Non,Oui,Non,Oui,Oui,Non,Non,Non,Non,oui,non,non,oui,non,Non,Je ne sais pas,Non,Non,Non,Non,Oui,Oui,Oui,Non,Oui,Non,Non,Oui,Non,Oui,Non,Non,Non,11plus,Oui,Oui,Oui,Oui,Oui,Oui,Oui,Oui,Non,Non,Oui,Windows,Oui,Non,Non,Non,Non,Non,Non,Non,Non,Non,Non,Non,Non,Non,Non,Non,Non,Non,Non,Non,Oui,Oui,Oui,Non,Non,Non,Non,Non,Non,Non,Non,Non,Non,Oui,Oui,Non,Non,Oui,Non,Oui,Souvent,tressat,Non,Oui,Non,Non,Oui,Non,Non,Non,Oui,Oui,Oui,Oui,Oui,Oui,Non,Non,Oui,Non,Oui,Non,Non,Oui,Non,Non,Moins de cinq ans,autre,Non,Non,Oui,Non,Non,CDD,Non,Non,Oui,Non,Non,Non,Non,Non,Non,LSH,0.6,autre,Une femme
474,Non,Non,Non,Oui,Oui,Oui,Oui,Oui,Non,Non,Non,Non,Non,Non,Oui,Non,Non,Non,Non,Non,Non,Non,Non,Non,Oui,Non,Non,Non,Peu,Non,Non,Non,Non,Oui,Oui,Oui,moins,NA,moins,NA,NA,NA,NA,moins,NA,plus,plus,NA,NA,NA,Non,Non,Oui,Non,Oui,Oui,Oui,Non,Oui,Non,Non,Non,Non,Oui,Non,NA,Toujours,NA,NA,Non,Non,Non,Non,Oui,Non,Non,Non,Non,Non,Non,Oui,Oui,Non,Non,Non,Non,Non,Non,Non,non,non,non,non,oui,Oui,Souvent,Non,Non,Oui,Non,Non,Oui,Non,Non,Oui,Non,Non,Non,Non,Non,Non,Non,Non,seule,NA,NA,NA,NA,NA,NA,NA,NA,NA,NA,NA,Windows,Non,Non,Oui,Non,Non,Oui,Non,Non,Non,Non,Oui,Non,Non,Non,Non,Non,Oui,Non,Non,Non,Non,Non,Non,Non,Non,Non,Non,Non,Oui,Oui,Non,Non,Non,Non,Non,Non,Non,Non,Oui,Oui,Toujours,tressat,Non,Oui,Non,Non,Non,Non,Non,Non,Non,Oui,Non,Non,Oui,Non,Non,Non,Non,Oui,Oui,Non,Non,Non,Non,Non,Cinq à dix ans,autre,Non,Non,Non,Non,Non,autre,Non,Non,Oui,Non,Non,Non,Non,Non,Non,LSH,0.6,autre,Un homme
415,Non,Non,Oui,Oui,Non,Oui,Oui,Oui,Non,Oui,Non,Non,Oui,Non,Non,Non,Non,Non,Non,Non,Non,Non,Oui,Non,Oui,Non,Non,Non,Assez,Oui,Non,Non,Non,Oui,Non,Oui,moins,moins,moins,moins,moins,plus,moins,moins,moins,moins,moins,moins,plus,moins,Oui,Non,Non,Non,Non,Oui,Oui,Oui,Oui,Non,Non,Non,Non,Oui,Oui,Parfois,Jamais,Jamais,Jamais,Oui,Non,Non,Non,Non,Non,Non,Non,Oui,Non,Non,Non,Non,Oui,Non,Non,Non,Non,Non,Non,oui,non,non,non,oui,Oui,Parfois,Non,Non,Non,Non,Non,Oui,Oui,Oui,Oui,Non,Non,Non,Non,Non,Non,Non,Non,2a5,Oui,Non,Non,Non,Non,Non,Non,Non,Non,Non,Non,LinuxUnix,Oui,Non,Oui,Non,Non,Non,Non,Non,Non,Non,Oui,Non,Non,Non,Non,Non,Non,Non,Non,Non,Non,Non,Non,Non,Non,Non,Oui,Non,Oui,Non,Non,Non,Non,Non,Non,Non,Oui,Non,Non,Oui,Parfois,NA,Oui,Oui,Non,Non,Non,Non,Non,Non,Non,Non,Non,Non,Non,Non,Oui,Non,Oui,Non,Non,Non,Non,Non,Oui,Non,Plus de dix ans,autre,Oui,Non,Non,Non,Non,fonct,Non,Non,Oui,Non,Non,Non,Non,Non,Non,LSH,0.6,autre,Une femme
1096,Oui,Non,Oui,Oui,Non,Oui,Oui,Oui,Non,Non,Non,Oui,Non,Oui,Oui,Non,Oui,Oui,Oui,Oui,Non,Non,Non,Oui,Oui,Non,Non,Oui,Peu,Oui,Oui,Oui,Oui,Oui,Non,Oui,plus,moins,moins,moins,moins,plus,NA,moins,moins,moins,moins,moins,moins,moins,Oui,Non,Oui,Oui,Oui,Oui,Oui,Non,Oui,Non,Non,Non,Oui,Oui,Oui,Souvent,Souvent,Souvent,Souvent,Oui,Non,Non,Non,Non,Non,Non,Oui,Oui,Non,Non,Oui,Non,Oui,Non,Non,Non,Non,Non,Non,oui,non,non,oui,non,Oui,Parfois,Non,Oui,Oui,Oui,Oui,Oui,Oui,Oui,Oui,Oui,Oui,Non,Non,Non,Non,Non,Non,2a5,Oui,Oui,Oui,Non,Oui,Non,Oui,Oui,Oui,Oui,Oui,Windows,Oui,Non,Oui,Non,Non,Oui,Oui,Non,Non,Non,Oui,Oui,Oui,Non,Non,Oui,Oui,Oui,Oui,Oui,Non,Non,Oui,Oui,Oui,Oui,Oui,Non,Oui,Non,Non,Non,Oui,Oui,Non,Non,Oui,Non,Non,Non,NA,NA,Oui,Oui,Non,Oui,Oui,Non,Non,Non,Oui,Oui,Oui,Oui,Oui,Oui,Oui,Non,Oui,Oui,Oui,Oui,Oui,Oui,Oui,Non,Moins de cinq ans,Université,Oui,Non,Non,Non,Non,autre,Non,Non,Oui,Non,Non,Non,Non,Non,Non,LSH,0.6,autre,Un homme
527,Non,Non,Oui,Oui,Non,Oui,Oui,Oui,Non,Oui,Oui,Non,Non,Non,Non,Non,Non,Non,Non,Non,Non,Non,Non,Oui,Non,Non,Non,Non,Pas du tout,Oui,Non,Non,Non,Non,Non,Non,moins,moins,plus,NA,moins,plus,NA,NA,NA,moins,NA,NA,NA,NA,Oui,Non,Non,Non,Non,Oui,Oui,Non,Oui,Non,Non,Non,Non,Non,Oui,Parfois,Jamais,Jamais,Jamais,Non,Non,Non,Non,Oui,Non,Non,Oui,Oui,Non,Non,Non,Non,Oui,Non,Non,Non,Non,Non,Non,non,oui,non,non,oui,Je ne sais pas,Parfois,Non,Non,Non,Oui,Oui,Oui,Oui,Non,Oui,Non,Non,Non,Non,Non,Non,Non,Non,2a5,Oui,Non,Non,Non,Non,Non,Non,Non,Non,Non,Non,Windows,Oui,Non,Non,Non,Non,Non,Non,Non,Non,Non,Non,Non,Non,Non,Non,Non,Non,Non,Oui,Non,Oui,Non,Non,Non,Non,Non,Non,Non,Oui,Non,Non,Non,Non,Non,Non,Non,Non,Non,Oui,Non,NA,NA,Oui,Oui,Non,Non,Non,Non,Non,Non,Non,Non,Oui,Oui,Non,Non,Non,Non,Oui,Non,Non,Non,Non,Non,Non,Non,Moins de cinq ans,Université,Non,Oui,Non,Non,Non,autre,Non,Non,Oui,Non,Non,Non,Non,Non,Non,LSH,0.6,autre,Une femme
211,Non,Non,Oui,Oui,Non,Oui,Oui,Non,Non,Oui,Oui,Non,Non,Non,Non,Non,Non,Non,Non,Non,Non,Non,Oui,Non,Oui,Non,Non,Non,Pas du tout,Non,Non,Non,Non,Non,Non,Non,moins,NA,NA,moins,NA,plus,NA,NA,NA,moins,moins,NA,moins,NA,Oui,Non,Non,Non,Non,Oui,Oui,Non,Oui,Non,Non,Non,Non,Non,Oui,Parfois,Jamais,Jamais,Jamais,Non,Non,Non,Non,Oui,Non,Non,Non,Non,Non,Non,Non,Non,Non,Non,Non,Non,Non,Oui,Non,non,non,oui,non,oui,Non,Souvent,Non,Non,Non,Non,Non,Oui,Oui,Non,Oui,Non,Non,Non,Non,Oui,Non,Non,Non,seule,NA,NA,NA,NA,NA,NA,NA,NA,NA,NA,NA,Windows,Non,Non,Non,Non,Non,Non,Non,Non,Non,Oui,Non,Non,Non,Non,Non,Non,Non,Non,Non,Non,Oui,Non,Non,Non,Non,Non,Non,Non,Non,Non,Oui,Non,Non,Oui,Oui,Non,Non,Non,Non,Non,NA,NA,Non,Non,Non,Non,Non,Non,Non,Oui,Non,Non,Non,Non,Non,Non,Non,Oui,Non,Non,Non,Non,Non,Non,Non,Oui,Plus de dix ans,CNRS,Oui,Non,Non,Non,Non,fonct,Non,Non,Oui,Non,Non,Non,Non,Non,Non,LSH,0.6,autre,Une femme
67,Oui,Non,Oui,Oui,Non,Oui,Oui,Non,Non,Non,Oui,Non,Non,Non,Oui,Non,Non,Non,Non,Oui,Non,Non,Non,Non,Oui,Non,Non,Oui,Assez,Non,Non,Oui,Oui,Oui,Non,Oui,NA,NA,NA,NA,NA,NA,NA,NA,NA,NA,NA,NA,NA,NA,Oui,Non,Non,Non,Oui,Oui,Non,Oui,Oui,Non,Oui,Non,Non,Oui,Oui,Parfois,Jamais,Jamais,Jamais,Non,Non,Non,Non,Oui,Non,Oui,Oui,Oui,Non,Non,Non,Non,Oui,Oui,Non,Non,Non,Non,Non,oui,oui,oui,non,non,Non,Parfois,Oui,Non,Oui,Oui,Oui,Non,Oui,Non,Oui,Non,Oui,Non,Non,Non,Non,Non,Non,2a5,Oui,Oui,Oui,Non,Non,Non,Non,Non,Non,Non,Oui,MacOS,Oui,Non,Oui,Non,Non,Oui,Non,Non,Non,Non,Oui,Non,Non,Non,Non,Non,Non,Oui,Non,Non,Non,Non,Non,Non,Oui,Non,Non,Non,Oui,Non,Non,Non,Oui,Oui,Oui,Non,Non,Non,Non,Non,NA,NA,Non,Oui,Non,Non,Non,Oui,Oui,Non,Non,Non,Non,Oui,Oui,Non,Oui,Non,Oui,Non,Oui,Non,Non,Oui,Non,Non,Cinq à dix ans,NA,Non,Oui,Non,Non,Non,autre,Non,Non,Oui,Non,Non,Non,Non,Non,Non,LSH,0.6,autre,Une femme
1090,Non,Non,Oui,Non,Non,Non,Non,Oui,Non,Non,Non,Non,Non,Non,Non,Non,Non,Non,Non,Non,Non,Non,Oui,Non,Non,Non,Non,Non,Assez,Non,Non,Non,Non,Oui,Non,Non,plus,NA,moins,NA,NA,plus,NA,NA,NA,NA,NA,NA,moins,NA,Oui,Non,Non,Non,Non,Oui,Non,Non,Oui,Non,Non,Non,Non,Non,Oui,Souvent,NA,Souvent,NA,Oui,Non,Non,Non,Non,Non,Non,Non,Oui,Non,Non,Non,Non,Oui,Non,Non,Non,Non,Non,Non,oui,oui,non,oui,oui,Je ne sais pas,Souvent,Non,Non,Non,Non,Non,Oui,Oui,Non,Non,Non,Non,Non,Non,Non,Non,Non,Non,seule,NA,NA,NA,NA,NA,NA,NA,NA,NA,NA,NA,MacOS,Oui,Non,Non,Non,Non,Non,Non,Non,Non,Non,Oui,Non,Non,Non,Non,Non,Non,Non,Non,Non,Non,Non,Non,Non,Non,Non,Non,Non,Non,Non,Oui,Non,Non,Oui,Non,Non,Non,Non,Non,Non,NA,NA,Oui,Oui,Non,Non,Non,Non,Non,Non,Oui,Oui,Oui,Non,Oui,Oui,Oui,Non,Oui,Non,Oui,Non,Oui,Oui,Non,Non,Cinq à dix ans,autre,Non,Oui,Non,Non,Non,autre,Non,Non,Oui,Non,Non,Non,Non,Non,Non,LSH,0.6,autre,Une femme
833,Non,Non,Non,Oui,Non,Oui,Oui,Oui,Non,Oui,Non,Non,Non,Non,Non,Non,Non,Non,Non,Non,Non,Non,Oui,Non,Non,Non,Non,Non,Assez,Oui,Non,Non,Non,Oui,Non,Oui,plus,moins,moins,NA,NA,NA,NA,NA,moins,moins,NA,moins,moins,moins,Oui,Non,Oui,Oui,Non,Oui,Oui,Oui,Oui,Non,Non,Non,Non,Non,Non,Parfois,Parfois,Jamais,Parfois,Oui,Non,Non,Non,Non,Non,Non,Non,Oui,Non,Non,Oui,Non,Non,Non,Non,Non,Non,Non,Non,oui,oui,non,non,oui,Oui,Souvent,Oui,Non,Non,Non,Non,Non,Oui,Oui,Oui,Non,Non,Non,Non,Non,Non,Non,Non,seule,NA,NA,NA,NA,NA,NA,NA,NA,NA,NA,NA,Windows,Non,Non,Non,Non,Non,Non,Non,Non,Non,Oui,Non,Non,Non,Non,Non,Non,Non,Non,Non,Non,Oui,Non,Non,Non,Non,Non,Non,Non,Non,Non,Oui,Non,Non,Non,Non,Non,Non,Non,Oui,Oui,Parfois,nini,Oui,Non,Non,Non,Non,Non,Non,Non,Non,Non,Non,Non,Non,Non,Oui,Non,Non,Non,Oui,Non,Non,Non,Oui,Non,Plus de dix ans,Université,Oui,Non,Non,Non,Non,CDI,Non,Non,Oui,Non,Non,Non,Non,Non,Non,LSH,0.6,autre,Une femme
1049,Non,Non,Non,Non,Non,Oui,Oui,Oui,Non,Oui,Non,Non,Non,Non,Oui,Non,Non,Non,Non,Non,Non,Non,Non,Non,Oui,Non,Non,Oui,Peu,Oui,Non,Oui,Oui,Oui,Oui,Oui,moins,moins,moins,NA,NA,moins,NA,NA,NA,moins,NA,NA,NA,NA,Non,Non,Oui,Oui,Non,Oui,Oui,Oui,Oui,Non,Non,Non,Non,Non,Non,NA,NA,Toujours,NA,Non,Non,Non,Non,Non,Oui,Non,Non,Non,Non,Non,Non,Oui,Non,Non,Non,Non,Non,Non,Non,oui,non,oui,non,oui,Oui,Souvent,Non,Non,Non,Non,Non,Oui,Non,Oui,Oui,Non,Non,Non,Oui,Non,Non,Non,Non,2a5,Oui,Non,Oui,Non,Non,Non,Non,Non,Non,Non,Non,Windows,Oui,Non,Non,Non,Non,Oui,Non,Non,Non,Non,Oui,Oui,Non,Non,Non,Non,Non,Non,Non,Non,Non,Oui,Non,Non,Non,Non,Non,Non,Oui,Non,Non,Non,Oui,Oui,Non,Non,Non,Non,Oui,Non applicable,NA,NA,Non,Non,Non,Non,Non,Non,Non,Oui,Non,Non,Non,Non,Non,Non,Non,Oui,Non,Non,Non,Non,Non,Non,Non,Oui,Plus de dix ans,Université,Oui,Non,Non,Non,Non,CDI,Non,Non,Oui,Non,Non,Non,Non,Non,Non,LSH,0.6,autre,Un homme
29,Non,Non,Oui,Oui,Non,Oui,Oui,Non,Non,Oui,Oui,Non,Non,Non,Oui,Non,Non,Non,Non,Non,Non,Non,Oui,Non,Oui,Non,Non,Oui,Assez,Oui,Non,Non,Non,Non,Non,Non,moins,moins,moins,moins,moins,moins,NA,moins,NA,moins,moins,NA,moins,NA,Oui,Non,Oui,Non,Non,Oui,Oui,Oui,Oui,Non,Oui,Non,Non,Oui,Non,NA,NA,Toujours,NA,Non,Non,Non,Non,Oui,Non,Non,Non,Non,Non,Non,Non,Oui,Non,Non,Non,Non,Non,Non,Non,non,oui,oui,non,non,Oui,Souvent,Non,Non,Non,Oui,Oui,Oui,Non,Non,Non,Non,Oui,Non,Non,Non,Non,Non,Non,seule,NA,NA,NA,NA,NA,NA,NA,NA,NA,NA,NA,Windows,Non,Non,Non,Oui,Non,Non,Non,Non,Non,Non,Non,Oui,Non,Non,Non,Non,Non,Non,Non,Non,Non,Oui,Non,Non,Non,Non,Non,Non,Non,Non,Non,Non,Non,Oui,Oui,Non,Non,Oui,Non,Oui,Souvent,plutotsat,Non,Non,Non,Oui,Oui,Non,Non,Non,Non,Non,Non,Non,Non,Non,Non,Oui,Non,Non,Non,Non,Oui,Oui,Non,Non,Cinq à dix ans,autre,Non,Non,Non,Oui,Non,fonct,Non,Non,Oui,Non,Non,Non,Non,Non,Non,LSH,0.6,autre,Une femme
1063,Non,Non,Oui,Oui,Non,Oui,Oui,Oui,Non,Oui,Oui,Non,Non,Non,Oui,Non,Non,Non,Non,Non,Non,Non,Oui,Non,Oui,Non,Non,Non,Pas du tout,Non,Non,Non,Non,Non,Non,Oui,plus,moins,plus,NA,moins,plus,NA,NA,NA,moins,NA,NA,NA,moins,Oui,Non,Oui,Oui,Non,Oui,Non,Oui,Non,Non,Non,Non,Non,Non,Oui,NA,NA,NA,NA,Non,Non,Non,Non,Oui,Non,Non,Non,Non,Non,Non,Non,Non,Non,Non,Non,Non,Non,Non,Oui,non,non,non,non,non,Non applicable,Souvent,Non,Non,Non,Non,Non,Non,Oui,Non,Oui,Non,Non,Non,Non,Non,Non,Non,Non,seule,NA,NA,NA,NA,NA,NA,NA,NA,NA,NA,NA,Windows,Non,Non,Non,Non,Non,Non,Non,Non,Non,Oui,Oui,Non,Non,Non,Non,Non,Non,Non,Non,Non,Non,Non,Non,Non,Non,Non,Non,Non,Oui,Oui,Non,Non,Non,Non,Non,Non,Non,Non,Oui,Non,NA,NA,Non,Non,Non,Non,Non,Non,Non,Oui,Non,Non,Non,Non,Non,Non,Non,Oui,Non,Non,Non,Non,Non,Non,Non,Oui,Plus de dix ans,autre,Oui,Non,Non,Non,Non,fonct,Non,Non,Oui,Non,Non,Non,Non,Non,Non,LSH,0.6,autre,Une femme
616,Non,Non,Non,Oui,Non,Oui,Oui,Oui,Non,Oui,Oui,Non,Non,Non,Oui,Non,Oui,Oui,Non,Non,Non,Non,Non,Non,Oui,Non,Non,Non,Assez,Non,Non,Non,Oui,Oui,Oui,Oui,plus,moins,moins,moins,moins,plus,NA,moins,moins,moins,plus,moins,NA,NA,Oui,Non,Non,Non,Non,Oui,Oui,Oui,Oui,Non,Non,Non,Non,Oui,Oui,Toujours,Jamais,Jamais,Parfois,Non,Non,Non,Non,Oui,Non,Oui,Oui,Oui,Non,Non,Non,Oui,Non,Non,Non,Non,Non,Non,Non,non,non,oui,non,non,Je ne sais pas,Parfois,Non,Non,Non,Oui,Non,Non,Non,Oui,Oui,Oui,Non,Non,Non,Non,Non,Non,Non,seule,NA,NA,NA,NA,NA,NA,NA,NA,NA,NA,NA,MacOS,Oui,Non,Non,Non,Non,Oui,Non,Non,Non,Non,Oui,Oui,Non,Non,Non,Non,Non,Non,Non,Non,Non,Non,Non,Non,Non,Non,Non,Non,Oui,Non,Non,Non,Non,Non,Oui,Non,Non,Oui,Non,Oui,Parfois,nini,Non,Non,Non,Non,Non,Non,Non,Oui,Non,Non,Non,Non,Non,Non,Non,Oui,Oui,Non,Oui,Non,Non,Oui,Oui,Non,Moins de cinq ans,Université,Oui,Non,Non,Non,Non,fonct,Non,Non,Oui,Non,Non,Non,Non,Non,Non,LSH,0.6,autre,Une femme
625,Non,Non,Non,Non,Non,Oui,Oui,Non,Non,Oui,Non,Non,Non,Non,Non,Non,Non,Non,Non,Non,Non,Non,Oui,Non,Non,Non,Non,Non,Assez,Oui,Non,Non,Non,Non,Non,Oui,plus,moins,plus,NA,NA,NA,moins,NA,moins,moins,moins,NA,moins,NA,Non,Non,Oui,Non,Oui,Oui,Non,Oui,Oui,Non,Non,Non,Non,Non,Oui,Toujours,Souvent,Parfois,Jamais,Oui,Non,Non,Non,Non,Non,Oui,Oui,Oui,Non,Non,Non,Non,Non,Non,Non,Non,Non,Non,Non,oui,oui,non,non,non,Oui,Je ne sais pas,Non,Non,Oui,Non,Non,Non,Oui,Non,Oui,Non,Non,Non,Non,Non,Non,Non,Non,2a5,Oui,Non,Non,Non,Non,Non,Non,Non,Non,Non,Non,Windows,Non,Non,Non,Non,Non,Non,Non,Non,Non,Oui,Oui,Non,Non,Non,Non,Non,Non,Non,Non,Non,Non,Non,Non,Non,Non,Non,Non,Non,Oui,Non,Non,Non,Non,Non,Non,Non,Non,Non,Oui,Non,NA,NA,Oui,Non,Non,Oui,Non,Non,Non,Non,Oui,Oui,Non,Non,Non,Non,Non,Non,Oui,Non,Non,Non,Non,Non,Non,Non,Cinq à dix ans,autre,Non,Non,Non,Non,Non,CDD,Non,Non,Oui,Non,Non,Non,Non,Non,Non,LSH,0.6,autre,Un homme
487,Non,Non,Oui,Oui,Oui,Oui,Oui,Non,Non,Oui,Oui,Oui,Oui,Non,Oui,Non,Non,Non,Non,Non,Non,Non,Oui,Oui,Oui,Non,Non,Oui,Peu,Oui,Non,Non,Oui,Non,Non,Non,moins,NA,moins,NA,NA,moins,NA,NA,NA,moins,NA,NA,NA,moins,Oui,Non,Oui,Non,Non,Oui,Non,Oui,Oui,Non,Non,Non,Non,Oui,Oui,Souvent,Parfois,Parfois,Jamais,Non,Non,Oui,Non,Non,Non,Non,Non,Non,Non,Non,Non,Non,Non,Non,Non,Non,Non,Oui,Non,non,non,oui,oui,non,Non,Souvent,Oui,Non,Non,Non,Non,Non,Non,Oui,Oui,Non,Non,Non,Non,Non,Non,Non,Non,6a10,Non,Oui,Non,Non,Non,Non,Non,Non,Non,Non,Non,Windows,Oui,Non,Non,Oui,Non,Oui,Non,Non,Non,Non,Non,Oui,Oui,Non,Non,Non,Non,Non,Non,Non,Non,Oui,Non,Non,Non,Non,Non,Non,Non,Non,Non,Non,Non,Oui,Non,Non,Non,Non,Non,Oui,Parfois,plutotsat,Non,Non,Oui,Oui,Non,Non,Non,Non,Non,Non,Non,Oui,Oui,Non,Non,Non,Oui,Non,Oui,Oui,Non,Non,Non,Non,Plus de dix ans,école,Oui,Non,Non,Non,Non,fonct,Non,Non,Oui,Non,Non,Non,Non,Non,Non,LSH,0.6,autre,Un homme
738,Non,Non,Oui,Non,Oui,Oui,Oui,Non,Non,Non,Non,Non,Non,Oui,Oui,Non,Oui,Oui,Non,Non,Non,Non,Non,Non,Non,Non,Non,Oui,Tout à fait,Oui,Non,Oui,Non,Oui,Non,Oui,moins,moins,moins,moins,moins,moins,moins,moins,moins,moins,NA,moins,moins,NA,Oui,Non,Oui,Non,Oui,Oui,Oui,Oui,Oui,Non,Non,Oui,Non,Oui,Oui,Parfois,Toujours,Toujours,Toujours,Non,Non,Non,Non,Oui,Non,Oui,Oui,Oui,Non,Non,Non,Non,Oui,Non,Non,Non,Oui,Non,Non,oui,non,non,oui,oui,Oui,Souvent,Oui,Oui,Oui,Oui,Oui,Oui,Oui,Non,Oui,Non,Oui,Non,Non,Non,Non,Non,Non,2a5,Oui,Non,Oui,Non,Non,Non,Non,Non,Non,Non,Non,Windows,Oui,Non,Non,Oui,Non,Oui,Non,Oui,Non,Non,Non,Oui,Non,Non,Oui,Non,Oui,Non,Oui,Non,Non,Oui,Non,Oui,Oui,Oui,Oui,Non,Oui,Non,Non,Non,Non,Oui,Oui,Oui,Oui,Non,Non,Oui,Souvent,plutotsat,Oui,Non,Non,Non,Non,Non,Non,Non,Non,Non,Non,Non,Non,Non,Non,Oui,Oui,Non,Oui,Non,Non,Non,Non,Non,Moins de cinq ans,Université,Non,Oui,Non,Non,Non,doct,Non,Non,Oui,Non,Non,Non,Non,Non,Non,LSH,0.6,autre,Une femme
1041,Non,Non,Oui,Oui,Oui,Oui,Oui,Oui,Non,Oui,Non,Non,Non,Oui,Oui,Non,Oui,Oui,Non,Oui,Non,Oui,Oui,Oui,Non,Oui,Non,Oui,Assez,Oui,Non,Oui,Non,Oui,Non,Oui,moins,moins,moins,moins,moins,moins,NA,moins,moins,moins,NA,NA,moins,moins,Non,Non,Oui,Oui,Oui,Oui,Oui,Oui,Oui,Non,Oui,Non,Non,Oui,Oui,Souvent,Souvent,Souvent,Souvent,Non,Non,Oui,Non,Non,Non,Non,Non,Non,Oui,Oui,Non,Oui,Oui,Oui,Oui,Oui,Oui,Non,Non,oui,non,non,oui,oui,Je ne sais pas,Parfois,Oui,Oui,Oui,Oui,Oui,Oui,Non,Non,Non,Non,Oui,Oui,Oui,Oui,Oui,Non,Non,2a5,Oui,Oui,Oui,Non,Oui,Non,Non,Non,Non,Non,Non,MacOS,Oui,Non,Oui,Oui,Non,Oui,Non,Oui,Non,Non,Oui,Oui,Oui,Non,Non,Oui,Oui,Non,Oui,Non,Non,Non,Non,Oui,Non,Oui,Non,Non,Oui,Non,Non,Oui,Oui,Oui,Oui,Oui,Non,Oui,Non,Oui,Toujours,tressat,Non,Oui,Non,Oui,Non,Oui,Non,Non,Non,Oui,Oui,Non,Oui,Non,Non,Non,Oui,Non,Non,Non,Oui,Oui,Non,Non,Cinq à dix ans,Université,Non,Non,Non,Non,Oui,CDD,Non,Non,Oui,Non,Non,Non,Non,Non,Non,LSH,0.6,autre,Une femme
456,Non,Non,Oui,Oui,Non,Oui,Oui,Oui,Non,Non,Non,Non,Non,Non,Non,Non,Non,Non,Non,Non,Non,Non,Non,Non,Non,Non,Non,Oui,Pas du tout,Non,Non,Non,Non,Oui,Non,Non,plus,moins,plus,NA,NA,plus,NA,plus,moins,plus,moins,NA,moins,NA,Non,Non,Oui,Non,Oui,Oui,Non,Oui,Oui,Non,Non,Non,Non,Oui,Oui,NA,NA,NA,NA,Non,Non,Non,Non,Oui,Non,Non,Non,Oui,Non,Non,Non,Non,Non,Non,Non,Non,Non,Non,Non,non,non,non,oui,oui,Je ne sais pas,Je ne sais pas,Non,Non,Non,Oui,Non,Non,Oui,Non,Oui,Non,Non,Non,Non,Non,Non,Non,Non,seule,NA,NA,NA,NA,NA,NA,NA,NA,NA,NA,NA,MacOS,Non,Non,Non,Non,Non,Non,Non,Non,Non,Oui,Oui,Non,Non,Non,Non,Non,Non,Non,Oui,Non,Non,Non,Non,Non,Non,Non,Non,Non,Oui,Non,Non,Non,Non,Non,Non,Non,Non,Non,Oui,Non applicable,NA,NA,Non,Non,Non,Non,Non,Non,Non,Oui,Non,Non,Non,Non,Non,Non,Non,Oui,Non,Non,Non,Non,Non,Non,Non,Oui,Moins de cinq ans,NA,Non,Oui,Non,Non,Non,fonct,Non,Non,Oui,Non,Non,Non,Non,Non,Non,LSH,0.6,autre,Une femme
350,Non,Non,Non,Oui,Non,Oui,Oui,Oui,Non,Oui,Non,Non,Non,Non,Oui,Non,Non,Non,Non,Non,Non,Non,Oui,Non,Oui,Non,Non,Non,Peu,Oui,Non,Non,Oui,Oui,Oui,Oui,plus,moins,moins,NA,moins,moins,NA,NA,NA,moins,NA,NA,NA,moins,Non,Non,Oui,Non,Non,Oui,Oui,Oui,Non,Non,Non,Non,Non,Oui,Oui,NA,Parfois,Parfois,NA,Non,Non,Non,Non,Oui,Non,Non,Non,Non,Non,Non,Non,Non,Non,Non,Non,Non,Non,Non,Oui,oui,non,oui,non,oui,Non applicable,Parfois,Non,Non,Non,Non,Non,Oui,Oui,Non,Non,Non,Oui,Non,Non,Non,Non,Non,Non,seule,NA,NA,NA,NA,NA,NA,NA,NA,NA,NA,NA,Windows,Non,Non,Non,Non,Non,Non,Non,Non,Oui,Non,NA,NA,NA,NA,NA,NA,NA,NA,NA,NA,NA,NA,NA,NA,NA,NA,NA,NA,NA,NA,NA,Non,Non,Non,Non,Non,Non,Non,Oui,Oui,Parfois,plutotsat,Non,Non,Non,Non,Non,Non,Non,Oui,Oui,Oui,Oui,Non,Non,Non,Non,Non,Oui,Non,Oui,Oui,Non,Non,Oui,Non,Plus de dix ans,Université,Oui,Non,Non,Non,Non,fonct,Non,Non,Oui,Non,Non,Non,Non,Non,Non,LSH,0.6,autre,Une femme
462,Non,Non,Non,Oui,Non,Oui,Oui,Oui,Non,Oui,Oui,Oui,Oui,Oui,Oui,Oui,Oui,Oui,Oui,Non,Non,Non,Non,Non,Oui,Non,Non,Non,Peu,Non,Non,Non,Oui,Oui,Non,Non,plus,NA,plus,NA,NA,plus,NA,NA,NA,moins,plus,NA,NA,NA,Non,Non,Non,Non,Non,Non,Non,Oui,Non,Non,Non,Non,Non,Oui,Oui,Jamais,Jamais,Jamais,Jamais,Non,Non,Non,Non,Non,Oui,Non,Non,Non,Non,Non,Non,Non,Non,Non,Non,Non,Non,Non,Oui,non,oui,oui,non,non,Non,Parfois,Non,Non,Non,Oui,Non,Non,Oui,Non,Oui,Non,Non,Non,Non,Non,Non,Non,Non,2a5,Oui,Non,Non,Non,Oui,Non,Non,Non,Non,Non,Non,MacOS,Non,Non,Oui,Non,Non,Non,Non,Non,Non,Non,Non,Non,Non,Non,Non,Non,Non,Non,Oui,Non,Non,Non,Non,Non,Oui,Non,Non,Non,Non,Non,Non,Non,Non,Non,Non,Non,Non,Non,Oui,Non,NA,NA,Non,Oui,Non,Non,Non,Non,Non,Non,Non,Non,Oui,Oui,Non,Non,Non,Non,Oui,Non,Non,Non,Non,Non,Non,Non,Plus de dix ans,Université,Oui,Non,Non,Non,Non,fonct,Non,Non,Oui,Non,Non,Non,Non,Non,Non,LSH,0.6,autre,Un homme
918,Non,Non,Non,Oui,Oui,Oui,Oui,Oui,Non,Oui,Non,Non,Non,Non,Oui,Non,Non,Non,Non,Non,Non,Non,Non,Non,Non,Non,Non,Oui,Peu,Oui,Non,Non,Oui,Oui,Oui,Oui,NA,moins,moins,NA,NA,plus,NA,NA,NA,moins,moins,NA,NA,moins,Non,Non,Oui,Non,Non,Oui,Oui,Oui,Non,Non,Non,Non,Non,Oui,Oui,NA,NA,Souvent,Parfois,Oui,Non,Non,Non,Non,Non,Oui,Oui,Oui,Non,Non,Non,Oui,Non,Non,Non,Non,Non,Non,Non,oui,oui,non,non,oui,Je ne sais pas,Parfois,Non,Non,Oui,Oui,Non,Non,Oui,Non,Oui,Non,Oui,Non,Non,Non,Non,Non,Non,2a5,Oui,Oui,Non,Oui,Oui,Non,Non,Non,Non,Non,Non,LinuxUnix,Oui,Non,Oui,Non,Non,Oui,Non,Non,Non,Non,Oui,Non,Oui,Non,Non,Non,Oui,Non,Oui,Non,Non,Non,Non,Non,Oui,Non,Oui,Oui,Oui,Non,Non,Non,Oui,Oui,Oui,Non,Oui,Non,Non,Oui,Souvent,plutotsat,Oui,Non,Non,Non,Non,Non,Non,Non,Oui,Oui,Non,Non,Oui,Non,Oui,Non,Oui,Non,Oui,Non,Oui,Oui,Non,Non,Plus de dix ans,Université,Oui,Non,Non,Non,Non,fonct,Non,Non,Oui,Non,Non,Non,Non,Non,Non,LSH,0.6,autre,Un homme
591,Non,Non,Non,Oui,Non,Oui,Oui,Oui,Non,Oui,Non,Non,Non,Non,Non,Non,Non,Non,Non,Non,Non,Non,Non,Non,Non,Non,Non,Non,Peu,Non,Non,Non,Non,Non,Non,Non,plus,moins,plus,NA,NA,plus,NA,NA,NA,moins,moins,NA,NA,moins,Non,Non,Oui,Non,Non,Oui,Non,Oui,Oui,Non,Non,Non,Non,Non,Oui,Parfois,Jamais,Jamais,Jamais,Non,Non,Non,Non,Oui,Oui,Oui,Oui,Oui,Oui,Oui,Non,Oui,Oui,Oui,Non,Non,Non,Non,Non,non,non,non,non,non,Non,Parfois,Non,Non,Non,Oui,Non,Non,Oui,Non,Oui,Non,Non,Non,Non,Oui,Non,Non,Non,seule,NA,NA,NA,NA,NA,NA,NA,NA,NA,NA,NA,MacOS,Oui,Non,Non,Non,Non,Oui,Non,Non,Non,Non,Oui,Non,Non,Non,Non,Non,Non,Non,Non,Non,Non,Non,Non,Non,Non,Non,Non,Non,Oui,Non,Non,Non,Non,Oui,Non,Non,Non,Non,Oui,Non,NA,NA,Oui,Oui,Non,Non,Non,Non,Non,Non,Non,Non,Non,Non,Oui,Non,Non,Non,Non,Oui,Non,Non,Non,Non,Non,Non,Plus de dix ans,autre,Oui,Non,Non,Non,Non,fonct,Non,Non,Oui,Non,Non,Non,Non,Non,Non,LSH,0.6,autre,Une femme
321,Non,Non,Non,Oui,Non,Oui,Oui,Oui,Non,Oui,Non,Non,Non,Non,Oui,Non,Non,Non,Non,Non,Non,Non,Non,Non,Oui,Non,Non,Non,Assez,Non,Non,Non,Non,Non,Non,Non,moins,NA,NA,NA,NA,plus,NA,NA,NA,NA,NA,NA,NA,NA,Non,Non,Oui,Non,Non,Oui,Non,Oui,Non,Non,Non,Non,Non,Non,Oui,NA,NA,NA,Parfois,Non,Non,Non,Non,Non,Oui,Non,Non,Non,Non,Non,Non,Non,Non,Non,Non,Non,Non,Non,Oui,oui,non,non,non,non,Je ne sais pas,Parfois,Non,Non,Oui,Oui,Oui,Non,Oui,Non,Oui,Non,Non,Non,Non,Non,Non,Non,Non,seule,NA,NA,NA,NA,NA,NA,NA,NA,NA,NA,NA,Windows,Non,Non,Non,Non,Non,Non,Non,Non,Non,Oui,Non,Oui,Non,Non,Non,Non,Non,Oui,Non,Non,Non,Non,Non,Non,Non,Non,Oui,Non,Oui,Non,Non,Non,Non,Oui,Non,Non,Non,Non,Oui,Oui,Parfois,NA,Non,Non,Non,Non,Non,Non,Non,Oui,Oui,Oui,Oui,Oui,Oui,Oui,Oui,Non,Oui,Non,Oui,Non,Non,Oui,Non,Non,Plus de dix ans,Université,Oui,Non,Non,Non,Non,fonct,Non,Non,Oui,Non,Non,Non,Non,Non,Non,LSH,0.6,autre,Une femme
1192,Non,Non,Non,Oui,Non,Oui,Oui,Oui,Non,Oui,Non,Non,Non,Non,Non,Non,Non,Non,Non,Non,Non,Non,Oui,Non,Oui,Non,Non,Oui,Pas du tout,Non,Non,Non,Oui,Oui,Non,Non,NA,NA,NA,NA,NA,NA,NA,NA,NA,NA,NA,NA,NA,NA,Oui,Non,Oui,Oui,Oui,Oui,Oui,Oui,Oui,Non,Non,Non,Non,Oui,Oui,Non applicable,Non applicable,Non applicable,Non applicable,Non,Non,Non,Non,Non,Oui,Oui,Oui,Oui,Non,Oui,Non,Non,Non,Non,Non,Oui,Non,Non,Non,oui,non,non,non,non,Oui,Toujours,Non,Non,Non,Non,Non,Non,Oui,Non,Oui,Non,Non,Non,Non,Non,Non,Non,Non,2a5,Oui,Oui,Oui,Non,Oui,Non,Oui,Oui,Non,Non,Oui,Windows,Non,Non,Non,Non,Non,Non,Non,Non,Non,Oui,Non,Non,Non,Non,Non,Non,Non,Non,Non,Non,Oui,Non,Non,Non,Non,Non,Non,Non,Non,Non,Oui,Non,Non,Oui,Non,Non,Non,Non,Non,Non applicable,NA,NA,Non,Non,Non,Non,Non,Non,Non,Oui,Non,Non,Non,Non,Oui,Non,Oui,Non,Non,Non,Oui,Non,Non,Non,Non,Non,Plus de dix ans,Université,Oui,Non,Non,Non,Non,fonct,Non,Non,Oui,Non,Non,Non,Non,Non,Non,LSH,0.6,autre,Une femme
1002,Non,Non,Non,Oui,Non,Oui,Oui,Oui,Non,Oui,Non,Non,Non,Non,Non,Non,Non,Non,Non,Non,Non,Non,Non,Non,Oui,Non,Non,Non,Pas du tout,Non,Non,Non,Oui,Oui,Non,Oui,plus,moins,plus,moins,NA,plus,NA,moins,moins,moins,plus,moins,moins,NA,Non,Non,Oui,Oui,Non,Oui,Non,Oui,Non,Non,Non,Non,Non,Oui,Oui,Parfois,Jamais,Parfois,Parfois,Non,Non,Non,Non,Oui,Non,Non,Oui,Oui,Non,Non,Non,Non,Oui,Oui,Non,Non,Non,Non,Non,non,oui,oui,non,oui,Je ne sais pas,Parfois,Non,Non,Non,Non,Oui,Oui,Oui,Non,Oui,Non,Non,Non,Non,Oui,Non,Non,Non,2a5,Oui,Oui,Non,Non,Non,Non,Non,Non,Non,Non,Non,Windows,Non,Non,Non,Non,Non,Non,Non,Non,Non,Oui,Non,Non,Non,Non,Non,Non,Non,Non,Non,Non,Oui,Non,Non,Non,Non,Non,Non,Non,Non,Non,Oui,Non,Non,Oui,Non,Non,Non,Non,Non,Oui,Jamais,nini,Non,Oui,Non,Oui,Oui,Non,Non,Non,Non,Non,Non,Oui,Non,Oui,Oui,Non,Oui,Oui,Non,Non,Non,Non,Non,Non,Cinq à dix ans,autre,Non,Oui,Non,Non,Non,autre,Non,Non,Oui,Non,Non,Non,Non,Non,Non,LSH,0.6,autre,Autre
308,Oui,Non,Oui,Oui,Non,Oui,Oui,Oui,Non,Oui,Oui,Oui,Oui,Oui,Oui,Non,Oui,Non,Non,Non,Non,Non,Oui,Non,Oui,Non,Non,Non,Peu,Oui,Non,Non,Oui,Oui,Non,Non,plus,NA,moins,NA,moins,plus,NA,NA,NA,moins,moins,moins,moins,moins,Oui,Non,Non,Non,Oui,Oui,Oui,Oui,Oui,Non,Non,Non,Oui,Oui,Oui,Souvent,Jamais,Souvent,Jamais,Oui,Non,Oui,Non,Non,Non,Oui,Oui,Oui,Non,Non,Non,Oui,Oui,Oui,Non,Non,Non,Non,Non,oui,oui,non,non,non,Oui,Souvent,Oui,Non,Non,Non,Non,Oui,Oui,Oui,Oui,Oui,Oui,Non,Non,Non,Non,Non,Non,6a10,Oui,Oui,Oui,Non,Non,Non,Non,Non,Non,Non,Non,MacOS,Oui,Non,Oui,Non,Non,Oui,Non,Non,Non,Non,Oui,Oui,Non,Non,Non,Non,Non,Oui,Oui,Non,Non,Oui,Non,Non,Oui,Non,Non,Non,Oui,Non,Non,Non,Non,Oui,Non,Non,Non,Non,Non,Non,NA,NA,Oui,Oui,Non,Oui,Oui,Non,Non,Non,Oui,Oui,Oui,Oui,Oui,Oui,Oui,Non,Oui,Non,Oui,Oui,Oui,Non,Non,Non,Plus de dix ans,CNRS,Oui,Non,Non,Non,Non,fonct,Non,Non,Oui,Non,Non,Non,Non,Non,Non,LSH,0.6,autre,Une femme
454,Oui,Non,Oui,Oui,Oui,Oui,Oui,Non,Non,Oui,Non,Non,Non,Non,Oui,Non,Oui,Oui,Non,Non,Non,Non,Oui,Non,Oui,Non,Non,Oui,Assez,Non,Oui,Oui,Oui,Oui,Non,Oui,plus,moins,moins,moins,NA,plus,NA,plus,moins,moins,NA,moins,moins,NA,Oui,Non,Oui,Non,Oui,Oui,Non,Oui,Oui,Non,Non,Non,Oui,Oui,Oui,Souvent,Parfois,Parfois,Jamais,Oui,Non,Oui,Non,Non,Non,Oui,Oui,Non,Non,Non,Non,Non,Oui,Oui,Non,Non,Non,Non,Non,oui,non,oui,non,non,Oui,Souvent,Oui,Non,Non,Non,Non,Oui,Oui,Oui,Oui,Non,Non,Non,Non,Non,Non,Non,Non,6a10,Oui,Oui,Non,Non,Oui,Non,Non,Non,Non,Non,Oui,MacOS,Oui,Non,Oui,Oui,Non,Oui,Non,Non,Non,Non,Non,Oui,Oui,Oui,Non,Non,Non,Non,Oui,Non,Non,Oui,Non,Non,Oui,Non,Non,Oui,Non,Non,Non,Oui,Oui,Oui,Oui,Non,Non,Non,Non,Oui,Souvent,tressat,Oui,Oui,Non,Non,Non,Non,Non,Non,Non,Oui,Oui,Oui,Non,Non,Oui,Non,Non,Non,Oui,Oui,Non,Non,Non,Non,Plus de dix ans,école,Oui,Non,Non,Non,Non,fonct,Non,Non,Oui,Non,Non,Non,Non,Non,Non,LSH,0.6,autre,Un homme
907,Non,Non,Non,Oui,Non,Non,Oui,Oui,Non,Oui,Oui,Non,Non,Non,Oui,Non,Non,Non,Non,Non,Non,Oui,Oui,Oui,Oui,Oui,Oui,Oui,Tout à fait,Oui,Non,Non,Non,Oui,Oui,Oui,moins,moins,moins,plus,moins,moins,NA,plus,moins,moins,moins,plus,moins,moins,Non,Non,Oui,Non,Non,Oui,Non,Oui,Oui,Non,Oui,Non,Non,Oui,Non,Toujours,Toujours,NA,Jamais,Non,Non,Oui,Oui,Non,Non,Non,Oui,Oui,Non,Non,Non,Non,Non,Non,Non,Non,Non,Non,Non,non,non,non,non,non,Oui,Souvent,Non,Non,Non,Oui,Oui,Non,Non,Oui,Oui,Non,Non,Non,Non,Non,Non,Oui,Non,2a5,Non,Non,Non,Oui,Oui,Non,Non,Non,Non,Non,Non,Windows,Oui,Non,Non,Non,Non,Non,Non,Non,Non,Non,Non,Non,Non,Non,Non,Non,Non,Non,Non,Non,Oui,Non,Non,Non,Non,Non,Non,Non,Non,Non,Oui,Non,Non,Oui,Non,Non,Non,Non,Non,Oui,Parfois,insatisfait,Oui,Oui,Non,Oui,Non,Non,Oui,Non,Non,Oui,Non,Oui,Oui,Oui,Oui,Non,Oui,Non,Non,Non,Non,Non,Non,Non,Plus de dix ans,autre,Non,Non,Non,Oui,Oui,fonct,Non,Non,Oui,Non,Non,Non,Non,Non,Non,LSH,0.6,autre,Une femme
522,Oui,Non,Oui,Oui,Oui,Oui,Oui,Non,Non,Non,Oui,Oui,Oui,Oui,Oui,Non,Non,Non,Non,Non,Non,Non,Oui,Oui,Oui,Non,Non,Non,Assez,Non,Oui,Non,Non,Non,Non,Oui,moins,moins,moins,moins,moins,moins,moins,moins,moins,moins,moins,moins,NA,NA,Oui,Oui,Non,Non,Oui,Oui,Non,Non,Non,Non,Oui,Non,Oui,Oui,Oui,Parfois,Parfois,Parfois,Jamais,Oui,Non,Oui,Non,Non,Non,Oui,Oui,Non,Oui,Non,Non,Oui,Non,Non,Non,Non,Non,Non,Non,non,oui,oui,non,oui,Non,Parfois,Non,Oui,Non,Non,Non,Non,Non,Oui,Oui,Oui,Non,Non,Non,Non,Non,Non,Non,6a10,Oui,Oui,Oui,Non,Non,Non,Non,Non,Non,Non,Non,MacOS,Oui,Non,Oui,Oui,Oui,Oui,Non,Non,Non,Non,Oui,Oui,Non,Non,Non,Non,Oui,Oui,Oui,Non,Non,Oui,Oui,Non,Oui,Non,Non,Non,Oui,Non,Non,Non,Oui,Oui,Non,Non,Non,Non,Non,Oui,Toujours,tressat,Oui,Oui,Oui,Non,Non,Non,Non,Non,Non,Non,Non,Non,Non,Non,Non,Oui,Non,Non,Oui,Non,Non,Non,Non,Non,Plus de dix ans,autre,Oui,Non,Non,Non,Non,fonct,Non,Non,Oui,Non,Non,Non,Non,Non,Non,LSH,0.6,autre,Une femme
1155,Non,Non,Oui,Oui,Oui,Oui,Oui,Non,Non,Oui,Oui,Non,Non,Oui,Oui,Non,Non,Non,Non,Non,Non,Non,Oui,Non,Oui,Non,Non,Non,Peu,Non,Non,Non,Oui,Non,Non,Oui,moins,moins,moins,moins,moins,moins,NA,NA,NA,moins,moins,NA,moins,NA,Oui,Non,Non,Non,Non,Oui,Oui,Oui,Oui,Non,Non,Non,Oui,Oui,Non,Toujours,Jamais,Jamais,Jamais,Non,Non,Non,Non,Oui,Non,Non,Non,Non,Non,Non,Non,Non,Non,Non,Non,Non,Non,Non,Oui,oui,oui,oui,non,non,Oui,Parfois,Non,Oui,Non,Non,Oui,Non,Oui,Non,Oui,Oui,Non,Oui,Non,Non,Non,Oui,Non,2a5,Oui,Oui,Non,Non,Non,Non,Non,Non,Non,Non,Non,MacOS,Oui,Non,Non,Non,Oui,Non,Non,Non,Non,Non,Non,Oui,Non,Non,Non,Non,Oui,Non,Non,Non,Non,Oui,Non,Non,Non,Oui,Oui,Non,Non,Non,Non,Non,Non,Oui,Oui,Non,Non,Non,Non,Oui,Parfois,plutotsat,Oui,Non,Non,Non,Non,Non,Non,Non,Non,Non,Oui,Oui,Oui,Non,Oui,Non,Oui,Non,Non,Non,Non,Oui,Oui,Non,Plus de dix ans,autre,Non,Oui,Non,Non,Non,CDD,Non,Non,Oui,Non,Non,Non,Non,Non,Non,LSH,0.6,autre,Un homme
81,Non,Non,Oui,Oui,Non,Oui,Non,Non,Non,Non,Non,Non,Oui,Oui,Oui,Non,Non,Non,Non,Non,Non,Non,Oui,Non,Oui,Non,Non,Non,Assez,Non,Non,Non,Non,Non,Non,Oui,moins,NA,moins,moins,moins,moins,NA,moins,moins,moins,moins,NA,NA,NA,Non,Non,Oui,Non,Oui,Oui,Non,Non,Oui,Non,Non,Non,Non,Oui,Non,Parfois,Parfois,Jamais,Jamais,Non,Non,Non,Non,Oui,Non,Non,Oui,Non,Non,Non,Non,Non,Non,Non,Non,Non,Non,Non,Non,non,oui,oui,oui,non,Je ne sais pas,Souvent,Non,Non,Oui,Non,Oui,Non,Non,Non,Oui,Non,Non,Non,Non,Non,Non,Non,Non,6a10,Oui,Oui,Non,Non,Non,Non,Non,Non,Non,Non,Non,Windows,Oui,Non,Non,Non,Oui,Non,Non,Non,Non,Non,Non,Oui,Oui,Non,Non,Non,Non,Non,Non,Non,Non,Oui,Non,Non,Non,Non,Oui,Non,Non,Non,Non,Non,Non,Oui,Oui,Non,Non,Non,Non,Oui,Parfois,NA,Non,Non,Non,Oui,Non,Oui,Non,Non,Non,Non,Non,Oui,Oui,Non,Non,Non,Non,Oui,Oui,Non,Non,Non,Non,Non,Cinq à dix ans,CNRS,Oui,Non,Non,Non,Non,fonct,Non,Non,Oui,Non,Non,Non,Non,Non,Non,LSH,0.6,autre,Une femme
227,Non,Non,Oui,Oui,Oui,Oui,Oui,Non,Non,Oui,Non,Non,Non,Non,Non,Non,Non,Non,Non,Non,Non,Non,Oui,Non,Oui,Non,Non,Non,Tout à fait,Oui,Non,Non,Oui,Non,Non,Non,moins,moins,moins,moins,moins,moins,moins,moins,moins,NA,NA,NA,NA,NA,Oui,Non,Oui,Oui,Oui,Oui,Oui,Non,Oui,Non,Non,Oui,Non,Non,Oui,Souvent,Jamais,Parfois,Jamais,Non,Non,Non,Non,Oui,Non,Non,Oui,Non,Oui,Non,Non,Oui,Non,Oui,Non,Oui,Non,Non,Non,non,non,oui,oui,non,Non,Parfois,Non,Non,Non,Oui,Oui,Non,Oui,Non,Non,Non,Oui,Non,Non,Non,Non,Oui,Non,2a5,Non,Oui,Non,Non,Non,Non,Non,Non,Non,Non,Non,Windows,Non,Non,Non,Oui,Oui,Non,Non,Non,Non,Non,Non,Oui,Non,Non,Non,Non,Oui,Non,Oui,Oui,Non,Oui,Non,Non,Non,Non,Oui,Non,Oui,Non,Non,Non,Non,Oui,Non,Non,Non,Non,Non,Oui,Parfois,plutotsat,Non,Non,Non,Non,Non,Non,Non,Oui,Non,Non,Non,Non,Non,Non,Non,Oui,Oui,Non,Oui,Non,Non,Non,Non,Non,Plus de dix ans,école,Oui,Non,Non,Non,Non,fonct,Non,Non,Oui,Non,Non,Non,Non,Non,Non,LSH,0.6,autre,Une femme
300,Non,Non,Oui,Oui,Oui,Oui,Oui,Oui,Non,Non,Non,Non,Non,Oui,Oui,Non,Non,Non,Non,Non,Non,Non,Non,Oui,Non,Non,Non,Oui,Tout à fait,Oui,Non,Non,Oui,Oui,Non,Non,moins,NA,NA,moins,NA,moins,NA,moins,plus,NA,moins,NA,NA,moins,Oui,Non,Oui,Non,Non,Non,Oui,Oui,Oui,Non,Non,Oui,Non,Oui,Non,Parfois,Parfois,Jamais,Jamais,Non,Non,Non,Non,Oui,Non,Non,Non,Non,Oui,Non,Non,Non,Non,Oui,Non,Non,Non,Non,Non,oui,non,non,oui,non,Je ne sais pas,Parfois,Non,Oui,Non,Non,Oui,Non,Non,Non,Oui,Non,Oui,Non,Non,Non,Non,Non,Non,6a10,Oui,Oui,Non,Non,Non,Non,Non,Non,Non,Non,Non,MacOS,Oui,Non,Oui,Non,Non,Non,Non,Non,Non,Non,Oui,Oui,Oui,Non,Non,Non,Non,Non,Non,Non,Non,Non,Non,Oui,Oui,Non,Non,Non,Non,Non,Non,Non,Non,Oui,Oui,Non,Non,Non,Non,Oui,Souvent,tressat,Oui,Oui,Non,Non,Non,Non,Non,Non,Non,Non,Non,Oui,Oui,Oui,Non,Non,Oui,Non,Non,Non,Non,Non,Oui,Non,Plus de dix ans,Université,Oui,Non,Non,Non,Non,autre,Non,Non,Oui,Non,Non,Non,Non,Non,Non,LSH,0.6,autre,Un homme
265,Non,Non,Oui,Oui,Oui,Oui,Oui,Oui,Non,Oui,Oui,Non,Oui,Oui,Oui,Non,Non,Non,Non,Non,Non,Non,Oui,Non,Non,Non,Non,Oui,Assez,Oui,Non,Non,Oui,Oui,Non,Oui,moins,moins,moins,moins,moins,moins,moins,moins,moins,moins,moins,NA,moins,NA,Oui,Oui,Oui,Oui,Oui,Oui,Oui,Oui,Oui,Non,Non,Oui,Non,Oui,Non,Parfois,Parfois,Jamais,Jamais,Non,Non,Non,Non,Oui,Non,Non,Oui,Oui,Oui,Non,Non,Non,Oui,Non,Non,Non,Oui,Non,Non,oui,non,oui,non,non,Je ne sais pas,Souvent,Non,Oui,Oui,Oui,Oui,Oui,Oui,Oui,Non,Non,Non,Non,Non,Oui,Non,Non,Non,2a5,Oui,Oui,Oui,Non,Non,Non,Non,Non,Non,Non,Non,Windows,Oui,Non,Non,Non,Oui,Non,Non,Oui,Non,Non,Oui,Oui,Oui,Non,Oui,Oui,Oui,Oui,Oui,Oui,Non,Non,Oui,Oui,Non,Oui,Non,Non,Oui,Oui,Non,Non,Oui,Oui,Oui,Oui,Non,Non,Non,Non,NA,NA,Non,Non,Non,Oui,Non,Oui,Oui,Non,Non,Non,Non,Oui,Non,Non,Non,Non,Oui,Non,Oui,Non,Oui,Non,Non,Non,Plus de dix ans,autre,Oui,Non,Non,Non,Non,fonct,Non,Non,Oui,Non,Non,Non,Non,Non,Non,LSH,0.6,autre,Une femme
1196,Non,Non,Oui,Non,Oui,Oui,Oui,Oui,Non,Oui,Oui,Non,Non,Non,Oui,Non,Oui,Non,Non,Oui,Non,Non,Oui,Non,Oui,Non,Non,Non,Peu,Non,Non,Non,Oui,Oui,Non,Oui,moins,moins,moins,moins,moins,plus,NA,NA,moins,moins,NA,moins,NA,moins,Oui,Non,Non,Non,Oui,Non,Oui,Non,Oui,Non,Non,Non,Oui,Oui,Oui,Souvent,Jamais,Non applicable,Non applicable,Non,Non,Non,Non,Oui,Non,Oui,Non,Non,Non,Non,Non,Non,Non,Non,Non,Non,Non,Non,Non,non,non,oui,oui,non,Non,Souvent,Oui,Oui,Non,Oui,Oui,Non,Non,Non,Oui,Non,Oui,Non,Oui,Non,Non,Non,Non,2a5,Oui,Oui,Oui,Non,Non,Non,Non,Non,Non,Non,Non,LinuxUnix,Oui,Non,Non,Non,Non,Non,Non,Non,Non,Non,Oui,Oui,Non,Non,Oui,Oui,Oui,Oui,Oui,Oui,Non,Non,Non,Oui,Oui,Non,Oui,Oui,Oui,Oui,Non,Non,Non,Oui,Oui,Non,Non,Non,Non,Oui,Parfois,nini,Oui,Oui,Oui,Oui,Non,Non,Non,Non,Oui,Oui,Oui,Oui,Oui,Non,Non,Non,Oui,Oui,Oui,Oui,Non,Oui,Oui,Non,Plus de dix ans,école,Non,Non,Oui,Non,Non,fonct,Non,Non,Oui,Non,Non,Non,Non,Non,Non,LSH,0.6,autre,Une femme
453,Non,Non,Oui,Oui,Non,Oui,Oui,Non,Non,Oui,Non,Non,Non,Non,Non,Non,Oui,Non,Non,Non,Non,Non,Oui,Oui,Oui,Non,Non,Non,Peu,Non,Non,Oui,Non,Oui,Non,Non,moins,moins,moins,NA,moins,moins,moins,moins,moins,moins,moins,moins,moins,moins,Oui,Non,Non,Non,Non,Oui,Non,Oui,Oui,Non,Non,Non,Non,Oui,Oui,Parfois,NA,NA,NA,Non,Non,Non,Non,Oui,Non,Oui,Oui,Oui,Non,Oui,Oui,Non,Non,Non,Non,Non,Non,Non,Non,oui,non,oui,oui,non,Non applicable,Parfois,Non,Non,Non,Oui,Oui,Oui,Oui,Non,Oui,Non,Non,Non,Non,Non,Non,Non,Non,2a5,Oui,Non,Non,Non,Non,Non,Non,Non,Non,Non,Non,MacOS,Non,Non,Non,Non,Non,Non,Non,Non,Non,Oui,Non,Non,Non,Non,Non,Non,Oui,Non,Non,Non,Non,Non,Non,Non,Non,Non,Non,Non,Oui,Non,Non,Non,Non,Non,Non,Non,Non,Non,Oui,Non,NA,NA,Non,Non,Non,Non,Non,Non,Non,Oui,Non,Non,Non,Non,Non,Non,Non,Oui,Non,Non,Non,Non,Non,Oui,Oui,Non,Plus de dix ans,autre,Oui,Oui,Non,Non,Non,fonct,Non,Non,Oui,Non,Non,Non,Non,Non,Non,LSH,0.6,autre,Un homme
799,Non,Non,Non,Non,Non,Oui,Oui,Non,Non,Non,Oui,Non,Non,Non,Oui,Non,Oui,Oui,Non,Oui,Non,Non,Non,Non,Oui,Non,Non,Non,Tout à fait,Oui,Non,Oui,Oui,Oui,Non,Oui,moins,NA,moins,moins,plus,plus,NA,plus,moins,moins,moins,NA,NA,NA,Non,Non,Non,Non,Non,Non,Oui,Non,Oui,Non,Non,Non,Oui,Oui,Oui,Toujours,Jamais,Jamais,Jamais,Non,Non,Oui,Non,Oui,Non,Non,Non,Non,Oui,Non,Non,Non,Non,Non,Non,Non,Non,Non,Non,non,non,non,non,oui,Oui,Parfois,Non,Oui,Oui,Non,Oui,Non,Oui,Oui,Non,Non,Non,Non,Oui,Non,Non,Non,Non,2a5,Oui,Oui,Non,Non,Non,Non,Non,Non,Non,Non,Non,LinuxUnix,Non,Non,Non,Non,Oui,Non,Non,Non,Non,Non,Non,Non,Non,Non,Non,Non,Oui,Non,Oui,Non,Non,Non,Non,Oui,Non,Oui,Oui,Non,Oui,Non,Non,Non,Non,Oui,Non,Non,Non,Non,Oui,Oui,Jamais,NA,Non,Non,Oui,Oui,Non,Non,Non,Non,Oui,Non,Non,Oui,Non,Non,Non,Non,Oui,Non,Oui,Non,Non,Non,Non,Non,Cinq à dix ans,Université,Non,Oui,Non,Non,Non,CDD,Non,Non,Oui,Non,Non,Non,Non,Non,Non,LSH,0.6,autre,Une femme
48,Non,Non,Oui,Non,Oui,Oui,Non,Non,Non,Non,Non,Non,Oui,Non,Non,Non,Non,Oui,Non,Non,Non,Non,Non,Oui,Non,Non,Non,Non,Pas du tout,Oui,Non,Non,Non,Non,Non,Oui,moins,NA,plus,NA,NA,moins,NA,NA,NA,NA,NA,NA,NA,NA,Non,Non,Oui,Non,Non,Non,Non,Non,Oui,Non,Non,Oui,Oui,Oui,Non,Parfois,Non applicable,Non applicable,Non applicable,Non,Non,Non,Non,Non,Oui,Non,Oui,Non,Non,Non,Non,Non,Oui,Non,Non,Non,Oui,Non,Non,oui,non,non,oui,non,Oui,Souvent,Non,Oui,Non,Non,Oui,Non,Non,Oui,Oui,Non,Non,Non,Non,Oui,Non,Non,Non,2a5,Oui,Non,Non,Non,Non,Non,Non,Non,Non,Non,Non,Windows,Oui,Non,Non,Oui,Non,Non,Non,Oui,Non,Non,Non,Oui,Non,Non,Non,Non,Non,Non,Non,Non,Non,Oui,Non,Non,Non,Non,Oui,Non,Oui,Non,Non,Non,Non,Oui,Oui,Oui,Non,Non,Non,Non,NA,NA,Non,Oui,Non,Oui,Oui,Non,Non,Non,Non,Non,Oui,Non,Oui,Non,Non,Non,Oui,Oui,Non,Non,Non,Non,Non,Non,Plus de dix ans,Université,Oui,Non,Non,Non,Oui,fonct,Non,Non,Oui,Non,Non,Non,Non,Non,Non,LSH,0.6,autre,Une femme
502,Non,Non,Oui,Oui,Non,Oui,Oui,Non,Non,Oui,Oui,Non,Non,Non,Oui,Non,Non,Non,Non,Non,Non,Non,Oui,Non,Non,Non,Non,Non,Peu,Oui,Oui,Non,Oui,Oui,Non,Oui,moins,moins,moins,moins,moins,moins,moins,moins,moins,moins,moins,moins,moins,moins,Oui,Non,Non,Oui,Non,Non,Non,Non,Non,Non,Non,Non,Non,Oui,Oui,Parfois,Parfois,Jamais,Jamais,Non,Non,Non,Non,Oui,Non,Non,Non,Non,Non,Non,Non,Non,Non,Non,Non,Non,Non,Non,Oui,non,oui,oui,non,oui,Je ne sais pas,Parfois,Non,Non,Non,Non,Oui,Oui,Oui,Non,Non,Non,Non,Non,Non,Non,Non,Non,Non,seule,NA,NA,NA,NA,NA,NA,NA,NA,NA,NA,NA,MacOS,Oui,Non,Non,Non,Non,Non,Non,Non,Non,Non,Oui,Non,Non,Non,Non,Non,Non,Non,Non,Non,Non,Oui,Oui,Non,Non,Non,Non,Non,Non,Non,Non,Oui,Non,Oui,Oui,Non,Non,Non,Non,Non,NA,NA,Non,Non,Oui,Oui,Non,Non,Non,Non,Oui,Oui,Oui,Non,Oui,Oui,Non,Non,Oui,Non,Non,Non,Non,Oui,Non,Non,Moins de cinq ans,NA,Non,Oui,Non,Non,Non,doct,Non,Non,Oui,Non,Non,Non,Non,Non,Non,LSH,0.6,autre,Une femme
78,Non,Non,Non,Non,Oui,Non,Non,Non,Non,Non,Oui,Oui,Oui,Oui,Oui,Non,Non,Oui,Non,Oui,Non,Non,Non,Non,Oui,Non,Non,Non,Tout à fait,Non,Non,Oui,Non,Non,Non,Oui,plus,NA,moins,moins,moins,plus,plus,moins,NA,moins,plus,NA,NA,moins,Non,Non,Oui,Non,Oui,Non,Non,Non,Oui,Non,Non,Non,Oui,Non,Non,Parfois,Jamais,Jamais,Jamais,Oui,Non,Non,Non,Non,Non,Non,Oui,Non,Non,Non,Non,Non,Non,Non,Non,Non,Non,Non,Non,oui,oui,non,non,non,Oui,Souvent,Non,Non,Oui,Non,Oui,Non,Non,Oui,Non,Non,Oui,Non,Non,Non,Non,Non,Non,2a5,Oui,Oui,Non,Non,Non,Non,Non,Non,Non,Non,Non,Windows,Non,Non,Non,Non,Oui,Non,Non,Non,Non,Non,Non,Oui,Non,Non,Non,Non,Oui,Non,Non,Non,Non,Oui,Non,Non,Non,Non,Non,Non,Non,Non,Non,Non,Non,Oui,Non,Non,Non,Non,Non,Oui,Jamais,NA,Non,Non,Non,Non,Non,Non,Non,Oui,Non,Non,Non,Oui,Non,Non,Oui,Non,Non,Non,Oui,Non,Non,Non,Non,Non,Plus de dix ans,NA,Oui,Non,Non,Non,Non,fonct,Non,Non,Oui,Non,Non,Non,Non,Non,Non,LSH,0.6,autre,Une femme
821,Non,Non,Non,Oui,Non,Oui,Oui,Oui,Non,Oui,Non,Non,Non,Non,Oui,Non,Non,Non,Non,Non,Non,Non,Oui,Non,Oui,Non,Non,Oui,Peu,Non,Non,Non,Oui,Oui,Non,Non,plus,moins,plus,NA,NA,plus,NA,NA,moins,plus,plus,moins,NA,NA,Oui,Non,Oui,Non,Non,Oui,Oui,Oui,Oui,Non,Non,Non,Non,Non,Non,Parfois,Jamais,Jamais,Jamais,Non,Non,Non,Non,Oui,Non,Non,Non,Oui,Non,Non,Non,Non,Non,Non,Non,Non,Non,Non,Non,oui,oui,non,oui,oui,Oui,Souvent,Non,Non,Oui,Non,Non,Non,Oui,Non,Oui,Non,Non,Non,Non,Non,Non,Non,Non,seule,NA,NA,NA,NA,NA,NA,NA,NA,NA,NA,NA,MacOS,Non,Non,Non,Non,Non,Non,Non,Non,Non,Oui,Non,Non,Non,Non,Non,Non,Non,Non,Non,Non,Oui,Non,Non,Non,Non,Non,Non,Non,Non,Non,Oui,Non,Non,Non,Non,Non,Non,Non,Oui,Non,NA,NA,Oui,Non,Oui,Non,Non,Non,Non,Non,Non,Non,Non,Non,Non,Non,Oui,Non,Oui,Non,Oui,Non,Oui,Non,Non,Non,Plus de dix ans,Université,Oui,Non,Non,Non,Non,fonct,Non,Non,Oui,Non,Non,Non,Non,Non,Non,LSH,0.6,autre,Un homme
1158,Non,Non,Oui,Non,Non,Oui,Oui,Non,Non,Non,Non,Non,Non,Non,Non,Non,Non,Non,Non,Non,Non,Non,Oui,Non,Oui,Non,Non,Non,Tout à fait,Non,Non,Oui,Oui,Oui,Non,Oui,moins,NA,NA,moins,NA,moins,NA,NA,NA,moins,NA,moins,moins,NA,Oui,Non,Non,Non,Non,Oui,Oui,Oui,Oui,Non,Non,Non,Non,Oui,Oui,Parfois,Parfois,Parfois,Parfois,Non,Non,Non,Non,Oui,Non,Oui,Non,Non,Oui,Non,Non,Oui,Non,Oui,Non,Non,Non,Non,Non,oui,non,oui,non,non,Oui,Jamais,Non,Non,Non,Oui,Non,Non,Non,Oui,Oui,Non,Non,Non,Non,Non,Non,Non,Non,seule,NA,NA,NA,NA,NA,NA,NA,NA,NA,NA,NA,MacOS,Oui,Non,Non,Non,Non,Non,Non,Non,Non,Non,Oui,Non,Non,Non,Non,Non,Non,Non,Non,Non,Non,Oui,Non,Non,Oui,Non,Oui,Non,Oui,Oui,Non,Non,Non,Oui,Oui,Non,Non,Non,Non,Oui,Jamais,NA,Non,Oui,Non,Non,Non,Non,Non,Non,Non,Non,Oui,Oui,Oui,Non,Non,Non,Oui,Non,Oui,Non,Non,Non,Non,Non,Cinq à dix ans,Université,Oui,Non,Non,Non,Non,fonct,Non,Non,Oui,Non,Non,Non,Non,Non,Non,LSH,0.6,autre,Un homme
786,Non,Non,Oui,Oui,Oui,Oui,Oui,Non,Non,Oui,Non,Non,Non,Non,Oui,Non,Non,Non,Non,Non,Non,Non,Oui,Non,Oui,Non,Oui,Non,Peu,Non,Non,Non,Non,Non,Non,Non,moins,moins,moins,moins,moins,moins,NA,moins,moins,moins,moins,NA,NA,moins,Non,Non,Non,Non,Non,Non,Oui,Oui,Oui,Non,Non,Non,Non,Oui,Non,Parfois,Jamais,Jamais,Jamais,Non,Non,Oui,Non,Non,Non,Oui,Oui,Non,Non,Non,Oui,Non,Non,Non,Non,Non,Non,Non,Non,non,non,oui,oui,non,Non,Je ne sais pas,Non,Non,Oui,Oui,Oui,Non,Oui,Non,Oui,Non,Non,Non,Non,Non,Non,Non,Non,2a5,Oui,Oui,Non,Non,Non,Non,Non,Non,Non,Oui,Oui,MacOS,Oui,Non,Non,Oui,Non,Non,Non,Non,Non,Non,Non,Non,Oui,Non,Non,Non,Non,Non,Non,Non,Non,Non,Oui,Non,Oui,Non,Non,Non,Non,Non,Non,Non,Non,Oui,Non,Non,Non,Non,Non,Oui,Parfois,insatisfait,Oui,Oui,Non,Non,Oui,Non,Non,Non,Non,Oui,Oui,Non,Oui,Non,Non,Non,Oui,Non,Oui,Non,Non,Non,Non,Non,Plus de dix ans,Université,Oui,Non,Non,Non,Non,fonct,Non,Non,Oui,Non,Non,Non,Non,Non,Non,LSH,0.6,autre,Un homme
328,Non,Non,Oui,Oui,Oui,Oui,Oui,Non,Oui,Oui,Oui,Oui,Oui,Oui,Oui,Oui,Oui,Oui,Non,Oui,Non,Oui,Oui,Non,Oui,Oui,Oui,Non,Tout à fait,Oui,Oui,Oui,Oui,Oui,Oui,Oui,moins,moins,moins,moins,moins,moins,moins,moins,moins,moins,NA,NA,moins,moins,Oui,Non,Oui,Oui,Oui,Non,Oui,Oui,Oui,Non,Non,Oui,Oui,Oui,Oui,Souvent,Parfois,Jamais,Jamais,Non,Non,Non,Non,Non,Oui,Oui,Non,Non,Non,Non,Non,Non,Non,Oui,Non,Non,Oui,Non,Non,oui,oui,non,oui,non,Oui,Souvent,Oui,Oui,Oui,Oui,Oui,Oui,Non,Oui,Oui,Non,Non,Non,Oui,Oui,Oui,Non,Non,2a5,Oui,Oui,Oui,Non,Non,Non,Non,Non,Non,Non,Non,LinuxUnix,Oui,Non,Non,Oui,Non,Oui,Non,Oui,Non,Non,Oui,Non,Oui,Non,Oui,Oui,Oui,Non,Oui,Oui,Non,Non,Non,Non,Oui,Non,Non,Non,Oui,Non,Non,Non,Non,Oui,Oui,Oui,Non,Non,Non,Oui,Parfois,nini,Non,Non,Non,Non,Oui,Oui,Oui,Non,Oui,Oui,Oui,Oui,Oui,Non,Oui,Non,Oui,Oui,Oui,Oui,Oui,Oui,Oui,Non,Plus de dix ans,Université,Non,Oui,Non,Non,Non,CDD,Non,Non,Oui,Non,Non,Non,Non,Non,Non,LSH,0.6,autre,Un homme
1065,Non,Non,Non,Non,Non,Oui,Oui,Non,Non,Oui,Oui,Non,Non,Non,Non,Non,Non,Non,Non,Non,Non,Non,Non,Non,Non,Non,Non,Oui,Assez,Oui,Non,Oui,Oui,Non,Non,Oui,NA,NA,NA,NA,NA,moins,NA,moins,NA,NA,NA,NA,moins,NA,Non,Non,Non,Non,Non,Non,Non,Oui,Oui,Non,Non,Non,Non,Non,Non,Toujours,NA,Souvent,NA,Non,Non,Oui,Non,Non,Oui,Non,Non,Non,Non,Non,Non,Oui,Oui,Non,Non,Non,Non,Non,Non,non,non,oui,non,oui,Oui,Parfois,Non,Non,Non,Non,Non,Oui,Oui,Non,Oui,Non,Non,Non,Non,Non,Non,Non,Non,6a10,Oui,Non,Non,Non,Non,Non,Non,Non,Non,Non,Oui,MacOS,Non,Non,Non,Non,Non,Non,Non,Non,Non,Oui,Non,Non,Non,Non,Non,Non,Non,Non,Non,Non,Oui,Non,Non,Non,Non,Non,Non,Non,Non,Non,Oui,Non,Oui,Oui,Non,Non,Non,Non,Non,Non applicable,NA,NA,Oui,Non,Non,Non,Non,Non,Non,Non,Non,Non,Non,Non,Non,Non,Non,Oui,Oui,Non,Non,Non,Non,Non,Oui,Non,Moins de cinq ans,Université,Non,Non,Non,Non,Non,autre,Non,Non,Oui,Non,Non,Non,Non,Non,Non,LSH,0.6,autre,Une femme
160,Non,Non,Oui,Oui,Non,Oui,Oui,Oui,Non,Oui,Oui,Non,Non,Non,Oui,Non,Non,Oui,Non,Non,Non,Non,Oui,Non,Non,Non,Non,Non,Tout à fait,Non,Non,Non,Oui,Non,Non,Oui,moins,moins,moins,moins,moins,moins,NA,NA,moins,moins,moins,NA,moins,NA,Non,Non,Oui,Oui,Oui,Oui,Oui,Oui,Oui,Non,Non,Non,Non,Oui,Oui,Souvent,Parfois,Jamais,Non applicable,Non,Non,Non,Non,Oui,Non,Non,Non,Non,Oui,Non,Non,Non,Oui,Oui,Non,Non,Non,Non,Non,oui,non,oui,non,non,Oui,Parfois,Non,Oui,Oui,Oui,Oui,Oui,Non,Oui,Oui,Non,Oui,Non,Non,Non,Non,Non,Non,2a5,Oui,Oui,Non,Non,Non,Non,Non,Non,Non,Non,Oui,Windows,Oui,Non,Non,Non,Non,Non,Non,Non,Oui,Non,NA,NA,NA,NA,NA,NA,NA,NA,NA,NA,NA,NA,NA,NA,NA,NA,NA,NA,NA,NA,NA,Non,Oui,Oui,Oui,Non,Oui,Non,Non,Oui,Parfois,nini,Oui,Oui,Non,Oui,Non,Non,Non,Non,Oui,Oui,Non,Oui,Oui,Non,Oui,Non,Oui,Oui,Non,Oui,Non,Non,Oui,Non,Plus de dix ans,école,Oui,Non,Non,Non,Non,fonct,Non,Non,Oui,Non,Non,Non,Non,Non,Non,LSH,0.6,autre,Une femme
137,Non,Non,Oui,Oui,Oui,Oui,Oui,Non,Non,Oui,Oui,Oui,Oui,Oui,Oui,Non,Oui,Oui,Non,Non,Non,Non,Oui,Oui,Oui,Non,Non,Non,Assez,Non,Non,Non,Oui,Non,Non,Non,moins,moins,moins,moins,moins,moins,moins,moins,moins,moins,moins,moins,moins,moins,Oui,Non,Oui,Non,Oui,Non,Non,Non,Oui,Non,Non,Oui,Oui,Oui,Oui,Parfois,Jamais,Parfois,Parfois,Non,Non,Non,Non,Oui,Non,Non,Non,Non,Non,Oui,Non,Non,Non,Non,Non,Non,Non,Non,Non,non,non,oui,oui,oui,Oui,Parfois,Non,Non,Non,Oui,Oui,Non,Oui,Non,Non,Oui,Non,Non,Non,Non,Non,Non,Non,2a5,Oui,Oui,Oui,Non,Non,Non,Non,Non,Non,Oui,Non,Windows,Oui,Non,Oui,Non,Non,Oui,Non,Oui,Non,Non,Non,Non,Oui,Non,Non,Non,Non,Non,Non,Non,Non,Oui,Oui,Non,Oui,Non,Non,Non,Non,Non,Non,Non,Non,Oui,Non,Non,Non,Non,Non,Oui,Parfois,plutotsat,Non,Oui,Oui,Non,Non,Non,Oui,Non,Non,Non,Non,Oui,Oui,Oui,Oui,Non,Non,Non,Non,Oui,Oui,Oui,Non,Non,Plus de dix ans,autre,Oui,Non,Non,Non,Non,fonct,Non,Non,Oui,Non,Non,Non,Non,Non,Non,LSH,0.6,géographie,Une femme
39,Non,Non,Oui,Non,Oui,Oui,Non,Non,Non,Non,Oui,Non,Oui,Oui,Oui,Non,Oui,Oui,Non,Oui,Non,Non,Oui,Non,Oui,Non,Non,Oui,Assez,Non,Non,Non,Non,Oui,Non,Oui,moins,NA,NA,moins,moins,moins,NA,moins,moins,moins,NA,NA,NA,NA,Oui,Non,Oui,Non,Non,Non,Non,Non,Oui,Non,Non,Oui,Oui,Oui,Oui,Jamais,Jamais,Jamais,Jamais,Non,Non,Non,Non,Oui,Oui,Non,Non,Non,Non,Non,Non,Non,Non,Non,Non,Non,Non,Non,Oui,non,non,non,non,oui,Non,Parfois,Non,Oui,Oui,Oui,Oui,Oui,Oui,Oui,Oui,Non,Non,Oui,Non,Non,Oui,Non,Non,seule,NA,NA,NA,NA,NA,NA,NA,NA,NA,NA,NA,Windows,Oui,Non,Non,Oui,Oui,Oui,Non,Oui,Non,Non,Oui,Oui,Non,Oui,Non,Non,Oui,Non,Oui,Non,Non,Non,Non,Non,Non,Oui,Non,Non,Oui,Non,Non,Non,Non,Oui,Oui,Non,Non,Non,Non,Non,NA,NA,Non,Non,Oui,Oui,Oui,Oui,Oui,Non,Oui,Oui,Oui,Oui,Oui,Non,Oui,Non,Oui,Oui,Oui,Oui,Oui,Oui,Non,Non,Moins de cinq ans,NA,Non,Oui,Non,Non,Non,doct,Non,Non,Oui,Non,Non,Non,Non,Non,Non,LSH,0.6,géographie,Un homme
548,Non,Non,Oui,Non,Oui,Oui,Non,Non,Non,Oui,Non,Oui,Oui,Oui,Oui,Non,Oui,Non,Non,Oui,Non,Non,Oui,Oui,Oui,Non,Non,Non,Assez,Non,Non,Oui,Oui,Non,Non,Non,moins,NA,NA,moins,moins,moins,NA,moins,moins,moins,moins,NA,moins,moins,Oui,Non,Oui,Oui,Non,Non,Non,Non,Oui,Oui,Non,Oui,Non,Oui,Oui,Parfois,Parfois,Jamais,Jamais,Non,Non,Non,Non,Oui,Non,Oui,Oui,Oui,Non,Non,Non,Non,Non,Oui,Non,Non,Non,Non,Non,oui,non,non,non,oui,Oui,Souvent,Non,Non,Oui,Oui,Oui,Non,Non,Oui,Oui,Non,Non,Oui,Non,Non,Non,Non,Non,6a10,Oui,Oui,Oui,Non,Non,Non,Non,Non,Non,Non,Non,Windows,Oui,Non,Non,Oui,Oui,Oui,Non,Oui,Non,Non,Non,Oui,Oui,Non,Non,Non,Oui,Non,Oui,Non,Non,Oui,Non,Non,Oui,Non,Oui,Non,Oui,Non,Non,Non,Non,Oui,Non,Non,Oui,Non,Non,Oui,Souvent,plutotsat,Oui,Oui,Non,Non,Oui,Oui,Non,Non,Oui,Oui,Oui,Oui,Oui,Non,Non,Non,Oui,Oui,Non,Non,Oui,Oui,Oui,Non,Plus de dix ans,Université,Oui,Non,Non,Non,Non,fonct,Non,Non,Oui,Non,Non,Non,Non,Non,Non,LSH,0.6,géographie,Un homme
584,Non,Non,Oui,Non,Oui,Oui,Oui,Non,Non,Oui,Oui,Non,Non,Oui,Oui,Non,Oui,Non,Non,Oui,Oui,Non,Non,Non,Non,Oui,Non,Oui,Tout à fait,Non,Non,Oui,Non,Non,Non,Non,NA,NA,moins,plus,plus,plus,NA,plus,moins,moins,plus,NA,NA,moins,Oui,Non,Oui,Non,Non,Non,Non,Non,Oui,Non,Non,Oui,Oui,Non,Non,Non applicable,Toujours,Non applicable,Non applicable,Non,Non,Oui,Non,Non,Non,Non,Non,Non,Non,Non,Non,Non,Non,Oui,Non,Non,Non,Non,Non,non,non,oui,oui,non,Je ne sais pas,Souvent,Non,Oui,Oui,Non,Non,Non,Non,Non,Non,Non,Non,Non,Oui,Non,Non,Non,Non,11plus,Oui,Oui,Oui,Non,Oui,Non,Non,Non,Non,Non,Oui,Windows,Oui,Non,Oui,Oui,Oui,Oui,Non,Oui,Oui,Non,NA,NA,NA,NA,NA,NA,NA,NA,NA,NA,NA,NA,NA,NA,NA,NA,NA,NA,NA,NA,NA,Non,Non,Oui,Non,Oui,Non,Non,Non,Non,NA,NA,Non,Oui,Non,Non,Non,Non,Non,Non,Oui,Oui,Oui,Non,Oui,Non,Non,Non,Oui,Non,Non,Non,Oui,Non,Non,Non,Plus de dix ans,Université,Oui,Non,Non,Non,Non,fonct,Non,Non,Oui,Non,Non,Non,Non,Non,Non,LSH,0.6,géographie,Un homme
695,Non,Non,Oui,Oui,Non,Oui,Oui,Non,Non,Non,Oui,Non,Oui,Oui,Oui,Non,Non,Non,Non,Non,Non,Non,Oui,Non,Oui,Non,Non,Oui,Assez,Oui,Non,Non,Oui,Non,Non,Oui,moins,NA,moins,moins,moins,moins,NA,moins,moins,moins,moins,moins,moins,NA,Oui,Non,Oui,Non,Non,Oui,Oui,Oui,Oui,Non,Non,Non,Oui,Oui,Oui,Souvent,Parfois,Parfois,Non applicable,Non,Non,Non,Non,Oui,Non,Oui,Oui,Non,Non,Oui,Non,Oui,Non,Non,Non,Non,Non,Non,Non,oui,oui,non,oui,non,Je ne sais pas,Parfois,Non,Non,Non,Oui,Non,Non,Oui,Non,Oui,Non,Non,Non,Oui,Non,Non,Non,Non,2a5,Oui,Oui,Non,Non,Non,Non,Non,Non,Non,Non,Oui,Windows,Oui,Non,Non,Oui,Non,Oui,Non,Oui,Non,Non,Non,Oui,Non,Non,Oui,Oui,Non,Oui,Non,Non,Non,Non,Non,Oui,Oui,Oui,Non,Non,Oui,Oui,Non,Oui,Non,Oui,Oui,Non,Non,Non,Non,Non applicable,NA,NA,Non,Oui,Non,Oui,Non,Non,Non,Non,Oui,Non,Oui,Oui,Oui,Non,Non,Non,Oui,Non,Non,Non,Non,Non,Non,Non,Cinq à dix ans,autre,Non,Oui,Non,Non,Non,CDD,Non,Non,Oui,Non,Non,Non,Non,Non,Non,LSH,0.6,géographie,Une femme
463,Non,Non,Oui,Non,Non,Oui,Oui,Oui,Oui,Non,Non,Oui,Oui,Oui,Oui,Non,Oui,Oui,Non,Oui,Non,Non,Oui,Non,Oui,Non,Non,Oui,Tout à fait,Oui,Oui,Non,Non,Oui,Non,Oui,moins,moins,NA,moins,moins,moins,NA,moins,NA,NA,moins,NA,moins,moins,Oui,Non,Oui,Non,Oui,Oui,Non,Non,Oui,Non,Non,Non,Oui,Oui,Oui,Parfois,Non applicable,Jamais,Jamais,Non,Non,Non,Non,Oui,Non,Oui,Oui,Oui,Oui,Non,Non,Non,Non,Oui,Non,Non,Oui,Non,Non,oui,non,oui,oui,non,Non,Souvent,Non,Oui,Oui,Non,Oui,Oui,Non,Oui,Oui,Non,Non,Non,Non,Non,Non,Non,Oui,2a5,Oui,Non,Oui,Non,Non,Non,Non,Non,Non,Non,Non,Windows,Oui,Non,Non,Oui,Non,Oui,Non,Oui,Non,Non,Oui,Non,Non,Non,Non,Oui,Oui,Non,Oui,Oui,Non,Non,Oui,Non,Oui,Oui,Oui,Non,Oui,Non,Non,Non,Non,Oui,Non,Oui,Non,Non,Oui,Non,NA,NA,Non,Oui,Non,Non,Non,Non,Non,Non,Non,Oui,Non,Non,Non,Non,Non,Non,Non,Non,Non,Non,Non,Non,Oui,Non,Plus de dix ans,CNRS,Non,Non,Oui,Non,Non,fonct,Non,Non,Oui,Non,Non,Non,Non,Non,Non,LSH,0.6,géographie,Une femme
40,Non,Non,Oui,Oui,Non,Oui,Oui,Oui,Non,Non,Non,Non,Oui,Oui,Oui,Non,Non,Non,Non,Non,Non,Non,Non,Non,Non,Non,Non,Oui,Assez,Non,Non,Oui,Non,Oui,Non,Oui,NA,NA,NA,NA,NA,NA,NA,NA,moins,moins,moins,moins,moins,NA,Oui,Non,Oui,Oui,Oui,Oui,Oui,Oui,Oui,Non,Oui,Non,Non,Non,Non,NA,Parfois,Parfois,Parfois,Non,Non,Oui,Non,Non,Non,Non,Non,Non,Non,Non,Non,Non,Non,Non,Oui,Non,Non,Non,Non,oui,oui,non,oui,non,Oui,Parfois,Oui,Oui,Oui,Oui,Oui,Oui,Non,Non,Non,Non,Oui,Non,Non,Non,Non,Non,Non,6a10,Oui,Oui,Non,Non,Oui,Oui,Oui,Non,Non,Non,Non,MacOS,Oui,Non,Non,Non,Non,Non,Non,Non,Oui,Non,NA,NA,NA,NA,NA,NA,NA,NA,NA,NA,NA,NA,NA,NA,NA,NA,NA,NA,NA,NA,NA,Non,Non,Oui,Non,Non,Non,Oui,Non,Oui,Souvent,tressat,Non,Non,Non,Non,Non,Non,Non,Oui,Non,Non,Non,Non,Non,Non,Non,Oui,Non,Non,Non,Non,Non,Oui,Oui,Non,Plus de dix ans,école,Non,Non,Non,Oui,Oui,CDI,Non,Non,Oui,Non,Non,Non,Non,Non,Non,LSH,0.6,géographie,Un homme
1163,Non,Non,Oui,Oui,Non,Oui,Non,Non,Non,Oui,Non,Non,Oui,Non,Non,Non,Non,Non,Non,Non,Non,Non,Oui,Non,Oui,Non,Non,Non,Assez,Non,Non,Non,Oui,Non,Non,Oui,plus,moins,plus,moins,NA,moins,NA,moins,moins,moins,NA,NA,moins,moins,Oui,Non,Oui,Non,Non,Oui,Oui,Oui,Oui,Non,Non,Non,Oui,Oui,Oui,Parfois,Jamais,Jamais,Jamais,Non,Non,Non,Non,Oui,Non,Non,Non,Non,Non,Non,Non,Non,Non,Non,Non,Non,Non,Non,Oui,oui,oui,non,non,oui,Je ne sais pas,Parfois,Non,Oui,Non,Oui,Oui,Non,Oui,Non,Oui,Non,Non,Oui,Non,Oui,Non,Non,Non,seule,NA,NA,NA,NA,NA,NA,NA,NA,NA,NA,NA,Windows,Oui,Non,Non,Oui,Oui,Non,Non,Non,Non,Non,Non,Oui,Non,Oui,Non,Non,Oui,Oui,Oui,Non,Non,Oui,Non,Oui,Oui,Non,Oui,Oui,Oui,Non,Non,Non,Non,Oui,Oui,Non,Non,Non,Non,Non,NA,NA,Non,Non,Non,Oui,Oui,Non,Non,Non,Oui,Oui,Oui,Non,Non,Non,Non,Non,Oui,Non,Oui,Non,Oui,Non,Oui,Non,Moins de cinq ans,NA,Non,Oui,Non,Non,Non,autre,Non,Non,Oui,Non,Non,Non,Non,Non,Non,LSH,0.6,géographie,Une femme
333,Non,Non,Oui,Non,Oui,Oui,Oui,Non,Non,Oui,Oui,Oui,Oui,Non,Oui,Non,Oui,Oui,Non,Non,Non,Non,Oui,Oui,Oui,Non,Oui,Non,Tout à fait,Oui,Oui,Oui,Oui,Oui,Non,Non,NA,NA,NA,NA,moins,plus,moins,moins,moins,moins,moins,NA,moins,moins,Non,Non,Oui,Oui,Oui,Oui,Non,Oui,Oui,Oui,Oui,Non,Oui,Oui,Non,Souvent,Souvent,Parfois,Souvent,Oui,Non,Oui,Non,Non,Non,Oui,Non,Non,Non,Oui,Non,Non,Oui,Non,Non,Non,Oui,Non,Non,oui,oui,non,non,oui,Oui,Souvent,Non,Oui,Non,Oui,Non,Non,Non,Oui,Non,Oui,Non,Non,Oui,Non,Non,Non,Non,6a10,Oui,Oui,Oui,Non,Non,Non,Non,Oui,Non,Non,Oui,Windows,Oui,Non,Non,Non,Oui,Non,Non,Oui,Non,Non,Non,Oui,Non,Non,Non,Non,Non,Non,Non,Oui,Non,Oui,Non,Oui,Non,Non,Non,Non,Non,Oui,Non,Non,Oui,Oui,Oui,Oui,Oui,Non,Non,Oui,Toujours,tressat,Oui,Oui,Non,Non,Non,Non,Non,Non,Non,Oui,Non,Oui,Oui,Non,Non,Non,Oui,Non,Oui,Non,Oui,Non,Non,Non,Plus de dix ans,CNRS,Oui,Non,Non,Non,Non,fonct,Non,Non,Oui,Non,Non,Non,Non,Non,Non,LSH,0.6,géographie,Une femme
1038,Non,Non,Oui,Oui,Oui,Oui,Oui,Oui,Non,Oui,Oui,Non,Non,Oui,Oui,Non,Non,Non,Non,Non,Non,Non,Non,Non,Oui,Non,Non,Non,Tout à fait,Oui,Oui,Oui,Oui,Non,Non,Oui,moins,moins,moins,moins,moins,moins,moins,moins,moins,moins,moins,moins,moins,moins,Oui,Non,Oui,Non,Oui,Oui,Oui,Oui,Oui,Non,Oui,Oui,Oui,Non,Oui,Souvent,Souvent,Parfois,Jamais,Non,Non,Non,Non,Oui,Non,Non,Oui,Oui,Non,Non,Non,Oui,Oui,Non,Non,Non,Non,Non,Non,non,oui,non,non,oui,Oui,Parfois,Non,Oui,Oui,Oui,Oui,Oui,Oui,Non,Oui,Non,Non,Non,Non,Oui,Non,Non,Non,6a10,Oui,Oui,Non,Non,Oui,Non,Non,Non,Non,Oui,Non,MacOS,Oui,Non,Non,Oui,Non,Oui,Non,Non,Non,Non,Non,Oui,Oui,Non,Non,Non,Non,Non,Non,Non,Non,Oui,Oui,Oui,Oui,Non,Oui,Non,Oui,Non,Non,Non,Non,Oui,Oui,Non,Non,Non,Non,Oui,Parfois,insatisfait,Oui,Oui,Non,Oui,Oui,Non,Non,Non,Oui,Oui,Oui,Oui,Oui,Oui,Non,Non,Oui,Oui,Oui,Oui,Oui,Oui,Non,Non,Plus de dix ans,école,Oui,Non,Non,Non,Non,fonct,Non,Non,Oui,Non,Non,Non,Non,Non,Non,LSH,0.6,géographie,Une femme
586,Non,Non,Oui,Oui,Non,Oui,Oui,Oui,Non,Oui,Oui,Non,Non,Oui,Oui,Non,Non,Non,Non,Oui,Non,Non,Oui,Non,Oui,Non,Oui,Oui,Tout à fait,Non,Oui,Non,Oui,Oui,Oui,Non,plus,plus,plus,moins,moins,plus,moins,moins,NA,plus,plus,plus,plus,plus,Oui,Non,Oui,Oui,Non,Oui,Oui,Oui,Oui,Non,Non,Non,Oui,Oui,Oui,Souvent,Souvent,Jamais,Souvent,Oui,Non,Oui,Non,Non,Non,Non,Oui,Oui,Oui,Non,Oui,Oui,Oui,Oui,Oui,Oui,Non,Non,Non,oui,non,non,oui,non,Oui,Souvent,Non,Non,Non,Non,Non,Oui,Oui,Oui,Oui,Non,Oui,Oui,Oui,Oui,Non,Oui,Non,6a10,Oui,Oui,Oui,Non,Oui,Oui,Oui,Oui,Oui,Oui,Oui,MacOS,Oui,Non,Oui,Non,Non,Oui,Non,Oui,Oui,Non,NA,NA,NA,NA,NA,NA,NA,NA,NA,NA,NA,NA,NA,NA,NA,NA,NA,NA,NA,NA,NA,Non,Oui,Oui,Oui,Non,Non,Non,Non,Oui,Souvent,insatisfait,Non,Oui,Non,Non,Non,Non,Non,Non,Oui,Oui,Oui,Oui,Oui,Non,Oui,Non,Oui,Non,Oui,Non,Non,Non,Oui,Non,Plus de dix ans,CNRS,Oui,Non,Non,Non,Non,fonct,Non,Non,Oui,Non,Non,Non,Non,Non,Non,LSH,0.6,histoire,Un homme
607,Non,Non,Non,Oui,Non,Non,Non,Oui,Non,Oui,Non,Non,Oui,Non,Non,Non,Non,Non,Non,Oui,Non,Non,Non,Non,Oui,Non,Non,Oui,Peu,Oui,Non,Non,Oui,Oui,Non,Non,plus,moins,moins,NA,moins,moins,NA,NA,moins,moins,NA,NA,moins,NA,Non,Non,Oui,Non,Non,Oui,Oui,Oui,Oui,Non,Non,Non,Non,Oui,Oui,Parfois,NA,NA,NA,Non,Non,Non,Non,Non,Oui,Non,Non,Oui,Non,Non,Non,Non,Non,Non,Non,Non,Non,Non,Non,oui,non,oui,oui,non,Non,Parfois,Non,Oui,Oui,Non,Non,Oui,Oui,Non,Non,Non,Oui,Non,Non,Non,Non,Non,Non,seule,NA,NA,NA,NA,NA,NA,NA,NA,NA,NA,NA,Windows,Oui,Non,Non,Non,Non,Non,Non,Non,Non,Non,Oui,Non,Non,Oui,Non,Non,Non,Non,Non,Non,Non,Non,Non,Non,Non,Non,Non,Non,Oui,Non,Non,Non,Non,Non,Non,Non,Non,Non,Oui,Oui,Parfois,plutotsat,Non,Non,Non,Non,Non,Non,Non,Oui,Non,Non,Oui,Non,Non,Non,Non,Non,Non,Oui,Non,Non,Non,Oui,Oui,Non,Moins de cinq ans,Université,Non,Oui,Non,Non,Non,autre,Non,Non,Oui,Non,Non,Non,Non,Non,Non,LSH,0.6,histoire,Un homme
92,Non,Non,Oui,Oui,Non,Oui,Oui,Non,Non,Oui,Oui,Non,Non,Non,Non,Non,Non,Non,Non,Non,Non,Non,Oui,Non,Oui,Non,Non,Non,Peu,Oui,Non,Non,Oui,Non,Non,Oui,plus,moins,moins,NA,NA,NA,NA,NA,NA,moins,NA,NA,NA,NA,Oui,Non,Non,Non,Non,Oui,Oui,Oui,Oui,Non,Non,Non,Non,Oui,Non,Jamais,Jamais,Jamais,Jamais,Non,Non,Non,Non,Oui,Non,Non,Non,Non,Non,Non,Non,Non,Non,Non,Non,Non,Non,Non,Oui,non,oui,non,non,oui,Oui,Parfois,Non,Non,Non,Non,Oui,Oui,Oui,Non,Oui,Non,Non,Non,Non,Non,Non,Non,Non,seule,NA,NA,NA,NA,NA,NA,NA,NA,NA,NA,NA,MacOS,Oui,Non,Non,Non,Non,Non,Non,Non,Non,Non,Non,Non,Non,Non,Non,Non,Non,Non,Non,Non,Oui,Non,Non,Non,Non,Non,Non,Non,Oui,Non,Non,Non,Non,Oui,Non,Non,Non,Non,Oui,Non,NA,NA,Non,Non,Non,Non,Oui,Non,Non,Non,Non,Oui,Oui,Oui,Non,Non,Non,Non,Non,Non,Non,Non,Non,Non,Non,Oui,Moins de cinq ans,Université,Non,Oui,Non,Non,Non,doct,Non,Non,Oui,Non,Non,Non,Non,Non,Non,LSH,0.6,histoire,Un homme
831,Non,Non,Non,Oui,Non,Oui,Oui,Non,Non,Oui,Oui,Non,Non,Non,Oui,Non,Non,Non,Non,Oui,Non,Non,Non,Non,Non,Non,Non,Non,Pas du tout,Oui,Non,Non,Oui,Non,Non,Non,plus,moins,plus,NA,moins,moins,NA,NA,NA,moins,NA,moins,NA,NA,Non,Non,Non,Non,Non,Non,Non,Oui,Oui,Non,Non,Non,Non,Oui,Non,Souvent,Jamais,Jamais,Jamais,Non,Non,Non,Non,Oui,Non,Non,Non,Non,Non,Non,Non,Non,Non,Non,Non,Non,Non,Non,Oui,oui,oui,non,non,oui,Non,Parfois,Oui,Non,Oui,Non,Non,Oui,Oui,Non,Oui,Non,Non,Non,Non,Non,Non,Non,Non,seule,NA,NA,NA,NA,NA,NA,NA,NA,NA,NA,NA,Windows,Oui,Non,Oui,Non,Non,Oui,Non,Non,Non,Non,Oui,Non,Non,Non,Non,Non,Non,Non,Non,Non,Non,Non,Non,Non,Non,Non,Non,Non,Oui,Non,Non,Non,Non,Non,Non,Non,Non,Non,Oui,Non,NA,NA,Oui,Non,Non,Non,Non,Non,Non,Non,Non,Non,Oui,Non,Non,Non,Non,Non,Oui,Non,Oui,Non,Non,Non,Non,Non,Cinq à dix ans,Université,Non,Oui,Non,Non,Non,doct,Non,Non,Oui,Non,Non,Non,Non,Non,Non,LSH,0.6,histoire,Un homme
525,Non,Non,Non,Oui,Oui,Oui,Oui,Oui,Non,Oui,Non,Non,Non,Non,Oui,Non,Non,Non,Non,Non,Non,Non,Oui,Oui,Non,Non,Non,Non,Peu,Non,Non,Non,Non,Oui,Oui,Non,plus,NA,moins,moins,moins,moins,moins,NA,NA,NA,NA,NA,NA,NA,Non,Non,Oui,Non,Non,Oui,Oui,Oui,Oui,Non,Non,Non,Non,Oui,Non,NA,NA,NA,NA,Non,Non,Non,Non,Oui,Non,Non,Non,Non,Non,Non,Non,Non,Non,Non,Non,Non,Non,Non,Oui,oui,non,oui,non,non,Oui,Souvent,Non,Non,Oui,Non,Non,Oui,Oui,Oui,Non,Non,Oui,Non,Non,Oui,Non,Non,Non,seule,NA,NA,NA,NA,NA,NA,NA,NA,NA,NA,NA,Windows,Oui,Non,Oui,Oui,Non,Oui,Non,Non,Non,Non,Non,Oui,Non,Non,Non,Non,Oui,Oui,Non,Non,Non,Oui,Non,Oui,Non,Non,Non,Non,Oui,Non,Non,Non,Oui,Oui,Non,Non,Non,Non,Oui,Oui,Souvent,tressat,Non,Non,Non,Non,Non,Non,Non,Oui,Non,Oui,Oui,Non,Non,Non,Non,Non,Non,Non,Oui,Non,Non,Non,Oui,Non,Cinq à dix ans,Université,Non,Oui,Non,Non,Non,CDD,Non,Non,Oui,Non,Non,Non,Non,Non,Non,LSH,0.6,histoire,Un homme
1149,Non,Non,Non,Oui,Non,Non,Oui,Non,Non,Oui,Non,Non,Oui,Non,Oui,Non,Non,Non,Non,Non,Non,Non,Oui,Non,Non,Non,Non,Non,Assez,Non,Non,Non,Oui,Non,Non,Non,NA,NA,NA,NA,NA,NA,NA,NA,NA,NA,plus,NA,NA,NA,Oui,Non,Oui,Oui,Oui,Oui,Oui,Oui,Oui,Oui,Non,Non,Non,Non,Oui,NA,NA,NA,NA,Non,Non,Non,Non,Oui,Non,Non,Non,Oui,Non,Non,Non,Non,Non,Non,Non,Non,Non,Oui,Non,oui,oui,non,oui,non,Je ne sais pas,Toujours,Oui,Oui,Oui,Non,Oui,Oui,Oui,Non,Oui,Non,Non,Non,Non,Non,Non,Non,Non,2a5,Oui,Non,Non,Non,Non,Non,Non,Non,Non,Non,Non,Windows,Oui,Non,Non,Non,Oui,Oui,Non,Non,Non,Non,Oui,Non,Non,Non,Non,Non,Non,Non,Non,Non,Non,Non,Non,Non,Non,Non,Non,Non,Oui,Oui,Non,Non,Non,Non,Non,Non,Non,Non,Oui,Non,NA,NA,Oui,Non,Oui,Non,Oui,Oui,Oui,Non,Non,Oui,Oui,Oui,Oui,Oui,Oui,Non,Oui,Oui,Oui,Oui,Non,Oui,Oui,Non,Moins de cinq ans,Université,Non,Non,Non,Non,Non,CDI,Non,Non,Oui,Non,Non,Non,Non,Non,Non,LSH,0.6,histoire,Un homme
467,Non,Non,Oui,Oui,Non,Oui,Oui,Oui,Non,Oui,Non,Non,Non,Non,Non,Non,Non,Non,Non,Non,Non,Non,Oui,Non,Oui,Non,Non,Oui,Pas du tout,Oui,Non,Non,Non,Oui,Non,Oui,moins,NA,plus,NA,NA,NA,NA,NA,NA,NA,moins,NA,moins,NA,Oui,Non,Non,Non,Non,Oui,Oui,Oui,Non,Non,Non,Non,Non,Non,Oui,Parfois,NA,NA,NA,Non,Non,Non,Non,Oui,Non,Non,Non,Oui,Non,Non,Non,Non,Non,Non,Non,Non,Non,Non,Non,non,non,non,oui,oui,Je ne sais pas,Parfois,Non,Non,Non,Oui,Oui,Non,Oui,Non,Oui,Non,Non,Non,Non,Non,Non,Non,Non,seule,NA,NA,NA,NA,NA,NA,NA,NA,NA,NA,NA,Windows,Non,Non,Non,Non,Non,Non,Non,Non,Non,Oui,Non,Non,Non,Non,Non,Non,Non,Non,Non,Non,Oui,Non,Non,Non,Non,Non,Non,Non,Non,Non,Oui,Non,Non,Oui,Non,Non,Non,Non,Oui,Non,NA,NA,Oui,Oui,Non,Non,Oui,Oui,Oui,Non,Oui,Non,Oui,Oui,Non,Oui,Non,Non,Non,Non,Oui,Non,Non,Non,Non,Non,Plus de dix ans,autre,Non,Non,Oui,Non,Non,CDI,Non,Non,Oui,Non,Non,Non,Non,Non,Non,LSH,0.6,histoire,Un homme
231,Non,Non,Non,Oui,Non,Oui,Non,Non,Non,Oui,Non,Non,Non,Non,Non,Non,Non,Non,Non,Non,Non,Non,Oui,Non,Oui,Non,Non,Non,Pas du tout,Non,Non,Oui,Non,Non,Non,Oui,moins,NA,moins,NA,NA,NA,NA,NA,NA,NA,NA,NA,NA,plus,Non,Non,Non,Non,Non,Non,Non,Oui,Non,Non,Non,Non,Non,Non,Non,Jamais,Jamais,Jamais,Jamais,Non,Non,Non,Non,Oui,Non,Non,Non,Non,Non,Non,Non,Non,Non,Non,Non,Non,Non,Non,Oui,non,non,non,non,non,Oui,Parfois,Non,Non,Non,Non,Non,Oui,Oui,Non,Non,Non,Non,Non,Non,Non,Non,Non,Non,seule,NA,NA,NA,NA,NA,NA,NA,NA,NA,NA,NA,Windows,Non,Non,Non,Non,Non,Non,Non,Non,Non,Oui,Non,Non,Non,Non,Non,Non,Non,Non,Non,Non,Oui,Non,Non,Non,Non,Non,Non,Non,Non,Non,Oui,Non,Non,Non,Non,Non,Non,Non,Oui,Oui,Jamais,NA,Oui,Non,Non,Non,Non,Non,Non,Non,Non,Non,Non,Oui,Non,Non,Oui,Non,Non,Non,Non,Oui,Non,Non,Non,Non,Plus de dix ans,autre,Oui,Non,Non,Non,Non,fonct,Non,Non,Oui,Non,Non,Non,Non,Non,Non,LSH,0.6,histoire,Un homme
355,Oui,Non,Non,Oui,Non,Oui,Oui,Oui,Oui,Oui,Oui,Oui,Oui,Oui,Oui,Non,Oui,Oui,Oui,Oui,Non,Non,Oui,Oui,Oui,Non,Non,Oui,Assez,Oui,Oui,Oui,Oui,Oui,Non,Oui,plus,moins,plus,moins,moins,moins,NA,moins,moins,moins,plus,moins,moins,moins,Non,Non,Oui,Non,Non,Oui,Oui,Oui,Oui,Non,Oui,Non,Oui,Oui,Oui,Souvent,Souvent,Parfois,Parfois,Non,Oui,Oui,Non,Non,Non,Oui,Oui,Oui,Oui,Non,Non,Oui,Oui,Oui,Non,Oui,Oui,Non,Non,oui,non,oui,non,non,Oui,Souvent,Oui,Oui,Oui,Oui,Oui,Oui,Oui,Oui,Oui,Oui,Oui,Oui,Oui,Oui,Non,Oui,Non,6a10,Oui,Oui,Oui,Non,Oui,Non,Oui,Non,Oui,Non,Oui,Windows,Oui,Non,Oui,Oui,Non,Oui,Non,Oui,Oui,Non,NA,NA,NA,NA,NA,NA,NA,NA,NA,NA,NA,NA,NA,NA,NA,NA,NA,NA,NA,NA,NA,Oui,Oui,Oui,Oui,Non,Oui,Non,Non,Oui,Toujours,tressat,Non,Oui,Non,Non,Oui,Oui,Oui,Non,Oui,Non,Oui,Oui,Non,Non,Oui,Non,Non,Non,Oui,Oui,Non,Oui,Oui,Non,Plus de dix ans,CNRS,Oui,Non,Non,Non,Non,fonct,Non,Non,Oui,Non,Non,Non,Non,Non,Non,LSH,0.6,histoire,Un homme
361,Non,Non,Non,Oui,Non,Oui,Non,Non,Non,Non,Non,Non,Non,Non,Oui,Non,Oui,Non,Non,Oui,Non,Non,Oui,Non,Non,Non,Oui,Non,Tout à fait,Oui,Oui,Non,Oui,Non,Non,Non,moins,plus,NA,moins,moins,moins,moins,NA,moins,NA,moins,NA,NA,moins,Non,Non,Oui,Non,Oui,Oui,Non,Oui,Oui,Oui,Non,Oui,Oui,Non,Non,Parfois,Toujours,Parfois,Souvent,Non,Non,Oui,Non,Non,Non,Non,Non,Non,Oui,Non,Non,Non,Non,Non,Oui,Non,Non,Non,Non,non,non,oui,non,oui,Oui,Souvent,Oui,Oui,Oui,Oui,Oui,Oui,Oui,Oui,Non,Non,Non,Non,Oui,Oui,Non,Non,Non,11plus,Oui,Oui,Oui,Non,Oui,Non,Non,Non,Non,Non,Oui,Windows,Oui,Non,Oui,Oui,Non,Non,Non,Oui,Non,Non,Oui,Oui,Oui,Non,Non,Non,Non,Non,Oui,Non,Non,Oui,Non,Non,Oui,Non,Non,Non,Oui,Non,Non,Non,Oui,Non,Non,Non,Oui,Non,Non,Oui,Souvent,tressat,Non,Non,Oui,Non,Non,Non,Non,Non,Non,Non,Non,Oui,Non,Non,Non,Non,Non,Non,Oui,Non,Non,Non,Oui,Non,Plus de dix ans,CNRS,Oui,Non,Non,Non,Non,fonct,Non,Non,Oui,Non,Non,Non,Non,Non,Non,LSH,0.6,histoire,Un homme
471,Non,Non,Oui,Non,Non,Oui,Oui,Non,Non,Oui,Non,Non,Non,Non,Oui,Non,Oui,Oui,Non,Non,Non,Non,Oui,Non,Oui,Non,Non,Non,Assez,Oui,Oui,Non,Non,Non,Non,Non,moins,NA,NA,moins,moins,moins,NA,NA,moins,moins,NA,NA,moins,NA,Non,Non,Non,Non,Non,Non,Non,Oui,Oui,Non,Non,Non,Non,Oui,Non,Parfois,Jamais,Jamais,Parfois,Non,Non,Non,Non,Oui,Non,Oui,Oui,Oui,Non,Non,Non,Oui,Oui,Oui,Non,Oui,Non,Non,Non,oui,non,oui,oui,non,Non,Parfois,Non,Non,Oui,Oui,Oui,Non,Oui,Non,Oui,Non,Non,Non,Non,Non,Non,Non,Non,11plus,Oui,Oui,Non,Non,Non,Non,Non,Non,Non,Non,Non,Windows,Oui,Non,Non,Non,Non,Non,Non,Non,Non,Non,Oui,Oui,Oui,Non,Non,Non,Non,Non,Non,Non,Non,Oui,Oui,Oui,Oui,Non,Non,Non,Non,Non,Non,Non,Oui,Oui,Oui,Non,Non,Non,Non,Oui,Parfois,plutotsat,Non,Non,Non,Oui,Non,Non,Non,Non,Non,Non,Oui,Oui,Oui,Non,Non,Non,Oui,Non,Non,Non,Non,Non,Non,Non,Plus de dix ans,Université,Oui,Non,Non,Non,Non,fonct,Non,Non,Oui,Non,Non,Non,Non,Non,Non,LSH,0.6,histoire,Un homme
21,Non,Non,Non,Oui,Non,Oui,Oui,Oui,Non,Oui,Non,Non,Oui,Non,Oui,Non,Non,Non,Non,Non,Non,Non,Non,Non,Oui,Non,Non,Non,Assez,Non,Non,Non,Oui,Oui,Non,Oui,moins,moins,moins,NA,moins,moins,NA,moins,moins,moins,moins,NA,moins,moins,Oui,Non,Oui,Oui,Non,Oui,Oui,Non,Oui,Non,Non,Non,Non,Oui,Non,NA,NA,NA,NA,Non,Non,Non,Non,Non,Oui,Non,Oui,Oui,Non,Non,Non,Non,Oui,Non,Non,Non,Non,Non,Non,oui,non,non,oui,non,Je ne sais pas,Toujours,Non,Non,Non,Non,Oui,Non,Oui,Oui,Oui,Non,Non,Non,Non,Non,Non,Non,Non,6a10,Oui,Oui,Non,Non,Oui,Non,Non,Non,Non,Non,Oui,Windows,Oui,Non,Oui,Non,Non,Non,Non,Non,Non,Non,Oui,Oui,Non,Non,Non,Non,Non,Non,Oui,Non,Non,Oui,Non,Non,Non,Non,Non,Non,Non,Oui,Non,Non,Oui,Oui,Non,Non,Non,Non,Oui,Oui,Parfois,plutotsat,Non,Oui,Non,Non,Non,Non,Non,Non,Non,Oui,Non,Oui,Non,Non,Non,Non,Oui,Non,Non,Non,Non,Oui,Oui,Non,Plus de dix ans,Université,Oui,Non,Non,Non,Non,fonct,Non,Non,Oui,Non,Non,Non,Non,Non,Non,LSH,0.6,histoire,Un homme
372,Non,Non,Oui,Oui,Non,Oui,Oui,Non,Non,Oui,Non,Non,Non,Non,Oui,Non,Non,Non,Non,Non,Non,Non,Non,Oui,Oui,Non,Non,Non,Pas du tout,Non,Non,Non,Oui,Non,Non,Oui,moins,NA,moins,moins,moins,moins,moins,moins,moins,moins,moins,NA,NA,NA,Oui,Non,Oui,Oui,Non,Oui,Non,Oui,Oui,Non,Non,Non,Non,Oui,Oui,Jamais,Jamais,Jamais,Jamais,Non,Non,Non,Non,Oui,Oui,Non,Non,Non,Non,Non,Non,Non,Non,Non,Non,Non,Non,Non,Oui,non,non,oui,non,non,Je ne sais pas,Jamais,Non,Oui,Non,Oui,Oui,Oui,Oui,Non,Oui,Non,Oui,Non,Non,Non,Non,Non,Non,seule,NA,NA,NA,NA,NA,NA,NA,NA,NA,NA,NA,MacOS,Oui,Non,Oui,Non,Non,Non,Non,Non,Non,Non,Oui,Oui,Non,Non,Non,Non,Oui,Oui,Oui,Non,Non,Oui,Non,Oui,Non,Oui,Oui,Non,Oui,Non,Non,Non,Non,Non,Oui,Non,Non,Non,Oui,Oui,Jamais,insatisfait,Oui,Non,Non,Oui,Non,Non,Non,Non,Oui,Non,Non,Non,Non,Non,Non,Non,Oui,Non,Oui,Non,Non,Non,Non,Non,Moins de cinq ans,NA,Non,Oui,Non,Non,Non,autre,Non,Non,Oui,Non,Non,Non,Non,Non,Non,LSH,0.6,histoire,Une femme
537,Non,Non,Non,Oui,Non,Oui,Oui,Oui,Non,Oui,Non,Non,Oui,Non,Oui,Non,Non,Non,Non,Non,Non,Non,Oui,Non,Oui,Non,Non,Non,Assez,Oui,Non,Non,Non,Oui,Non,Oui,plus,plus,plus,NA,moins,moins,NA,NA,moins,moins,moins,NA,NA,NA,Non,Non,Non,Non,Non,Oui,Non,Oui,Oui,Non,Non,Non,Non,Oui,Oui,Toujours,Parfois,Jamais,Parfois,Non,Non,Non,Non,Oui,Non,Oui,Oui,Oui,Non,Non,Non,Oui,Oui,Oui,Non,Non,Non,Non,Non,oui,non,non,oui,oui,Oui,Souvent,Oui,Non,Non,Oui,Oui,Oui,Oui,Non,Oui,Non,Non,Non,Non,Non,Oui,Non,Non,seule,NA,NA,NA,NA,NA,NA,NA,NA,NA,NA,NA,Windows,Oui,Non,Oui,Non,Non,Oui,Non,Oui,Oui,Non,NA,NA,NA,NA,NA,NA,NA,NA,NA,NA,NA,NA,NA,NA,NA,NA,NA,NA,NA,NA,NA,Non,Non,Oui,Oui,Non,Oui,Non,Non,Non,NA,NA,Oui,Non,Oui,Non,Non,Non,Non,Non,Non,Oui,Oui,Non,Oui,Non,Non,Non,Non,Non,Oui,Non,Oui,Oui,Non,Non,Moins de cinq ans,Université,Non,Oui,Non,Non,Non,autre,Non,Non,Oui,Non,Non,Non,Non,Non,Non,LSH,0.6,histoire,Une femme
349,Non,Non,Non,Oui,Non,Oui,Oui,Non,Non,Oui,Oui,Non,Oui,Non,Oui,Non,Non,Non,Non,Non,Non,Non,Oui,Non,Oui,Non,Non,Non,Peu,Oui,Oui,Oui,Oui,Oui,Non,Non,moins,moins,moins,moins,moins,moins,moins,moins,NA,NA,moins,moins,moins,moins,Oui,Non,Oui,Non,Non,Oui,Non,Oui,Oui,Non,Non,Oui,Oui,Oui,Non,Souvent,Jamais,Jamais,Parfois,Oui,Non,Oui,Non,Non,Non,Non,Non,Oui,Non,Non,Non,Non,Oui,Oui,Non,Non,Non,Non,Non,oui,oui,non,non,oui,Je ne sais pas,Parfois,Non,Oui,Oui,Oui,Oui,Non,Oui,Non,Oui,Non,Oui,Non,Non,Non,Non,Non,Non,2a5,Oui,Oui,Non,Non,Non,Non,Non,Non,Non,Non,Oui,MacOS,Oui,Non,Non,Non,Oui,Non,Non,Non,Non,Non,Non,Oui,Non,Non,Non,Non,Non,Non,Oui,Non,Non,Non,Oui,Non,Oui,Oui,Non,Non,Oui,Non,Non,Non,Oui,Oui,Oui,Non,Non,Non,Non,Oui,Jamais,NA,Non,Non,Non,Non,Oui,Non,Non,Non,Non,Non,Oui,Oui,Oui,Non,Oui,Non,Oui,Non,Oui,Non,Non,Oui,Non,Non,Moins de cinq ans,autre,Non,Oui,Non,Non,Non,CDD,Non,Non,Oui,Non,Non,Non,Non,Non,Non,LSH,0.6,histoire,Une femme
578,Non,Non,Non,Oui,Non,Oui,Oui,Oui,Non,Oui,Non,Non,Non,Non,Oui,Non,Non,Non,Non,Non,Non,Non,Oui,Non,Non,Non,Non,Non,Peu,Oui,Non,Non,Oui,Non,Non,Oui,plus,NA,NA,NA,NA,plus,NA,NA,NA,moins,NA,NA,NA,NA,Non,Non,Oui,Non,Non,Oui,Non,Oui,Non,Non,Non,Non,Non,Oui,Oui,NA,NA,NA,NA,Non,Non,Non,Non,Oui,Non,Non,Non,Non,Non,Non,Non,Non,Non,Non,Non,Non,Non,Non,Oui,oui,oui,non,oui,non,Je ne sais pas,Parfois,Non,Non,Non,Non,Non,Oui,Oui,Non,Oui,Non,Non,Non,Non,Non,Non,Non,Non,seule,NA,NA,NA,NA,NA,NA,NA,NA,NA,NA,NA,MacOS,Oui,Non,Oui,Non,Non,Non,Non,Non,Non,Non,Oui,Non,Non,Non,Non,Non,Non,Non,Non,Non,Non,Non,Non,Non,Non,Non,Non,Non,Oui,Oui,Non,Non,Non,Non,Non,Non,Non,Non,Oui,Non,NA,NA,Non,Non,Non,Non,Non,Non,Non,Oui,Non,Oui,Oui,Oui,Non,Non,Oui,Non,Oui,Non,Non,Oui,Oui,Non,Non,Non,Cinq à dix ans,autre,Non,Non,Non,Non,Non,fonct,Non,Non,Oui,Non,Non,Non,Non,Non,Non,LSH,0.6,histoire,Une femme
193,Non,Non,Non,Oui,Non,Oui,Oui,Non,Non,Oui,Non,Non,Non,Non,Oui,Non,Non,Non,Non,Non,Non,Non,Oui,Non,Oui,Non,Non,Non,Peu,Oui,Non,Non,Non,Non,Non,Oui,moins,moins,moins,NA,NA,moins,NA,NA,NA,moins,NA,NA,NA,NA,Non,Non,Oui,Non,Oui,Oui,Non,Oui,Oui,Non,Non,Non,Non,Oui,Oui,Parfois,Parfois,Jamais,Jamais,Oui,Non,Non,Non,Non,Non,Non,Oui,Oui,Non,Non,Non,Non,Oui,Non,Non,Non,Non,Non,Non,oui,non,non,oui,oui,Je ne sais pas,Parfois,Non,Non,Oui,Non,Non,Non,Oui,Non,Oui,Non,Non,Non,Non,Non,Non,Non,Non,seule,NA,NA,NA,NA,NA,NA,NA,NA,NA,NA,NA,Windows,Oui,Non,Non,Non,Non,Non,Non,Non,Non,Non,Oui,Non,Non,Non,Non,Non,Non,Non,Non,Non,Non,Non,Non,Non,Non,Non,Non,Oui,Non,Non,Non,Non,Non,Oui,Non,Non,Non,Non,Non,Non,NA,NA,Oui,Non,Non,Non,Non,Non,Non,Non,Non,Non,Non,Non,Non,Non,Non,Oui,Oui,Non,Non,Non,Non,Oui,Non,Non,Plus de dix ans,CNRS,Oui,Non,Non,Non,Non,fonct,Non,Non,Oui,Non,Non,Non,Non,Non,Non,LSH,0.6,histoire,Une femme
590,Non,Non,Oui,Oui,Non,Oui,Oui,Non,Non,Oui,Non,Non,Oui,Non,Oui,Non,Non,Non,Non,Non,Non,Non,Oui,Oui,Oui,Non,Non,Non,Assez,Oui,Non,Non,Oui,Non,Non,Oui,moins,moins,moins,NA,moins,moins,moins,NA,NA,NA,NA,NA,moins,NA,Oui,Non,Oui,Non,Non,Oui,Non,Oui,Oui,Non,Non,Non,Oui,Oui,Non,Souvent,Parfois,Jamais,Parfois,Oui,Non,Oui,Non,Non,Non,Non,Non,Oui,Non,Non,Oui,Non,Oui,Non,Non,Non,Non,Non,Non,non,oui,oui,non,non,Non,Parfois,Oui,Oui,Non,Non,Non,Non,Oui,Oui,Oui,Non,Non,Non,Non,Non,Non,Non,Non,2a5,Oui,Oui,Non,Non,Oui,Non,Non,Non,Non,Oui,Oui,Windows,Oui,Non,Oui,Non,Non,Non,Non,Non,Non,Non,Oui,Non,Non,Non,Non,Non,Non,Non,Non,Non,Non,Non,Non,Non,Non,Non,Non,Non,Non,Non,Oui,Non,Non,Oui,Non,Non,Non,Non,Non,Oui,Jamais,nini,Non,Non,Non,Oui,Oui,Non,Non,Non,Non,Non,Oui,Non,Oui,Non,Oui,Non,Oui,Non,Non,Non,Non,Oui,Oui,Non,Plus de dix ans,CNRS,Oui,Non,Non,Non,Non,fonct,Non,Non,Oui,Non,Non,Non,Non,Non,Non,LSH,0.6,histoire,Une femme
272,Non,Non,Oui,Oui,Non,Oui,Oui,Non,Non,Oui,Non,Non,Non,Non,Oui,Non,Non,Non,Non,Oui,Non,Non,Oui,Oui,Oui,Non,Non,Oui,Pas du tout,Non,Non,Non,Non,Oui,Non,Non,moins,moins,moins,NA,NA,plus,NA,NA,moins,NA,NA,NA,moins,NA,Oui,Non,Oui,Oui,Non,Oui,Oui,Oui,Non,Non,Oui,Non,Non,Oui,Oui,Souvent,Souvent,Parfois,Jamais,Non,Non,Oui,Non,Non,Non,Oui,Non,Oui,Oui,Non,Non,Oui,Oui,Non,Non,Non,Non,Non,Non,oui,non,oui,non,non,Oui,Parfois,Non,Non,Non,Non,Non,Oui,Oui,Oui,Oui,Oui,Non,Non,Non,Oui,Non,Non,Non,2a5,Oui,Oui,Non,Non,Non,Non,Non,Non,Non,Non,Non,Windows,Oui,Non,Non,Non,Non,Oui,Non,Non,Non,Non,Non,Non,Non,Non,Non,Non,Oui,Non,Non,Non,Non,Oui,Non,Oui,Oui,Non,Non,Oui,Non,Non,Non,Non,Non,Oui,Non,Non,Non,Non,Non,Oui,Parfois,plutotsat,Non,Oui,Non,Non,Non,Non,Non,Non,Non,Oui,Non,Non,Oui,Non,Oui,Non,Oui,Non,Oui,Oui,Non,Non,Non,Non,Plus de dix ans,CNRS,Oui,Non,Non,Non,Non,fonct,Non,Non,Oui,Non,Non,Non,Non,Non,Non,LSH,0.6,histoire,Une femme
570,Non,Non,Oui,Non,Non,Oui,Oui,Oui,Non,Oui,Non,Non,Non,Non,Non,Non,Oui,Non,Non,Non,Non,Non,Non,Non,Oui,Non,Non,Non,Peu,Non,Non,Oui,Non,Non,Non,Oui,plus,moins,moins,NA,NA,plus,NA,NA,plus,NA,NA,plus,NA,NA,Oui,Non,Oui,Non,Non,Oui,Non,Oui,Oui,Non,Non,Non,Non,Oui,Non,Souvent,Parfois,NA,NA,Non,Non,Non,Non,Oui,Non,Non,Oui,Oui,Non,Non,Non,Non,Oui,Non,Non,Non,Non,Non,Non,oui,non,non,non,oui,Je ne sais pas,Parfois,Oui,Non,Non,Non,Oui,Non,Oui,Non,Oui,Non,Non,Non,Non,Non,Non,Oui,Non,2a5,Oui,Oui,Non,Non,Non,Non,Non,Non,Non,Non,Non,Windows,Non,Non,Non,Non,Non,Non,Non,Non,Non,Oui,Non,Non,Non,Non,Non,Non,Non,Non,Non,Non,Oui,Oui,Non,Non,Oui,Non,Non,Non,Non,Non,Non,Non,Non,Oui,Non,Non,Non,Non,Non,Oui,Parfois,nini,Non,Oui,Non,Non,Non,Non,Non,Non,Oui,Oui,Oui,Oui,Non,Oui,Non,Non,Oui,Non,Oui,Non,Non,Non,Oui,Non,Cinq à dix ans,Université,Oui,Non,Non,Non,Non,fonct,Non,Non,Oui,Non,Non,Non,Non,Non,Non,LSH,0.6,histoire,Une femme
77,Non,Non,Non,Non,Oui,Oui,Oui,Non,Non,Non,Oui,Non,Oui,Oui,Oui,Non,Non,Oui,Non,Non,Non,Non,Oui,Non,Non,Oui,Non,Oui,Peu,Oui,Non,Non,Oui,Non,Non,Non,moins,moins,plus,plus,plus,plus,plus,moins,moins,moins,plus,moins,NA,moins,Non,Non,Oui,Oui,Oui,Oui,Non,Oui,Oui,Non,Non,Non,Oui,Non,Non,Parfois,Jamais,Jamais,NA,Non,Non,Oui,Non,Non,Non,Non,Oui,Non,Oui,Non,Non,Non,Non,Non,Non,Oui,Non,Non,Non,non,oui,oui,non,non,Oui,Souvent,Non,Non,Non,Oui,Non,Non,Oui,Oui,Oui,Non,Non,Non,Non,Non,Non,Non,Non,2a5,Oui,Non,Non,Non,Non,Non,Non,Non,Non,Non,Non,MacOS,Oui,Non,Oui,Non,Non,Non,Non,Non,Non,Non,Oui,Non,Non,Non,Non,Non,Non,Non,Non,Oui,Non,Non,Non,Non,Non,Non,Non,Non,Oui,Oui,Non,Non,Non,Oui,Oui,Non,Non,Non,Non,Oui,Parfois,insatisfait,Oui,Non,Oui,Oui,Oui,Oui,Non,Non,Non,Non,Oui,Non,Oui,Oui,Oui,Non,Oui,Non,Oui,Non,Non,Non,Non,Non,Cinq à dix ans,Université,Oui,Non,Non,Non,Non,fonct,Non,Non,Oui,Non,Non,Non,Non,Non,Non,LSH,0.6,histoire,Une femme
238,Non,Non,Non,Oui,Non,Oui,Oui,Non,Non,Oui,Oui,Non,Oui,Non,Oui,Non,Non,Non,Non,Non,Non,Non,Oui,Non,Oui,Non,Non,Non,Peu,Oui,Non,Non,Oui,Oui,Non,Oui,moins,moins,moins,NA,NA,plus,NA,NA,plus,moins,moins,NA,NA,NA,Non,Non,Non,Oui,Oui,Oui,Oui,Oui,Oui,Non,Non,Non,Non,Oui,Oui,Parfois,Jamais,Jamais,Jamais,Non,Non,Non,Non,Oui,Non,Non,Non,Non,Non,Non,Non,Non,Non,Non,Non,Non,Non,Non,Oui,oui,oui,non,oui,non,Je ne sais pas,Parfois,Oui,Non,Non,Non,Non,Oui,Oui,Oui,Oui,Non,Non,Non,Non,Oui,Non,Non,Non,seule,NA,NA,NA,NA,NA,NA,NA,NA,NA,NA,NA,MacOS,Oui,Non,Non,Non,Non,Non,Non,Non,Non,Non,Oui,Non,Non,Non,Non,Non,Non,Non,Non,Non,Non,Non,Non,Non,Oui,Non,Non,Non,Oui,Non,Non,Non,Non,Oui,Non,Non,Non,Non,Oui,Non,NA,NA,Non,Non,Non,Non,Oui,Non,Non,Non,Non,Non,Oui,Non,Non,Non,Non,Non,Oui,Non,Non,Oui,Non,Non,Non,Non,Plus de dix ans,Université,Oui,Non,Non,Non,Non,fonct,Non,Non,Oui,Non,Non,Non,Non,Non,Non,LSH,0.6,histoire,Une femme
1007,Non,Non,Non,Oui,Non,Oui,Oui,Non,Non,Oui,Oui,Non,Non,Non,Non,Non,Non,Non,Non,Non,Non,Non,Oui,Non,Oui,Non,Non,Non,Assez,Oui,Non,Oui,Non,Oui,Non,Oui,moins,moins,moins,NA,NA,moins,NA,moins,moins,moins,NA,moins,moins,NA,Non,Non,Oui,Non,Non,Oui,Oui,Oui,Oui,Non,Non,Non,Non,Non,Oui,Souvent,Parfois,Jamais,NA,Oui,Non,Non,Non,Non,Non,Non,Oui,Oui,Non,Non,Oui,Non,Non,Non,Non,Non,Non,Non,Non,oui,non,oui,oui,non,Oui,Parfois,Non,Non,Non,Oui,Non,Non,Oui,Non,Non,Non,Oui,Non,Non,Non,Non,Non,Non,2a5,Oui,Oui,Non,Non,Oui,Non,Non,Non,Non,Non,Non,Windows,Oui,Non,Non,Non,Non,Non,Non,Non,Non,Non,Oui,Oui,Non,Non,Non,Non,Oui,Non,Non,Non,Non,Oui,Non,Oui,Non,Non,Oui,Non,Non,Non,Non,Non,Non,Oui,Oui,Non,Oui,Non,Non,Oui,Parfois,plutotsat,Non,Oui,Non,Non,Non,Oui,Non,Non,Oui,Oui,Non,Non,Non,Non,Oui,Non,Oui,Oui,Non,Oui,Non,Non,Non,Non,Plus de dix ans,Université,Oui,Non,Non,Non,Non,fonct,Non,Non,Oui,Non,Non,Non,Non,Non,Non,LSH,0.6,histoire,Une femme
906,Non,Non,Non,Oui,Non,Oui,Oui,Oui,Non,Oui,Non,Non,Non,Oui,Oui,Non,Non,Non,Non,Non,Non,Oui,Non,Oui,Non,Oui,Non,Oui,Peu,Non,Non,Non,Oui,Oui,Non,Non,moins,moins,moins,plus,moins,moins,moins,plus,plus,plus,moins,NA,NA,moins,Non,Non,Non,Non,Oui,Non,Oui,Oui,Oui,Non,Oui,Oui,Oui,Oui,Oui,Souvent,Souvent,Parfois,Parfois,Non,Non,Non,Non,Oui,Non,Non,Non,Non,Oui,Non,Non,Oui,Non,Non,Non,Oui,Oui,Non,Non,non,oui,non,oui,oui,Oui,Parfois,Non,Oui,Oui,Oui,Non,Oui,Non,Oui,Non,Oui,Oui,Oui,Oui,Non,Non,Non,Non,2a5,Oui,Oui,Oui,Oui,Oui,Non,Non,Non,Non,Non,Non,MacOS,Oui,Non,Non,Oui,Non,Non,Oui,Oui,Oui,Non,NA,NA,NA,NA,NA,NA,NA,NA,NA,NA,NA,NA,NA,NA,NA,NA,NA,NA,NA,NA,NA,Non,Oui,Non,Non,Oui,Non,Oui,Oui,Oui,Parfois,nini,Non,Oui,Non,Non,Oui,Non,Non,Non,Non,Non,Oui,Non,Non,Non,Non,Non,Oui,Oui,Non,Non,Non,Oui,Non,Non,Cinq à dix ans,CNRS,Non,Non,Oui,Non,Oui,fonct,Non,Non,Oui,Non,Non,Non,Non,Non,Non,LSH,0.6,histoire,Une femme
94,Non,Non,Oui,Oui,Oui,Oui,Oui,Non,Non,Oui,Non,Non,Non,Non,Oui,Non,Oui,Oui,Non,Oui,Non,Non,Oui,Non,Oui,Oui,Non,Non,Tout à fait,Oui,Non,Non,Oui,Oui,Oui,Oui,plus,moins,plus,moins,NA,plus,moins,moins,moins,moins,plus,NA,moins,NA,Oui,Non,Non,Non,Non,Oui,Oui,Oui,Oui,Non,Oui,Oui,Oui,Oui,Oui,NA,NA,NA,NA,Non,Non,Non,Non,Oui,Non,Non,Non,Non,Non,Non,Non,Non,Non,Non,Non,Non,Non,Non,Oui,non,non,oui,non,oui,Non,Souvent,Non,Oui,Oui,Oui,Oui,Oui,Oui,Non,Oui,Non,Non,Non,Non,Non,Non,Non,Non,seule,NA,NA,NA,NA,NA,NA,NA,NA,NA,NA,NA,Windows,Oui,Non,Oui,Oui,Non,Oui,Non,Non,Non,Non,Oui,Non,Non,Non,Non,Non,Non,Non,Non,Oui,Non,Non,Non,Non,Non,Oui,Non,Non,Oui,Non,Non,Non,Non,Non,Non,Non,Non,Non,Oui,Non,NA,NA,Non,Non,Non,Non,Non,Non,Non,Oui,Non,Non,Non,Non,Non,Oui,Oui,Non,Non,Non,Non,Non,Oui,Oui,Oui,Non,Plus de dix ans,NA,Non,Oui,Non,Non,Non,fonct,Non,Non,Oui,Non,Non,Non,Non,Non,Non,LSH,0.6,histoire,Une femme
401,Non,Non,Non,Oui,Oui,Oui,Non,Non,Non,Oui,Non,Non,Non,Non,Non,Non,Non,Non,Non,Non,Non,Non,Oui,Non,Non,Oui,Oui,Oui,Assez,Oui,Non,Oui,Non,Oui,Non,Oui,NA,NA,NA,NA,NA,NA,NA,NA,moins,moins,NA,NA,NA,NA,Non,Non,Non,Non,Non,Non,Non,Oui,Oui,Non,Non,Oui,Non,Non,Non,NA,NA,NA,NA,Non,Non,Non,Non,Oui,Non,Non,Non,Non,Non,Non,Non,Non,Non,Non,Oui,Non,Non,Non,Non,oui,non,non,non,non,Oui,Non applicable,Non,Oui,Oui,Oui,Oui,Non,Oui,Non,Oui,Non,Non,Oui,Non,Non,Non,Non,Non,seule,NA,NA,NA,NA,NA,NA,NA,NA,NA,NA,NA,LinuxUnix,Non,Non,Non,Non,Non,Non,Non,Non,Non,Non,Oui,Non,Non,Non,Non,Non,Non,Non,Non,Non,Non,Non,Non,Non,Non,Non,Non,Non,Oui,Oui,Non,Non,Non,Oui,Oui,Non,Non,Non,Oui,Oui,Jamais,NA,Non,Non,Non,Non,Non,Non,Non,Oui,Non,Non,Non,Non,Non,Non,Non,Oui,Non,Non,Non,Oui,Non,Non,Oui,Non,Moins de cinq ans,Université,Non,Oui,Non,Non,Non,autre,Non,Non,Oui,Non,Non,Non,Non,Non,Non,LSH,0.6,histoire,Un homme
599,Non,Non,Non,Non,Non,Oui,Oui,Non,Non,Oui,Oui,Non,Non,Non,Non,Non,Non,Non,Non,Non,Non,Non,Non,Non,Oui,Non,Non,Non,Pas du tout,Non,Non,Non,Oui,Non,Non,Non,NA,NA,plus,NA,NA,plus,NA,NA,NA,NA,NA,NA,NA,NA,Oui,Non,Oui,Non,Non,Oui,Non,Oui,Oui,Non,Non,Non,Non,Oui,Oui,Parfois,NA,Parfois,NA,Non,Non,Non,Non,Oui,Non,Non,Non,Non,Non,Non,Non,Non,Non,Non,Non,Non,Non,Non,Oui,non,oui,non,non,oui,Non applicable,Non applicable,Oui,Non,Non,Non,Oui,Non,Oui,Non,Non,Non,Non,Non,Non,Non,Non,Non,Non,seule,NA,NA,NA,NA,NA,NA,NA,NA,NA,NA,NA,Windows,Non,Non,Non,Non,Non,Non,Non,Non,Non,Oui,Non,Non,Non,Non,Non,Non,Non,Non,Non,Non,Oui,Non,Non,Non,Non,Non,Non,Non,Non,Non,Oui,Non,Non,Non,Non,Non,Non,Non,Oui,Non applicable,NA,NA,Non,Non,Non,Non,Non,Non,Non,Oui,Non,Non,Non,Non,Non,Non,Non,Oui,Non,Non,Non,Non,Non,Non,Non,Oui,Plus de dix ans,autre,Oui,Non,Non,Non,Non,fonct,Non,Non,Oui,Non,Non,Non,Non,Non,Non,LSH,0.6,histoire,Autre
1162,Non,Non,Non,Non,Oui,Oui,Oui,Non,Non,Oui,Non,Oui,Non,Non,Oui,Non,Oui,Non,Non,Oui,Non,Non,Oui,Non,Oui,Non,Non,Non,Peu,Oui,Non,Oui,Oui,Non,Non,Non,NA,NA,NA,NA,NA,NA,NA,NA,NA,NA,NA,NA,NA,NA,Non,Non,Oui,Oui,Non,Oui,Oui,Oui,Oui,Non,Non,Non,Oui,Oui,Non,Souvent,NA,NA,NA,Non,Non,Non,Non,Oui,Non,Non,Oui,Non,Non,Non,Non,Non,Non,Non,Non,Non,Non,Non,Non,non,oui,oui,oui,non,Oui,Souvent,Oui,Oui,Oui,Oui,Oui,Oui,Non,Oui,Oui,Non,Non,Non,Non,Non,Non,Non,Non,2a5,Oui,Non,Oui,Non,Non,Non,Non,Non,Non,Non,Non,Windows,Oui,Non,Non,Oui,Non,Oui,Non,Non,Non,Non,Oui,Oui,Non,Non,Non,Non,Oui,Non,Oui,Non,Non,Non,Non,Non,Oui,Non,Non,Non,Oui,Non,Non,Non,Oui,Non,Oui,Non,Non,Non,Non,Oui,Parfois,plutotsat,Non,Non,Non,Oui,Oui,Non,Non,Non,Non,Non,Oui,Non,Non,Non,Non,Non,Non,Oui,Oui,Non,Non,Oui,Non,Non,Plus de dix ans,Université,Oui,Non,Non,Non,Non,fonct,Non,Non,Oui,Non,Non,Non,Non,Non,Non,LSH,0.6,histoire,Une femme
685,Non,Non,Oui,Oui,Oui,Oui,Oui,Non,Non,Oui,Non,Non,Oui,Non,Oui,Non,Non,Non,Non,Non,Non,Non,Non,Non,Oui,Non,Oui,Non,Assez,Non,Non,Non,Non,Oui,Non,Non,moins,moins,moins,moins,moins,moins,moins,moins,moins,moins,moins,moins,moins,moins,Oui,Non,Non,Non,Non,Oui,Oui,Oui,Oui,Non,Oui,Non,Non,Non,Oui,Souvent,Parfois,Jamais,Jamais,Non,Non,Oui,Non,Non,Non,Oui,Oui,Oui,Oui,Non,Non,Non,Oui,Oui,Non,Oui,Non,Non,Non,oui,non,oui,oui,non,Je ne sais pas,Souvent,Non,Non,Non,Oui,Oui,Oui,Oui,Non,Oui,Non,Non,Non,Non,Non,Non,Non,Non,seule,NA,NA,NA,NA,NA,NA,NA,NA,NA,NA,NA,Windows,Oui,Non,Oui,Oui,Non,Oui,Non,Non,Non,Non,Oui,Oui,Non,Non,Non,Non,Oui,Non,Oui,Non,Non,Oui,Non,Non,Oui,Non,Oui,Non,Non,Non,Non,Non,Oui,Oui,Oui,Non,Non,Non,Non,Oui,Souvent,plutotsat,Oui,Non,Non,Non,Non,Non,Non,Non,Non,Oui,Oui,Non,Non,Non,Oui,Non,Oui,Non,Oui,Non,Non,Oui,Oui,Non,Moins de cinq ans,Université,Non,Oui,Non,Non,Non,autre,Non,Non,Oui,Non,Non,Non,Non,Non,Non,LSH,0.6,histoire,Autre
623,Non,Non,Oui,Oui,Non,Oui,Oui,Non,Non,Oui,Non,Non,Non,Non,Oui,Non,Non,Non,Non,Oui,Non,Non,Oui,Non,Oui,Non,Non,Non,Assez,Oui,Oui,Non,Non,Oui,Non,Non,moins,NA,NA,moins,NA,plus,NA,NA,NA,NA,NA,NA,NA,NA,Oui,Non,Non,Non,Oui,Oui,Non,Oui,Oui,Non,Non,Non,Non,Oui,Oui,Parfois,Jamais,Parfois,Jamais,Non,Non,Oui,Non,Non,Non,Non,Oui,Non,Non,Non,Non,Non,Non,Non,Non,Non,Non,Non,Non,oui,oui,non,non,non,Je ne sais pas,Parfois,Non,Non,Non,Non,Oui,Non,Oui,Non,Oui,Non,Non,Non,Oui,Non,Non,Non,Non,2a5,Non,Oui,Non,Non,Non,Non,Non,Non,Non,Non,Non,Windows,Oui,Non,Non,Non,Non,Non,Non,Non,Non,Non,Non,Oui,Non,Non,Non,Non,Non,Non,Non,Non,Non,Oui,Oui,Oui,Oui,Non,Non,Non,Non,Non,Non,Non,Non,Oui,Oui,Non,Non,Non,Non,Oui,Parfois,nini,Non,Non,Oui,Non,Oui,Non,Non,Non,Oui,Non,Non,Oui,Non,Non,Non,Non,Oui,Non,Oui,Non,Non,Non,Non,Non,Cinq à dix ans,NA,Non,Oui,Non,Non,Non,CDD,Non,Non,Oui,Non,Non,Non,Non,Non,Non,LSH,0.6,histoire,Un homme
223,Non,Non,Oui,Oui,Non,Oui,Non,Non,Non,Oui,Non,Non,Oui,Non,Non,Non,Oui,Non,Non,Non,Non,Non,Non,Oui,Oui,Non,Non,Non,Pas du tout,Oui,Non,Non,Oui,Oui,Non,Oui,moins,NA,NA,NA,NA,NA,NA,NA,NA,NA,NA,NA,NA,NA,Oui,Non,Oui,Non,Non,Oui,Non,Oui,Oui,Non,Non,Non,Non,Oui,Oui,Jamais,NA,Toujours,NA,Non,Non,Non,Non,Non,Oui,Non,Non,Non,Non,Non,Non,Non,Non,Non,Non,Non,Non,Oui,Non,oui,non,non,non,non,Oui,Souvent,Oui,Non,Non,Non,Non,Non,Oui,Non,Non,Non,Non,Non,Non,Non,Non,Non,Non,6a10,Oui,Oui,Non,Non,Oui,Non,Non,Non,Non,Non,Non,Windows,Non,Non,Non,Non,Non,Non,Non,Non,Non,Oui,Non,Non,Non,Non,Non,Non,Non,Non,Non,Non,Oui,Oui,Non,Oui,Non,Non,Non,Non,Non,Oui,Non,Non,Oui,Non,Non,Non,Non,Non,Oui,Oui,Souvent,plutotsat,Non,Non,Non,Non,Non,Non,Non,Oui,Non,Non,Oui,Non,Non,Non,Non,Non,Non,Oui,Non,Non,Non,Non,Oui,Non,Plus de dix ans,autre,Oui,Non,Non,Non,Non,fonct,Non,Non,Oui,Non,Non,Non,Non,Non,Non,LSH,0.6,histoire,Un homme
388,Non,Non,Non,Oui,Oui,Oui,Oui,Non,Non,Oui,Oui,Non,Oui,Non,Oui,Non,Oui,Oui,Non,Non,Non,Non,Oui,Non,Non,Non,Non,Non,Peu,Oui,Non,Non,Non,Non,Non,Oui,moins,moins,NA,moins,moins,moins,NA,moins,NA,moins,NA,NA,NA,NA,Non,Non,Non,Non,Non,Non,Non,Oui,Oui,Non,Non,Non,Non,Non,Oui,Jamais,Jamais,Jamais,Jamais,Non,Non,Non,Non,Oui,Non,Non,Oui,Oui,Non,Non,Non,Non,Oui,Non,Non,Non,Non,Non,Non,non,non,oui,non,oui,Oui,Parfois,Non,Oui,Non,Oui,Oui,Non,Oui,Non,Oui,Non,Non,Non,Non,Non,Non,Non,Non,seule,NA,NA,NA,NA,NA,NA,NA,NA,NA,NA,NA,LinuxUnix,Oui,Non,Non,Oui,Non,Oui,Non,Oui,Non,Non,Oui,Non,Oui,Non,Non,Non,Non,Non,Non,Non,Non,Non,Non,Non,Oui,Non,Non,Non,Oui,Oui,Non,Non,Non,Non,Non,Non,Non,Non,Oui,Oui,Parfois,nini,Oui,Oui,Non,Non,Oui,Non,Non,Non,Non,Oui,Oui,Non,Non,Non,Non,Non,Oui,Non,Non,Non,Non,Non,Oui,Non,Plus de dix ans,autre,Oui,Non,Non,Non,Non,fonct,Non,Non,Oui,Non,Non,Non,Non,Non,Non,LSH,0.6,histoire,Un homme
69,Non,Non,Non,Oui,Non,Oui,Oui,Oui,Non,Oui,Non,Non,Oui,Non,Oui,Non,Non,Non,Non,Non,Non,Non,Non,Non,Oui,Non,Non,Non,Pas du tout,Oui,Oui,Non,Oui,Oui,Non,Oui,moins,moins,moins,moins,moins,moins,NA,moins,NA,moins,NA,NA,moins,NA,Oui,Non,Non,Non,Non,Non,Non,Non,Oui,Oui,Non,Non,Non,Non,Non,Toujours,Souvent,Jamais,Parfois,Non,Non,Non,Oui,Non,Non,Non,Non,Non,Non,Non,Non,Non,Oui,Oui,Non,Non,Non,Non,Non,oui,non,non,non,oui,Oui,Parfois,Non,Oui,Non,Oui,Non,Non,Oui,Non,Oui,Non,Non,Non,Non,Non,Non,Oui,Non,6a10,Oui,Non,Non,Non,Non,Non,Non,Non,Non,Non,Non,MacOS,Oui,Non,Oui,Non,Non,Oui,Non,Non,Non,Non,Non,Non,Non,Non,Non,Non,Non,Non,Non,Non,Non,Non,Non,Non,Non,Non,Non,Non,Non,Non,Non,Non,Non,Oui,Non,Non,Oui,Non,Non,Non,NA,NA,Non,Non,Non,Oui,Non,Non,Non,Non,Non,Non,Non,Oui,Oui,Non,Non,Non,Non,Oui,Non,Non,Non,Non,Non,Non,Plus de dix ans,Université,Oui,Non,Non,Non,Non,fonct,Non,Non,Oui,Non,Non,Non,Non,Non,Non,LSH,0.6,histoire,Un homme
357,Non,Non,Oui,Oui,Non,Oui,Oui,Non,Non,Oui,Oui,Non,Oui,Non,Oui,Non,Non,Non,Non,Non,Non,Non,Oui,Non,Non,Non,Non,Non,Peu,Oui,Non,Non,Non,Oui,Non,Oui,moins,moins,moins,NA,moins,moins,NA,NA,moins,moins,NA,NA,NA,NA,Oui,Non,Non,Non,Oui,Non,Oui,Oui,Oui,Non,Non,Non,Non,Oui,Oui,Souvent,Jamais,Jamais,Jamais,Non,Non,Non,Non,Non,Oui,Non,Oui,Oui,Non,Non,Non,Non,Oui,Non,Non,Non,Non,Non,Non,non,non,non,non,oui,Oui,Parfois,Oui,Non,Non,Non,Non,Oui,Oui,Non,Oui,Non,Non,Non,Non,Non,Non,Non,Non,seule,NA,NA,NA,NA,NA,NA,NA,NA,NA,NA,NA,MacOS,Oui,Non,Oui,Non,Non,Oui,Non,Oui,Non,Non,Oui,Oui,Non,Non,Non,Non,Non,Oui,Non,Non,Non,Non,Oui,Non,Non,Non,Non,Non,Non,Non,Non,Non,Non,Oui,Non,Non,Non,Non,Non,Non,NA,NA,Oui,Non,Non,Non,Non,Oui,Oui,Non,Oui,Non,Non,Non,Non,Non,Non,Non,Oui,Non,Non,Non,Non,Non,Non,Non,Moins de cinq ans,Université,Non,Oui,Non,Non,Non,fonct,Non,Non,Oui,Non,Non,Non,Non,Non,Non,LSH,0.6,histoire,Un homme
252,Non,Non,Oui,Oui,Non,Oui,Oui,Non,Non,Oui,Non,Non,Non,Non,Non,Non,Non,Non,Non,Non,Non,Non,Non,Non,Non,Non,Non,Non,Pas du tout,Non,Non,Non,Non,Non,Non,Non,NA,NA,moins,NA,NA,moins,NA,NA,NA,NA,moins,NA,moins,moins,Oui,Non,Non,Non,Non,Oui,Non,Oui,Oui,Non,Non,Non,Non,Non,Oui,Non applicable,Non applicable,Non applicable,Non applicable,Non,Non,Non,Non,Oui,Non,Non,Non,Non,Non,Non,Non,Non,Non,Non,Non,Non,Non,Non,Oui,non,non,non,non,non,Je ne sais pas,Souvent,Non,Non,Non,Non,Non,Non,Oui,Non,Oui,Non,Non,Non,Non,Non,Non,Non,Non,seule,NA,NA,NA,NA,NA,NA,NA,NA,NA,NA,NA,Windows,Oui,Non,Non,Non,Non,Non,Non,Non,Non,Non,Oui,Non,Non,Non,Non,Non,Non,Non,Non,Non,Non,Non,Non,Non,Non,Non,Non,Non,Non,Non,Oui,Non,Non,Non,Non,Non,Non,Non,Oui,Non applicable,NA,NA,Non,Non,Non,Non,Non,Non,Non,Oui,Non,Non,Non,Non,Non,Non,Non,Oui,Non,Non,Non,Non,Non,Non,Non,Oui,Plus de dix ans,autre,Oui,Non,Non,Non,Non,fonct,Non,Non,Oui,Non,Non,Non,Non,Non,Non,LSH,0.6,histoire,Une femme
52,Non,Non,Oui,Oui,Non,Oui,Oui,Oui,Non,Oui,Non,Non,Non,Non,Oui,Non,Non,Non,Non,Non,Non,Non,Oui,Oui,Oui,Non,Non,Non,Tout à fait,Oui,Non,Non,Oui,Oui,Non,Oui,plus,moins,moins,moins,moins,plus,moins,moins,moins,moins,moins,moins,moins,moins,Non,Non,Oui,Oui,Oui,Non,Non,Oui,Oui,Non,Oui,Non,Oui,Oui,Oui,Souvent,Jamais,Parfois,Parfois,Non,Non,Non,Non,Oui,Non,Non,Non,Non,Non,Non,Non,Oui,Oui,Non,Non,Non,Non,Non,Non,oui,oui,non,oui,non,Je ne sais pas,Souvent,Non,Oui,Oui,Non,Oui,Non,Oui,Non,Oui,Non,Non,Non,Non,Non,Non,Non,Non,2a5,Oui,Oui,Non,Non,Non,Non,Non,Non,Non,Non,Non,Windows,Oui,Non,Oui,Oui,Non,Non,Non,Oui,Non,Non,Non,Non,Non,Non,Oui,Non,Non,Oui,Oui,Non,Non,Non,Non,Non,Non,Non,Non,Non,Oui,Oui,Non,Non,Non,Non,Oui,Non,Oui,Non,Non,Non,NA,NA,Oui,Oui,Oui,Oui,Non,Non,Non,Non,Non,Non,Non,Oui,Oui,Non,Oui,Non,Oui,Non,Oui,Non,Non,Non,Oui,Non,Cinq à dix ans,Université,Oui,Non,Non,Non,Non,fonct,Non,Non,Oui,Non,Non,Non,Non,Non,Non,LSH,0.6,histoire,Une femme
91,Non,Non,Oui,Oui,Non,Oui,Oui,Non,Non,Oui,Oui,Non,Non,Non,Oui,Non,Non,Non,Non,Non,Non,Non,Oui,Non,Non,Non,Non,Oui,Pas du tout,Non,Non,Non,Oui,Non,Non,Oui,moins,moins,plus,moins,moins,moins,moins,moins,plus,moins,moins,moins,moins,moins,Oui,Non,Oui,Non,Non,Non,Non,Non,Oui,Non,Non,Non,Non,Oui,Oui,Toujours,Jamais,Jamais,Jamais,Oui,Non,Non,Non,Non,Non,Oui,Oui,Non,Non,Non,Non,Non,Non,Non,Non,Non,Non,Non,Non,oui,non,non,non,non,Oui,Parfois,Oui,Non,Non,Non,Non,Non,Oui,Non,Oui,Non,Non,Non,Non,Non,Non,Non,Non,6a10,Oui,Non,Non,Non,Non,Non,Non,Non,Non,Non,Non,Windows,Oui,Non,Non,Non,Non,Non,Non,Non,Non,Non,Oui,Non,Non,Non,Non,Non,Non,Non,Non,Non,Non,Non,Non,Oui,Non,Non,Non,Non,Non,Non,Non,Non,Oui,Oui,Non,Non,Non,Non,Non,Non,NA,NA,Oui,Non,Non,Oui,Non,Non,Non,Non,Non,Non,Non,Non,Non,Oui,Oui,Non,Oui,Non,Non,Non,Non,Non,Non,Non,Cinq à dix ans,autre,Oui,Non,Non,Non,Non,fonct,Non,Non,Oui,Non,Non,Non,Non,Non,Non,LSH,0.6,histoire,Une femme
414,Non,Non,Non,Oui,Non,Oui,Oui,Oui,Non,Non,Non,Non,Non,Oui,Oui,Non,Oui,Oui,Non,Non,Non,Non,Oui,Non,Oui,Non,Non,Non,Assez,Oui,Non,Oui,Oui,Oui,Non,Oui,plus,moins,moins,moins,moins,moins,moins,moins,moins,moins,moins,moins,moins,moins,Oui,Non,Non,Non,Non,Oui,Non,Oui,Oui,Non,Non,Non,Non,Oui,Oui,Non applicable,Parfois,Jamais,Souvent,Oui,Non,Oui,Non,Non,Non,Non,Non,Non,Non,Non,Oui,Non,Non,Oui,Non,Non,Non,Non,Non,oui,non,oui,oui,non,Je ne sais pas,Parfois,Oui,Non,Non,Oui,Oui,Non,Oui,Non,Oui,Non,Non,Non,Oui,Non,Non,Non,Non,6a10,Oui,Non,Oui,Non,Non,Non,Non,Non,Non,Non,Non,MacOS,Oui,Non,Non,Non,Non,Non,Non,Oui,Non,Non,Oui,Non,Oui,Non,Non,Non,Non,Non,Non,Non,Non,Non,Non,Non,Non,Non,Non,Non,Oui,Non,Non,Non,Non,Oui,Non,Non,Non,Non,Non,Oui,Parfois,nini,Oui,Oui,Non,Oui,Oui,Non,Non,Non,Oui,Oui,Oui,Oui,Oui,Non,Non,Non,Non,Non,Oui,Non,Non,Non,Non,Non,Plus de dix ans,Université,Oui,Non,Non,Non,Non,fonct,Non,Non,Oui,Non,Non,Non,Non,Non,Non,LSH,0.6,histoire,Une femme
588,Non,Non,Non,Oui,Oui,Oui,Oui,Non,Non,Oui,Oui,Non,Non,Non,Oui,Non,Non,Non,Non,Non,Non,Non,Oui,Non,Oui,Non,Non,Oui,Pas du tout,Oui,Non,Non,Oui,Non,Non,Non,plus,NA,plus,NA,plus,plus,NA,plus,NA,plus,NA,moins,plus,NA,Non,Non,Non,Non,Non,Non,Non,Oui,Oui,Non,Non,Non,Non,Oui,Non,NA,NA,Parfois,NA,Non,Non,Non,Non,Oui,Non,Non,Non,Non,Non,Non,Non,Oui,Non,Non,Non,Non,Non,Non,Non,non,oui,non,non,oui,Oui,Souvent,Non,Non,Oui,Non,Non,Non,Oui,Non,Oui,Non,Non,Non,Non,Non,Non,Non,Non,seule,NA,NA,NA,NA,NA,NA,NA,NA,NA,NA,NA,Windows,Oui,Non,Non,Non,Non,Non,Non,Non,Non,Non,Non,Oui,Non,Non,Non,Non,Non,Non,Non,Non,Non,Non,Non,Non,Non,Non,Non,Non,Non,Non,Oui,Non,Non,Non,Non,Non,Non,Non,Oui,Non applicable,NA,NA,Oui,Non,Non,Non,Non,Oui,Non,Non,Non,Non,Oui,Non,Oui,Oui,Non,Non,Non,Oui,Oui,Non,Non,Non,Non,Non,Plus de dix ans,NA,Oui,Non,Non,Non,Non,fonct,Non,Non,Oui,Non,Non,Non,Non,Non,Non,LSH,0.6,histoire,Une femme
583,Non,Non,Oui,Oui,Non,Oui,Oui,Non,Non,Oui,Non,Non,Non,Non,Non,Non,Non,Non,Non,Non,Non,Non,Oui,Non,Oui,Non,Non,Non,Tout à fait,Non,Non,Non,Non,Oui,Non,Oui,plus,moins,plus,moins,moins,plus,NA,NA,moins,plus,plus,moins,plus,plus,Oui,Non,Non,Non,Non,Oui,Oui,Oui,Oui,Non,Oui,Non,Non,Oui,Oui,Souvent,NA,NA,NA,Non,Non,Non,Non,Oui,Non,Oui,Non,Oui,Non,Non,Non,Non,Non,Non,Non,Non,Non,Non,Non,non,non,non,non,non,Oui,Non applicable,Oui,Non,Non,Non,Non,Oui,Oui,Non,Oui,Non,Non,Non,Non,Non,Non,Non,Non,seule,NA,NA,NA,NA,NA,NA,NA,NA,NA,NA,NA,MacOS,Oui,Non,Non,Non,Non,Oui,Non,Non,Non,Non,Oui,Non,Non,Non,Non,Non,Non,Non,Non,Oui,Non,Non,Non,Non,Non,Non,Non,Non,Oui,Oui,Non,Non,Non,Non,Oui,Non,Oui,Non,Oui,Non,NA,NA,Oui,Non,Non,Non,Non,Non,Non,Non,Non,Oui,Non,Oui,Oui,Non,Non,Non,Non,Non,Non,Non,Non,Non,Non,Oui,Plus de dix ans,Université,Oui,Non,Non,Non,Non,fonct,Non,Non,Oui,Non,Non,Non,Non,Non,Non,LSH,0.6,histoire,Un homme
115,Non,Non,Non,Oui,Oui,Oui,Oui,Non,Non,Oui,Non,Non,Oui,Oui,Oui,Non,Non,Non,Non,Non,Non,Non,Oui,Oui,Oui,Non,Non,Non,Pas du tout,Oui,Non,Non,Oui,Non,Non,Non,moins,moins,moins,moins,moins,moins,NA,NA,NA,NA,NA,NA,NA,NA,Non,Non,Oui,Non,Non,Oui,Non,Oui,Oui,Non,Non,Non,Non,Oui,Oui,Souvent,Jamais,Parfois,Jamais,Non,Non,Non,Non,Oui,Non,Non,Non,Non,Non,Non,Non,Non,Non,Non,Non,Non,Non,Non,Oui,oui,non,oui,non,non,Oui,Parfois,Non,Non,Non,Non,Oui,Non,Oui,Non,Oui,Non,Non,Non,Non,Non,Non,Non,Non,seule,NA,NA,NA,NA,NA,NA,NA,NA,NA,NA,NA,Windows,Oui,Non,Oui,Oui,Oui,Non,Non,Oui,Non,Non,Oui,Oui,Oui,Non,Non,Non,Oui,Non,Oui,Non,Non,Non,Non,Oui,Non,Non,Oui,Oui,Oui,Oui,Non,Non,Non,Non,Non,Non,Non,Non,Oui,Oui,Parfois,plutotsat,Non,Non,Non,Non,Non,Non,Non,Oui,Non,Oui,Oui,Non,Non,Non,Non,Non,Oui,Oui,Oui,Non,Non,Oui,Oui,Non,Plus de dix ans,Université,Oui,Non,Non,Non,Non,fonct,Non,Non,Oui,Non,Non,Non,Non,Non,Non,LSH,0.6,histoire,Un homme
114,Non,Non,Non,Oui,Non,Oui,Oui,Non,Non,Oui,Oui,Non,Oui,Non,Oui,Non,Non,Non,Non,Oui,Non,Non,Oui,Non,Oui,Non,Non,Oui,Tout à fait,Non,Oui,Oui,Oui,Non,Non,Non,plus,moins,moins,moins,moins,moins,moins,moins,moins,moins,moins,moins,moins,moins,Non,Non,Oui,Oui,Non,Oui,Non,Oui,Oui,Non,Non,Non,Non,Oui,Non,Parfois,Jamais,Jamais,Jamais,Oui,Non,Non,Non,Non,Non,Non,Non,Oui,Non,Non,Non,Non,Non,Non,Non,Non,Non,Non,Oui,non,oui,non,oui,non,Oui,Souvent,Non,Non,Oui,Non,Oui,Non,Oui,Non,Oui,Non,Non,Non,Non,Non,Non,Non,Non,seule,NA,NA,NA,NA,NA,NA,NA,NA,NA,NA,NA,Windows,Oui,Non,Oui,Non,Non,Oui,Non,Non,Non,Non,Oui,Oui,Non,Non,Non,Non,Oui,Non,Non,Non,Non,Non,Non,Oui,Non,Non,Non,Oui,Oui,Oui,Non,Non,Non,Non,Non,Non,Non,Non,Oui,Oui,Parfois,NA,Non,Non,Non,Non,Oui,Non,Non,Non,Oui,Non,Non,Non,Oui,Oui,Non,Non,Oui,Non,Non,Non,Oui,Oui,Non,Non,Plus de dix ans,Université,Non,Non,Non,Oui,Non,fonct,Non,Non,Oui,Non,Non,Non,Non,Non,Non,LSH,0.6,histoire,Un homme
728,Non,Non,Non,Oui,Oui,Oui,Oui,Non,Non,Non,Non,Non,Oui,Oui,Oui,Non,Oui,Oui,Non,Oui,Non,Non,Oui,Non,Non,Non,Non,Oui,Peu,Oui,Non,Non,Non,Oui,Non,Oui,moins,moins,moins,moins,moins,moins,NA,moins,moins,moins,moins,NA,NA,NA,Non,Non,Non,Non,Oui,Non,Oui,Oui,Non,Oui,Non,Non,Non,Non,Non,NA,NA,Toujours,NA,Non,Non,Non,Non,Oui,Non,Non,Non,Non,Non,Non,Non,Oui,Non,Non,Non,Non,Oui,Non,Non,non,oui,non,oui,non,Oui,Parfois,Non,Non,Oui,Oui,Non,Oui,Non,Non,Oui,Non,Non,Non,Non,Non,Oui,Non,Non,2a5,Oui,Non,Oui,Non,Non,Non,Non,Oui,Non,Non,Non,Windows,Oui,Non,Oui,Oui,Non,Non,Non,Non,Non,Non,Oui,Oui,Non,Non,Non,Non,Non,Non,Non,Non,Non,Oui,Non,Oui,Non,Non,Non,Non,Non,Non,Non,Non,Non,Non,Non,Non,Non,Non,Oui,Oui,Jamais,NA,Non,Non,Non,Non,Non,Non,Non,Oui,Non,Non,Non,Non,Non,Non,Non,Oui,Non,Non,Oui,Non,Non,Non,Non,Non,Plus de dix ans,école,Oui,Non,Non,Non,Non,fonct,Non,Non,Oui,Non,Non,Non,Non,Non,Non,LSH,0.6,histoire,Une femme
789,Non,Non,Non,Oui,Non,Oui,Oui,Non,Non,Oui,Oui,Non,Oui,Non,Oui,Non,Non,Non,Non,Non,Non,Non,Oui,Non,Non,Non,Non,Non,Pas du tout,Oui,Non,Non,Oui,Non,Non,Oui,plus,moins,moins,NA,plus,plus,NA,NA,plus,moins,moins,NA,NA,NA,Non,Non,Non,Non,Non,Non,Non,Oui,Non,Non,Non,Non,Oui,Non,Non,Parfois,NA,NA,NA,Non,Non,Non,Non,Oui,Non,Non,Non,Non,Non,Non,Non,Non,Oui,Non,Non,Non,Non,Non,Non,oui,non,non,oui,non,Oui,Parfois,Non,Non,Non,Non,Oui,Non,Non,Non,Oui,Non,Non,Non,Non,Non,Non,Non,Non,seule,NA,NA,NA,NA,NA,NA,NA,NA,NA,NA,NA,Windows,Oui,Non,Oui,Oui,Non,Non,Non,Non,Non,Non,Oui,Non,Non,Non,Non,Non,Non,Non,Oui,Non,Non,Non,Non,Non,Non,Non,Non,Non,Oui,Non,Non,Non,Non,Oui,Non,Non,Non,Non,Non,Non,NA,NA,Non,Oui,Non,Oui,Oui,Non,Non,Non,Oui,Non,Oui,Non,Oui,Oui,Oui,Non,Oui,Oui,Non,Non,Non,Non,Oui,Non,Moins de cinq ans,Université,Non,Oui,Non,Non,Non,doct,Non,Non,Oui,Non,Non,Non,Non,Non,Non,LSH,0.6,histoire,Un homme
585,Non,Non,Non,Oui,Non,Oui,Non,Non,Non,Oui,Non,Non,Non,Non,Non,Non,Non,Non,Non,Non,Non,Non,Non,Non,Oui,Non,Non,Non,Assez,Non,Non,Non,Oui,Non,Non,Non,moins,NA,moins,NA,moins,moins,NA,NA,NA,NA,NA,NA,moins,NA,Non,Non,Non,Non,Non,Oui,Non,Oui,Oui,Non,Non,Non,Non,Non,Non,Parfois,Jamais,Jamais,Jamais,Non,Non,Non,Non,Oui,Non,Non,Oui,Non,Non,Non,Non,Non,Non,Non,Non,Non,Non,Non,Oui,non,non,oui,non,non,Non,Parfois,Non,Non,Non,Oui,Non,Oui,Oui,Non,Non,Non,Non,Non,Non,Non,Non,Non,Non,2a5,Oui,Oui,Non,Non,Non,Non,Non,Non,Non,Non,Non,Windows,Oui,Non,Non,Non,Non,Non,Non,Non,Non,Non,Non,Non,Non,Non,Non,Non,Non,Non,Non,Non,Oui,Non,Non,Non,Non,Non,Non,Non,Oui,Non,Non,Non,Non,Non,Oui,Non,Non,Non,Non,Oui,Jamais,NA,Non,Non,Oui,Non,Non,Non,Non,Non,Non,Non,Non,Oui,Oui,Non,Non,Non,Oui,Non,Oui,Non,Non,Oui,Non,Non,Cinq à dix ans,autre,Non,Oui,Non,Non,Non,fonct,Non,Non,Oui,Non,Non,Non,Non,Non,Non,LSH,0.6,histoire,Une femme
592,Non,Non,Non,Oui,Non,Oui,Oui,Oui,Oui,Oui,Non,Non,Oui,Non,Oui,Non,Non,Non,Non,Oui,Non,Non,Non,Non,Oui,Non,Oui,Non,Peu,Oui,Non,Non,Oui,Oui,Non,Oui,moins,moins,moins,NA,moins,moins,moins,moins,moins,moins,moins,moins,moins,moins,Non,Non,Non,Non,Non,Non,Non,Oui,Oui,Non,Non,Non,Oui,Non,Oui,Jamais,Jamais,Toujours,Jamais,Non,Non,Non,Non,Oui,Non,Non,Non,Non,Non,Non,Non,Oui,Non,Non,Non,Non,Non,Non,Non,oui,non,oui,non,oui,Je ne sais pas,Parfois,Oui,Oui,Oui,Oui,Oui,Oui,Oui,Oui,Oui,Non,Non,Oui,Oui,Non,Non,Non,Non,seule,NA,NA,NA,NA,NA,NA,NA,NA,NA,NA,NA,Windows,Oui,Non,Oui,Oui,Non,Oui,Non,Non,Non,Non,Oui,Non,Oui,Non,Non,Non,Non,Oui,Non,Non,Non,Non,Oui,Non,Non,Oui,Oui,Non,Oui,Oui,Non,Non,Oui,Non,Non,Non,Non,Non,Oui,Oui,Parfois,plutotsat,Non,Non,Non,Non,Non,Non,Non,Oui,Non,Non,Oui,Non,Non,Non,Non,Non,Oui,Non,Non,Non,Non,Non,Oui,Non,Moins de cinq ans,autre,Oui,Non,Non,Non,Non,fonct,Non,Non,Oui,Non,Non,Non,Non,Non,Non,LSH,0.6,histoire,Un homme
330,Non,Non,Non,Oui,Non,Oui,Oui,Non,Non,Oui,Non,Non,Oui,Non,Oui,Non,Non,Non,Non,Non,Non,Non,Oui,Oui,Non,Non,Non,Non,Peu,Oui,Non,Non,Oui,Non,Non,Non,moins,NA,NA,NA,NA,moins,NA,NA,NA,moins,NA,NA,NA,moins,Non,Non,Non,Non,Oui,Oui,Oui,Oui,Oui,Non,Non,Non,Non,Oui,Non,Parfois,Jamais,Parfois,Jamais,Non,Non,Non,Non,Oui,Non,Non,Oui,Oui,Non,Non,Non,Oui,Non,Non,Non,Non,Non,Non,Non,oui,non,non,oui,non,Oui,Souvent,Non,Non,Oui,Oui,Oui,Oui,Oui,Oui,Oui,Non,Non,Non,Non,Non,Non,Non,Non,seule,NA,NA,NA,NA,NA,NA,NA,NA,NA,NA,NA,Windows,Oui,Non,Non,Non,Non,Non,Non,Non,Non,Non,Oui,Non,Non,Non,Non,Non,Non,Non,Non,Non,Non,Non,Non,Non,Non,Non,Non,Non,Non,Non,Oui,Non,Non,Oui,Non,Non,Non,Non,Oui,Oui,Parfois,nini,Non,Non,Non,Non,Non,Non,Non,Oui,Non,Non,Oui,Non,Non,Non,Non,Non,Oui,Non,Oui,Non,Non,Non,Non,Non,Plus de dix ans,CNRS,Oui,Non,Non,Non,Non,fonct,Non,Non,Oui,Non,Non,Non,Non,Non,Non,LSH,0.6,histoire,Un homme
47,Non,Non,Oui,Oui,Non,Oui,Oui,Oui,Non,Oui,Non,Non,Non,Oui,Oui,Oui,Non,Non,Non,Oui,Non,Non,Oui,Non,Oui,Non,Non,Oui,Tout à fait,Oui,Oui,Oui,Oui,Oui,Non,Oui,moins,moins,NA,NA,moins,moins,NA,NA,moins,moins,moins,moins,moins,moins,Oui,Non,Non,Non,Non,Non,Non,Non,Oui,Non,Non,Oui,Non,Non,Non,Parfois,Jamais,Souvent,Souvent,Non,Non,Non,Non,Oui,Non,Non,Non,Non,Non,Non,Non,Oui,Non,Non,Non,Oui,Non,Non,Non,non,oui,non,oui,oui,Oui,Parfois,Non,Oui,Oui,Oui,Oui,Non,Oui,Non,Non,Oui,Non,Non,Non,Non,Non,Non,Non,2a5,Oui,Oui,Oui,Non,Non,Non,Non,Non,Non,Non,Oui,LinuxUnix,Oui,Non,Non,Non,Non,Non,Non,Oui,Oui,Non,NA,NA,NA,NA,NA,NA,NA,NA,NA,NA,NA,NA,NA,NA,NA,NA,NA,NA,NA,NA,NA,Non,Non,Oui,Oui,Oui,Oui,Non,Non,Oui,Souvent,tressat,Non,Oui,Non,Non,Non,Non,Non,Non,Non,Oui,Non,Non,Non,Non,Non,Non,Non,Non,Oui,Non,Non,Non,Non,Non,Plus de dix ans,CNRS,Oui,Non,Non,Non,Non,fonct,Non,Non,Oui,Non,Non,Non,Non,Non,Non,LSH,0.6,linguistique,Un homme
495,Non,Non,Non,Non,Oui,Non,Oui,Non,Non,Oui,Non,Oui,Non,Non,Non,Non,Non,Non,Non,Oui,Non,Non,Non,Non,Non,Non,Non,Oui,Tout à fait,Non,Oui,Oui,Non,Oui,Non,Oui,NA,NA,NA,NA,NA,NA,NA,NA,NA,NA,NA,NA,NA,NA,Non,Non,Oui,Non,Non,Non,Non,Oui,Oui,Non,Oui,Non,Oui,Non,Non,Jamais,Parfois,Souvent,Parfois,Non,Non,Non,Non,Oui,Non,Non,Non,Non,Non,Non,Non,Oui,Non,Non,Non,Non,Oui,Non,Non,oui,oui,non,non,non,Oui,Souvent,Non,Oui,Oui,Non,Oui,Non,Non,Non,Non,Non,Oui,Oui,Oui,Non,Oui,Non,Non,2a5,Oui,Oui,Oui,Oui,Non,Non,Non,Non,Non,Non,Non,LinuxUnix,Oui,Non,Non,Oui,Oui,Oui,Non,Oui,Non,Non,Non,Non,Non,Non,Non,Non,Non,Non,Non,Non,Oui,Oui,Non,Non,Non,Non,Non,Non,Non,Non,Non,Non,Non,Oui,Oui,Oui,Oui,Oui,Non,Non,NA,NA,Non,Non,Non,Non,Non,Non,Non,Oui,Oui,Oui,Oui,Non,Non,Non,Non,Non,Non,Non,Oui,Non,Non,Oui,Non,Non,Cinq à dix ans,école,Non,Non,Oui,Non,Non,fonct,Non,Non,Oui,Non,Non,Non,Non,Non,Non,LSH,0.6,linguistique,Un homme
617,Non,Non,Oui,Oui,Oui,Non,Oui,Non,Non,Oui,Oui,Non,Oui,Non,Oui,Non,Non,Non,Non,Non,Non,Non,Oui,Non,Oui,Non,Non,Oui,Assez,Oui,Non,Oui,Oui,Non,Non,Oui,moins,moins,moins,moins,moins,moins,moins,moins,moins,moins,plus,moins,moins,moins,Oui,Non,Oui,Non,Oui,Oui,Non,Oui,Oui,Non,Oui,Non,Oui,Oui,Non,Parfois,Souvent,Jamais,Non applicable,Non,Non,Non,Non,Oui,Non,Oui,Non,Oui,Non,Non,Non,Non,Oui,Non,Non,Non,Non,Non,Non,oui,oui,non,oui,oui,Oui,Parfois,Non,Oui,Oui,Oui,Non,Non,Oui,Non,Oui,Non,Non,Non,Non,Non,Non,Non,Non,2a5,Oui,Oui,Non,Non,Non,Non,Non,Non,Non,Non,Non,MacOS,Oui,Non,Non,Non,Non,Non,Non,Non,Non,Non,Oui,Oui,Non,Non,Non,Non,Oui,Non,Non,Non,Non,Non,Non,Oui,Oui,Non,Non,Non,Oui,Non,Non,Non,Oui,Oui,Non,Non,Non,Non,Non,Oui,Parfois,plutotsat,Non,Non,Non,Oui,Non,Non,Non,Non,Non,Non,Oui,Non,Non,Oui,Oui,Non,Oui,Non,Non,Non,Oui,Oui,Non,Non,Moins de cinq ans,Université,Non,Non,Non,Non,Non,doct,Non,Non,Oui,Non,Non,Non,Non,Non,Non,LSH,0.6,linguistique,Une femme
233,Non,Non,Non,Oui,Oui,Oui,Oui,Non,Non,Oui,Oui,Non,Non,Non,Non,Non,Non,Non,Non,Non,Non,Non,Oui,Oui,Oui,Non,Non,Non,Assez,Oui,Non,Non,Non,Oui,Non,Oui,moins,NA,moins,moins,moins,plus,moins,NA,moins,moins,NA,moins,NA,NA,Oui,Non,Oui,Non,Oui,Oui,Non,Non,Oui,Non,Non,Non,Oui,Oui,Non,Parfois,Jamais,Parfois,Parfois,Oui,Non,Non,Non,Non,Non,Non,Oui,Oui,Non,Non,Oui,Oui,Non,Non,Non,Non,Non,Non,Non,non,non,non,oui,non,Oui,Souvent,Non,Non,Non,Oui,Non,Non,Oui,Non,Oui,Non,Non,Non,Non,Non,Non,Non,Non,2a5,Oui,Oui,Oui,Non,Non,Non,Non,Non,Non,Non,Oui,Windows,Oui,Non,Non,Oui,Non,Non,Non,Non,Non,Non,Non,Oui,Non,Non,Non,Non,Oui,Non,Oui,Non,Non,Oui,Non,Non,Oui,Non,Non,Non,Non,Non,Non,Non,Non,Oui,Non,Non,Non,Non,Non,Non,NA,NA,Non,Non,Non,Non,Non,Non,Non,Oui,Non,Non,Non,Oui,Non,Non,Oui,Non,Non,Non,Oui,Non,Non,Non,Non,Non,Cinq à dix ans,Université,Non,Oui,Non,Non,Non,CDD,Non,Non,Oui,Non,Non,Non,Non,Non,Non,LSH,0.6,linguistique,Une femme
35,Non,Non,Oui,Oui,Oui,Oui,Oui,Oui,Non,Oui,Oui,Non,Non,Non,Oui,Non,Oui,Non,Non,Oui,Non,Non,Oui,Non,Oui,Non,Non,Oui,Tout à fait,Oui,Oui,Oui,Oui,Oui,Non,Oui,moins,NA,NA,NA,NA,plus,moins,NA,moins,NA,moins,moins,NA,moins,Oui,Non,Oui,Non,Oui,Oui,Oui,Non,Oui,Non,Oui,Non,Non,Oui,Oui,Jamais,NA,NA,NA,Non,Non,Non,Non,Oui,Non,Oui,Oui,Oui,Non,Non,Non,Oui,Oui,Oui,Non,Oui,Non,Non,Non,oui,non,oui,oui,non,Oui,Souvent,Oui,Oui,Oui,Oui,Oui,Oui,Oui,Non,Oui,Oui,Non,Non,Non,Non,Non,Oui,Non,2a5,Oui,Non,Oui,Non,Non,Non,Non,Non,Non,Non,Non,Windows,Oui,Non,Oui,Non,Non,Non,Non,Oui,Non,Non,Oui,Oui,Oui,Oui,Non,Oui,Non,Oui,Oui,Non,Non,Non,Non,Oui,Oui,Non,Non,Non,Oui,Non,Non,Non,Non,Oui,Oui,Non,Non,Non,Non,Oui,Parfois,plutotsat,Non,Oui,Non,Non,Non,Non,Non,Non,Non,Oui,Non,Oui,Oui,Non,Oui,Non,Oui,Non,Non,Non,Non,Non,Non,Non,Plus de dix ans,Université,Oui,Non,Non,Non,Non,fonct,Non,Non,Oui,Non,Non,Non,Non,Non,Non,LSH,0.6,linguistique,Une femme
1045,Non,Non,Oui,Oui,Oui,Oui,Oui,Oui,Non,Oui,Non,Non,Oui,Oui,Oui,Oui,Oui,Oui,Non,Oui,Non,Oui,Oui,Non,Oui,Non,Non,Oui,Assez,Oui,Oui,Oui,Oui,Oui,Oui,Oui,moins,NA,moins,moins,moins,plus,moins,moins,moins,moins,moins,moins,moins,moins,Oui,Non,Non,Non,Non,Non,Non,Non,Oui,Oui,Oui,Non,Oui,Oui,Non,Souvent,Parfois,NA,NA,Oui,Oui,Oui,Non,Non,Non,Oui,Oui,Oui,Oui,Non,Oui,Oui,Non,Oui,Non,Oui,Oui,Non,Non,oui,oui,non,non,oui,Oui,Souvent,Oui,Oui,Oui,Oui,Oui,Oui,Non,Oui,Oui,Oui,Oui,Oui,Oui,Non,Non,Oui,Non,11plus,Oui,Oui,Oui,Non,Non,Non,Non,Non,Non,Non,Oui,MacOS,Oui,Non,Non,Non,Non,Non,Non,Non,Non,Non,Oui,Oui,Oui,Non,Non,Non,Non,Non,Non,Non,Non,Oui,Oui,Non,Non,Non,Non,Non,Non,Non,Non,Non,Oui,Oui,Oui,Oui,Oui,Oui,Non,Oui,Souvent,plutotsat,Non,Oui,Non,Non,Oui,Oui,Oui,Non,Oui,Oui,Oui,Oui,Oui,Oui,Oui,Non,Oui,Oui,Oui,Oui,Non,Non,Non,Non,Plus de dix ans,Université,Oui,Non,Non,Non,Non,fonct,Non,Non,Oui,Non,Non,Non,Non,Non,Non,LSH,0.6,linguistique,Une femme
1185,Non,Non,Oui,Non,Non,Oui,Oui,Oui,Non,Oui,Non,Non,Oui,Oui,Oui,Non,Oui,Non,Oui,Non,Non,Non,Oui,Non,Oui,Non,Non,Non,Tout à fait,Oui,Non,Non,Non,Non,Non,Non,moins,moins,moins,moins,moins,plus,moins,moins,NA,moins,moins,NA,NA,NA,Oui,Non,Oui,Non,Oui,Oui,Non,Oui,Oui,Non,Non,Non,Non,Oui,Non,Parfois,Parfois,Souvent,Jamais,Oui,Non,Oui,Non,Non,Non,Non,Oui,Non,Non,Non,Non,Oui,Oui,Non,Non,Non,Non,Non,Non,non,oui,oui,oui,non,Je ne sais pas,Parfois,Non,Non,Oui,Non,Oui,Non,Non,Non,Non,Non,Non,Non,Non,Non,Non,Non,Oui,2a5,Oui,Non,Non,Non,Non,Non,Non,Non,Non,Non,Oui,Windows,Oui,Non,Non,Oui,Non,Non,Non,Non,Non,Non,Oui,Oui,Oui,Non,Non,Non,Oui,Non,Oui,Non,Non,Oui,Non,Non,Oui,Non,Oui,Non,Oui,Non,Non,Non,Non,Oui,Non,Non,Non,Non,Oui,Non applicable,NA,NA,Non,Oui,Non,Non,Non,Non,Non,Non,Oui,Non,Non,Oui,Oui,Non,Oui,Non,Non,Non,Oui,Non,Oui,Non,Non,Non,Plus de dix ans,Université,Oui,Non,Non,Non,Non,fonct,Non,Non,Oui,Non,Non,Non,Non,Non,Non,LSH,0.6,linguistique,Une femme
926,Non,Non,Non,Oui,Non,Oui,Oui,Non,Non,Non,Non,Non,Non,Non,Oui,Non,Oui,Oui,Non,Non,Non,Non,Oui,Non,Oui,Non,Non,Non,Peu,Oui,Non,Non,Oui,Non,Non,Oui,NA,NA,moins,NA,NA,plus,plus,NA,NA,moins,NA,NA,moins,moins,Non,Non,Oui,Oui,Non,Non,Oui,Oui,Oui,Non,Oui,Non,Non,Oui,Non,Parfois,Jamais,Jamais,Jamais,Non,Non,Non,Non,Oui,Non,Oui,Oui,Oui,Non,Non,Non,Non,Non,Non,Non,Non,Non,Non,Non,oui,non,non,non,non,Oui,Non applicable,Non,Oui,Non,Non,Non,Non,Oui,Non,Non,Oui,Non,Non,Non,Non,Non,Non,Non,6a10,Oui,Non,Oui,Non,Non,Non,Oui,Non,Non,Non,Non,Windows,Oui,Non,Non,Non,Non,Non,Non,Non,Non,Non,Non,Non,Non,Non,Non,Non,Non,Non,Non,Non,Oui,Oui,Non,Non,Oui,Non,Non,Non,Oui,Non,Non,Non,Non,Oui,Oui,Non,Oui,Non,Non,Non applicable,NA,NA,Non,Oui,Non,Non,Non,Non,Non,Non,Non,Oui,Oui,Non,Non,Non,Non,Non,Non,Non,Non,Non,Non,Non,Oui,Non,Plus de dix ans,Université,Oui,Non,Non,Non,Non,fonct,Non,Non,Oui,Non,Non,Non,Non,Non,Non,LSH,0.6,linguistique,Une femme
916,Oui,Non,Oui,Oui,Non,Oui,Oui,Non,Non,Oui,Non,Oui,Oui,Oui,Oui,Non,Non,Non,Non,Non,Non,Non,Oui,Oui,Non,Non,Non,Oui,Assez,Non,Non,Oui,Oui,Non,Non,Non,plus,moins,plus,NA,moins,moins,NA,NA,NA,moins,moins,NA,moins,moins,Oui,Non,Non,Non,Oui,Oui,Non,Oui,Oui,Non,Non,Non,Non,Non,Oui,Souvent,NA,NA,NA,Oui,Non,Oui,Non,Non,Non,Oui,Oui,Oui,Non,Non,Non,Non,Oui,Non,Non,Oui,Non,Non,Non,non,non,oui,non,non,Non,Souvent,Oui,Non,Oui,Non,Non,Non,Oui,Non,Oui,Non,Non,Non,Non,Non,Non,Non,Non,seule,NA,NA,NA,NA,NA,NA,NA,NA,NA,NA,NA,MacOS,Non,Non,Non,Non,Non,Non,Non,Non,Non,Oui,Non,Non,Oui,Non,Non,Non,Non,Non,Non,Oui,Non,Non,Non,Non,Oui,Non,Oui,Non,Non,Non,Non,Non,Non,Oui,Non,Non,Oui,Non,Non,Non,NA,NA,Oui,Oui,Non,Oui,Non,Non,Non,Non,Non,Oui,Non,Non,Oui,Non,Non,Non,Non,Non,Non,Non,Non,Non,Non,Oui,Plus de dix ans,autre,Oui,Non,Non,Non,Non,fonct,Non,Non,Oui,Non,Non,Non,Non,Non,Non,LSH,0.6,linguistique,Un homme
1086,Non,Non,Non,Oui,Oui,Oui,Oui,Non,Non,Oui,Non,Non,Non,Non,Non,Non,Non,Non,Non,Oui,Non,Non,Non,Non,Non,Non,Non,Non,Assez,Oui,Oui,Oui,Oui,Oui,Non,Oui,moins,moins,moins,moins,moins,moins,moins,moins,moins,moins,moins,moins,moins,moins,Non,Non,Oui,Non,Oui,Oui,Non,Oui,Oui,Non,Oui,Non,Oui,Oui,Non,Parfois,Parfois,Parfois,Parfois,Non,Non,Oui,Non,Non,Non,Non,Non,Non,Oui,Non,Oui,Non,Non,Oui,Non,Non,Non,Non,Non,non,non,non,oui,non,Oui,Parfois,Non,Oui,Oui,Oui,Oui,Non,Non,Oui,Oui,Non,Oui,Non,Oui,Non,Non,Non,Non,6a10,Oui,Oui,Oui,Non,Non,Non,Non,Non,Non,Non,Non,LinuxUnix,Oui,Non,Non,Oui,Oui,Non,Non,Non,Non,Non,Non,Oui,Oui,Non,Non,Non,Non,Non,Oui,Oui,Non,Oui,Non,Oui,Oui,Non,Non,Non,Oui,Non,Non,Non,Non,Oui,Oui,Non,Oui,Non,Non,Oui,Souvent,plutotsat,Non,Oui,Non,Non,Non,Non,Non,Non,Non,Non,Non,Non,Oui,Non,Non,Non,Oui,Oui,Oui,Non,Non,Non,Non,Non,Plus de dix ans,CNRS,Oui,Non,Non,Non,Non,fonct,Non,Non,Oui,Non,Non,Non,Non,Non,Non,LSH,0.6,linguistique,Une femme
686,Non,Non,Oui,Oui,Oui,Oui,Oui,Oui,Non,Oui,Non,Non,Oui,Non,Oui,Non,Oui,Oui,Non,Oui,Non,Non,Oui,Oui,Oui,Non,Oui,Non,Tout à fait,Oui,Oui,Oui,Oui,Oui,Non,Oui,moins,moins,moins,moins,moins,moins,moins,moins,moins,moins,moins,moins,moins,moins,Oui,Non,Oui,Oui,Oui,Oui,Oui,Oui,Oui,Non,Oui,Non,Non,Oui,Oui,Parfois,Parfois,Parfois,Jamais,Oui,Non,Oui,Non,Non,Non,Non,Oui,Oui,Non,Non,Oui,Oui,Oui,Oui,Non,Non,Oui,Non,Non,oui,non,non,oui,non,Oui,Parfois,Non,Non,Oui,Oui,Oui,Non,Non,Oui,Oui,Non,Oui,Non,Non,Oui,Non,Non,Non,11plus,Oui,Oui,Oui,Non,Non,Non,Non,Non,Non,Non,Oui,Windows,Oui,Non,Non,Non,Non,Non,Non,Oui,Oui,Non,NA,NA,NA,NA,NA,NA,NA,NA,NA,NA,NA,NA,NA,NA,NA,NA,NA,NA,NA,NA,NA,Non,Non,Oui,Oui,Oui,Non,Non,Non,Oui,Parfois,plutotsat,Non,Oui,Non,Oui,Oui,Non,Non,Non,Oui,Oui,Non,Non,Non,Non,Non,Non,Non,Non,Non,Oui,Non,Non,Non,Non,Plus de dix ans,CNRS,Oui,Non,Non,Non,Non,CDI,Non,Non,Oui,Non,Non,Non,Non,Non,Non,LSH,0.6,linguistique,Un homme
386,Non,Non,Oui,Oui,Non,Oui,Oui,Oui,Non,Oui,Oui,Non,Oui,Oui,Oui,Non,Oui,Oui,Non,Non,Non,Non,Oui,Non,Oui,Non,Non,Oui,Assez,Oui,Non,Oui,Oui,Oui,Non,Oui,moins,NA,moins,NA,NA,moins,NA,NA,moins,moins,NA,moins,moins,NA,Oui,Non,Oui,Non,Oui,Oui,Oui,Oui,Oui,Non,Oui,Non,Non,Oui,Non,Parfois,Parfois,NA,Souvent,Non,Non,Non,Non,Oui,Non,Non,Non,Non,Non,Non,Non,Oui,Oui,Oui,Oui,Oui,Non,Non,Non,non,non,non,oui,oui,Non applicable,Souvent,Oui,Oui,Oui,Oui,Oui,Oui,Oui,Oui,Oui,Non,Non,Non,Oui,Oui,Non,Non,Non,6a10,Oui,Non,Non,Oui,Non,Non,Non,Oui,Non,Non,Non,Windows,Non,Non,Non,Oui,Non,Oui,Non,Non,Oui,Non,NA,NA,NA,NA,NA,NA,NA,NA,NA,NA,NA,NA,NA,NA,NA,NA,NA,NA,NA,NA,NA,Oui,Non,Oui,Oui,Oui,Oui,Non,Non,Oui,Parfois,NA,Oui,Oui,Non,Non,Non,Non,Non,Non,Non,Non,Non,Non,Non,Oui,Oui,Non,Oui,Non,Non,Non,Non,Non,Non,Non,Plus de dix ans,Université,Oui,Non,Non,Non,Non,fonct,Non,Non,Oui,Non,Non,Non,Non,Non,Non,LSH,0.6,linguistique,Un homme
1064,Non,Non,Oui,Non,Non,Oui,Non,Oui,Non,Non,Non,Non,Non,Non,Non,Non,Non,Non,Non,Non,Non,Non,Non,Non,Oui,Non,Non,Oui,Assez,Non,Non,Non,Non,Oui,Non,Non,moins,moins,moins,moins,moins,moins,moins,moins,moins,moins,moins,moins,moins,moins,Oui,Non,Non,Non,Non,Oui,Non,Oui,Oui,Non,Non,Non,Non,Non,Oui,Parfois,Jamais,Jamais,Jamais,Oui,Non,Non,Non,Non,Non,Non,Oui,Non,Non,Non,Non,Non,Oui,Non,Non,Non,Non,Non,Non,non,non,oui,non,non,Non,Jamais,Non,Non,Non,Non,Non,Non,Non,Oui,Oui,Non,Non,Non,Non,Non,Non,Non,Non,2a5,Oui,Oui,Non,Non,Non,Non,Non,Non,Non,Non,Oui,Windows,Non,Non,Non,Non,Non,Non,Non,Non,Non,Oui,Non,Non,Non,Non,Non,Non,Non,Non,Non,Non,Oui,Oui,Non,Non,Non,Non,Non,Non,Non,Non,Non,Non,Non,Oui,Oui,Non,Non,Non,Non,Non applicable,NA,NA,Non,Non,Non,Non,Non,Non,Non,Oui,Non,Non,Non,Oui,Non,Non,Oui,Non,Oui,Non,Non,Non,Non,Non,Oui,Non,Plus de dix ans,Université,Oui,Non,Non,Non,Non,fonct,Non,Non,Oui,Non,Non,Non,Non,Non,Non,LSH,0.6,linguistique,Une femme
701,Non,Non,Oui,Oui,Oui,Oui,Oui,Non,Non,Non,Non,Non,Non,Oui,Oui,Non,Oui,Oui,Non,Non,Non,Non,Oui,Non,Oui,Oui,Oui,Oui,Assez,Non,Non,Oui,Oui,Oui,Non,Oui,moins,NA,NA,moins,moins,moins,NA,NA,moins,moins,moins,NA,NA,NA,Oui,Non,Non,Non,Non,Oui,Non,Non,Oui,Non,Oui,Oui,Oui,Oui,Non,Souvent,Parfois,Jamais,Jamais,Non,Oui,Non,Non,Non,Non,Non,Non,Non,Oui,Non,Non,Non,Non,Oui,Non,Non,Oui,Non,Non,non,non,non,non,non,Oui,Parfois,Non,Oui,Oui,Oui,Oui,Non,Non,Oui,Oui,Non,Non,Oui,Oui,Non,Non,Non,Non,6a10,Oui,Oui,Oui,Non,Non,Non,Non,Non,Non,Non,Non,Windows,Oui,Non,Non,Non,Non,Non,Non,Oui,Non,Non,Oui,Oui,Oui,Non,Non,Oui,Non,Oui,Oui,Oui,Non,Oui,Non,Non,Oui,Oui,Non,Non,Oui,Non,Non,Non,Oui,Oui,Oui,Oui,Non,Non,Non,Oui,Parfois,plutotsat,Oui,Oui,Non,Oui,Non,Non,Non,Non,Non,Oui,Non,Oui,Non,Non,Non,Non,Oui,Non,Oui,Non,Non,Non,Non,Non,Plus de dix ans,Université,Non,Non,Oui,Non,Non,fonct,Non,Non,Oui,Non,Non,Non,Non,Non,Non,LSH,0.6,linguistique,Une femme
1152,Non,Non,Oui,Oui,Non,Oui,Oui,Non,Non,Non,Non,Non,Non,Non,Oui,Non,Non,Non,Non,Non,Non,Non,Oui,Oui,Non,Non,Non,Non,Assez,Non,Oui,Non,Oui,Non,Non,Oui,moins,moins,plus,moins,plus,plus,NA,plus,moins,moins,NA,NA,NA,NA,Oui,Non,Oui,Non,Non,Oui,Non,Non,Oui,Non,Non,Non,Oui,Non,Oui,Jamais,Jamais,Jamais,Jamais,Non,Non,Non,Non,Oui,Non,Non,Non,Non,Non,Non,Non,Non,Non,Non,Non,Non,Non,Non,Oui,non,non,non,non,non,Oui,Je ne sais pas,Non,Non,Non,Non,Oui,Non,Oui,Non,Oui,Non,Non,Non,Non,Non,Non,Non,Non,seule,NA,NA,NA,NA,NA,NA,NA,NA,NA,NA,NA,MacOS,Oui,Non,Non,Non,Non,Non,Non,Non,Non,Non,Non,Non,Non,Non,Non,Non,Non,Non,Oui,Non,Non,Non,Non,Non,Non,Oui,Non,Non,Oui,Non,Non,Non,Non,Non,Non,Non,Non,Non,Oui,Oui,Souvent,tressat,Oui,Non,Non,Non,Non,Non,Non,Non,Non,Non,Oui,Non,Non,Non,Non,Non,Non,Non,Oui,Non,Non,Oui,Non,Non,Cinq à dix ans,autre,Non,Oui,Non,Non,Non,autre,Non,Non,Oui,Non,Non,Non,Non,Non,Non,LSH,0.6,linguistique,Une femme
1148,Non,Non,Non,Oui,Oui,Oui,Oui,Oui,Non,Non,Non,Non,Non,Non,Oui,Non,Oui,Oui,Non,Oui,Non,Non,Oui,Non,Oui,Oui,Non,Oui,Assez,Non,Oui,Oui,Oui,Oui,Oui,Oui,moins,NA,NA,plus,moins,plus,NA,plus,moins,plus,plus,plus,plus,plus,Oui,Non,Oui,Non,Non,Oui,Oui,Oui,Non,Oui,Non,Non,Non,Oui,Non,Jamais,Parfois,Souvent,NA,Non,Non,Oui,Oui,Non,Non,Non,Non,Non,Oui,Non,Non,Oui,Non,Non,Non,Non,Non,Non,Non,oui,oui,non,non,oui,Oui,Souvent,Oui,Non,Oui,Oui,Oui,Oui,Oui,Oui,Oui,Non,Oui,Non,Non,Non,Non,Non,Non,6a10,Oui,Oui,Oui,Oui,Oui,Oui,Oui,Oui,Oui,Non,Oui,Windows,Oui,Non,Oui,Non,Non,Non,Non,Non,Oui,Non,NA,NA,NA,NA,NA,NA,NA,NA,NA,NA,NA,NA,NA,NA,NA,NA,NA,NA,NA,NA,NA,Non,Non,Oui,Oui,Non,Non,Non,Non,Oui,Toujours,plutotsat,Oui,Oui,Non,Non,Non,Non,Non,Non,Non,Non,Non,Non,Non,Oui,Oui,Non,Oui,Non,Oui,Non,Non,Non,Oui,Non,Plus de dix ans,Université,Oui,Non,Non,Non,Non,fonct,Non,Non,Oui,Non,Non,Non,Non,Non,Non,LSH,0.6,linguistique,Une femme
14,Oui,Non,Non,Non,Non,Oui,Oui,Non,Non,Non,Oui,Non,Non,Non,Non,Non,Non,Non,Non,Non,Oui,Non,Oui,Non,Non,Non,Non,Non,Peu,Oui,Non,Non,Non,Oui,Non,Non,moins,moins,moins,plus,plus,NA,NA,NA,NA,NA,plus,moins,moins,plus,Oui,Non,Non,Non,Non,Non,Non,Non,Oui,Non,Non,Non,Non,Non,Non,Jamais,Parfois,Souvent,Toujours,Non,Oui,Non,Non,Non,Oui,Non,Non,Non,Oui,Non,Non,Non,Non,Non,Non,Non,Non,Oui,Non,oui,oui,non,non,non,Non applicable,Jamais,Non,Non,Oui,Non,Non,Non,Non,Oui,Non,Non,Non,Non,Non,Non,Non,Non,Non,11plus,Oui,Non,Non,Non,Non,Non,Non,Non,Non,Non,Non,LinuxUnix,Non,Non,Oui,Non,Non,Non,Non,Non,Non,Non,Non,Oui,Non,Non,Non,Non,Non,Non,Non,Non,Non,Oui,Non,Non,Non,Non,Non,Non,Non,Non,Non,Non,Non,Non,Non,Non,Non,Non,Oui,Non applicable,NA,NA,Non,Non,Non,Non,Oui,Non,Non,Non,Non,Non,Non,Non,Oui,Non,Non,Non,Non,Non,Non,Non,Oui,Non,Non,Non,Moins de cinq ans,NA,Non,Oui,Non,Non,Non,CDI,Non,Non,Oui,Non,Non,Non,Non,Non,Non,LSH,0.6,NA,Autre
119,Non,Non,Oui,Oui,Non,Oui,Non,Non,Non,Oui,Oui,Non,Non,Non,Oui,Non,Non,Non,Non,Non,Non,Non,Oui,Oui,Non,Non,Non,Non,Peu,Non,Non,Non,Oui,Oui,Non,Oui,plus,moins,NA,NA,moins,plus,NA,NA,NA,NA,NA,NA,NA,NA,Oui,Non,Non,Non,Non,Non,Oui,Oui,Non,Non,Non,Non,Non,Oui,Non,Parfois,Jamais,Jamais,Jamais,Oui,Non,Non,Non,Non,Non,Non,Non,Non,Non,Non,Oui,Non,Non,Non,Non,Non,Non,Non,Non,oui,non,oui,non,non,Je ne sais pas,Parfois,Oui,Non,Non,Non,Non,Oui,Oui,Non,Oui,Non,Non,Non,Non,Non,Non,Non,Non,2a5,Oui,Non,Non,Non,Non,Non,Non,Non,Non,Non,Non,MacOS,Oui,Non,Non,Non,Non,Non,Non,Non,Non,Non,Non,Oui,Non,Non,Non,Non,Non,Non,Non,Non,Non,Oui,Non,Non,Non,Non,Non,Non,Non,Non,Non,Non,Non,Oui,Non,Non,Non,Non,Non,Non,NA,NA,Non,Oui,Non,Oui,Oui,Non,Non,Non,Non,Non,Oui,Non,Non,Non,Non,Non,Non,Non,Oui,Non,Non,Non,Oui,Non,Cinq à dix ans,autre,Oui,Non,Non,Non,Non,fonct,Non,Non,Oui,Non,Non,Non,Non,Non,Non,LSH,0.6,NA,Autre
373,Non,Non,Oui,Oui,Non,Oui,Oui,Non,Non,Oui,Oui,Non,Non,Non,Non,Non,Non,Non,Non,Oui,Non,Non,Oui,Oui,Non,Non,Non,Oui,Assez,Oui,Non,Oui,Oui,Non,Non,Non,moins,moins,moins,moins,moins,moins,moins,moins,moins,moins,moins,moins,moins,moins,Oui,Non,Oui,Oui,Non,Oui,Oui,Oui,Oui,Non,Non,Non,Non,Oui,Oui,Souvent,Jamais,Parfois,Jamais,Non,Non,Non,Non,Oui,Non,Non,Non,Non,Non,Non,Non,Non,Non,Oui,Non,Non,Non,Non,Non,non,non,non,oui,non,Je ne sais pas,Parfois,Non,Non,Non,Non,Oui,Non,Non,Oui,Oui,Non,Oui,Non,Non,Non,Non,Oui,Non,2a5,Oui,Non,Oui,Non,Non,Non,Non,Non,Non,Non,Non,MacOS,Oui,Non,Non,Non,Non,Non,Non,Non,Non,Oui,Oui,Oui,Non,Non,Non,Non,Non,Oui,Oui,Non,Non,Non,Non,Oui,Non,Non,Non,Non,Oui,Non,Non,Non,Non,Non,Non,Non,Non,Non,Oui,Oui,Parfois,insatisfait,Non,Non,Non,Non,Non,Non,Non,Oui,Non,Oui,Non,Non,Non,Non,Non,Non,Oui,Non,Oui,Oui,Oui,Oui,Oui,Non,Plus de dix ans,NA,Non,Non,Oui,Non,Non,fonct,Non,Non,Oui,Non,Non,Non,Non,Non,Non,LSH,0.6,NA,Autre
16,Non,Oui,Non,Non,Non,Non,Non,Oui,Non,Non,Non,Non,Non,Non,Non,Non,Non,Oui,Non,Non,Non,Non,Non,Oui,Non,Non,Non,Non,Pas du tout,Non,Non,Non,Non,Non,Oui,Non,NA,NA,NA,NA,NA,NA,NA,NA,NA,NA,NA,NA,NA,NA,Non,Non,Non,Non,Non,Non,Oui,Non,Non,Non,Oui,Non,Non,Non,Non,NA,NA,NA,NA,Non,Oui,Non,Non,Non,Non,Oui,Non,Non,Non,Non,Non,Non,Non,Non,Non,Non,Non,Non,Non,non,oui,oui,non,non,Non applicable,Jamais,Non,Non,Oui,Non,Non,Non,Non,Non,Oui,Non,Non,Non,Non,Non,Non,Non,Non,2a5,Non,Non,Non,Non,Non,Non,Non,Non,Non,Non,Oui,LinuxUnix,Non,Non,Oui,Non,Non,Non,Non,Non,Non,Non,Non,Non,Non,Non,Non,Non,Non,Non,Non,Non,Oui,Non,Non,Non,Non,Non,Oui,Non,Non,Non,Non,Non,Non,Non,Non,Non,Non,Non,Oui,Non,NA,NA,Non,Non,Non,Oui,Non,Non,Non,Non,Oui,Non,Non,Non,Non,Non,Non,Non,Non,Oui,Non,Non,Non,Non,Non,Non,Cinq à dix ans,NA,Oui,Non,Non,Non,Non,CDI,Non,Non,Oui,Non,Non,Non,Non,Non,Non,LSH,0.6,NA,Un homme
883,Non,Non,Oui,Oui,Oui,Oui,Oui,Non,Non,Oui,Oui,Oui,Oui,Oui,Oui,Non,Oui,Oui,Non,Oui,Non,Non,Oui,Non,Non,Oui,Oui,Oui,Assez,Non,Oui,Oui,Non,Oui,Non,Oui,plus,NA,NA,plus,NA,plus,moins,plus,moins,moins,plus,moins,moins,moins,Non,Non,Oui,Non,Oui,Non,Oui,Oui,Oui,Non,Non,Oui,Oui,Non,Non,Souvent,Jamais,Jamais,Souvent,Oui,Non,Non,Non,Non,Non,Non,Non,Non,Non,Oui,Oui,Oui,Non,Non,Oui,Non,Oui,Non,Non,oui,oui,non,non,non,Oui,Souvent,Non,Oui,Oui,Oui,Oui,Non,Oui,Non,Oui,Non,Non,Non,Non,Non,Oui,Non,Non,seule,NA,NA,NA,NA,NA,NA,NA,NA,NA,NA,NA,MacOS,Non,Non,Non,Non,Non,Non,Non,Oui,Non,Non,Oui,Non,Non,Non,Non,Non,Non,Non,Oui,Non,Non,Non,Non,Non,Oui,Non,Non,Non,Oui,Non,Non,Non,Non,Oui,Oui,Oui,Oui,Non,Oui,Non,NA,NA,Non,Non,Oui,Non,Non,Non,Non,Non,Non,Non,Oui,Non,Non,Oui,Non,Non,Non,Oui,Non,Oui,Non,Non,Oui,Non,Plus de dix ans,NA,Oui,Non,Non,Non,Non,CDI,Non,Non,Oui,Non,Non,Non,Non,Non,Non,LSH,0.6,NA,Un homme
60,Non,Non,Non,Oui,Oui,Oui,Oui,Non,Non,Non,Oui,Non,Oui,Oui,Oui,Non,Oui,Oui,Non,Non,Non,Non,Non,Oui,Oui,Non,Non,Non,Tout à fait,Non,Oui,Oui,Non,Oui,Non,Oui,moins,NA,moins,moins,moins,moins,NA,moins,moins,moins,moins,moins,moins,moins,Oui,Non,Oui,Non,Non,Non,Non,Non,Oui,Non,Non,Oui,Oui,Oui,Non,Souvent,NA,Parfois,Parfois,Non,Non,Non,Non,Oui,Non,Non,Non,Non,Non,Non,Non,Non,Oui,Oui,Oui,Oui,Non,Non,Non,oui,non,non,oui,non,Oui,Parfois,Non,Oui,Oui,Non,Oui,Non,Oui,Non,Oui,Non,Non,Oui,Oui,Non,Non,Non,Non,2a5,Oui,Non,Non,Non,Non,Non,Non,Non,Non,Non,Non,Windows,Non,Non,Non,Oui,Non,Oui,Non,Oui,Non,Non,Oui,Oui,Non,Non,Non,Non,Oui,Non,Non,Non,Non,Oui,Non,Oui,Non,Oui,Oui,Non,Oui,Non,Non,Non,Non,Oui,Non,Non,Oui,Non,Non,Oui,Parfois,plutotsat,Non,Non,Non,Non,Non,Non,Non,Oui,Non,Non,Non,Non,Non,Non,Non,Oui,Non,Non,Non,Non,Non,Non,Non,Oui,Moins de cinq ans,autre,Non,Oui,Non,Non,Non,fonct,Non,Non,Oui,Non,Non,Non,Non,Non,Non,LSH,0.6,NA,Un homme
205,Non,Non,Non,Oui,Non,Oui,Oui,Non,Non,Oui,Non,Non,Non,Non,Non,Non,Non,Non,Non,Non,Non,Non,Non,Oui,Non,Non,Non,Non,Pas du tout,Non,Non,Non,Oui,Non,Non,Non,moins,NA,moins,NA,NA,NA,NA,NA,NA,moins,NA,NA,NA,NA,Non,Non,Non,Non,Non,Non,Non,Oui,Non,Non,Non,Non,Non,Non,Oui,Parfois,Jamais,Jamais,Jamais,Non,Non,Non,Non,Oui,Non,Non,Non,Non,Non,Non,Non,Non,Non,Non,Non,Non,Non,Non,Oui,oui,oui,non,non,non,Je ne sais pas,Parfois,Non,Non,Non,Non,Non,Oui,Oui,Non,Oui,Non,Non,Non,Non,Non,Non,Non,Non,seule,NA,NA,NA,NA,NA,NA,NA,NA,NA,NA,NA,Windows,Non,Non,Non,Non,Non,Non,Non,Non,Non,Oui,Non,Non,Non,Non,Non,Non,Non,Non,Non,Non,Oui,Non,Non,Non,Non,Non,Non,Non,Non,Non,Oui,Non,Non,Non,Non,Non,Non,Non,Oui,Non,NA,NA,Non,Non,Non,Non,Non,Non,Non,Oui,Non,Non,Non,Non,Non,Non,Non,Oui,Non,Non,Non,Non,Non,Non,Non,Oui,Plus de dix ans,NA,Oui,Non,Non,Non,Non,fonct,Non,Non,Oui,Non,Non,Non,Non,Non,Non,LSH,0.6,NA,Un homme
297,Non,Non,Oui,Oui,Oui,Oui,Oui,Non,Non,Oui,Oui,Non,Oui,Oui,Oui,Non,Non,Non,Non,Oui,Non,Non,Non,Non,Non,Oui,Non,Non,Assez,Non,Oui,Non,Non,Oui,Non,Non,moins,moins,moins,moins,moins,moins,moins,moins,moins,moins,moins,moins,moins,plus,Non,Non,Oui,Non,Oui,Non,Oui,Oui,Oui,Non,Non,Oui,Oui,Oui,Oui,Toujours,Souvent,Parfois,Souvent,Non,Non,Non,Non,Oui,Non,Non,Non,Non,Oui,Non,Non,Oui,Oui,Oui,Non,Non,Oui,Non,Non,non,oui,non,non,non,Oui,Toujours,Oui,Oui,Oui,Oui,Oui,Oui,Non,Oui,Oui,Non,Oui,Oui,Non,Non,Non,Non,Non,11plus,Oui,Oui,Oui,Non,Non,Non,Non,Non,Non,Non,Non,Windows,Oui,Non,Non,Non,Oui,Non,Non,Oui,Non,Non,Oui,Oui,Oui,Non,Non,Non,Oui,Non,Non,Oui,Non,Oui,Oui,Non,Non,Non,Non,Non,Oui,Non,Non,Non,Non,Oui,Oui,Oui,Oui,Non,Non,Oui,Souvent,plutotsat,Oui,Oui,Non,Non,Non,Non,Non,Non,Non,Non,Non,Oui,Oui,Non,Non,Non,Oui,Non,Non,Non,Non,Non,Non,Non,Plus de dix ans,NA,Oui,Non,Non,Non,Non,fonct,Non,Non,Oui,Non,Non,Non,Non,Non,Non,LSH,0.6,NA,Un homme
1040,Non,Non,Oui,Oui,Oui,Oui,Oui,Oui,Non,Oui,Non,Non,Non,Oui,Oui,Non,Oui,Non,Non,Non,Non,Non,Oui,Oui,Oui,Non,Non,Oui,Peu,Oui,Non,Non,Oui,Oui,Non,Oui,plus,moins,moins,moins,moins,plus,moins,moins,moins,moins,moins,moins,moins,moins,Oui,Non,Oui,Non,Oui,Oui,Non,Oui,Oui,Non,Non,Non,Non,Oui,Non,Toujours,Parfois,Parfois,Jamais,Non,Non,Non,Non,Oui,Non,Oui,Oui,Oui,Non,Non,Non,Non,Oui,Oui,Non,Non,Non,Non,Non,non,oui,oui,non,oui,Non,Toujours,Non,Non,Non,Oui,Oui,Oui,Non,Oui,Oui,Oui,Oui,Oui,Non,Oui,Non,Non,Non,2a5,Oui,Oui,Oui,Non,Oui,Non,Non,Non,Non,Oui,Non,Windows,Oui,Non,Oui,Non,Oui,Oui,Non,Oui,Oui,Non,NA,NA,NA,NA,NA,NA,NA,NA,NA,NA,NA,NA,NA,NA,NA,NA,NA,NA,NA,NA,NA,Non,Oui,Oui,Non,Non,Non,Non,Non,Non,NA,NA,Oui,Oui,Oui,Oui,Oui,Non,Non,Non,Oui,Non,Oui,Oui,Non,Non,Non,Non,Oui,Non,Oui,Non,Non,Non,Oui,Non,Plus de dix ans,autre,Non,Non,Oui,Non,Non,fonct,Non,Non,Oui,Non,Non,Non,Non,Non,Non,LSH,0.6,NA,Un homme
927,Oui,Oui,Oui,Oui,Oui,Non,Oui,Oui,Oui,Oui,Oui,Oui,Oui,Oui,Oui,Non,Non,Non,Non,Oui,Oui,Oui,Oui,Non,Non,Non,Non,Non,Tout à fait,Oui,Non,Oui,Non,Non,Non,Oui,NA,NA,NA,NA,NA,NA,NA,NA,NA,NA,NA,NA,NA,NA,Oui,Non,Non,Non,Non,Oui,Oui,Oui,Oui,Non,Non,Non,Oui,Oui,Oui,Toujours,Jamais,Jamais,Jamais,Oui,Oui,Oui,Oui,Non,Non,Non,Oui,Oui,Non,Non,Oui,Non,Non,Non,Non,Non,Non,Non,Non,non,non,oui,non,non,Je ne sais pas,Toujours,Oui,Non,Oui,Non,Oui,Non,Non,Non,Oui,Non,Non,Non,Non,Non,Non,Non,Non,2a5,Oui,Non,Non,Non,Non,Non,Non,Non,Non,Non,Non,Windows,Oui,Non,Non,Oui,Oui,Oui,Non,Non,Non,Non,Oui,Non,Oui,Non,Non,Non,Oui,Non,Non,Non,Non,Non,Non,Non,Non,Non,Oui,Non,Oui,Oui,Non,Non,Non,Oui,Non,Non,Non,Non,Non,Non,NA,NA,Non,Non,Non,Non,Non,Non,Non,Oui,Oui,Non,Oui,Non,Non,Oui,Oui,Non,Oui,Non,Non,Non,Non,Non,Non,Non,Moins de cinq ans,Université,Non,Oui,Non,Non,Non,autre,Non,Non,Oui,Non,Non,Non,Non,Non,Non,LSH,0.6,NA,Une femme
1183,Non,Non,Non,Oui,Non,Non,Oui,Non,Non,Oui,Oui,Non,Non,Non,Non,Non,Non,Non,Non,Non,Non,Non,Oui,Non,Oui,Non,Non,Non,Pas du tout,Non,Non,Non,Oui,Oui,Non,Non,plus,moins,plus,NA,moins,moins,NA,NA,NA,moins,NA,moins,moins,NA,Non,Non,Oui,Non,Oui,Oui,Non,Oui,Oui,Non,Non,Non,Non,Oui,Oui,Toujours,Jamais,Parfois,Jamais,Oui,Non,Non,Non,Non,Non,Non,Oui,Oui,Non,Non,Non,Non,Non,Non,Non,Non,Non,Non,Non,oui,oui,non,non,non,Je ne sais pas,Parfois,Oui,Non,Non,Non,Non,Non,Oui,Non,Oui,Non,Non,Non,Non,Non,Non,Non,Non,seule,NA,NA,NA,NA,NA,NA,NA,NA,NA,NA,NA,MacOS,Oui,Non,Non,Non,Non,Oui,Non,Non,Non,Non,Oui,Non,Non,Non,Non,Non,Oui,Oui,Non,Non,Non,Non,Non,Non,Non,Non,Non,Non,Oui,Non,Non,Non,Non,Non,Non,Non,Non,Non,Oui,Non applicable,NA,NA,Non,Non,Non,Non,Oui,Non,Non,Non,Non,Non,Non,Non,Non,Oui,Oui,Non,Oui,Non,Oui,Non,Non,Oui,Non,Non,Moins de cinq ans,NA,Non,Oui,Non,Non,Oui,doct,Non,Non,Oui,Non,Non,Non,Non,Non,Non,LSH,0.6,NA,Une femme
1097,Non,Non,Non,Oui,Oui,Oui,Oui,Non,Non,Oui,Non,Non,Oui,Non,Non,Non,Oui,Non,Non,Non,Non,Non,Non,Oui,Oui,Non,Non,Oui,Pas du tout,Non,Non,Non,Oui,Non,Non,Non,plus,moins,plus,NA,plus,plus,NA,NA,NA,NA,plus,NA,NA,plus,Non,Non,Oui,Non,Non,Oui,Oui,Non,Oui,Non,Non,Non,Non,Oui,Non,Jamais,Jamais,Jamais,Jamais,Non,Non,Non,Non,Non,Oui,Non,Non,Non,Non,Non,Non,Non,Non,Non,Non,Non,Non,Non,Oui,non,non,non,non,non,Non applicable,Non applicable,Oui,Non,Non,Oui,Non,Non,Oui,Non,Oui,Non,Oui,Non,Non,Non,Non,Non,Non,seule,NA,NA,NA,NA,NA,NA,NA,NA,NA,NA,NA,Windows,Oui,Non,Non,Non,Non,Non,Non,Non,Non,Non,Oui,Non,Non,Non,Non,Non,Non,Non,Non,Non,Non,Non,Non,Non,Non,Non,Non,Non,Non,Non,Oui,Non,Non,Non,Non,Non,Non,Non,Oui,Non,NA,NA,Non,Non,Non,Non,Non,Non,Non,Oui,Non,Non,Non,Non,Non,Non,Non,Oui,Non,Non,Non,Non,Non,Non,Non,Oui,Moins de cinq ans,NA,Non,Oui,Non,Non,Non,CDD,Non,Non,Oui,Non,Non,Non,Non,Non,Non,LSH,0.6,NA,Une femme
871,Non,Non,Oui,Oui,Oui,Oui,Oui,Oui,Non,Oui,Oui,Non,Oui,Non,Oui,Non,Non,Non,Non,Non,Non,Non,Non,Non,Non,Non,Non,Oui,Peu,Non,Non,Non,Oui,Non,Non,Non,moins,NA,moins,NA,NA,moins,NA,NA,NA,moins,moins,NA,NA,NA,Oui,Non,Oui,Oui,Non,Oui,Non,Oui,Oui,Non,Non,Non,Oui,Oui,Oui,Souvent,NA,Souvent,NA,Oui,Non,Oui,Non,Non,Non,Oui,Non,Oui,Non,Non,Oui,Non,Non,Oui,Non,Non,Non,Non,Non,oui,non,non,non,non,Je ne sais pas,Parfois,Non,Non,Oui,Non,Oui,Non,Oui,Oui,Oui,Non,Oui,Non,Non,Non,Non,Non,Non,6a10,Oui,Oui,Oui,Non,Oui,Non,Non,Non,Non,Non,Oui,Windows,Oui,Non,Oui,Oui,Oui,Non,Non,Non,Non,Non,Non,Oui,Non,Non,Non,Non,Non,Non,Non,Non,Non,Oui,Oui,Non,Non,Non,Non,Non,Non,Non,Non,Non,Non,Oui,Non,Non,Non,Non,Non,Non applicable,NA,NA,Oui,Non,Non,Non,Non,Non,Non,Non,Non,Non,Non,Non,Non,Non,Non,Oui,Non,Non,Non,Non,Non,Non,Non,Oui,Plus de dix ans,NA,Non,Oui,Non,Non,Non,CDD,Non,Non,Oui,Non,Non,Non,Non,Non,Non,LSH,0.6,NA,Une femme
142,Non,Non,Oui,Oui,Non,Oui,Oui,Non,Non,Oui,Oui,Oui,Oui,Oui,Oui,Non,Non,Non,Non,Non,Non,Non,Non,Non,Non,Non,Non,Oui,Assez,Non,Non,Non,Oui,Non,Non,Non,moins,moins,plus,NA,moins,plus,moins,moins,moins,NA,moins,NA,NA,moins,Oui,Non,Oui,Non,Oui,Oui,Oui,Non,Oui,Non,Non,Non,Non,Non,Oui,Parfois,Parfois,Parfois,Jamais,Non,Non,Non,Non,Oui,Non,Non,Oui,Oui,Non,Non,Non,Non,Oui,Non,Non,Non,Non,Non,Non,non,oui,non,oui,oui,Oui,Souvent,Non,Non,Non,Non,Non,Non,Oui,Oui,Non,Oui,Oui,Non,Non,Non,Non,Non,Non,2a5,Oui,Non,Non,Non,Non,Non,Non,Non,Non,Non,Oui,MacOS,Oui,Non,Non,Non,Non,Oui,Non,Non,Non,Non,Oui,Non,Non,Non,Non,Non,Non,Non,Non,Non,Non,Non,Non,Non,Non,Non,Non,Non,Oui,Non,Non,Non,Oui,Oui,Non,Non,Non,Non,Non,Oui,Parfois,tressat,Non,Oui,Oui,Oui,Non,Non,Non,Non,Non,Non,Non,Non,Non,Non,Non,Oui,Oui,Oui,Non,Non,Non,Non,Non,Non,Moins de cinq ans,CNRS,Oui,Non,Non,Non,Non,CDI,Non,Non,Oui,Non,Non,Non,Non,Non,Non,LSH,0.6,NA,Une femme
322,Non,Non,Oui,Non,Non,Oui,Oui,Non,Non,Non,Oui,Non,Non,Non,Non,Non,Non,Non,Non,Non,Non,Non,Oui,Non,Oui,Non,Non,Oui,Assez,Non,Non,Non,Oui,Non,Non,Non,moins,NA,moins,NA,NA,moins,NA,NA,NA,moins,NA,NA,moins,NA,Oui,Non,Non,Non,Non,Oui,Non,Oui,Oui,Non,Non,Non,Non,Oui,Oui,Parfois,Parfois,Jamais,Jamais,Non,Non,Non,Non,Oui,Non,Non,Non,Non,Non,Non,Non,Non,Non,Non,Non,Non,Non,Non,Oui,oui,non,non,oui,non,Non,Jamais,Non,Non,Non,Non,Non,Oui,Non,Oui,Oui,Non,Non,Non,Non,Non,Non,Non,Non,2a5,Oui,Oui,Non,Non,Non,Non,Non,Non,Non,Non,Non,MacOS,Oui,Non,Non,Non,Non,Non,Non,Non,Non,Non,Oui,Non,Non,Non,Non,Non,Non,Non,Non,Non,Non,Non,Non,Non,Oui,Non,Non,Non,Non,Non,Non,Non,Non,Oui,Oui,Non,Non,Non,Non,Oui,Parfois,nini,Non,Oui,Non,Non,Non,Non,Non,Non,Oui,Oui,Non,Oui,Non,Non,Non,Non,Oui,Non,Oui,Non,Non,Non,Non,Non,Plus de dix ans,CNRS,Oui,Non,Non,Non,Non,fonct,Non,Non,Oui,Non,Non,Non,Non,Non,Non,LSH,0.6,NA,Une femme
622,Non,Non,Non,Oui,Non,Oui,Oui,Oui,Non,Oui,Non,Non,Non,Non,Oui,Non,Non,Non,Non,Non,Non,Non,Non,Non,Oui,Non,Non,Oui,Peu,Non,Non,Non,Oui,Oui,Oui,Oui,moins,NA,plus,NA,moins,NA,NA,NA,NA,NA,NA,NA,moins,NA,Non,Non,Non,Oui,Non,Oui,Oui,Oui,Oui,Non,Non,Non,Non,Non,Non,NA,NA,NA,NA,Non,Non,Non,Non,Oui,Non,Non,Non,Non,Non,Non,Non,Non,Non,Non,Non,Non,Non,Non,Oui,oui,non,non,non,non,Je ne sais pas,Je ne sais pas,Oui,Non,Non,Non,Non,Oui,Non,Non,Non,Non,Oui,Non,Non,Oui,Non,Non,Non,seule,NA,NA,NA,NA,NA,NA,NA,NA,NA,NA,NA,MacOS,Oui,Non,Non,Non,Non,Non,Non,Non,Non,Non,Oui,Non,Non,Non,Non,Non,Non,Non,Non,Non,Oui,Non,Non,Non,Non,Non,Non,Non,Non,Non,Oui,Non,Non,Oui,Non,Non,Non,Non,Oui,Oui,Jamais,NA,Non,Non,Non,Oui,Oui,Non,Non,Non,Oui,Oui,Non,Oui,Oui,Non,Oui,Non,Oui,Non,Oui,Non,Non,Oui,Non,Non,Plus de dix ans,Université,Oui,Non,Non,Non,Non,fonct,Non,Non,Oui,Non,Non,Non,Non,Non,Non,LSH,0.6,NA,Une femme
621,Non,Non,Oui,Non,Non,Non,Oui,Oui,Non,Oui,Oui,Non,Non,Non,Oui,Non,Oui,Oui,Oui,Oui,Non,Oui,Oui,Oui,Non,Non,Non,Oui,Tout à fait,Oui,Oui,Non,Non,Oui,Oui,Oui,moins,moins,plus,plus,moins,moins,moins,moins,moins,moins,moins,moins,plus,plus,Oui,Non,Non,Non,Non,Non,Non,Oui,Oui,Non,Non,Non,Non,Oui,Oui,Parfois,Parfois,Non applicable,Toujours,Non,Non,Oui,Oui,Non,Non,Non,Non,Non,Oui,Non,Non,Non,Non,Oui,Non,Non,Non,Non,Non,oui,oui,non,oui,non,Oui,Souvent,Oui,Non,Oui,Oui,Oui,Oui,Non,Non,Non,Oui,Oui,Non,Oui,Non,Non,Non,Non,seule,NA,NA,NA,NA,NA,NA,NA,NA,NA,NA,NA,Windows,Oui,Non,Oui,Non,Non,Non,Non,Non,Oui,Non,NA,NA,NA,NA,NA,NA,NA,NA,NA,NA,NA,NA,NA,NA,NA,NA,NA,NA,NA,NA,NA,Oui,Oui,Oui,Oui,Non,Oui,Oui,Non,Oui,Souvent,tressat,Non,Oui,Non,Non,Non,Non,Non,Non,Non,Oui,Non,Non,Oui,Non,Oui,Non,Non,Non,Non,Oui,Oui,Non,Non,Non,Plus de dix ans,Université,Non,Non,Non,Oui,Non,fonct,Non,Non,Oui,Non,Non,Non,Non,Non,Non,LSH,0.6,NA,Une femme
172,Non,Non,Oui,Oui,Non,Oui,Non,Non,Non,Oui,Oui,Non,Non,Non,Non,Non,Non,Non,Non,Non,Non,Non,Oui,Non,Oui,Non,Non,Non,Pas du tout,Non,Non,Non,Oui,Non,Non,Non,moins,NA,NA,NA,NA,moins,NA,NA,moins,NA,NA,NA,NA,NA,Oui,Non,Non,Non,Non,Non,Non,Non,Oui,Non,Non,Non,Non,Non,Non,Jamais,Jamais,Jamais,Jamais,Non,Non,Non,Non,Oui,Non,Non,Non,Non,Non,Non,Non,Non,Non,Non,Non,Non,Non,Non,Oui,non,oui,non,non,oui,Oui,Jamais,Non,Oui,Oui,Oui,Oui,Oui,Oui,Non,Non,Non,Oui,Non,Non,Oui,Non,Non,Non,2a5,Oui,Non,Non,Non,Non,Non,Non,Non,Non,Non,Non,Windows,Oui,Non,Non,Non,Non,Non,Non,Non,Non,Non,Oui,Non,Non,Non,Non,Non,Non,Non,Non,Non,Non,Oui,Oui,Non,Non,Non,Non,Non,Non,Non,Non,Non,Non,Oui,Non,Non,Non,Non,Non,Oui,Jamais,NA,Non,Non,Non,Non,Non,Non,Non,Oui,Non,Non,Non,Non,Non,Oui,Oui,Non,Oui,Oui,Non,Non,Non,Non,Non,Non,Plus de dix ans,Université,Oui,Non,Non,Non,Non,fonct,Non,Non,Oui,Non,Non,Non,Non,Non,Non,LSH,0.6,NA,Une femme
920,Non,Non,Non,Oui,Non,Non,Oui,Non,Non,Non,Non,Non,Oui,Oui,Oui,Non,Oui,Non,Non,Non,Non,Non,Non,Non,Non,Non,Non,Oui,Assez,Oui,Oui,Oui,Oui,Oui,Oui,Oui,NA,NA,NA,NA,NA,NA,NA,NA,NA,NA,NA,NA,NA,NA,Oui,Non,Oui,Oui,Oui,Non,Oui,Oui,Oui,Non,Non,Oui,Non,Oui,Oui,Souvent,Souvent,Parfois,Parfois,Non,Non,Oui,Non,Non,Non,Non,Non,Non,Non,Non,Non,Non,Non,Oui,Oui,Oui,Oui,Non,Non,oui,oui,non,oui,non,Non applicable,Souvent,Non,Oui,Oui,Oui,Oui,Oui,Non,Non,Non,Non,Non,Non,Non,Non,Non,Non,Oui,2a5,Oui,Oui,Oui,Oui,Oui,Oui,Oui,Non,Non,Non,Non,Windows,Non,Non,Non,Non,Non,Non,Non,Non,Oui,Non,NA,NA,NA,NA,NA,NA,NA,NA,NA,NA,NA,NA,NA,NA,NA,NA,NA,NA,NA,NA,NA,Non,Non,Oui,Oui,Non,Non,Oui,Non,Non applicable,NA,NA,Non,Non,Non,Non,Non,Non,Non,Oui,Non,Non,Non,Non,Non,Non,Non,Oui,Non,Non,Non,Non,Non,Non,Non,Oui,Plus de dix ans,Université,Non,Non,Non,Oui,Non,fonct,Non,Non,Oui,Non,Non,Non,Non,Non,Non,LSH,0.6,NA,Une femme
697,Oui,Non,Oui,Non,Non,Non,Non,Oui,Non,Non,Oui,Non,Oui,Oui,Oui,Non,Oui,Non,Non,Oui,Non,Oui,Oui,Oui,Non,Non,Non,Oui,Peu,Oui,Oui,Oui,Non,Oui,Non,Non,moins,NA,NA,moins,moins,moins,NA,moins,moins,moins,moins,NA,moins,moins,Oui,Oui,Oui,Non,Non,Non,Non,Non,Oui,Non,Non,Non,Oui,Non,Non,Non applicable,Non applicable,Non applicable,Non applicable,Non,Non,Non,Non,Oui,Non,Non,Non,Non,Non,Non,Non,Non,Non,Non,Non,Non,Non,Non,Oui,non,non,non,non,oui,Oui,Souvent,Non,Oui,Oui,Oui,Oui,Non,Non,Non,Non,Oui,Oui,Non,Non,Non,Non,Non,Non,2a5,Oui,Non,Non,Non,Non,Non,Non,Non,Non,Non,Non,Windows,Oui,Non,Non,Non,Oui,Non,Non,Non,Non,Non,Non,Non,Non,Non,Non,Non,Oui,Non,Non,Non,Non,Oui,Non,Non,Non,Non,Non,Non,Non,Oui,Non,Non,Oui,Oui,Non,Non,Non,Non,Non,Non,NA,NA,Non,Non,Non,Oui,Non,Non,Non,Non,Non,Oui,Oui,Oui,Non,Non,Non,Non,Oui,Non,Non,Non,Non,Oui,Oui,Non,Cinq à dix ans,CNRS,Non,Non,Oui,Non,Non,fonct,Non,Non,Oui,Non,Non,Non,Non,Non,Non,LSH,0.6,NA,Une femme
857,Non,Non,Non,Oui,Non,Oui,Oui,Non,Non,Oui,Non,Non,Non,Non,Oui,Non,Non,Non,Non,Non,Non,Non,Non,Non,Non,Non,Non,Oui,Assez,Non,Non,Non,Non,Oui,Non,Oui,moins,plus,moins,plus,NA,NA,NA,NA,NA,moins,NA,moins,NA,moins,Non,Non,Oui,Oui,Oui,Oui,Oui,Oui,Oui,Non,Non,Non,Non,Non,Oui,Toujours,Jamais,Souvent,NA,Oui,Non,Oui,Non,Non,Non,Non,Oui,Oui,Non,Non,Non,Non,Non,Non,Non,Non,Non,Non,Non,oui,non,non,non,non,Je ne sais pas,Souvent,Non,Non,Oui,Non,Non,Oui,Non,Non,Oui,Oui,Non,Non,Non,Non,Non,Non,Non,2a5,Oui,Non,Non,Non,Non,Non,Non,Non,Non,Oui,Non,Windows,Non,Non,Non,Non,Non,Non,Non,Non,Oui,Non,NA,NA,NA,NA,NA,NA,NA,NA,NA,NA,NA,NA,NA,NA,NA,NA,NA,NA,NA,NA,NA,Non,Non,Oui,Non,Non,Non,Non,Oui,Oui,Jamais,NA,Non,Oui,Non,Non,Non,Non,Non,Non,Oui,Non,Non,Non,Oui,Oui,Oui,Non,Oui,Non,Non,Non,Non,Non,Non,Non,Cinq à dix ans,NA,Non,Non,Oui,Non,Non,fonct,Non,Non,Oui,Non,Non,Non,Non,Non,Non,LSH,0.6,NA,Une femme
1179,Non,Non,Oui,Oui,Non,Oui,Oui,Oui,Non,Oui,Non,Non,Non,Non,Non,Non,Non,Non,Non,Non,Non,Non,Non,Non,Non,Non,Non,Oui,Peu,Oui,Non,Non,Non,Oui,Oui,Oui,NA,NA,moins,NA,NA,moins,NA,NA,NA,NA,NA,moins,moins,NA,Non,Non,Non,Non,Non,Oui,Oui,Oui,Non,Non,Non,Non,Non,Non,Oui,Souvent,Jamais,Souvent,Jamais,Non,Non,Non,Non,Non,Oui,Non,Non,Oui,Non,Non,Non,Oui,Non,Non,Non,Non,Non,Non,Non,non,oui,non,oui,non,Je ne sais pas,Parfois,Oui,Non,Non,Non,Non,Oui,Non,Oui,Non,Non,Oui,Non,Non,Non,Non,Non,Non,6a10,Non,Non,Oui,Non,Oui,Non,Oui,Non,Non,Oui,Non,Windows,Non,Non,Non,Non,Non,Non,Non,Non,Non,Non,Oui,Non,Non,Non,Non,Non,Oui,Oui,Non,Oui,Non,Non,Non,Non,Oui,Non,Oui,Oui,Non,Non,Non,Non,Non,Non,Oui,Non,Oui,Non,Non,Non,NA,NA,Non,Oui,Non,Oui,Oui,Non,Non,Non,Non,Non,Non,Oui,Oui,Oui,Oui,Non,Oui,Non,Oui,Non,Non,Non,Non,Non,Plus de dix ans,autre,Non,Non,Non,Non,Oui,fonct,Non,Non,Oui,Non,Non,Non,Non,Non,Non,LSH,0.6,NA,Une femme
1187,Non,Non,Oui,Oui,Oui,Oui,Oui,Non,Non,Non,Oui,Non,Non,Non,Oui,Non,Oui,Oui,Non,Non,Oui,Non,Non,Oui,Oui,Non,Non,Non,Tout à fait,Oui,Oui,Oui,Non,Non,Non,Non,moins,NA,moins,moins,moins,plus,moins,moins,plus,moins,moins,NA,moins,NA,Non,Non,Oui,Oui,Non,Non,Oui,Non,Non,Non,Oui,Non,Oui,Oui,Oui,Parfois,Jamais,NA,NA,Non,Non,Non,Non,Non,Oui,Oui,Non,Non,Non,Non,Non,Non,Non,Non,Non,Non,Non,Non,Non,oui,oui,oui,oui,non,Je ne sais pas,Souvent,Non,Oui,Oui,Oui,Oui,Oui,Oui,Non,Non,Non,Non,Non,Non,Oui,Non,Non,Non,seule,NA,NA,NA,NA,NA,NA,NA,NA,NA,NA,NA,Windows,Non,Non,Non,Non,Oui,Non,Non,Oui,Oui,Non,NA,NA,NA,NA,NA,NA,NA,NA,NA,NA,NA,NA,NA,NA,NA,NA,NA,NA,NA,NA,NA,Non,Non,Non,Non,Non,Non,Non,Oui,Non,NA,NA,Oui,Non,Oui,Non,Non,Non,Non,Non,Oui,Non,Non,Non,Oui,Oui,Oui,Non,Oui,Non,Oui,Non,Non,Non,Oui,Non,Moins de cinq ans,autre,Non,Oui,Non,Non,Non,autre,Non,Non,Oui,Non,Non,Non,Non,Non,Non,LSH,0.6,NA,Une femme
417,Oui,Non,Oui,Non,Oui,Oui,Non,Non,Non,Non,Non,Oui,Oui,Oui,Oui,Non,Oui,Oui,Non,Oui,Non,Non,Oui,Oui,Oui,Non,Oui,Non,Tout à fait,Non,Oui,Oui,Oui,Non,Non,Non,moins,moins,moins,moins,moins,moins,moins,moins,moins,moins,moins,moins,moins,moins,Non,Oui,Non,Non,Non,Oui,Non,Non,Oui,Non,Non,Oui,Oui,Oui,Oui,Parfois,Jamais,Jamais,Jamais,Non,Non,Non,Non,Oui,Non,Oui,Oui,Oui,Non,Non,Non,Non,Oui,Non,Non,Non,Non,Non,Non,non,non,non,non,oui,Oui,Parfois,Non,Oui,Oui,Non,Oui,Non,Non,Oui,Oui,Non,Non,Non,Non,Non,Non,Non,Non,seule,NA,NA,NA,NA,NA,NA,NA,NA,NA,NA,NA,MacOS,Oui,Oui,Non,Non,Oui,Non,Non,Oui,Non,Non,Oui,Non,Non,Non,Non,Non,Non,Non,Non,Non,Non,Non,Non,Non,Non,Non,Non,Non,Oui,Oui,Non,Non,Non,Oui,Non,Non,Non,Non,Oui,Oui,Jamais,NA,Oui,Non,Non,Non,Non,Oui,Oui,Non,Non,Non,Non,Non,Oui,Non,Non,Non,Oui,Non,Non,Oui,Non,Non,Non,Non,Plus de dix ans,autre,Oui,Non,Non,Non,Non,CDI,Non,Non,Oui,Non,Non,Non,Non,Non,Non,LSH,0.6,psychologie,Un homme
976,Non,Oui,Non,Non,Oui,Non,Oui,Non,Non,Non,Non,Non,Oui,Non,Oui,Non,Oui,Oui,Non,Non,Non,Non,Non,Oui,Non,Non,Non,Oui,Assez,Non,Oui,Oui,Oui,Non,Non,Non,moins,NA,moins,moins,moins,plus,moins,moins,moins,NA,NA,NA,moins,NA,Oui,Non,Non,Non,Non,Non,Non,Non,Oui,Non,Non,Non,Oui,Non,Non,Toujours,Jamais,Jamais,Jamais,Non,Non,Non,Non,Oui,Non,Oui,Non,Oui,Non,Non,Non,Non,Non,Non,Non,Non,Non,Non,Non,non,oui,oui,non,oui,Non,Jamais,Non,Oui,Oui,Non,Oui,Oui,Oui,Non,Oui,Non,Non,Non,Non,Non,Non,Non,Non,seule,NA,NA,NA,NA,NA,NA,NA,NA,NA,NA,NA,Windows,Oui,Non,Non,Non,Oui,Non,Non,Non,Non,Non,Non,Oui,Non,Non,Non,Non,Non,Non,Oui,Non,Non,Oui,Non,Non,Non,Non,Oui,Non,Oui,Non,Non,Non,Non,Non,Non,Non,Non,Non,Oui,Oui,Parfois,insatisfait,Non,Non,Non,Non,Oui,Non,Non,Non,Non,Non,Oui,Non,Non,Non,Non,Non,Oui,Non,Oui,Non,Non,Non,Non,Non,Moins de cinq ans,Université,Non,Oui,Non,Non,Non,CDD,Non,Non,Oui,Non,Non,Non,Non,Non,Non,LSH,0.6,psychologie,Une femme
1104,Non,Non,Oui,Non,Oui,Oui,Oui,Non,Non,Non,Non,Oui,Oui,Non,Oui,Non,Oui,Oui,Non,Oui,Non,Non,Non,Oui,Oui,Non,Non,Non,Tout à fait,Non,Non,Oui,Oui,Non,Non,Oui,moins,NA,NA,moins,moins,moins,moins,moins,moins,NA,moins,NA,NA,NA,Oui,Non,Non,Non,Non,Non,Non,Non,Oui,Non,Non,Non,Oui,Non,Oui,Toujours,Parfois,Jamais,Jamais,Non,Non,Non,Non,Oui,Non,Oui,Oui,Oui,Non,Non,Non,Non,Oui,Non,Non,Non,Non,Non,Non,oui,non,oui,oui,non,Je ne sais pas,Jamais,Non,Oui,Non,Non,Oui,Non,Non,Oui,Oui,Non,Non,Non,Non,Non,Non,Non,Non,2a5,Oui,Non,Non,Non,Non,Non,Non,Non,Non,Non,Oui,Windows,Oui,Non,Non,Non,Oui,Non,Non,Non,Non,Non,Oui,Non,Non,Non,Non,Non,Non,Non,Non,Non,Non,Oui,Non,Non,Oui,Non,Non,Non,Oui,Non,Non,Non,Non,Oui,Oui,Non,Non,Non,Non,Non,NA,NA,Oui,Oui,Non,Oui,Oui,Oui,Non,Non,Oui,Non,Oui,Non,Non,Non,Non,Non,Non,Non,Oui,Non,Oui,Oui,Oui,Non,Plus de dix ans,NA,Oui,Non,Non,Non,Non,CDI,Non,Non,Oui,Non,Non,Non,Non,Non,Non,LSH,0.6,psychologie,Une femme
645,Non,Non,Oui,Non,Oui,Non,Non,Non,Oui,Non,Non,Oui,Non,Oui,Non,Non,Non,Oui,Non,Non,Non,Non,Oui,Oui,Non,Non,Oui,Non,Assez,Non,Oui,Oui,Non,Non,Non,Non,moins,NA,moins,moins,moins,moins,moins,moins,NA,NA,NA,NA,moins,moins,Oui,Oui,Non,Non,Non,Oui,Non,Non,Oui,Non,Non,Oui,Non,Non,Non,Jamais,Jamais,Jamais,Jamais,Non,Non,Non,Non,Oui,Non,Non,Non,Non,Non,Non,Non,Non,Non,Non,Non,Non,Non,Non,Oui,oui,non,non,non,non,Oui,Parfois,Non,Oui,Non,Non,Non,Non,Oui,Non,Non,Non,Non,Non,Non,Non,Non,Non,Non,2a5,Oui,Oui,Non,Non,Non,Non,Non,Non,Non,Non,Oui,Windows,Oui,Non,Non,Non,Oui,Non,Non,Non,Non,Non,Oui,Non,Oui,Non,Non,Non,Non,Oui,Non,Non,Non,Oui,Oui,Non,Non,Non,Non,Non,Oui,Non,Non,Non,Non,Oui,Non,Non,Non,Non,Non,Non,NA,NA,Non,Oui,Non,Non,Non,Non,Non,Non,Non,Oui,Non,Non,Non,Non,Oui,Non,Non,Non,Non,Non,Non,Non,Non,Non,Cinq à dix ans,Université,Oui,Non,Non,Non,Non,fonct,Non,Non,Oui,Non,Non,Non,Non,Non,Non,LSH,0.6,psychologie,Une femme
1170,Non,Non,Non,Non,Oui,Oui,Non,Non,Non,Non,Non,Oui,Oui,Oui,Oui,Non,Oui,Non,Non,Non,Non,Non,Non,Non,Oui,Non,Non,Non,Assez,Non,Oui,Oui,Non,Non,Non,Oui,moins,NA,NA,moins,moins,plus,moins,moins,NA,moins,moins,moins,moins,NA,Non,Oui,Non,Non,Non,Oui,Non,Non,Oui,Non,Non,Oui,Oui,Oui,Non,Souvent,Parfois,Parfois,NA,Non,Non,Non,Non,Oui,Non,Non,Non,Oui,Non,Non,Non,Oui,Non,Non,Non,Non,Non,Non,Non,oui,non,non,oui,non,Oui,Parfois,Non,Oui,Non,Non,Oui,Non,Oui,Non,Non,Non,Non,Non,Non,Oui,Non,Non,Non,2a5,Oui,Non,Non,Non,Non,Non,Non,Non,Non,Non,Non,Windows,Oui,Non,Non,Non,Oui,Non,Non,Oui,Non,Non,Non,Non,Non,Non,Non,Non,Oui,Non,Non,Non,Non,Non,Non,Non,Oui,Non,Oui,Non,Oui,Non,Non,Non,Non,Oui,Non,Non,Non,Non,Non,Non,NA,NA,Non,Non,Non,Non,Non,Non,Non,Oui,Non,Non,Oui,Non,Non,Non,Non,Non,Non,Non,Oui,Non,Non,Non,Non,Non,Moins de cinq ans,Université,Non,Oui,Non,Non,Non,doct,Non,Non,Oui,Non,Non,Non,Non,Non,Non,LSH,0.6,psychologie,Un homme
273,Non,Oui,Oui,Oui,Oui,Oui,Oui,Oui,Non,Oui,Oui,Oui,Oui,Oui,Oui,Non,Oui,Oui,Non,Oui,Non,Oui,Oui,Oui,Oui,Oui,Oui,Oui,Tout à fait,Non,Oui,Oui,Oui,Oui,Non,Oui,moins,moins,moins,moins,moins,moins,moins,moins,moins,moins,moins,moins,moins,moins,Oui,Oui,Oui,Oui,Oui,Oui,Oui,Oui,Oui,Non,Oui,Non,Non,Oui,Oui,Souvent,Parfois,Jamais,Jamais,Oui,Oui,Oui,Oui,Oui,Non,Oui,Oui,Non,Oui,Oui,Non,Non,Oui,Oui,Non,Non,Oui,Non,Non,non,non,oui,non,non,Oui,Souvent,Oui,Non,Oui,Oui,Oui,Oui,Non,Oui,Oui,Non,Oui,Non,Non,Non,Non,Non,Non,11plus,Oui,Oui,Oui,Non,Oui,Non,Non,Non,Non,Non,Oui,Windows,Oui,Non,Oui,Non,Oui,Oui,Non,Non,Non,Non,Oui,Oui,Oui,Non,Non,Oui,Oui,Oui,Oui,Oui,Non,Non,Non,Oui,Non,Non,Oui,Oui,Oui,Oui,Non,Non,Non,Oui,Oui,Oui,Non,Oui,Non,Oui,Parfois,tressat,Oui,Non,Non,Non,Non,Oui,Oui,Non,Non,Non,Non,Non,Non,Non,Oui,Non,Non,Non,Non,Non,Non,Non,Non,Oui,Plus de dix ans,NA,Oui,Non,Oui,Non,Non,fonct,Non,Non,Oui,Non,Non,Non,Non,Non,Non,LSH,0.6,psychologie,Une femme
736,Non,Oui,Oui,Oui,Oui,Oui,Oui,Non,Non,Non,Non,Oui,Oui,Oui,Non,Non,Oui,Non,Non,Oui,Non,Non,Oui,Oui,Oui,Non,Non,Non,Assez,Non,Non,Oui,Non,Non,Oui,Oui,moins,NA,plus,moins,moins,moins,moins,NA,NA,moins,moins,NA,moins,moins,Oui,Non,Non,Non,Non,Non,Non,Non,Oui,Non,Non,Non,Oui,Oui,Oui,Parfois,Jamais,Jamais,Jamais,Non,Non,Non,Non,Oui,Non,Oui,Non,Non,Non,Non,Non,Non,Non,Non,Non,Non,Non,Non,Non,non,oui,oui,non,non,Oui,Jamais,Non,Non,Non,Non,Oui,Oui,Non,Oui,Oui,Non,Non,Non,Non,Non,Non,Non,Non,2a5,Oui,Oui,Non,Non,Non,Non,Non,Non,Non,Non,Non,Windows,Oui,Non,Non,Non,Oui,Non,Non,Non,Non,Non,Non,Oui,Non,Non,Non,Non,Oui,Non,Non,Non,Non,Non,Oui,Non,Non,Oui,Non,Non,Oui,Non,Non,Non,Non,Oui,Non,Non,Non,Non,Oui,Oui,Parfois,NA,Non,Non,Non,Non,Oui,Non,Non,Non,Non,Non,Non,Oui,Non,Non,Non,Non,Non,Non,Non,Non,Oui,Non,Oui,Non,Moins de cinq ans,NA,Oui,Non,Non,Non,Non,fonct,Non,Non,Oui,Non,Non,Non,Non,Non,Non,LSH,0.6,psychologie,Une femme
448,Non,Non,Oui,Non,Oui,Oui,Oui,Non,Non,Oui,Non,Non,Non,Non,Non,Non,Non,Non,Non,Non,Non,Non,Non,Oui,Oui,Non,Non,Non,Peu,Non,Oui,Non,Oui,Non,Non,Non,moins,NA,plus,moins,NA,plus,NA,NA,NA,NA,moins,NA,NA,NA,Oui,Non,Non,Oui,Non,Oui,Non,Non,Oui,Non,Non,Non,Non,Non,Non,Jamais,Jamais,Jamais,Jamais,Non,Non,Non,Non,Oui,Non,Non,Non,Non,Non,Non,Non,Non,Non,Non,Non,Non,Non,Non,Oui,non,non,oui,non,non,Non,Jamais,Non,Non,Non,Non,Oui,Non,Oui,Non,Oui,Non,Non,Non,Non,Non,Non,Non,Non,2a5,Oui,Non,Non,Non,Non,Non,Non,Non,Non,Non,Non,Windows,Non,Non,Non,Non,Oui,Non,Non,Non,Non,Non,Oui,Oui,Oui,Non,Non,Non,Non,Non,Non,Non,Non,Non,Non,Non,Non,Non,Non,Non,Oui,Oui,Non,Non,Non,Non,Non,Non,Oui,Non,Non,Oui,Jamais,NA,Non,Non,Non,Non,Non,Non,Non,Oui,Non,Non,Oui,Non,Oui,Non,Non,Non,Non,Oui,Non,Non,Non,Non,Non,Non,Plus de dix ans,école,Oui,Non,Non,Non,Non,autre,Non,Non,Oui,Non,Non,Non,Non,Non,Non,LSH,0.6,psychologie,Un homme
513,Non,Non,Oui,Non,Oui,Oui,Oui,Non,Oui,Non,Non,Oui,Oui,Non,Non,Non,Oui,Non,Non,Oui,Non,Non,Non,Oui,Oui,Non,Non,Non,Peu,Non,Oui,Oui,Oui,Non,Non,Oui,plus,moins,moins,plus,plus,plus,NA,NA,moins,moins,plus,NA,moins,moins,Oui,Oui,Non,Non,Non,Oui,Oui,Oui,Oui,Non,Non,Non,Oui,Oui,Non,Parfois,Jamais,Jamais,Jamais,Non,Non,Non,Non,Oui,Non,Non,Non,Non,Non,Non,Non,Non,Non,Non,Non,Non,Non,Non,Oui,oui,non,oui,oui,oui,Oui,Jamais,Non,Oui,Oui,Non,Oui,Oui,Non,Oui,Oui,Non,Non,Non,Non,Non,Non,Non,Non,seule,NA,NA,NA,NA,NA,NA,NA,NA,NA,NA,NA,Windows,Oui,Non,Non,Non,Oui,Non,Non,Non,Non,Non,Oui,Non,Non,Non,Non,Non,Non,Non,Non,Non,Non,Non,Non,Non,Non,Non,Non,Non,Non,Oui,Non,Non,Non,Non,Non,Non,Non,Non,Oui,Non,NA,NA,Non,Oui,Non,Oui,Oui,Oui,Oui,Non,Non,Non,Non,Oui,Oui,Oui,Oui,Non,Oui,Non,Oui,Non,Oui,Oui,Oui,Non,Plus de dix ans,autre,Non,Non,Oui,Non,Non,fonct,Non,Non,Oui,Non,Non,Non,Non,Non,Non,LSH,0.6,psychologie,Une femme
708,Non,Non,Oui,Non,Oui,Oui,Non,Non,Non,Non,Non,Non,Non,Non,Oui,Non,Oui,Oui,Non,Non,Non,Non,Non,Oui,Non,Non,Non,Non,Tout à fait,Non,Oui,Oui,Non,Oui,Non,Non,moins,NA,moins,moins,moins,moins,NA,moins,NA,moins,moins,NA,NA,NA,Oui,Non,Non,Non,Non,Oui,Non,Non,Oui,Non,Oui,Oui,Non,Oui,Non,Parfois,Souvent,Souvent,Souvent,Oui,Non,Non,Non,Non,Non,Non,Non,Non,Non,Non,Non,Non,Non,Non,Non,Non,Non,Oui,Non,oui,oui,oui,non,non,Oui,Parfois,Non,Oui,Oui,Non,Oui,Non,Non,Non,Non,Non,Oui,Non,Non,Non,Non,Non,Non,2a5,Oui,Non,Non,Non,Non,Non,Non,Non,Non,Non,Non,MacOS,Oui,Non,Non,Non,Oui,Non,Non,Oui,Non,Non,Oui,Oui,Non,Non,Oui,Non,Non,Non,Non,Oui,Non,Oui,Non,Non,Non,Oui,Non,Non,Oui,Oui,Non,Non,Non,Oui,Oui,Non,Non,Oui,Non,Oui,Jamais,NA,Oui,Non,Non,Non,Non,Non,Non,Non,Oui,Oui,Oui,Oui,Oui,Non,Oui,Non,Oui,Non,Oui,Non,Oui,Non,Non,Non,Moins de cinq ans,Université,Non,Oui,Non,Non,Non,CDD,Non,Non,Oui,Non,Non,Non,Non,Non,Non,LSH,0.6,psychologie,Un homme
1100,Non,Non,Oui,Non,Oui,Oui,Non,Non,Non,Non,Non,Non,Non,Oui,Non,Non,Oui,Non,Non,Oui,Non,Non,Non,Non,Oui,Non,Non,Non,Tout à fait,Oui,Non,Oui,Non,Oui,Non,Oui,moins,moins,plus,moins,moins,moins,moins,moins,moins,moins,moins,moins,moins,moins,Oui,Non,Non,Non,Non,Oui,Non,Non,Oui,Non,Non,Non,Non,Non,Non,Souvent,Jamais,Jamais,Jamais,Non,Non,Non,Non,Oui,Non,Oui,Oui,Non,Non,Non,Non,Non,Non,Non,Non,Non,Non,Non,Non,oui,non,non,oui,oui,Oui,Jamais,Non,Oui,Non,Oui,Oui,Non,Oui,Oui,Non,Non,Non,Non,Non,Non,Non,Non,Non,2a5,Oui,Oui,Non,Non,Non,Non,Non,Non,Non,Non,Non,Windows,Oui,Non,Non,Non,Oui,Non,Non,Non,Non,Non,Non,Oui,Non,Non,Non,Non,Non,Non,Non,Non,Non,Oui,Non,Non,Non,Non,Non,Non,Non,Oui,Non,Non,Non,Oui,Oui,Non,Non,Non,Non,Non,NA,NA,Non,Non,Oui,Non,Oui,Non,Non,Non,Non,Non,Oui,Non,Oui,Non,Oui,Non,Non,Oui,Oui,Oui,Non,Oui,Oui,Non,Moins de cinq ans,Université,Non,Oui,Non,Non,Non,doct,Non,Non,Oui,Non,Non,Non,Non,Non,Non,LSH,0.6,psychologie,Une femme
254,Non,Non,Oui,Non,Non,Oui,Non,Non,Non,Non,Oui,Non,Non,Non,Oui,Non,Non,Non,Non,Oui,Non,Non,Oui,Non,Non,Non,Non,Oui,Peu,Oui,Non,Non,Non,Oui,Non,Oui,moins,moins,moins,moins,moins,plus,moins,moins,moins,moins,moins,moins,moins,moins,Oui,Non,Non,Non,Non,Oui,Oui,Oui,Oui,Oui,Non,Non,Oui,Oui,Non,Parfois,Jamais,Jamais,Jamais,Oui,Oui,Oui,Oui,Non,Non,Oui,Oui,Non,Oui,Non,Oui,Non,Non,Oui,Non,Non,Oui,Non,Non,non,non,oui,non,oui,Oui,Jamais,Oui,Oui,Oui,Oui,Oui,Oui,Non,Non,Oui,Oui,Oui,Non,Non,Non,Non,Non,Non,2a5,Oui,Oui,Oui,Non,Non,Non,Non,Non,Non,Non,Non,Windows,Oui,Non,Non,Non,Non,Non,Non,Non,Non,Non,Non,Non,Non,Non,Non,Non,Non,Non,Non,Non,Oui,Non,Non,Non,Non,Oui,Oui,Non,Oui,Non,Non,Non,Non,Oui,Oui,Oui,Non,Non,Non,Non,NA,NA,Oui,Oui,Non,Non,Non,Non,Non,Non,Oui,Oui,Non,Oui,Non,Oui,Non,Non,Oui,Oui,Oui,Oui,Oui,Oui,Oui,Non,Cinq à dix ans,Université,Non,Oui,Non,Non,Non,CDD,Non,Non,Oui,Non,Non,Non,Non,Non,Non,LSH,0.6,sociologie,Une femme
335,Non,Non,Oui,Oui,Non,Oui,Oui,Oui,Non,Oui,Oui,Non,Non,Non,Oui,Non,Oui,Non,Non,Oui,Non,Non,Oui,Non,Oui,Non,Non,Non,Assez,Oui,Oui,Non,Oui,Oui,Non,Oui,plus,NA,moins,moins,moins,moins,NA,NA,NA,moins,moins,NA,NA,moins,Oui,Non,Non,Non,Non,Oui,Oui,Non,Oui,Non,Non,Non,Non,Oui,Oui,Jamais,Jamais,Jamais,Jamais,Non,Non,Non,Non,Non,Oui,Non,Non,Non,Non,Non,Non,Non,Non,Non,Non,Non,Non,Non,Oui,non,non,non,non,non,Non applicable,Parfois,Oui,Non,Non,Non,Non,Non,Oui,Non,Oui,Non,Non,Non,Non,Oui,Non,Non,Non,seule,NA,NA,NA,NA,NA,NA,NA,NA,NA,NA,NA,Windows,Non,Non,Non,Non,Non,Non,Non,Non,Non,Oui,Non,Non,Non,Non,Non,Non,Non,Non,Non,Non,Oui,Non,Non,Non,Non,Non,Non,Non,Non,Non,Oui,Non,Non,Non,Non,Non,Non,Non,Oui,Non applicable,NA,NA,Non,Non,Non,Non,Non,Non,Non,Oui,Non,Non,Non,Non,Non,Non,Non,Oui,Non,Non,Non,Non,Non,Non,Non,Oui,Cinq à dix ans,Université,Non,Oui,Non,Non,Non,CDD,Non,Non,Oui,Non,Non,Non,Non,Non,Non,LSH,0.6,sociologie,Une femme
104,Non,Non,Oui,Oui,Oui,Oui,Oui,Non,Non,Non,Oui,Non,Oui,Non,Oui,Non,Oui,Oui,Non,Non,Non,Non,Oui,Oui,Oui,Non,Non,Non,Assez,Non,Non,Non,Oui,Non,Non,Oui,moins,NA,NA,moins,NA,plus,NA,moins,NA,moins,moins,moins,NA,NA,Non,Non,Oui,Non,Oui,Non,Non,Non,Oui,Non,Non,Non,Non,Oui,Non,Toujours,NA,NA,NA,Non,Non,Non,Non,Oui,Non,Oui,Oui,Non,Non,Non,Non,Non,Non,Oui,Non,Non,Non,Non,Non,non,oui,oui,oui,non,Non,Souvent,Oui,Non,Oui,Non,Oui,Non,Oui,Oui,Oui,Non,Non,Non,Non,Non,Non,Oui,Non,2a5,Oui,Non,Non,Non,Non,Non,Non,Non,Non,Non,Non,Windows,Oui,Non,Non,Non,Oui,Non,Non,Non,Non,Non,Non,Non,Non,Non,Non,Non,Oui,Non,Non,Non,Non,Oui,Non,Non,Oui,Non,Oui,Non,Oui,Non,Non,Non,Non,Oui,Non,Non,Non,Non,Non,Oui,Parfois,nini,Oui,Non,Non,Oui,Non,Non,Non,Non,Non,Oui,Oui,Non,Non,Non,Non,Non,Oui,Non,Oui,Non,Non,Non,Non,Non,Plus de dix ans,autre,Oui,Non,Non,Non,Non,fonct,Non,Non,Oui,Non,Non,Non,Non,Non,Non,LSH,0.6,sociologie,Une femme
275,Non,Non,Oui,Oui,Non,Oui,Non,Non,Non,Oui,Non,Non,Oui,Oui,Non,Non,Non,Non,Non,Non,Non,Non,Oui,Non,Oui,Non,Non,Non,Peu,Non,Oui,Non,Oui,Non,Non,Oui,moins,moins,moins,moins,moins,moins,moins,moins,moins,moins,moins,moins,moins,moins,Oui,Non,Oui,Non,Non,Non,Non,Oui,Oui,Non,Non,Non,Non,Non,Non,Parfois,Jamais,Jamais,Jamais,Non,Non,Oui,Non,Non,Non,Oui,Non,Non,Non,Non,Non,Non,Non,Non,Non,Non,Non,Non,Non,non,oui,non,non,non,Je ne sais pas,Parfois,Oui,Non,Oui,Non,Non,Non,Oui,Non,Oui,Non,Non,Non,Non,Oui,Non,Non,Non,seule,NA,NA,NA,NA,NA,NA,NA,NA,NA,NA,NA,Windows,Oui,Non,Non,Oui,Oui,Non,Non,Non,Non,Non,Oui,Non,Non,Non,Oui,Non,Non,Non,Oui,Non,Non,Non,Non,Non,Non,Oui,Non,Non,Oui,Non,Non,Non,Non,Oui,Oui,Non,Non,Non,Oui,Oui,Parfois,nini,Oui,Non,Non,Oui,Non,Oui,Non,Non,Oui,Oui,Oui,Oui,Oui,Non,Oui,Non,Oui,Non,Oui,Non,Oui,Non,Non,Non,Moins de cinq ans,NA,Non,Oui,Non,Non,Non,autre,Non,Non,Oui,Non,Non,Non,Non,Non,Non,LSH,0.6,sociologie,Un homme
244,Non,Non,Oui,Oui,Oui,Oui,Non,Non,Non,Non,Oui,Oui,Oui,Oui,Oui,Non,Oui,Oui,Non,Oui,Non,Non,Oui,Oui,Oui,Non,Oui,Non,Tout à fait,Non,Oui,Oui,Non,Oui,Non,Oui,moins,NA,NA,moins,moins,moins,moins,moins,moins,NA,moins,moins,NA,NA,Non,Non,Oui,Oui,Oui,Non,Oui,Oui,Oui,Oui,Non,Non,Non,Non,Oui,Souvent,Souvent,Souvent,Souvent,Oui,Non,Oui,Non,Non,Non,Non,Non,Oui,Non,Non,Oui,Non,Non,Non,Non,Non,Oui,Non,Non,oui,oui,non,oui,non,Oui,Souvent,Non,Oui,Oui,Oui,Oui,Non,Oui,Non,Non,Non,Non,Non,Non,Oui,Oui,Non,Non,2a5,Oui,Non,Non,Non,Non,Non,Non,Non,Non,Non,Non,MacOS,Oui,Non,Non,Non,Oui,Non,Non,Oui,Non,Non,Oui,Oui,Non,Non,Oui,Non,Oui,Non,Non,Non,Non,Non,Non,Non,Non,Non,Non,Non,Oui,Non,Non,Non,Non,Oui,Oui,Oui,Non,Non,Non,Oui,Jamais,NA,Non,Oui,Non,Non,Non,Oui,Oui,Non,Non,Oui,Oui,Oui,Oui,Oui,Oui,Non,Oui,Non,Oui,Non,Oui,Non,Non,Non,Moins de cinq ans,autre,Non,Oui,Non,Non,Non,doct,Non,Non,Oui,Non,Non,Non,Non,Non,Non,LSH,0.6,sociologie,Un homme
113,Non,Non,Oui,Non,Oui,Oui,Non,Non,Non,Oui,Non,Oui,Oui,Oui,Oui,Non,Oui,Oui,Non,Non,Non,Non,Non,Non,Non,Non,Non,Non,Assez,Non,Non,Non,Oui,Oui,Non,Oui,moins,NA,moins,moins,moins,moins,moins,moins,moins,NA,NA,NA,NA,NA,Oui,Non,Oui,Oui,Oui,Non,Non,Non,Oui,Oui,Non,Oui,Non,Oui,Oui,Non applicable,Non applicable,Non applicable,Non applicable,Non,Oui,Non,Non,Non,Non,Non,Oui,Oui,Non,Non,Non,Non,Non,Non,Non,Non,Non,Non,Non,non,non,non,oui,non,Oui,Parfois,Non,Non,Oui,Non,Oui,Non,Oui,Oui,Non,Non,Non,Non,Non,Oui,Non,Non,Non,seule,NA,NA,NA,NA,NA,NA,NA,NA,NA,NA,NA,Windows,Oui,Non,Non,Oui,Non,Non,Non,Oui,Non,Non,Non,Non,Non,Non,Non,Non,Non,Non,Non,Non,Non,Oui,Oui,Oui,Oui,Oui,Oui,Oui,Oui,Oui,Non,Oui,Oui,Oui,Non,Non,Non,Non,Non,Non,NA,NA,Oui,Oui,Non,Oui,Oui,Non,Non,Non,Oui,Non,Oui,Non,Oui,Non,Non,Non,Oui,Oui,Non,Oui,Non,Non,Non,Non,Moins de cinq ans,autre,Non,Oui,Non,Non,Non,doct,Non,Non,Oui,Non,Non,Non,Non,Non,Non,LSH,0.6,sociologie,Un homme
253,Non,Non,Oui,Non,Oui,Oui,Non,Non,Non,Oui,Oui,Non,Oui,Non,Oui,Non,Oui,Oui,Non,Non,Non,Non,Non,Oui,Non,Non,Non,Non,Assez,Oui,Oui,Oui,Oui,Oui,Non,Oui,plus,moins,moins,moins,moins,plus,moins,moins,moins,moins,moins,moins,moins,moins,Oui,Non,Non,Oui,Non,Oui,Non,Non,Oui,Non,Non,Non,Oui,Oui,Oui,Jamais,Jamais,Jamais,Jamais,Non,Non,Non,Non,Oui,Non,Non,Non,Non,Non,Non,Non,Non,Non,Non,Non,Non,Non,Non,Oui,oui,non,non,non,non,Je ne sais pas,Souvent,Non,Non,Oui,Oui,Oui,Oui,Oui,Oui,Oui,Non,Oui,Non,Non,Oui,Non,Non,Non,seule,NA,NA,NA,NA,NA,NA,NA,NA,NA,NA,NA,Windows,Oui,Non,Non,Non,Non,Non,Non,Oui,Non,Non,Oui,Oui,Non,Non,Non,Non,Oui,Non,Non,Non,Non,Oui,Non,Non,Oui,Non,Oui,Oui,Oui,Non,Non,Non,Non,Oui,Oui,Non,Non,Non,Non,Non,NA,NA,Oui,Oui,Non,Oui,Oui,Non,Non,Non,Oui,Oui,Oui,Non,Oui,Oui,Non,Non,Oui,Non,Oui,Non,Non,Oui,Non,Non,Moins de cinq ans,NA,Non,Oui,Non,Non,Non,CDD,Non,Non,Oui,Non,Non,Non,Non,Non,Non,LSH,0.6,sociologie,Un homme
276,Non,Non,Non,Non,Oui,Oui,Oui,Non,Non,Oui,Oui,Non,Oui,Oui,Oui,Non,Oui,Oui,Non,Oui,Non,Oui,Oui,Oui,Oui,Non,Non,Oui,Assez,Oui,Non,Non,Oui,Oui,Non,Non,moins,NA,NA,moins,moins,plus,moins,moins,moins,moins,moins,moins,moins,moins,Oui,Non,Oui,Non,Oui,Non,Oui,Non,Oui,Non,Non,Oui,Oui,Oui,Non,Toujours,Toujours,Parfois,Souvent,Non,Non,Non,Non,Oui,Non,Non,Oui,Non,Oui,Non,Non,Oui,Non,Oui,Non,Non,Non,Non,Non,oui,oui,non,non,non,Oui,Jamais,Non,Oui,Oui,Non,Oui,Oui,Non,Oui,Oui,Non,Oui,Non,Non,Non,Non,Non,Non,2a5,Oui,Non,Oui,Non,Non,Non,Non,Non,Non,Non,Non,Windows,Oui,Non,Non,Non,Non,Non,Non,Oui,Non,Non,Non,Oui,Non,Non,Non,Non,Oui,Non,Non,Non,Non,Oui,Non,Non,Non,Oui,Non,Non,Oui,Non,Non,Non,Non,Oui,Oui,Oui,Non,Non,Non,Oui,Parfois,insatisfait,Non,Non,Oui,Non,Non,Oui,Oui,Non,Non,Oui,Non,Oui,Non,Non,Oui,Non,Oui,Non,Oui,Non,Non,Non,Non,Non,Cinq à dix ans,Université,Non,Oui,Non,Non,Non,CDD,Non,Non,Oui,Non,Non,Non,Non,Non,Non,LSH,0.6,sociologie,Un homme
486,Oui,Non,Oui,Oui,Oui,Oui,Oui,Oui,Oui,Oui,Oui,Oui,Oui,Oui,Oui,Oui,Oui,Oui,Non,Oui,Oui,Oui,Oui,Non,Oui,Oui,Non,Non,Assez,Non,Non,Non,Non,Non,Non,Oui,plus,NA,plus,plus,plus,plus,moins,moins,moins,moins,moins,moins,moins,moins,Oui,Oui,Oui,Oui,Non,Non,Oui,Oui,Oui,Oui,Non,Oui,Oui,Oui,Non,Souvent,Souvent,Jamais,Jamais,Non,Non,Non,Non,Oui,Non,Oui,Oui,Non,Oui,Non,Non,Non,Non,Non,Non,Non,Non,Non,Non,oui,oui,oui,non,non,Oui,Parfois,Non,Oui,Oui,Oui,Oui,Non,Oui,Oui,Oui,Oui,Non,Non,Non,Non,Non,Non,Non,2a5,Oui,Oui,Oui,Non,Non,Non,Non,Non,Non,Non,Non,Windows,Oui,Non,Non,Oui,Oui,Oui,Non,Oui,Non,Non,Oui,Oui,Oui,Non,Non,Non,Oui,Non,Non,Non,Non,Non,Non,Non,Non,Non,Non,Non,Oui,Non,Non,Non,Non,Oui,Oui,Oui,Non,Non,Non,Oui,Parfois,plutotsat,Non,Non,Oui,Non,Non,Non,Non,Non,Non,Non,Non,Oui,Oui,Non,Non,Non,Non,Non,Non,Oui,Non,Non,Non,Non,Cinq à dix ans,Université,Oui,Non,Non,Non,Non,CDI,Non,Non,Oui,Non,Non,Non,Non,Non,Non,LSH,0.6,sociologie,Un homme
801,Non,Non,Oui,Oui,Non,Oui,Oui,Non,Non,Oui,Oui,Non,Oui,Non,Oui,Non,Non,Non,Non,Oui,Non,Non,Oui,Non,Oui,Non,Non,Non,Peu,Oui,Non,Non,Oui,Non,Non,Oui,moins,NA,moins,NA,NA,moins,NA,NA,NA,moins,NA,moins,NA,moins,Oui,Non,Non,Non,Oui,Oui,Non,Non,Oui,Non,Non,Non,Non,Oui,Oui,Souvent,Jamais,Jamais,Jamais,Non,Non,Non,Non,Oui,Non,Non,Non,Oui,Non,Non,Non,Non,Oui,Non,Non,Non,Non,Non,Non,oui,non,oui,oui,non,Je ne sais pas,Souvent,Oui,Oui,Non,Non,Oui,Oui,Oui,Oui,Non,Non,Oui,Non,Non,Oui,Non,Non,Non,6a10,Oui,Oui,Non,Non,Non,Non,Non,Non,Non,Non,Non,MacOS,Oui,Non,Non,Non,Non,Non,Non,Non,Oui,Non,NA,NA,NA,NA,NA,NA,NA,NA,NA,NA,NA,NA,NA,NA,NA,NA,NA,NA,NA,NA,NA,Non,Non,Oui,Oui,Non,Oui,Non,Non,Oui,Parfois,tressat,Non,Non,Non,Non,Non,Non,Non,Oui,Non,Oui,Oui,Non,Non,Non,Oui,Non,Non,Non,Oui,Non,Non,Non,Non,Non,Plus de dix ans,autre,Oui,Non,Non,Non,Non,fonct,Non,Non,Oui,Non,Non,Non,Non,Non,Non,LSH,0.6,sociologie,Un homme
240,Non,Non,Oui,Non,Oui,Oui,Oui,Non,Non,Oui,Oui,Oui,Oui,Oui,Oui,Non,Oui,Oui,Non,Oui,Non,Non,Oui,Non,Oui,Non,Non,Non,Tout à fait,Oui,Non,Oui,Oui,Non,Non,Oui,moins,NA,NA,moins,moins,moins,NA,moins,moins,moins,moins,NA,moins,moins,Oui,Non,Oui,Oui,Oui,Oui,Oui,Oui,Oui,Oui,Non,Oui,Oui,Oui,Oui,Parfois,Jamais,Jamais,Jamais,Non,Non,Non,Non,Oui,Non,Non,Non,Oui,Non,Non,Non,Non,Non,Non,Non,Non,Non,Non,Non,non,oui,non,oui,non,Non,Souvent,Non,Oui,Oui,Oui,Oui,Oui,Oui,Oui,Oui,Non,Non,Non,Non,Non,Non,Non,Non,seule,NA,NA,NA,NA,NA,NA,NA,NA,NA,NA,NA,Windows,Oui,Non,Non,Non,Oui,Non,Non,Oui,Non,Non,Non,Oui,Non,Non,Non,Non,Oui,Non,Non,Non,Non,Non,Non,Non,Non,Non,Oui,Non,Oui,Oui,Non,Non,Non,Oui,Oui,Non,Non,Non,Non,Oui,Parfois,plutotsat,Oui,Oui,Non,Oui,Non,Non,Non,Non,Non,Oui,Non,Non,Non,Non,Non,Non,Non,Non,Non,Oui,Oui,Non,Non,Non,Plus de dix ans,autre,Oui,Non,Non,Non,Non,fonct,Non,Non,Oui,Non,Non,Non,Non,Non,Non,LSH,0.6,sociologie,Un homme
149,Non,Non,Oui,Oui,Oui,Oui,Non,Non,Non,Oui,Non,Non,Non,Oui,Oui,Non,Oui,Oui,Non,Oui,Non,Non,Oui,Oui,Non,Non,Non,Non,Assez,Oui,Non,Oui,Non,Non,Non,Non,moins,NA,NA,moins,NA,moins,NA,moins,NA,moins,moins,NA,NA,NA,Oui,Non,Oui,Oui,Non,Non,Non,Non,Oui,Non,Non,Oui,Non,Non,Non,Parfois,Jamais,Parfois,Parfois,Non,Non,Non,Non,Oui,Non,Non,Non,Oui,Oui,Non,Non,Non,Oui,Non,Non,Non,Oui,Non,Non,oui,non,non,non,non,Non,Parfois,Non,Oui,Oui,Non,Non,Non,Non,Oui,Oui,Non,Non,Non,Non,Non,Non,Non,Non,2a5,Oui,Oui,Non,Non,Non,Non,Non,Non,Non,Non,Non,MacOS,Non,Non,Non,Non,Non,Non,Non,Oui,Non,Non,Oui,Non,Oui,Non,Non,Non,Non,Oui,Non,Non,Non,Non,Non,Oui,Oui,Non,Non,Non,Oui,Oui,Non,Non,Non,Oui,Non,Oui,Non,Non,Non,Non,NA,NA,Oui,Non,Non,Non,Non,Non,Non,Non,Non,Non,Non,Oui,Non,Non,Non,Non,Oui,Non,Non,Non,Non,Non,Oui,Non,Plus de dix ans,CNRS,Oui,Non,Non,Non,Non,fonct,Non,Non,Oui,Non,Non,Non,Non,Non,Non,LSH,0.6,sociologie,Un homme
73,Non,Non,Oui,Oui,Oui,Oui,Oui,Non,Non,Oui,Oui,Non,Oui,Oui,Oui,Non,Non,Non,Non,Non,Non,Non,Oui,Non,Oui,Non,Non,Non,Tout à fait,Non,Non,Non,Oui,Non,Non,Non,moins,NA,NA,moins,moins,moins,NA,moins,moins,moins,moins,moins,NA,moins,Oui,Non,Oui,Oui,Non,Non,Oui,Non,Oui,Non,Non,Non,Oui,Non,Non,Souvent,Jamais,Jamais,Jamais,Non,Non,Non,Non,Oui,Non,Non,Non,Non,Oui,Oui,Non,Non,Non,Non,Non,Non,Non,Non,Non,non,non,non,oui,oui,Non,Parfois,Non,Oui,Non,Non,Oui,Non,Non,Non,Non,Non,Oui,Non,Non,Non,Non,Non,Non,seule,NA,NA,NA,NA,NA,NA,NA,NA,NA,NA,NA,Windows,Oui,Non,Non,Non,Oui,Non,Non,Non,Non,Non,Non,Non,Non,Non,Non,Non,Oui,Non,Non,Non,Non,Non,Non,Non,Non,Non,Non,Non,Oui,Non,Non,Non,Oui,Oui,Oui,Non,Non,Non,Non,Non,NA,NA,Oui,Oui,Oui,Non,Non,Non,Non,Non,Non,Oui,Non,Oui,Non,Non,Non,Non,Non,Non,Oui,Non,Non,Non,Non,Non,Plus de dix ans,CNRS,Oui,Non,Non,Non,Non,fonct,Non,Non,Oui,Non,Non,Non,Non,Non,Non,LSH,0.6,sociologie,Un homme
601,Non,Non,Oui,Oui,Non,Oui,Non,Non,Non,Oui,Oui,Non,Non,Non,Non,Non,Non,Non,Non,Non,Non,Non,Oui,Non,Oui,Non,Non,Non,Assez,Oui,Non,Non,Oui,Non,Non,Oui,moins,moins,moins,moins,moins,moins,moins,moins,moins,moins,moins,moins,moins,moins,Oui,Non,Non,Non,Non,Oui,Oui,Oui,Oui,Non,Non,Non,Non,Oui,Non,Parfois,Jamais,Jamais,Jamais,Non,Non,Non,Non,Oui,Non,Non,Non,Oui,Non,Non,Non,Non,Non,Non,Non,Non,Non,Non,Non,oui,oui,oui,non,non,Je ne sais pas,Jamais,Non,Non,Non,Non,Non,Oui,Oui,Oui,Non,Non,Non,Non,Non,Non,Non,Non,Non,6a10,Oui,Oui,Oui,Non,Non,Non,Non,Non,Non,Non,Non,Windows,Non,Non,Non,Non,Non,Non,Non,Non,Non,Oui,Non,Non,Non,Non,Non,Non,Non,Non,Non,Non,Oui,Non,Non,Non,Non,Non,Non,Non,Non,Non,Oui,Non,Non,Oui,Non,Non,Non,Oui,Non,Non,NA,NA,Non,Non,Non,Non,Non,Non,Non,Oui,Non,Non,Non,Non,Non,Non,Non,Oui,Oui,Non,Oui,Non,Non,Non,Non,Non,Plus de dix ans,CNRS,Oui,Non,Non,Non,Non,fonct,Non,Non,Oui,Non,Non,Non,Non,Non,Non,LSH,0.6,sociologie,Un homme
475,Non,Non,Oui,Oui,Oui,Oui,Oui,Non,Non,Oui,Oui,Non,Oui,Non,Non,Non,Non,Non,Non,Non,Non,Non,Oui,Non,Oui,Non,Non,Non,Assez,Non,Non,Oui,Non,Non,Non,Non,plus,moins,moins,moins,moins,moins,moins,moins,moins,moins,moins,moins,NA,NA,Oui,Non,Non,Non,Non,Non,Non,Non,Oui,Non,Non,Oui,Non,Non,Non,Parfois,Jamais,Jamais,Jamais,Non,Non,Non,Non,Oui,Non,Oui,Non,Non,Non,Non,Non,Non,Non,Non,Non,Non,Non,Non,Non,non,non,non,non,non,Oui,Parfois,Oui,Non,Non,Non,Non,Non,Non,Oui,Non,Non,Non,Non,Non,Non,Non,Non,Non,2a5,Oui,Oui,Non,Non,Non,Non,Non,Non,Non,Non,Non,LinuxUnix,Oui,Non,Non,Non,Oui,Non,Non,Oui,Non,Non,Oui,Oui,Non,Non,Non,Non,Non,Non,Non,Non,Non,Oui,Non,Non,Non,Non,Non,Oui,Non,Non,Non,Non,Non,Oui,Non,Non,Non,Non,Non,Oui,Parfois,tressat,Oui,Oui,Non,Non,Non,Oui,Non,Non,Non,Non,Non,Non,Oui,Non,Non,Non,Non,Non,Non,Non,Non,Non,Non,Non,Plus de dix ans,CNRS,Oui,Non,Non,Non,Non,fonct,Non,Non,Oui,Non,Non,Non,Non,Non,Non,LSH,0.6,sociologie,Un homme
210,Non,Non,Oui,Oui,Oui,Oui,Oui,Non,Non,Oui,Oui,Non,Oui,Oui,Oui,Non,Non,Non,Non,Oui,Non,Non,Oui,Oui,Oui,Oui,Oui,Non,Tout à fait,Oui,Non,Non,Oui,Non,Non,Oui,moins,NA,moins,moins,moins,moins,NA,moins,moins,moins,moins,moins,moins,NA,Oui,Non,Oui,Non,Oui,Non,Oui,Oui,Oui,Oui,Non,Oui,Non,Oui,Oui,Souvent,Parfois,Jamais,Jamais,Oui,Non,Non,Non,Non,Non,Non,Oui,Non,Oui,Non,Oui,Non,Oui,Non,Non,Non,Non,Non,Non,non,oui,oui,non,non,Oui,Souvent,Oui,Oui,Oui,Oui,Oui,Oui,Oui,Oui,Oui,Non,Non,Non,Oui,Non,Non,Non,Non,2a5,Oui,Oui,Non,Non,Non,Non,Non,Non,Non,Non,Non,LinuxUnix,Oui,Non,Non,Oui,Non,Non,Non,Oui,Oui,Non,NA,NA,NA,NA,NA,NA,NA,NA,NA,NA,NA,NA,NA,NA,NA,NA,NA,NA,NA,NA,NA,Non,Oui,Oui,Non,Non,Non,Non,Non,Oui,Parfois,tressat,Non,Oui,Non,Non,Non,Non,Non,Non,Non,Non,Non,Oui,Oui,Non,Oui,Non,Oui,Non,Oui,Oui,Oui,Non,Non,Non,Plus de dix ans,CNRS,Oui,Non,Non,Non,Non,fonct,Non,Non,Oui,Non,Non,Non,Non,Non,Non,LSH,0.6,sociologie,Un homme
72,Non,Non,Oui,Oui,Oui,Oui,Oui,Non,Non,Oui,Oui,Non,Oui,Non,Oui,Non,Oui,Oui,Non,Oui,Non,Non,Non,Oui,Oui,Non,Non,Non,Tout à fait,Oui,Oui,Non,Non,Oui,Non,Oui,NA,NA,NA,NA,NA,NA,NA,NA,NA,NA,NA,NA,NA,NA,Oui,Non,Oui,Oui,Oui,Oui,Oui,Oui,Oui,Non,Non,Non,Non,Oui,Oui,Souvent,Parfois,Jamais,Non applicable,Non,Non,Non,Non,Oui,Non,Oui,Non,Non,Oui,Non,Non,Non,Non,Non,Non,Non,Non,Non,Non,oui,oui,non,non,non,Oui,Parfois,Non,Oui,Oui,Oui,Non,Oui,Oui,Oui,Non,Non,Non,Non,Non,Oui,Non,Non,Non,seule,NA,NA,NA,NA,NA,NA,NA,NA,NA,NA,NA,Windows,Oui,Non,Non,Non,Oui,Oui,Non,Oui,Non,Non,Non,Oui,Oui,Non,Non,Non,Non,Non,Oui,Non,Non,Oui,Non,Non,Oui,Non,Non,Non,Oui,Oui,Non,Non,Non,Oui,Oui,Non,Non,Non,Non,Oui,Parfois,tressat,Oui,Non,Non,Oui,Non,Oui,Non,Non,Non,Non,Non,Oui,Oui,Non,Oui,Non,Oui,Oui,Oui,Oui,Non,Non,Non,Non,Plus de dix ans,CNRS,Oui,Non,Non,Non,Non,fonct,Non,Non,Oui,Non,Non,Non,Non,Non,Non,LSH,0.6,sociologie,Un homme
110,Non,Non,Oui,Oui,Oui,Oui,Oui,Non,Non,Oui,Oui,Non,Oui,Oui,Oui,Non,Oui,Oui,Non,Non,Non,Non,Oui,Oui,Oui,Non,Oui,Non,Assez,Oui,Oui,Non,Oui,Non,Non,Oui,plus,moins,moins,moins,moins,moins,moins,moins,moins,moins,moins,moins,moins,moins,Oui,Non,Oui,Oui,Non,Oui,Oui,Oui,Oui,Oui,Oui,Oui,Oui,Oui,Oui,Souvent,Jamais,Jamais,Jamais,Non,Non,Non,Non,Oui,Non,Non,Non,Non,Non,Non,Non,Non,Non,Non,Non,Non,Non,Non,Oui,non,oui,non,oui,non,Oui,Parfois,Non,Oui,Oui,Oui,Oui,Oui,Oui,Non,Oui,Non,Non,Non,Non,Non,Non,Non,Non,seule,NA,NA,NA,NA,NA,NA,NA,NA,NA,NA,NA,MacOS,Oui,Non,Non,Non,Non,Non,Non,Oui,Non,Non,Oui,Non,Non,Non,Non,Non,Oui,Non,Non,Non,Non,Non,Non,Non,Non,Oui,Non,Oui,Oui,Oui,Non,Non,Non,Oui,Non,Non,Non,Non,Non,Non,NA,NA,Non,Non,Oui,Oui,Non,Oui,Non,Non,Oui,Oui,Oui,Oui,Oui,Oui,Oui,Non,Oui,Oui,Oui,Oui,Non,Non,Non,Non,Cinq à dix ans,école,Non,Oui,Non,Non,Non,fonct,Non,Non,Oui,Non,Non,Non,Non,Non,Non,LSH,0.6,sociologie,Un homme
441,Non,Non,Oui,Oui,Non,Oui,Oui,Non,Non,Oui,Oui,Non,Oui,Non,Non,Non,Non,Non,Non,Non,Non,Non,Oui,Non,Oui,Non,Non,Non,Assez,Oui,Non,Non,Oui,Non,Non,Non,moins,moins,moins,NA,NA,NA,NA,NA,moins,moins,NA,moins,NA,NA,Oui,Non,Non,Oui,Non,Non,Oui,Oui,Oui,Non,Non,Non,Non,Oui,Non,Parfois,Jamais,Jamais,Jamais,Oui,Non,Non,Non,Non,Non,Non,Non,Non,Non,Non,Oui,Non,Non,Non,Non,Non,Non,Non,Non,non,oui,non,oui,non,Non,Jamais,Non,Non,Non,Non,Oui,Non,Non,Oui,Oui,Non,Non,Non,Non,Oui,Non,Non,Non,2a5,Oui,Non,Non,Non,Non,Non,Non,Non,Non,Non,Non,MacOS,Oui,Non,Non,Non,Non,Non,Non,Non,Non,Non,Oui,Non,Non,Non,Non,Non,Non,Non,Non,Non,Non,Non,Non,Non,Non,Non,Non,Non,Non,Non,Non,Non,Non,Oui,Oui,Non,Non,Non,Non,Non,NA,NA,Non,Non,Non,Non,Non,Non,Non,Oui,Non,Non,Non,Non,Non,Non,Oui,Non,Non,Non,Non,Non,Non,Non,Oui,Non,Plus de dix ans,école,Oui,Non,Non,Non,Non,fonct,Non,Non,Oui,Non,Non,Non,Non,Non,Non,LSH,0.6,sociologie,Un homme
190,Non,Non,Oui,Non,Non,Oui,Oui,Non,Non,Oui,Oui,Non,Non,Non,Non,Non,Non,Non,Non,Non,Non,Non,Non,Oui,Non,Non,Non,Non,Assez,Non,Oui,Non,Oui,Non,Non,Non,moins,NA,moins,NA,NA,moins,NA,NA,NA,moins,NA,NA,NA,moins,Non,Non,Non,Non,Non,Oui,Oui,Oui,Oui,Non,Non,Non,Non,Non,Oui,Parfois,Jamais,Jamais,Jamais,Non,Non,Non,Non,Oui,Non,Oui,Oui,Non,Non,Non,Non,Non,Non,Non,Non,Non,Non,Non,Non,non,non,oui,non,oui,Oui,Parfois,Non,Non,Non,Oui,Non,Non,Non,Non,Non,Oui,Non,Non,Non,Non,Non,Non,Non,6a10,Oui,Oui,Oui,Non,Non,Non,Non,Non,Non,Non,Oui,Windows,Oui,Non,Non,Non,Non,Non,Non,Non,Non,Non,Oui,Non,Oui,Non,Non,Non,Oui,Non,Non,Non,Non,Non,Non,Non,Non,Oui,Oui,Non,Oui,Non,Non,Non,Non,Oui,Non,Non,Oui,Non,Non,Oui,Parfois,insatisfait,Non,Oui,Non,Non,Oui,Non,Oui,Non,Non,Oui,Non,Non,Non,Non,Non,Non,Non,Non,Oui,Non,Non,Non,Oui,Non,Plus de dix ans,école,Oui,Non,Non,Non,Non,fonct,Non,Non,Oui,Non,Non,Non,Non,Non,Non,LSH,0.6,sociologie,Un homme
209,Non,Non,Oui,Oui,Non,Oui,Oui,Non,Non,Oui,Oui,Non,Oui,Non,Oui,Non,Non,Non,Non,Oui,Non,Non,Non,Non,Non,Non,Non,Non,Peu,Non,Non,Oui,Non,Non,Non,Oui,plus,NA,moins,NA,NA,moins,NA,NA,NA,NA,NA,NA,NA,NA,Oui,Non,Oui,Non,Non,Oui,Non,Oui,Oui,Non,Non,Non,Non,Non,Non,Parfois,Jamais,Jamais,Jamais,Non,Non,Non,Non,Oui,Non,Non,Non,Non,Non,Non,Non,Non,Non,Oui,Non,Non,Non,Non,Non,oui,non,oui,oui,non,Non,Parfois,Non,Non,Non,Non,Oui,Non,Non,Oui,Non,Non,Oui,Non,Non,Non,Non,Non,Non,seule,NA,NA,NA,NA,NA,NA,NA,NA,NA,NA,NA,Windows,Oui,Non,Non,Non,Non,Non,Non,Oui,Non,Non,Non,Non,Non,Non,Non,Non,Oui,Oui,Oui,Non,Non,Oui,Non,Oui,Oui,Non,Oui,Non,Oui,Non,Non,Non,Non,Oui,Oui,Non,Non,Non,Oui,Oui,Parfois,plutotsat,Non,Non,Non,Non,Non,Non,Non,Oui,Non,Oui,Oui,Non,Non,Non,Non,Non,Non,Non,Oui,Non,Non,Non,Non,Non,Plus de dix ans,NA,Oui,Non,Non,Non,Non,fonct,Non,Non,Oui,Non,Non,Non,Non,Non,Non,LSH,0.6,sociologie,Un homme
399,Non,Non,Oui,Oui,Oui,Oui,Oui,Non,Non,Oui,Oui,Non,Oui,Oui,Oui,Non,Oui,Oui,Non,Oui,Non,Non,Oui,Non,Oui,Oui,Non,Non,Peu,Oui,Non,Oui,Non,Oui,Non,Oui,moins,moins,moins,moins,moins,moins,NA,moins,moins,moins,moins,NA,NA,moins,Oui,Non,Oui,Non,Oui,Non,Non,Oui,Oui,Non,Non,Oui,Oui,Oui,Oui,Parfois,Jamais,Jamais,Jamais,Non,Non,Non,Non,Oui,Non,Oui,Non,Oui,Oui,Non,Non,Non,Non,Non,Non,Non,Non,Non,Non,non,non,non,oui,non,Oui,Parfois,Non,Oui,Oui,Oui,Non,Non,Non,Oui,Oui,Non,Oui,Non,Non,Non,Non,Non,Non,seule,NA,NA,NA,NA,NA,NA,NA,NA,NA,NA,NA,Windows,Oui,Non,Non,Oui,Non,Oui,Non,Oui,Oui,Non,NA,NA,NA,NA,NA,NA,NA,NA,NA,NA,NA,NA,NA,NA,NA,NA,NA,NA,NA,NA,NA,Non,Non,Oui,Oui,Non,Non,Non,Non,Oui,Parfois,tressat,Oui,Oui,Non,Non,Non,Non,Non,Non,Non,Non,Non,Non,Non,Non,Non,Oui,Non,Non,Non,Non,Non,Non,Non,Oui,Plus de dix ans,Université,Oui,Non,Non,Non,Non,fonct,Non,Non,Oui,Non,Non,Non,Non,Non,Non,LSH,0.6,sociologie,Un homme
168,Non,Non,Oui,Oui,Oui,Oui,Oui,Oui,Non,Oui,Oui,Oui,Oui,Oui,Oui,Non,Oui,Oui,Non,Non,Non,Non,Oui,Oui,Oui,Non,Non,Non,Assez,Oui,Oui,Non,Oui,Non,Non,Non,moins,NA,moins,moins,NA,moins,NA,NA,NA,NA,NA,NA,NA,NA,Oui,Non,Oui,Non,Oui,Oui,Oui,Non,Oui,Non,Non,Oui,Non,Oui,Oui,Souvent,Jamais,Jamais,Jamais,Non,Non,Oui,Non,Non,Non,Non,Oui,Oui,Non,Non,Non,Non,Non,Non,Non,Non,Non,Non,Non,oui,oui,non,non,non,Oui,Souvent,Non,Oui,Oui,Non,Non,Oui,Non,Oui,Non,Non,Oui,Non,Non,Non,Non,Non,Non,11plus,Oui,Oui,Non,Non,Non,Non,Non,Non,Non,Non,Non,Windows,Oui,Non,Oui,Non,Oui,Non,Non,Oui,Non,Non,Oui,Oui,Oui,Non,Non,Non,Non,Non,Non,Non,Non,Oui,Oui,Non,Oui,Non,Non,Non,Oui,Non,Non,Non,Non,Oui,Non,Non,Non,Non,Non,Non,NA,NA,Oui,Oui,Non,Non,Non,Non,Non,Non,Non,Non,Non,Oui,Non,Non,Non,Non,Oui,Non,Non,Non,Oui,Non,Non,Non,Plus de dix ans,Université,Oui,Non,Non,Non,Non,fonct,Non,Non,Oui,Non,Non,Non,Non,Non,Non,LSH,0.6,sociologie,Un homme
312,Non,Non,Oui,Oui,Non,Oui,Oui,Non,Non,Oui,Oui,Non,Oui,Non,Oui,Non,Non,Non,Non,Non,Non,Non,Oui,Non,Oui,Non,Non,Non,Assez,Oui,Non,Non,Oui,Oui,Non,Non,moins,NA,moins,NA,NA,moins,NA,NA,NA,NA,NA,NA,plus,moins,Non,Non,Oui,Oui,Non,Oui,Oui,Non,Oui,Non,Non,Non,Non,Oui,Non,Parfois,Jamais,Jamais,Jamais,Non,Non,Non,Non,Oui,Non,Non,Non,Non,Non,Non,Non,Non,Oui,Oui,Non,Non,Non,Non,Non,oui,non,oui,oui,non,Je ne sais pas,Parfois,Non,Oui,Non,Non,Non,Oui,Oui,Non,Non,Non,Oui,Non,Non,Oui,Non,Non,Non,2a5,Oui,Oui,Oui,Non,Non,Non,Non,Non,Non,Non,Non,MacOS,Oui,Non,Non,Non,Non,Non,Non,Non,Non,Non,Oui,Oui,Oui,Non,Oui,Non,Non,Non,Oui,Non,Non,Oui,Non,Non,Oui,Non,Non,Non,Non,Non,Non,Non,Non,Oui,Non,Non,Non,Non,Non,Oui,Parfois,plutotsat,Non,Non,Non,Non,Non,Non,Non,Oui,Non,Oui,Oui,Oui,Non,Non,Non,Non,Oui,Non,Oui,Non,Non,Non,Oui,Non,Plus de dix ans,Université,Oui,Non,Non,Non,Non,fonct,Non,Non,Oui,Non,Non,Non,Non,Non,Non,LSH,0.6,sociologie,Un homme
534,Non,Non,Oui,Non,Oui,Oui,Non,Non,Non,Non,Non,Non,Oui,Oui,Oui,Non,Oui,Oui,Non,Oui,Non,Non,Oui,Oui,Non,Non,Non,Non,Assez,Non,Non,Oui,Non,Non,Non,Non,moins,NA,NA,moins,moins,moins,moins,moins,moins,NA,moins,moins,NA,NA,Oui,Non,Oui,Non,Oui,Non,Non,Non,Oui,Non,Non,Non,Oui,Oui,Non,Souvent,Parfois,Jamais,Jamais,Non,Non,Non,Non,Oui,Non,Oui,Oui,Non,Oui,Non,Non,Non,Non,Non,Non,Non,Non,Non,Non,oui,oui,oui,non,non,Oui,Parfois,Non,Non,Oui,Oui,Non,Oui,Non,Oui,Oui,Non,Oui,Non,Oui,Non,Non,Non,Non,6a10,Oui,Oui,Oui,Non,Non,Non,Non,Non,Non,Non,Oui,Windows,Oui,Non,Non,Oui,Oui,Non,Non,Oui,Non,Non,Non,Oui,Non,Non,Non,Non,Oui,Non,Non,Non,Non,Non,Oui,Oui,Non,Oui,Non,Non,Non,Non,Non,Non,Non,Oui,Oui,Non,Non,Non,Non,Oui,Parfois,plutotsat,Non,Oui,Non,Non,Non,Non,Non,Non,Non,Oui,Oui,Non,Non,Non,Oui,Non,Oui,Non,Non,Non,Non,Non,Non,Non,Cinq à dix ans,Université,Oui,Non,Non,Non,Non,fonct,Non,Non,Oui,Non,Non,Non,Non,Non,Non,LSH,0.6,sociologie,Un homme
340,Non,Non,Oui,Oui,Oui,Oui,Oui,Oui,Non,Oui,Oui,Non,Oui,Oui,Oui,Non,Oui,Oui,Non,Non,Non,Non,Non,Oui,Non,Non,Non,Oui,Tout à fait,Oui,Oui,Oui,Oui,Non,Non,Oui,NA,NA,moins,moins,NA,moins,NA,moins,NA,moins,moins,NA,NA,NA,Oui,Non,Oui,Oui,Non,Oui,Non,Oui,Oui,Non,Non,Non,Oui,Oui,Oui,Toujours,NA,NA,NA,Non,Non,Non,Non,Oui,Non,Oui,Non,Oui,Oui,Non,Non,Non,Non,Non,Non,Non,Non,Non,Non,non,non,oui,non,oui,Oui,Parfois,Oui,Oui,Oui,Non,Oui,Non,Non,Oui,Oui,Non,Oui,Non,Non,Non,Non,Non,Non,2a5,Non,Non,Non,Oui,Oui,Non,Non,Non,Oui,Oui,Non,Windows,Oui,Non,Non,Non,Oui,Non,Non,Non,Non,Non,Oui,Non,Oui,Non,Non,Oui,Non,Non,Oui,Non,Non,Non,Non,Non,Non,Oui,Oui,Non,Oui,Oui,Non,Non,Non,Oui,Oui,Non,Non,Non,Non,Non,NA,NA,Non,Oui,Non,Non,Non,Non,Non,Non,Non,Non,Non,Oui,Oui,Non,Non,Non,Oui,Non,Oui,Oui,Oui,Non,Non,Non,Plus de dix ans,école,Non,Non,Oui,Non,Non,fonct,Non,Non,Oui,Non,Non,Non,Non,Non,Non,LSH,0.6,sociologie,Un homme
180,Non,Non,Oui,Oui,Non,Oui,Non,Non,Non,Non,Oui,Non,Oui,Non,Oui,Non,Non,Non,Non,Non,Non,Non,Oui,Non,Non,Non,Non,Non,Assez,Non,Non,Non,Non,Non,Non,Non,plus,moins,moins,moins,moins,plus,moins,moins,moins,moins,moins,moins,moins,moins,Oui,Non,Non,Non,Non,Oui,Oui,Oui,Oui,Non,Non,Non,Oui,Oui,Oui,Parfois,Jamais,Jamais,Jamais,Non,Non,Non,Non,Oui,Non,Non,Non,Non,Non,Non,Non,Non,Non,Non,Non,Non,Non,Non,Oui,non,non,non,non,non,Oui,Jamais,Non,Oui,Oui,Oui,Oui,Non,Oui,Non,Oui,Oui,Non,Non,Non,Non,Non,Non,Non,6a10,Oui,Oui,Non,Non,Non,Non,Non,Non,Non,Non,Non,MacOS,Oui,Non,Non,Non,Oui,Non,Non,Non,Non,Non,Non,Oui,Non,Non,Non,Non,Non,Oui,Oui,Non,Non,Oui,Non,Oui,Oui,Oui,Non,Non,Non,Oui,Non,Non,Oui,Oui,Oui,Non,Non,Non,Non,Oui,Parfois,tressat,Oui,Non,Non,Non,Non,Non,Non,Non,Non,Non,Oui,Oui,Oui,Non,Non,Non,Oui,Non,Oui,Non,Non,Non,Non,Non,Cinq à dix ans,NA,Non,Oui,Non,Non,Non,autre,Non,Non,Oui,Non,Non,Non,Non,Non,Non,LSH,0.6,sociologie,Une femme
173,Non,Non,Oui,Oui,Non,Oui,Oui,Non,Non,Oui,Oui,Non,Non,Non,Oui,Non,Oui,Non,Non,Non,Non,Non,Non,Non,Non,Non,Non,Oui,Peu,Non,Non,Non,Oui,Non,Non,Oui,moins,NA,moins,NA,NA,plus,NA,NA,moins,moins,moins,NA,NA,NA,Non,Non,Oui,Oui,Non,Oui,Oui,Oui,Oui,Non,Non,Non,Oui,Oui,Oui,Jamais,Jamais,Jamais,Jamais,Non,Non,Non,Non,Non,Oui,Non,Non,Non,Non,Non,Non,Non,Non,Non,Non,Non,Non,Non,Oui,non,oui,non,oui,oui,Je ne sais pas,Parfois,Non,Oui,Non,Non,Oui,Oui,Oui,Non,Non,Non,Non,Non,Non,Non,Oui,Non,Non,seule,NA,NA,NA,NA,NA,NA,NA,NA,NA,NA,NA,Windows,Oui,Non,Oui,Non,Non,Non,Non,Non,Oui,Non,NA,NA,NA,NA,NA,NA,NA,NA,NA,NA,NA,NA,NA,NA,NA,NA,NA,NA,NA,NA,NA,Non,Non,Non,Non,Non,Non,Non,Oui,Non applicable,NA,NA,Non,Oui,Non,Non,Non,Non,Non,Non,Oui,Oui,Oui,Oui,Oui,Oui,Oui,Non,Non,Non,Oui,Non,Non,Oui,Oui,Non,Moins de cinq ans,Université,Non,Oui,Non,Non,Non,autre,Non,Non,Oui,Non,Non,Non,Non,Non,Non,LSH,0.6,sociologie,Une femme
437,Non,Non,Oui,Oui,Non,Oui,Non,Oui,Non,Oui,Oui,Non,Oui,Non,Oui,Non,Non,Non,Non,Non,Non,Non,Oui,Non,Non,Non,Non,Non,Peu,Non,Non,Non,Oui,Non,Non,Non,plus,moins,moins,moins,moins,plus,moins,moins,moins,moins,moins,moins,moins,moins,Oui,Non,Oui,Non,Non,Oui,Oui,Non,Oui,Non,Non,Non,Non,Oui,Oui,Parfois,Parfois,Parfois,Parfois,Non,Non,Non,Non,Oui,Non,Non,Non,Non,Non,Non,Non,Non,Non,Non,Non,Non,Non,Oui,Non,oui,oui,non,oui,non,Je ne sais pas,Parfois,Oui,Non,Oui,Non,Oui,Oui,Oui,Non,Oui,Non,Non,Non,Non,Non,Non,Non,Non,seule,NA,NA,NA,NA,NA,NA,NA,NA,NA,NA,NA,MacOS,Oui,Non,Non,Non,Non,Non,Non,Non,Non,Non,Oui,Non,Non,Non,Non,Non,Non,Non,Non,Non,Non,Non,Non,Non,Oui,Non,Non,Non,Non,Non,Non,Non,Non,Non,Non,Non,Non,Non,Oui,Non,NA,NA,Non,Oui,Non,Oui,Oui,Non,Oui,Non,Oui,Oui,Oui,Oui,Oui,Oui,Oui,Non,Oui,Non,Non,Non,Non,Non,Non,Non,Moins de cinq ans,école,Non,Oui,Non,Non,Non,doct,Non,Non,Oui,Non,Non,Non,Non,Non,Non,LSH,0.6,sociologie,Une femme
239,Non,Non,Non,Non,Oui,Oui,Non,Non,Non,Non,Non,Non,Oui,Oui,Oui,Non,Non,Non,Non,Non,Non,Non,Non,Non,Oui,Non,Non,Non,Peu,Non,Non,Non,Oui,Non,Non,Oui,NA,NA,NA,moins,NA,plus,moins,moins,moins,NA,moins,NA,NA,NA,Non,Non,Oui,Non,Non,Non,Non,Non,Oui,Oui,Non,Oui,Non,Oui,Oui,Parfois,Jamais,Jamais,Jamais,Non,Non,Non,Non,Oui,Non,Non,Non,Non,Non,Non,Non,Non,Non,Non,Non,Non,Non,Non,Oui,oui,non,oui,non,oui,Je ne sais pas,Toujours,Non,Non,Oui,Non,Non,Non,Oui,Oui,Non,Non,Oui,Non,Non,Non,Non,Non,Non,seule,NA,NA,NA,NA,NA,NA,NA,NA,NA,NA,NA,Windows,Non,Non,Non,Non,Oui,Non,Non,Oui,Non,Non,Non,Non,Non,Non,Non,Non,Oui,Non,Non,Non,Non,Non,Non,Non,Non,Non,Non,Oui,Oui,Oui,Non,Non,Non,Non,Non,Non,Non,Non,Oui,Oui,Jamais,NA,Non,Non,Non,Non,Non,Non,Non,Oui,Non,Oui,Non,Oui,Oui,Oui,Oui,Non,Oui,Non,Oui,Non,Non,Oui,Non,Non,Moins de cinq ans,organisme,Non,Oui,Non,Non,Non,doct,Non,Non,Oui,Non,Non,Non,Non,Non,Non,LSH,0.6,sociologie,Une femme
528,Non,Non,Oui,Oui,Non,Oui,Oui,Non,Non,Oui,Non,Non,Non,Non,Non,Non,Non,Non,Non,Non,Non,Non,Oui,Non,Non,Non,Non,Non,Peu,Non,Non,Non,Oui,Oui,Non,Oui,plus,moins,moins,NA,NA,plus,NA,NA,NA,moins,NA,NA,NA,NA,Oui,Non,Non,Non,Non,Oui,Oui,Non,Non,Non,Non,Non,Non,Oui,Oui,Jamais,Jamais,Jamais,Jamais,Non,Non,Non,Non,Oui,Non,Non,Non,Non,Non,Non,Non,Non,Non,Non,Non,Non,Non,Non,Oui,non,non,oui,oui,non,Je ne sais pas,Parfois,Oui,Non,Non,Non,Non,Oui,Oui,Non,Oui,Non,Non,Non,Non,Non,Non,Non,Non,2a5,Oui,Oui,Non,Non,Non,Non,Non,Non,Non,Non,Non,Windows,Oui,Non,Non,Non,Non,Non,Non,Non,Non,Non,Oui,Oui,Non,Non,Non,Non,Non,Non,Non,Non,Non,Non,Non,Non,Non,Non,Non,Non,Oui,Non,Non,Non,Non,Oui,Non,Non,Non,Non,Non,Oui,Parfois,tressat,Non,Non,Non,Non,Non,Non,Non,Oui,Oui,Oui,Non,Oui,Oui,Non,Non,Non,Non,Non,Oui,Non,Non,Oui,Oui,Non,Cinq à dix ans,NA,Non,Oui,Non,Non,Non,CDD,Non,Non,Oui,Non,Non,Non,Non,Non,Non,LSH,0.6,sociologie,Une femme
144,Non,Non,Oui,Oui,Non,Oui,Oui,Non,Non,Oui,Oui,Non,Oui,Non,Oui,Non,Oui,Oui,Non,Non,Non,Non,Oui,Non,Oui,Non,Non,Oui,Peu,Non,Non,Non,Oui,Oui,Non,Oui,moins,moins,moins,moins,moins,moins,NA,NA,NA,moins,moins,moins,moins,moins,Oui,Non,Oui,Non,Non,Oui,Oui,Oui,Oui,Non,Non,Non,Non,Oui,Oui,Parfois,Jamais,Jamais,Jamais,Non,Non,Non,Non,Oui,Non,Non,Non,Non,Non,Non,Non,Non,Non,Oui,Non,Non,Non,Non,Non,oui,non,non,oui,non,Je ne sais pas,Souvent,Non,Non,Non,Non,Oui,Oui,Non,Oui,Non,Non,Non,Non,Non,Non,Non,Non,Non,6a10,Oui,Oui,Non,Non,Non,Non,Non,Non,Non,Non,Non,MacOS,Oui,Non,Non,Non,Non,Non,Non,Non,Non,Non,Oui,Non,Non,Non,Non,Non,Non,Non,Non,Non,Non,Non,Non,Non,Oui,Non,Non,Non,Non,Non,Non,Non,Non,Oui,Non,Non,Non,Non,Non,Non,NA,NA,Non,Oui,Non,Non,Non,Oui,Oui,Non,Oui,Non,Oui,Oui,Oui,Non,Oui,Non,Non,Non,Oui,Non,Non,Non,Non,Non,Plus de dix ans,CNRS,Oui,Non,Non,Non,Non,fonct,Non,Non,Oui,Non,Non,Non,Non,Non,Non,LSH,0.6,sociologie,Une femme
343,Non,Non,Oui,Oui,Non,Oui,Oui,Oui,Non,Non,Oui,Non,Oui,Non,Oui,Non,Non,Non,Non,Non,Non,Non,Oui,Non,Oui,Non,Non,Non,Peu,Non,Non,Non,Oui,Non,Non,Oui,moins,NA,moins,NA,NA,moins,NA,NA,NA,NA,moins,NA,moins,moins,Oui,Non,Oui,Non,Oui,Oui,Non,Non,Non,Non,Oui,Non,Non,Oui,Non,Souvent,NA,Parfois,Non applicable,Non,Non,Non,Non,Oui,Non,Non,Non,Non,Non,Non,Non,Non,Oui,Non,Non,Non,Non,Non,Non,non,oui,non,non,oui,Non,Jamais,Oui,Non,Oui,Non,Oui,Non,Non,Oui,Non,Oui,Non,Non,Non,Non,Non,Non,Non,2a5,Oui,Oui,Oui,Non,Non,Non,Non,Non,Non,Non,Oui,Windows,Non,Non,Non,Non,Non,Non,Non,Non,Non,Oui,Non,Non,Non,Non,Non,Non,Non,Non,Non,Non,Oui,Non,Non,Non,Non,Non,Non,Non,Non,Non,Oui,Non,Non,Oui,Non,Non,Non,Non,Non,Oui,Parfois,nini,Non,Oui,Non,Non,Non,Non,Non,Non,Non,Non,Oui,Non,Non,Non,Non,Non,Oui,Non,Oui,Non,Non,Non,Non,Non,Plus de dix ans,école,Oui,Non,Non,Non,Non,fonct,Non,Non,Oui,Non,Non,Non,Non,Non,Non,LSH,0.6,sociologie,Une femme
213,Non,Non,Oui,Oui,Non,Oui,Oui,Oui,Non,Oui,Oui,Non,Oui,Non,Non,Non,Non,Non,Non,Oui,Non,Non,Non,Non,Oui,Non,Non,Non,Assez,Non,Oui,Non,Oui,Non,Non,Non,moins,NA,moins,NA,NA,moins,NA,NA,NA,NA,moins,NA,moins,moins,Oui,Non,Non,Non,Non,Oui,Non,Oui,Oui,Non,Non,Non,Oui,Non,Oui,Parfois,NA,NA,NA,Non,Non,Non,Non,Oui,Non,Non,Non,Oui,Non,Non,Non,Non,Non,Oui,Non,Non,Non,Non,Non,non,non,oui,non,oui,Non,Jamais,Non,Non,Non,Non,Non,Oui,Non,Oui,Oui,Non,Non,Non,Non,Non,Non,Non,Non,6a10,Oui,Oui,Oui,Non,Oui,Non,Oui,Non,Non,Oui,Oui,Windows,Non,Non,Oui,Non,Oui,Non,Non,Non,Non,Non,Oui,Oui,Oui,Non,Non,Non,Non,Non,Non,Non,Non,Oui,Oui,Non,Non,Non,Non,Non,Non,Oui,Non,Non,Non,Oui,Oui,Oui,Non,Oui,Non,Non,NA,NA,Non,Non,Non,Non,Non,Non,Non,Oui,Non,Non,Non,Non,Non,Non,Non,Oui,Non,Non,Non,Non,Non,Non,Non,Oui,Plus de dix ans,école,Oui,Non,Non,Non,Non,fonct,Non,Non,Oui,Non,Non,Non,Non,Non,Non,LSH,0.6,sociologie,Une femme
363,Non,Non,Oui,Non,Non,Oui,Oui,Non,Non,Non,Oui,Non,Non,Non,Non,Non,Non,Non,Non,Non,Non,Non,Oui,Non,Oui,Non,Non,Non,Peu,Oui,Non,Non,Oui,Oui,Non,Oui,moins,NA,NA,NA,NA,moins,NA,NA,NA,NA,NA,NA,NA,moins,Oui,Non,Non,Non,Oui,Oui,Oui,Non,Oui,Non,Non,Non,Non,Oui,Non,Parfois,Jamais,Jamais,Jamais,Non,Non,Non,Non,Oui,Non,Non,Non,Oui,Non,Non,Non,Non,Non,Non,Non,Non,Non,Non,Non,oui,non,oui,non,non,Non,Jamais,Oui,Non,Non,Non,Oui,Oui,Non,Oui,Oui,Non,Non,Non,Non,Non,Non,Non,Non,2a5,Oui,Oui,Non,Non,Non,Non,Non,Non,Non,Non,Non,MacOS,Oui,Non,Non,Non,Non,Non,Non,Non,Oui,Non,NA,NA,NA,NA,NA,NA,NA,NA,NA,NA,NA,NA,NA,NA,NA,NA,NA,NA,NA,NA,NA,Non,Non,Oui,Oui,Non,Non,Non,Non,Oui,Parfois,tressat,Non,Non,Non,Non,Non,Non,Non,Oui,Non,Non,Non,Non,Non,Non,Non,Oui,Non,Non,Oui,Non,Non,Non,Non,Non,Plus de dix ans,école,Oui,Non,Non,Non,Non,fonct,Non,Non,Oui,Non,Non,Non,Non,Non,Non,LSH,0.6,sociologie,Une femme
332,Non,Non,Oui,Oui,Non,Oui,Non,Non,Non,Non,Oui,Non,Non,Non,Non,Non,Oui,Non,Non,Non,Non,Non,Non,Oui,Oui,Non,Non,Non,Assez,Oui,Non,Non,Oui,Oui,Non,Oui,moins,NA,NA,NA,NA,NA,NA,NA,NA,NA,NA,NA,NA,moins,Oui,Non,Non,Non,Non,Oui,Oui,Non,Oui,Non,Non,Non,Non,Oui,Oui,Jamais,Jamais,Jamais,Jamais,Non,Non,Non,Non,Oui,Non,Non,Non,Non,Non,Non,Non,Non,Non,Non,Non,Non,Non,Non,Oui,non,oui,non,non,non,Je ne sais pas,Jamais,Oui,Non,Non,Non,Oui,Non,Non,Oui,Oui,Oui,Non,Non,Non,Non,Non,Non,Non,2a5,Oui,Oui,Oui,Non,Non,Non,Non,Non,Non,Non,Non,Windows,Oui,Non,Non,Oui,Non,Non,Non,Non,Non,Non,Oui,Oui,Non,Non,Non,Non,Non,Non,Non,Non,Non,Oui,Non,Non,Non,Non,Non,Non,Non,Non,Non,Non,Non,Oui,Oui,Oui,Non,Oui,Non,Oui,Souvent,tressat,Non,Oui,Oui,Oui,Non,Non,Non,Non,Non,Non,Non,Oui,Non,Non,Non,Non,Oui,Oui,Oui,Oui,Non,Non,Non,Non,Plus de dix ans,école,Oui,Non,Non,Non,Non,fonct,Non,Non,Oui,Non,Non,Non,Non,Non,Non,LSH,0.6,sociologie,Une femme
1160,Non,Non,Oui,Oui,Non,Oui,Non,Non,Non,Oui,Oui,Non,Oui,Non,Oui,Non,Non,Non,Non,Non,Non,Non,Oui,Non,Non,Non,Non,Non,Assez,Oui,Non,Non,Oui,Non,Non,Oui,plus,NA,NA,moins,NA,plus,NA,NA,NA,moins,moins,NA,NA,NA,Oui,Non,Non,Non,Oui,Non,Non,Non,Oui,Non,Non,Non,Oui,Oui,Oui,Parfois,Jamais,Jamais,Jamais,Non,Non,Non,Non,Oui,Non,Non,Non,Oui,Oui,Non,Non,Non,Non,Non,Non,Non,Non,Non,Non,oui,non,oui,non,non,Non,Jamais,Non,Non,Non,Oui,Oui,Oui,Oui,Non,Non,Non,Oui,Oui,Oui,Non,Non,Non,Non,6a10,Oui,Oui,Oui,Non,Non,Non,Non,Non,Non,Non,Non,Windows,Oui,Non,Non,Non,Non,Non,Non,Oui,Non,Non,Non,Oui,Non,Non,Non,Non,Non,Non,Non,Non,Non,Oui,Non,Non,Non,Non,Non,Non,Non,Non,Non,Non,Non,Oui,Oui,Non,Non,Non,Non,Oui,Parfois,plutotsat,Non,Non,Non,Non,Oui,Non,Non,Non,Oui,Non,Non,Non,Non,Non,Oui,Non,Oui,Non,Oui,Non,Non,Non,Non,Non,Plus de dix ans,école,Oui,Non,Non,Non,Non,fonct,Non,Non,Oui,Non,Non,Non,Non,Non,Non,LSH,0.6,sociologie,Une femme
230,Non,Non,Oui,Oui,Oui,Oui,Oui,Non,Non,Oui,Oui,Oui,Oui,Non,Oui,Non,Non,Non,Non,Oui,Non,Non,Oui,Oui,Oui,Non,Non,Oui,Tout à fait,Non,Oui,Non,Non,Oui,Non,Oui,moins,moins,moins,moins,moins,moins,moins,moins,moins,moins,moins,moins,moins,moins,Oui,Non,Oui,Non,Oui,Oui,Non,Oui,Oui,Non,Oui,Non,Oui,Oui,Oui,Parfois,Parfois,Jamais,Parfois,Oui,Oui,Oui,Oui,Oui,Non,Oui,Oui,Oui,Oui,Non,Non,Non,Oui,Non,Non,Non,Non,Non,Non,oui,oui,non,oui,oui,Oui,Souvent,Oui,Non,Oui,Non,Oui,Non,Non,Oui,Oui,Non,Oui,Non,Non,Non,Non,Non,Non,11plus,Oui,Oui,Oui,Non,Non,Non,Non,Non,Non,Non,Non,Windows,Non,Non,Oui,Non,Oui,Non,Non,Oui,Non,Non,Oui,Oui,Non,Non,Non,Non,Oui,Oui,Non,Non,Non,Oui,Non,Non,Non,Oui,Oui,Non,Oui,Non,Non,Non,Non,Oui,Non,Non,Non,Non,Non,Oui,Parfois,nini,Oui,Oui,Non,Non,Non,Non,Non,Non,Non,Non,Non,Oui,Oui,Oui,Oui,Non,Non,Oui,Non,Non,Non,Oui,Oui,Non,Plus de dix ans,NA,Oui,Non,Non,Non,Non,fonct,Non,Non,Oui,Non,Non,Non,Non,Non,Non,LSH,0.6,sociologie,Une femme
298,Non,Non,Oui,Non,Non,Non,Oui,Non,Non,Non,Oui,Non,Non,Non,Non,Non,Non,Non,Non,Non,Non,Non,Oui,Non,Oui,Non,Non,Non,Peu,Oui,Oui,Non,Oui,Non,Non,Oui,plus,NA,NA,NA,NA,moins,moins,NA,moins,moins,moins,NA,moins,moins,Oui,Non,Non,Non,Oui,Non,Oui,Oui,Oui,Non,Oui,Non,Non,Oui,Non,Parfois,Jamais,Jamais,Jamais,Oui,Non,Oui,Non,Non,Non,Non,Non,Non,Non,Non,Non,Non,Non,Non,Non,Oui,Non,Non,Non,non,oui,oui,non,oui,Non,Parfois,Non,Non,Non,Non,Oui,Non,Non,Non,Non,Non,Non,Oui,Non,Non,Non,Non,Non,6a10,Oui,Oui,Oui,Oui,Non,Oui,Oui,Non,Non,Non,Non,Windows,Oui,Non,Non,Non,Non,Oui,Non,Non,Oui,Non,NA,NA,NA,NA,NA,NA,NA,NA,NA,NA,NA,NA,NA,NA,NA,NA,NA,NA,NA,NA,NA,Non,Non,Oui,Non,Non,Non,Non,Non,Oui,Parfois,nini,Non,Oui,Non,Non,Non,Oui,Oui,Non,Non,Oui,Non,Oui,Non,Non,Non,Non,Oui,Oui,Non,Non,Oui,Oui,Non,Non,Plus de dix ans,NA,Oui,Non,Non,Non,Non,fonct,Non,Non,Oui,Non,Non,Non,Non,Non,Non,LSH,0.6,sociologie,Une femme
598,Non,Non,Oui,Oui,Oui,Oui,Oui,Non,Non,Oui,Oui,Non,Oui,Non,Oui,Non,Oui,Oui,Non,Non,Non,Non,Non,Oui,Oui,Non,Non,Non,Tout à fait,Oui,Non,Oui,Non,Non,Non,Oui,moins,moins,moins,moins,moins,moins,NA,moins,moins,moins,moins,NA,moins,moins,Oui,Non,Non,Non,Non,Non,Oui,Oui,Oui,Non,Non,Oui,Non,Oui,Oui,Parfois,Jamais,Jamais,Jamais,Non,Non,Non,Non,Oui,Non,Non,Non,Oui,Non,Non,Non,Non,Oui,Non,Non,Non,Non,Non,Non,oui,oui,non,oui,oui,Non,Souvent,Non,Non,Oui,Non,Oui,Non,Non,Oui,Oui,Non,Non,Non,Non,Non,Non,Non,Non,6a10,Oui,Oui,Non,Non,Non,Non,Non,Non,Non,Non,Non,Windows,Oui,Non,Non,Non,Oui,Non,Non,Oui,Non,Non,Non,Oui,Non,Non,Non,Non,Oui,Non,Non,Oui,Non,Non,Non,Non,Non,Oui,Oui,Non,Oui,Non,Non,Non,Non,Oui,Oui,Non,Non,Non,Non,Oui,Parfois,plutotsat,Non,Non,Non,Oui,Non,Non,Non,Non,Non,Oui,Non,Oui,Oui,Non,Non,Non,Oui,Non,Non,Non,Oui,Non,Non,Non,Plus de dix ans,NA,Oui,Non,Non,Non,Non,fonct,Non,Non,Oui,Non,Non,Non,Non,Non,Non,LSH,0.6,sociologie,Une femme
1058,Non,Non,Oui,Oui,Oui,Oui,Oui,Oui,Non,Non,Oui,Non,Oui,Oui,Oui,Non,Non,Non,Non,Non,Non,Non,Oui,Non,Non,Non,Non,Oui,Peu,Non,Non,Non,Non,Oui,Non,Oui,moins,NA,moins,NA,moins,plus,NA,NA,NA,moins,NA,NA,NA,NA,Oui,Non,Oui,Non,Non,Non,Non,Oui,Oui,Non,Non,Non,Oui,Non,Non,Souvent,Parfois,Jamais,Jamais,Non,Non,Non,Non,Oui,Non,Non,Non,Non,Oui,Non,Non,Oui,Non,Non,Non,Non,Non,Non,Non,oui,non,oui,non,oui,Je ne sais pas,Parfois,Non,Non,Non,Oui,Non,Oui,Oui,Non,Oui,Non,Non,Non,Non,Non,Non,Non,Non,6a10,Oui,Oui,Non,Non,Non,Non,Non,Non,Non,Non,Oui,Windows,Oui,Non,Non,Non,Non,Non,Non,Non,Non,Non,Oui,Non,Non,Non,Non,Non,Non,Non,Oui,Non,Non,Non,Non,Non,Oui,Non,Non,Non,Non,Non,Non,Non,Oui,Oui,Oui,Non,Non,Non,Non,Non,NA,NA,Non,Oui,Non,Non,Non,Non,Non,Non,Oui,Oui,Oui,Oui,Non,Non,Non,Non,Non,Non,Oui,Non,Non,Non,Oui,Non,Plus de dix ans,Université,Oui,Non,Non,Non,Non,fonct,Non,Non,Oui,Non,Non,Non,Non,Non,Non,LSH,0.6,sociologie,Une femme
880,Non,Non,Oui,Oui,Oui,Oui,Oui,Oui,Non,Oui,Non,Non,Oui,Oui,Oui,Non,Oui,Oui,Non,Oui,Non,Non,Non,Non,Oui,Non,Non,Non,Tout à fait,Non,Non,Non,Oui,Oui,Non,Non,moins,NA,NA,NA,NA,NA,NA,NA,NA,NA,NA,NA,NA,NA,Non,Non,Non,Non,Non,Oui,Oui,Oui,Oui,Non,Non,Non,Non,Non,Non,NA,NA,NA,NA,Non,Non,Non,Non,Non,Oui,Non,Non,Non,Non,Non,Non,Non,Non,Non,Non,Non,Non,Non,Oui,non,non,non,non,non,Non applicable,Non applicable,Non,Non,Non,Non,Non,Oui,Non,Non,Non,Non,Non,Non,Non,Non,Non,Non,Oui,2a5,Oui,Non,Non,Non,Non,Non,Non,Non,Non,Non,Non,Windows,Oui,Non,Non,Non,Non,Non,Non,Non,Non,Non,Non,Non,Non,Non,Non,Non,Non,Non,Non,Non,Oui,Oui,Non,Non,Non,Non,Non,Non,Non,Non,Non,Non,Non,Oui,Non,Non,Non,Non,Non,Oui,Jamais,NA,Non,Non,Non,Non,Non,Non,Non,Oui,Non,Non,Non,Non,Non,Non,Non,Oui,Non,Non,Non,Non,Non,Non,Non,Oui,Plus de dix ans,Université,Oui,Non,Non,Non,Non,fonct,Non,Non,Oui,Non,Non,Non,Non,Non,Non,LSH,0.6,sociologie,Une femme
1182,Non,Non,Oui,Non,Non,Oui,Non,Non,Non,Non,Oui,Non,Non,Non,Non,Non,Non,Non,Non,Non,Non,Non,Oui,Non,Oui,Non,Non,Non,Assez,Non,Non,Non,Non,Non,Non,Non,moins,NA,moins,NA,NA,moins,NA,NA,NA,NA,NA,NA,NA,NA,Oui,Non,Oui,Non,Non,Non,Oui,Non,Non,Non,Non,Non,Non,Oui,Oui,NA,Jamais,Jamais,Jamais,Non,Non,Non,Non,Oui,Non,Non,Non,Non,Non,Non,Non,Non,Non,Non,Non,Non,Non,Non,Oui,oui,non,non,oui,non,Non applicable,Jamais,Oui,Non,Non,Non,Non,Oui,Oui,Oui,Oui,Non,Non,Non,Non,Non,Non,Non,Oui,2a5,Oui,Oui,Non,Non,Non,Non,Non,Non,Non,Non,Non,Windows,Oui,Non,Non,Non,Non,Non,Non,Non,Non,Non,Oui,Non,Non,Non,Non,Non,Non,Non,Non,Non,Non,Non,Non,Non,Oui,Non,Non,Non,Oui,Non,Non,Non,Non,Oui,Oui,Non,Non,Non,Non,Non,NA,NA,Non,Non,Non,Oui,Non,Non,Non,Non,Non,Non,Non,Oui,Oui,Non,Oui,Non,Oui,Non,Oui,Non,Non,Non,Oui,Non,Cinq à dix ans,Université,Oui,Non,Non,Non,Non,fonct,Non,Non,Oui,Non,Non,Non,Non,Non,Non,LSH,0.6,sociologie,Une femme
827,Non,Non,Oui,Oui,Non,Oui,Oui,Oui,Non,Oui,Oui,Non,Oui,Non,Oui,Non,Oui,Oui,Non,Non,Non,Non,Oui,Oui,Oui,Non,Non,Oui,Tout à fait,Oui,Non,Non,Non,Non,Non,Non,plus,moins,moins,moins,moins,plus,NA,NA,moins,moins,moins,moins,moins,moins,Oui,Non,Oui,Oui,Non,Oui,Oui,Oui,Oui,Non,Non,Non,Oui,Oui,Oui,Parfois,Jamais,Jamais,Jamais,Non,Non,Oui,Non,Non,Non,Oui,Non,Non,Non,Non,Non,Non,Non,Oui,Non,Non,Non,Non,Non,non,non,oui,non,oui,Non,Jamais,Non,Non,Non,Non,Oui,Oui,Non,Oui,Oui,Non,Oui,Non,Non,Non,Non,Non,Non,6a10,Oui,Oui,Oui,Non,Oui,Non,Non,Non,Non,Non,Non,Windows,Oui,Non,Non,Non,Oui,Non,Non,Non,Non,Non,Oui,Oui,Non,Non,Non,Non,Non,Non,Non,Non,Non,Non,Non,Oui,Oui,Non,Oui,Non,Non,Non,Non,Non,Non,Oui,Oui,Non,Non,Non,Non,Oui,Parfois,insatisfait,Oui,Oui,Non,Non,Non,Non,Non,Non,Non,Oui,Oui,Non,Non,Non,Oui,Non,Oui,Oui,Oui,Non,Non,Oui,Non,Non,Plus de dix ans,Université,Oui,Non,Non,Non,Non,fonct,Non,Non,Oui,Non,Non,Non,Non,Non,Non,LSH,0.6,sociologie,Une femme
212,Non,Non,Oui,Oui,Non,Oui,Oui,Oui,Non,Oui,Oui,Non,Oui,Non,Non,Non,Non,Non,Non,Non,Non,Non,Oui,Non,Oui,Non,Non,Oui,Assez,Non,Non,Non,Non,Non,Non,Oui,moins,moins,moins,NA,NA,moins,NA,NA,NA,moins,NA,NA,moins,NA,Oui,Non,Non,Non,Non,Oui,Non,Oui,Oui,Non,Non,Non,Non,Oui,Oui,Souvent,Jamais,Jamais,Jamais,Non,Non,Non,Non,Oui,Non,Non,Oui,Oui,Non,Non,Non,Non,Oui,Oui,Non,Non,Non,Non,Non,non,oui,oui,non,oui,Non applicable,Je ne sais pas,Non,Non,Non,Non,Non,Oui,Non,Oui,Oui,Non,Non,Non,Non,Non,Non,Non,Non,2a5,Oui,Oui,Non,Non,Oui,Non,Non,Non,Non,Non,Non,MacOS,Oui,Non,Non,Non,Non,Non,Non,Non,Non,Non,Non,Non,Non,Non,Non,Non,Non,Non,Non,Non,Oui,Non,Non,Non,Non,Oui,Non,Oui,Non,Non,Non,Non,Non,Oui,Non,Non,Non,Non,Non,Oui,Parfois,nini,Non,Non,Non,Non,Non,Oui,Non,Non,Non,Oui,Non,Non,Non,Non,Non,Non,Oui,Non,Non,Non,Non,Oui,Oui,Non,Plus de dix ans,Université,Oui,Non,Non,Non,Non,fonct,Non,Non,Oui,Non,Non,Non,Non,Non,Non,LSH,0.6,sociologie,Une femme
161,Non,Non,Oui,Oui,Non,Oui,Oui,Non,Non,Oui,Oui,Non,Non,Non,Oui,Non,Non,Non,Non,Non,Non,Non,Oui,Non,Oui,Non,Non,Non,Peu,Non,Non,Non,Oui,Oui,Non,Non,moins,moins,moins,NA,moins,plus,NA,NA,moins,NA,moins,NA,moins,moins,Oui,Non,Oui,Oui,Oui,Oui,Oui,Oui,Oui,Non,Non,Non,Oui,Oui,Oui,Toujours,Parfois,Jamais,Jamais,Non,Non,Non,Non,Oui,Non,Non,Non,Non,Non,Non,Non,Non,Non,Non,Non,Non,Non,Non,Oui,oui,non,non,non,oui,Oui,Parfois,Non,Oui,Non,Oui,Non,Oui,Oui,Oui,Oui,Non,Non,Non,Non,Non,Non,Non,Non,6a10,Oui,Oui,Non,Non,Non,Non,Non,Non,Non,Non,Non,MacOS,Oui,Non,Non,Non,Non,Non,Non,Non,Non,Non,Non,Non,Non,Non,Non,Non,Non,Non,Non,Non,Oui,Oui,Oui,Non,Oui,Non,Non,Non,Oui,Oui,Non,Non,Non,Oui,Oui,Non,Oui,Non,Non,Oui,Jamais,NA,Non,Non,Non,Non,Non,Non,Non,Oui,Non,Oui,Oui,Oui,Non,Non,Non,Non,Non,Non,Oui,Non,Non,Oui,Oui,Non,Plus de dix ans,Université,Oui,Non,Non,Non,Non,fonct,Non,Non,Oui,Non,Non,Non,Non,Non,Non,LSH,0.6,sociologie,Une femme
132,Non,Non,Oui,Oui,Non,Oui,Non,Non,Non,Oui,Non,Non,Oui,Non,Oui,Non,Non,Non,Non,Non,Non,Non,Non,Non,Non,Non,Non,Oui,Assez,Oui,Non,Non,Oui,Oui,Non,Non,NA,NA,moins,NA,NA,NA,NA,NA,moins,moins,NA,NA,moins,plus,Oui,Non,Non,Oui,Oui,Oui,Oui,Oui,Oui,Non,Oui,Non,Non,Oui,Oui,Parfois,Jamais,Jamais,Jamais,Non,Non,Non,Non,Oui,Non,Non,Non,Non,Non,Non,Non,Non,Non,Non,Non,Non,Non,Non,Oui,oui,non,oui,oui,oui,Non,Parfois,Oui,Oui,Oui,Oui,Oui,Oui,Oui,Oui,Non,Non,Non,Non,Non,Oui,Non,Non,Non,2a5,Oui,Oui,Oui,Non,Non,Oui,Non,Non,Non,Non,Non,MacOS,Oui,Non,Non,Non,Non,Non,Non,Non,Non,Non,Non,Non,Non,Non,Non,Non,Non,Non,Non,Non,Oui,Oui,Non,Non,Oui,Non,Oui,Non,Non,Non,Non,Non,Non,Oui,Oui,Non,Non,Non,Non,Oui,Souvent,insatisfait,Oui,Non,Oui,Oui,Non,Oui,Oui,Non,Oui,Non,Non,Oui,Oui,Non,Non,Non,Oui,Non,Oui,Non,Non,Non,Oui,Non,Plus de dix ans,CNRS,Non,Non,Oui,Non,Non,fonct,Non,Non,Oui,Non,Non,Non,Non,Non,Non,LSH,0.6,sociologie,Une femme
118,Non,Non,Oui,Oui,Oui,Oui,Oui,Non,Oui,Oui,Oui,Oui,Oui,Oui,Oui,Non,Oui,Oui,Non,Oui,Oui,Non,Oui,Non,Non,Non,Non,Oui,Assez,Oui,Non,Non,Oui,Non,Non,Oui,plus,NA,moins,moins,moins,moins,NA,NA,moins,moins,moins,NA,moins,moins,Oui,Non,Non,Non,Oui,Oui,Non,Non,Oui,Non,Oui,Non,Non,Oui,Oui,Souvent,Souvent,Jamais,Jamais,Non,Non,Oui,Non,Non,Non,Non,Non,Non,Non,Non,Non,Non,Non,Non,Non,Oui,Non,Non,Non,non,non,oui,oui,non,Je ne sais pas,Jamais,Non,Non,Oui,Oui,Oui,Non,Non,Oui,Non,Non,Oui,Oui,Non,Non,Non,Oui,Non,11plus,Oui,Oui,Oui,Oui,Oui,Oui,Oui,Oui,Oui,Oui,Oui,Windows,Oui,Non,Non,Non,Oui,Non,Non,Non,Non,Non,Non,Oui,Non,Non,Non,Non,Non,Non,Non,Non,Non,Oui,Oui,Oui,Oui,Non,Oui,Oui,Oui,Oui,Non,Non,Non,Oui,Oui,Non,Oui,Non,Non,Oui,Toujours,nini,Non,Non,Non,Non,Non,Oui,Non,Non,Non,Non,Non,Oui,Oui,Non,Non,Non,Non,Non,Non,Non,Non,Non,Non,Non,Plus de dix ans,NA,Non,Non,Oui,Non,Non,fonct,Non,Non,Oui,Non,Non,Non,Non,Non,Non,LSH,0.6,sociologie,Une femme
269,Non,Non,Oui,Oui,Oui,Oui,Oui,Oui,Non,Oui,Oui,Non,Oui,Non,Oui,Non,Oui,Oui,Non,Oui,Non,Oui,Non,Non,Oui,Non,Non,Oui,Peu,Oui,Non,Non,Non,Non,Non,Oui,moins,NA,moins,moins,moins,moins,NA,NA,NA,NA,NA,moins,moins,moins,Oui,Non,Non,Non,Oui,Oui,Non,Non,Oui,Non,Non,Non,Oui,Oui,Non,Parfois,Parfois,Jamais,Jamais,Non,Non,Oui,Non,Non,Non,Non,Non,Non,Oui,Non,Non,Non,Non,Oui,Non,Non,Non,Non,Non,oui,non,non,non,non,Oui,Parfois,Non,Non,Non,Non,Oui,Non,Non,Non,Oui,Non,Oui,Non,Non,Non,Non,Non,Non,2a5,Oui,Oui,Oui,Oui,Oui,Non,Oui,Non,Non,Non,Non,MacOS,Oui,Non,Non,Non,Non,Non,Non,Non,Non,Non,Oui,Non,Non,Non,Non,Oui,Oui,Non,Oui,Oui,Non,Non,Non,Non,Non,Non,Oui,Non,Non,Non,Non,Non,Oui,Oui,Non,Non,Non,Non,Non,Oui,Souvent,plutotsat,Non,Non,Non,Non,Non,Non,Non,Oui,Oui,Non,Non,Non,Non,Oui,Non,Non,Oui,Non,Oui,Oui,Non,Non,Oui,Non,Plus de dix ans,Université,Non,Non,Oui,Non,Non,fonct,Non,Non,Oui,Non,Non,Non,Non,Non,Non,LSH,0.6,sociologie,Une femme
438,Non,Non,Oui,Oui,Non,Oui,Oui,Non,Non,Oui,Non,Non,Non,Oui,Oui,Non,Non,Non,Non,Non,Non,Non,Oui,Oui,Oui,Non,Non,Non,Peu,Oui,Non,Oui,Oui,Oui,Oui,Oui,plus,NA,moins,moins,moins,plus,NA,moins,moins,moins,moins,NA,plus,moins,Oui,Non,Oui,Non,Non,Oui,Oui,Non,Oui,Non,Non,Non,Oui,Oui,Oui,Toujours,Toujours,Jamais,Jamais,Non,Oui,Non,Oui,Non,Non,Oui,Non,Non,Oui,Non,Non,Non,Oui,Non,Non,Non,Non,Non,Non,oui,non,non,non,oui,Oui,Parfois,Non,Oui,Oui,Oui,Oui,Oui,Oui,Non,Oui,Non,Non,Non,Non,Oui,Non,Non,Non,2a5,Non,Oui,Non,Non,Non,Non,Non,Non,Non,Non,Non,Windows,Oui,Non,Non,Non,Oui,Non,Non,Oui,Non,Non,Oui,Non,Non,Non,Non,Non,Oui,Non,Oui,Non,Non,Non,Non,Non,Oui,Non,Non,Non,Oui,Non,Non,Non,Non,Oui,Oui,Non,Non,Non,Non,Non,NA,NA,Oui,Non,Oui,Oui,Non,Oui,Oui,Non,Oui,Non,Oui,Oui,Oui,Non,Oui,Non,Oui,Non,Non,Non,Oui,Non,Non,Non,Moins de cinq ans,Université,Non,Oui,Non,Non,Non,autre,Non,Non,Oui,Non,Non,Non,Non,Non,Non,LSH,0.6,sociologie,Une femme
68,Non,Non,Oui,Non,Non,Oui,Oui,Non,Non,Non,Oui,Non,Non,Non,Non,Non,Non,Non,Non,Non,Non,Non,Non,Oui,Oui,Non,Non,Non,Pas du tout,Oui,Non,Non,Oui,Oui,Non,Oui,moins,moins,moins,moins,plus,plus,moins,NA,moins,moins,moins,moins,moins,moins,Oui,Non,Non,Non,Non,Oui,Non,Non,Non,Non,Non,Non,Non,Oui,Non,Jamais,Jamais,Jamais,Jamais,Non,Non,Non,Non,Oui,Non,Non,Non,Non,Non,Non,Non,Non,Non,Non,Non,Non,Non,Non,Oui,oui,non,non,oui,non,Non,Parfois,Oui,Oui,Non,Non,Oui,Non,Oui,Non,Non,Non,Non,Non,Non,Non,Non,Non,Non,2a5,Oui,Non,Non,Non,Non,Non,Non,Non,Non,Non,Non,MacOS,Oui,Non,Non,Non,Non,Non,Non,Non,Non,Non,Oui,Non,Non,Non,Non,Non,Non,Non,Non,Non,Non,Non,Non,Non,Non,Non,Non,Non,Oui,Non,Non,Non,Non,Non,Non,Non,Non,Non,Oui,Non,NA,NA,Non,Non,Non,Non,Oui,Non,Non,Non,Oui,Oui,Oui,Oui,Oui,Non,Oui,Non,Non,Non,Oui,Oui,Oui,Oui,Oui,Non,Moins de cinq ans,Université,Non,Oui,Non,Non,Non,doct,Non,Non,Oui,Non,Non,Non,Non,Non,Non,LSH,0.6,sociologie,Une femme
135,Non,Non,Oui,Oui,Oui,Oui,Oui,Non,Non,Oui,Oui,Non,Oui,Non,Oui,Non,Non,Non,Non,Oui,Non,Non,Oui,Non,Oui,Non,Non,Oui,Assez,Oui,Non,Non,Oui,Oui,Non,Non,moins,moins,moins,moins,moins,moins,moins,moins,moins,moins,moins,moins,moins,moins,Oui,Non,Oui,Oui,Non,Oui,Oui,Oui,Oui,Non,Non,Non,Non,Oui,Oui,Souvent,Jamais,Jamais,Jamais,Non,Non,Oui,Non,Non,Non,Non,Non,Non,Non,Non,Non,Non,Non,Non,Non,Non,Non,Non,Oui,non,non,oui,non,non,Non,Parfois,Non,Oui,Non,Non,Non,Oui,Non,Oui,Oui,Non,Non,Non,Non,Non,Non,Non,Non,2a5,Oui,Non,Non,Non,Non,Non,Non,Non,Non,Non,Non,MacOS,Oui,Non,Non,Non,Non,Non,Non,Oui,Non,Non,Non,Oui,Oui,Non,Non,Non,Non,Non,Non,Non,Non,Oui,Oui,Non,Non,Non,Oui,Non,Oui,Non,Non,Non,Non,Oui,Oui,Non,Non,Non,Non,Oui,Parfois,insatisfait,Non,Non,Non,Oui,Oui,Non,Oui,Non,Oui,Non,Non,Oui,Oui,Non,Non,Non,Oui,Non,Oui,Non,Non,Non,Non,Non,Plus de dix ans,NA,Oui,Non,Non,Non,Non,fonct,Non,Non,Oui,Non,Non,Non,Non,Non,Non,LSH,0.6,sociologie,Une femme
192,Non,Non,Oui,Non,Non,Oui,Oui,Oui,Non,Oui,Oui,Non,Non,Non,Non,Non,Non,Non,Non,Non,Non,Non,Oui,Oui,Oui,Non,Non,Non,Assez,Non,Non,Oui,Oui,Non,Non,Non,moins,moins,moins,moins,NA,moins,NA,NA,moins,moins,moins,moins,moins,moins,Oui,Non,Non,Non,Non,Oui,Oui,Non,Oui,Non,Non,Non,Oui,Oui,Oui,Souvent,Jamais,Jamais,Jamais,Non,Non,Non,Non,Oui,Non,Non,Non,Non,Non,Non,Non,Non,Non,Non,Non,Non,Non,Non,Oui,non,non,oui,non,oui,Je ne sais pas,Jamais,Non,Non,Non,Oui,Oui,Non,Non,Oui,Non,Oui,Oui,Non,Non,Non,Non,Non,Non,2a5,Oui,Oui,Oui,Non,Non,Non,Non,Non,Non,Non,Non,Windows,Non,Non,Non,Non,Non,Non,Non,Non,Non,Oui,Non,Non,Non,Non,Non,Non,Non,Non,Non,Non,Oui,Non,Non,Non,Non,Non,Non,Non,Non,Non,Oui,Non,Non,Oui,Oui,Non,Non,Oui,Non,Oui,Souvent,insatisfait,Non,Non,Non,Non,Non,Non,Non,Oui,Non,Non,Non,Non,Non,Non,Non,Oui,Non,Non,Non,Non,Non,Non,Non,Oui,Plus de dix ans,école,Non,Non,Oui,Non,Non,fonct,Non,Non,Oui,Non,Non,Non,Non,Non,Non,LSH,0.6,sociologie,Un homme
575,Non,Non,Oui,Non,Non,Oui,Oui,Non,Non,Oui,Oui,Non,Non,Non,Non,Non,Non,Non,Non,Non,Non,Non,Oui,Non,Oui,Non,Non,Non,Peu,Oui,Non,Non,Oui,Non,Non,Non,plus,NA,NA,moins,NA,plus,NA,NA,NA,moins,NA,NA,NA,NA,Oui,Non,Non,Non,Non,Non,Non,Non,Oui,Non,Non,Non,Non,Oui,Oui,Jamais,Jamais,Jamais,Jamais,Non,Non,Non,Non,Oui,Non,Non,Non,Non,Non,Non,Non,Non,Non,Non,Non,Non,Non,Non,Oui,oui,non,oui,non,oui,Oui,Jamais,Non,Non,Oui,Oui,Oui,Non,Oui,Oui,Oui,Non,Oui,Non,Non,Oui,Non,Non,Non,seule,NA,NA,NA,NA,NA,NA,NA,NA,NA,NA,NA,MacOS,Oui,Non,Non,Non,Non,Non,Non,Non,Non,Non,Non,Non,Non,Non,Non,Non,Non,Non,Non,Non,Oui,Non,Non,Non,Non,Non,Non,Non,Oui,Non,Oui,Non,Non,Oui,Oui,Non,Non,Non,Non,Non,NA,NA,Non,Non,Non,Non,Non,Non,Non,Oui,Non,Non,Non,Non,Non,Non,Non,Oui,Non,Non,Non,Oui,Non,Oui,Oui,Non,Cinq à dix ans,école,Non,Oui,Non,Non,Non,CDD,Non,Non,Oui,Non,Non,Non,Non,Non,Non,LSH,0.6,sociologie,Un homme
489,Non,Non,Oui,Oui,Non,Oui,Oui,Oui,Non,Oui,Oui,Non,Oui,Non,Oui,Non,Oui,Non,Non,Non,Non,Non,Non,Non,Oui,Non,Non,Non,Peu,Oui,Non,Non,Oui,Non,Non,Oui,plus,moins,plus,NA,plus,NA,NA,NA,plus,moins,moins,NA,NA,NA,Oui,Non,Oui,Non,Non,Oui,Oui,Oui,Oui,Non,Non,Non,Oui,Oui,Oui,NA,NA,NA,NA,Non,Non,Non,Non,Non,Oui,Non,Non,Non,Non,Non,Non,Non,Non,Non,Non,Non,Non,Non,Oui,oui,oui,non,non,non,Je ne sais pas,Parfois,Non,Oui,Oui,Non,Oui,Oui,Oui,Non,Oui,Non,Non,Non,Non,Non,Non,Non,Non,seule,NA,NA,NA,NA,NA,NA,NA,NA,NA,NA,NA,Windows,Non,Non,Non,Non,Non,Non,Non,Non,Non,Oui,Oui,Oui,Non,Non,Non,Non,Oui,Non,Non,Non,Non,Non,Non,Non,Oui,Oui,Non,Non,Oui,Non,Non,Non,Non,Non,Non,Non,Non,Non,Oui,Oui,NA,NA,Non,Non,Oui,Oui,Non,Oui,Non,Non,Oui,Non,Oui,Oui,Non,Oui,Oui,Non,Oui,Non,Oui,Non,Non,Oui,Non,Non,Moins de cinq ans,NA,Non,Oui,Non,Non,Non,doct,Non,Non,Oui,Non,Non,Non,Non,Non,Non,LSH,0.6,sociologie,Une femme
266,Non,Non,Oui,Non,Oui,Oui,Oui,Non,Non,Non,Oui,Non,Non,Oui,Oui,Non,Non,Non,Non,Oui,Non,Non,Non,Non,Oui,Non,Non,Non,Tout à fait,Non,Oui,Non,Non,Non,Non,Oui,moins,moins,moins,moins,moins,moins,moins,moins,moins,moins,moins,moins,moins,moins,Oui,Non,Oui,Non,Non,Non,Non,Non,Oui,Non,Non,Oui,Non,Oui,Oui,Parfois,Jamais,Jamais,Jamais,Non,Non,Non,Non,Oui,Non,Oui,Non,Non,Non,Non,Non,Non,Non,Non,Non,Non,Non,Non,Non,oui,oui,non,non,non,Oui,Souvent,Non,Oui,Oui,Non,Oui,Non,Oui,Non,Oui,Non,Non,Non,Oui,Non,Non,Non,Non,seule,NA,NA,NA,NA,NA,NA,NA,NA,NA,NA,NA,MacOS,Oui,Non,Non,Non,Oui,Non,Non,Oui,Non,Non,Non,Non,Non,Non,Non,Non,Oui,Non,Non,Non,Non,Non,Non,Non,Non,Oui,Oui,Non,Oui,Non,Non,Non,Non,Oui,Non,Non,Non,Non,Oui,Oui,Parfois,plutotsat,Oui,Non,Non,Non,Non,Non,Non,Non,Oui,Oui,Non,Oui,Non,Non,Non,Non,Non,Non,Oui,Non,Non,Non,Oui,Non,Moins de cinq ans,école,Non,Oui,Non,Non,Non,doct,Non,Non,Oui,Non,Non,Non,Non,Non,Non,LSH,0.6,sociologie,Autre
182,Non,Non,Oui,Oui,Non,Oui,Oui,Non,Non,Non,Non,Non,Oui,Non,Oui,Non,Oui,Non,Non,Non,Non,Non,Oui,Non,Oui,Non,Non,Non,Assez,Oui,Non,Non,Oui,Non,Non,Oui,moins,moins,moins,moins,moins,moins,moins,NA,moins,NA,moins,NA,moins,NA,Oui,Non,Non,Non,Oui,Non,Non,Oui,Oui,Non,Non,Non,Non,Oui,Oui,Parfois,Jamais,Jamais,Jamais,Non,Non,Non,Non,Oui,Non,Non,Non,Non,Non,Non,Non,Non,Non,Non,Non,Non,Non,Non,Oui,oui,non,oui,non,oui,Je ne sais pas,Parfois,Non,Non,Non,Non,Oui,Non,Oui,Non,Oui,Non,Non,Non,Non,Non,Non,Non,Non,2a5,Oui,Oui,Non,Non,Non,Non,Non,Non,Non,Non,Non,Windows,Oui,Non,Non,Non,Non,Non,Non,Non,Non,Non,Oui,Oui,Non,Non,Non,Oui,Non,Non,Non,Non,Non,Oui,Non,Oui,Non,Non,Non,Non,Oui,Non,Non,Non,Non,Oui,Non,Non,Non,Non,Non,Oui,Parfois,nini,Non,Oui,Non,Oui,Non,Oui,Non,Non,Oui,Oui,Oui,Oui,Oui,Non,Oui,Non,Non,Non,Oui,Non,Oui,Non,Oui,Non,Plus de dix ans,école,Oui,Non,Non,Non,Non,CDI,Non,Non,Oui,Non,Non,Non,Non,Non,Non,LSH,0.6,sociologie,Un homme
232,Non,Non,Oui,Oui,Oui,Oui,Oui,Non,Non,Oui,Oui,Non,Oui,Non,Oui,Non,Oui,Oui,Non,Non,Non,Non,Oui,Non,Oui,Non,Non,Non,Peu,Oui,Non,Non,Oui,Non,Non,Oui,moins,moins,moins,moins,NA,moins,NA,moins,NA,NA,moins,NA,moins,NA,Oui,Non,Oui,Non,Oui,Non,Non,Oui,Oui,Non,Non,Non,Non,Oui,Oui,Parfois,Parfois,Jamais,Jamais,Non,Non,Non,Non,Oui,Non,Non,Non,Non,Non,Non,Non,Non,Oui,Non,Non,Non,Non,Non,Non,oui,oui,oui,non,oui,Je ne sais pas,Souvent,Oui,Non,Non,Non,Non,Non,Oui,Non,Oui,Non,Non,Non,Non,Oui,Non,Non,Non,2a5,Oui,Non,Non,Non,Non,Non,Non,Non,Non,Non,Non,MacOS,Oui,Non,Non,Non,Oui,Oui,Non,Oui,Non,Non,Oui,Non,Oui,Non,Non,Non,Non,Non,Non,Non,Non,Oui,Non,Non,Non,Oui,Non,Non,Non,Non,Non,Non,Non,Oui,Oui,Non,Non,Non,Non,Non,NA,NA,Oui,Non,Non,Non,Non,Non,Non,Non,Oui,Oui,Non,Oui,Oui,Oui,Oui,Non,Non,Oui,Oui,Non,Non,Non,Non,Non,Cinq à dix ans,Université,Non,Oui,Non,Non,Non,fonct,Non,Non,Oui,Non,Non,Non,Non,Non,Non,LSH,0.6,sociologie,Un homme
347,Non,Non,Oui,Oui,Non,Oui,Oui,Non,Non,Oui,Oui,Non,Non,Non,Non,Non,Oui,Non,Non,Non,Non,Non,Non,Non,Oui,Non,Non,Non,Peu,Non,Non,Non,Non,Non,Non,Oui,moins,NA,plus,NA,NA,plus,NA,NA,NA,NA,NA,NA,plus,NA,Oui,Non,Non,Non,Non,Oui,Oui,Oui,Oui,Non,Non,Non,Non,Non,Oui,Non applicable,Non applicable,Non applicable,Non applicable,Non,Non,Oui,Non,Non,Non,Non,Non,Non,Non,Non,Non,Non,Non,Non,Non,Non,Non,Non,Oui,non,non,oui,oui,oui,Non,Jamais,Non,Non,Non,Non,Non,Oui,Non,Non,Oui,Non,Non,Non,Non,Non,Non,Non,Non,11plus,Oui,Oui,Non,Non,Non,Non,Non,Non,Non,Non,Non,Windows,Non,Non,Non,Non,Non,Non,Non,Non,Non,Oui,Non,Non,Non,Non,Non,Non,Non,Non,Non,Non,Oui,Non,Non,Non,Non,Non,Non,Non,Non,Non,Oui,Non,Non,Oui,Non,Non,Non,Non,Non,Oui,Parfois,insatisfait,Non,Non,Non,Oui,Oui,Non,Oui,Non,Oui,Oui,Non,Non,Non,Non,Oui,Non,Oui,Non,Non,Non,Non,Non,Non,Non,Plus de dix ans,CNRS,Oui,Non,Non,Non,Non,fonct,Non,Non,Oui,Non,Non,Non,Non,Non,Non,LSH,0.6,sociologie,Un homme
1190,Non,Non,Oui,Oui,Non,Oui,Oui,Non,Non,Oui,Oui,Non,Non,Non,Non,Non,Non,Non,Non,Non,Non,Non,Oui,Non,Oui,Non,Non,Non,Tout à fait,Non,Non,Non,Oui,Non,Non,Non,plus,NA,moins,moins,moins,plus,NA,NA,NA,moins,moins,NA,moins,moins,Oui,Non,Non,Non,Oui,Oui,Oui,Oui,Oui,Non,Non,Non,Non,Oui,Oui,Parfois,Jamais,Jamais,Jamais,Non,Non,Non,Non,Oui,Non,Non,Non,Oui,Non,Non,Non,Non,Non,Oui,Non,Non,Non,Non,Non,non,non,oui,oui,non,Oui,Parfois,Non,Non,Non,Non,Oui,Oui,Oui,Non,Oui,Non,Oui,Non,Non,Non,Non,Non,Non,seule,NA,NA,NA,NA,NA,NA,NA,NA,NA,NA,NA,Windows,Oui,Non,Non,Oui,Oui,Non,Non,Non,Non,Non,Non,Non,Non,Non,Non,Non,Oui,Non,Oui,Non,Non,Non,Non,Non,Oui,Non,Oui,Non,Oui,Non,Non,Non,Non,Oui,Oui,Non,Non,Non,Non,Oui,Jamais,plutotsat,Non,Oui,Non,Non,Non,Non,Non,Non,Non,Non,Non,Non,Oui,Non,Oui,Non,Non,Non,Oui,Non,Oui,Oui,Oui,Non,Cinq à dix ans,autre,Oui,Non,Non,Non,Non,CDD,Non,Non,Oui,Non,Non,Non,Non,Non,Non,LSH,0.6,sociologie,Une femme
1156,Non,Non,Oui,Oui,Oui,Oui,Oui,Non,Oui,Oui,Oui,Oui,Oui,Oui,Oui,Non,Oui,Oui,Non,Oui,Non,Oui,Oui,Oui,Non,Oui,Oui,Non,Tout à fait,Oui,Oui,Oui,Oui,Oui,Non,Non,moins,NA,NA,moins,moins,moins,moins,moins,NA,moins,moins,NA,NA,moins,Oui,Non,Oui,Oui,Oui,Oui,Oui,Oui,Oui,Oui,Non,Oui,Oui,Oui,Oui,Souvent,Parfois,Parfois,Parfois,Non,Non,Non,Non,Oui,Non,Non,Oui,Non,Oui,Non,Non,Non,Oui,Oui,Non,Non,Non,Non,Non,non,oui,non,oui,non,Je ne sais pas,Souvent,Non,Non,Oui,Oui,Non,Non,Non,Oui,Oui,Non,Non,Non,Non,Non,Non,Non,Non,2a5,Oui,Oui,Oui,Non,Non,Non,Non,Non,Non,Non,Non,MacOS,Oui,Non,Non,Non,Oui,Non,Non,Oui,Non,Non,Oui,Non,Oui,Non,Non,Non,Oui,Oui,Non,Oui,Non,Oui,Oui,Non,Oui,Oui,Oui,Non,Non,Non,Non,Non,Non,Oui,Oui,Non,Oui,Non,Non,Oui,Parfois,tressat,Oui,Oui,Non,Oui,Non,Non,Non,Non,Oui,Non,Non,Oui,Non,Non,Non,Non,Oui,Non,Non,Oui,Non,Oui,Non,Non,Plus de dix ans,NA,Non,Non,Oui,Non,Non,fonct,Non,Non,Oui,Non,Non,Non,Non,Non,Non,LSH,0.6,sociologie,Une femme
610,Oui,Non,Oui,Oui,Oui,Oui,Oui,Non,Non,Oui,Oui,Non,Oui,Non,Oui,Non,Oui,Non,Non,Non,Non,Non,Oui,Oui,Oui,Non,Oui,Oui,Assez,Oui,Non,Non,Oui,Oui,Non,Oui,moins,moins,moins,moins,moins,moins,moins,moins,moins,moins,moins,moins,moins,moins,Oui,Non,Non,Non,Oui,Non,Oui,Non,Oui,Non,Non,Non,Non,Non,Oui,Toujours,NA,Toujours,NA,Non,Non,Non,Non,Oui,Non,Oui,Non,Oui,Non,Non,Non,Oui,Non,Non,Non,Non,Non,Non,Non,oui,non,non,non,oui,Oui,Parfois,Oui,Non,Oui,Non,Oui,Non,Non,Non,Oui,Non,Non,Non,Non,Non,Oui,Non,Non,6a10,Oui,Oui,Oui,Non,Non,Non,Non,Non,Non,Non,Non,Windows,Oui,Non,Non,Non,Non,Non,Non,Non,Non,Non,Oui,Non,Non,Non,Non,Non,Non,Non,Non,Non,Non,Non,Non,Non,Oui,Non,Non,Non,Non,Non,Non,Non,Non,Oui,Non,Non,Non,Non,Non,Non,NA,NA,Oui,Oui,Oui,Non,Non,Non,Non,Non,Oui,Oui,Oui,Oui,Oui,Oui,Oui,Non,Oui,Non,Oui,Non,Non,Non,Oui,Non,Plus de dix ans,CNRS,Oui,Non,Non,Non,Non,fonct,Non,Non,Oui,Non,Oui,Non,Non,Non,Non,LSH,0.6,archéologie,Un homme
580,Non,Non,Oui,Oui,Oui,Oui,Oui,Oui,Non,Oui,Oui,Non,Non,Non,Oui,Non,Non,Non,Non,Non,Non,Non,Oui,Non,Oui,Non,Non,Non,Peu,Oui,Non,Non,Oui,Oui,Oui,Oui,plus,moins,plus,moins,moins,plus,moins,moins,moins,moins,moins,moins,moins,moins,Oui,Non,Oui,Non,Oui,Oui,Non,Oui,Oui,Non,Non,Non,Non,Non,Non,Parfois,Jamais,Souvent,Jamais,Non,Non,Non,Non,Oui,Non,Non,Non,Non,Non,Non,Non,Non,Oui,Non,Non,Non,Non,Non,Non,oui,non,oui,non,non,Oui,Parfois,Oui,Non,Non,Non,Oui,Oui,Oui,Non,Oui,Non,Non,Non,Non,Non,Oui,Non,Non,seule,NA,NA,NA,NA,NA,NA,NA,NA,NA,NA,NA,Windows,Oui,Non,Oui,Non,Non,Oui,Non,Non,Non,Non,Oui,Non,Non,Non,Non,Non,Non,Oui,Non,Non,Non,Non,Non,Non,Oui,Oui,Non,Non,Non,Non,Non,Oui,Non,Oui,Oui,Non,Non,Non,Oui,Non,NA,NA,Oui,Non,Non,Oui,Non,Non,Non,Non,Oui,Oui,Oui,Oui,Oui,Oui,Oui,Non,Non,Non,Oui,Non,Oui,Oui,Oui,Non,Cinq à dix ans,autre,Non,Oui,Non,Non,Non,autre,Non,Non,Oui,Non,Oui,Non,Non,Non,Non,LSH,0.6,autre,Une femme
461,Non,Non,Oui,Oui,Oui,Oui,Oui,Oui,Non,Oui,Oui,Non,Non,Non,Oui,Non,Oui,Non,Non,Non,Non,Non,Oui,Non,Oui,Non,Oui,Non,Assez,Oui,Non,Non,Oui,Oui,Non,Oui,moins,NA,moins,NA,NA,plus,NA,moins,moins,moins,NA,NA,moins,NA,Oui,Non,Non,Non,Oui,Oui,Non,Oui,Oui,Non,Non,Non,Non,Oui,Oui,NA,NA,NA,Parfois,Oui,Non,Non,Non,Non,Non,Non,Oui,Non,Non,Non,Non,Oui,Oui,Non,Non,Oui,Non,Non,Non,non,non,non,oui,non,Oui,Toujours,Non,Non,Non,Oui,Oui,Non,Oui,Non,Oui,Non,Non,Non,Non,Non,Non,Non,Non,seule,NA,NA,NA,NA,NA,NA,NA,NA,NA,NA,NA,Windows,Oui,Non,Non,Non,Non,Oui,Non,Non,Non,Non,Oui,Oui,Oui,Oui,Non,Non,Non,Non,Non,Non,Non,Oui,Oui,Oui,Oui,Oui,Oui,Non,Oui,Non,Non,Non,Non,Non,Non,Non,Non,Non,Oui,Non,NA,NA,Oui,Non,Non,Non,Non,Non,Non,Non,Oui,Non,Non,Non,Non,Non,Non,Non,Non,Non,Oui,Non,Non,Non,Oui,Non,Plus de dix ans,autre,Non,Oui,Non,Non,Non,autre,Non,Non,Oui,Non,Oui,Non,Non,Non,Non,LSH,0.6,autre,Un homme
740,Non,Non,Oui,Oui,Non,Oui,Oui,Oui,Non,Oui,Oui,Oui,Oui,Non,Oui,Non,Oui,Non,Non,Oui,Non,Non,Oui,Non,Oui,Non,Non,Oui,Assez,Oui,Oui,Oui,Oui,Oui,Non,Oui,plus,moins,plus,moins,moins,plus,moins,moins,moins,moins,plus,moins,moins,moins,Oui,Non,Oui,Oui,Oui,Oui,Oui,Oui,Oui,Oui,Oui,Non,Non,Oui,Oui,Souvent,Parfois,Souvent,Toujours,Oui,Oui,Oui,Oui,Non,Non,Oui,Oui,Oui,Oui,Non,Oui,Non,Oui,Non,Non,Non,Non,Non,Non,non,non,non,non,non,Oui,Toujours,Oui,Oui,Oui,Oui,Non,Oui,Oui,Oui,Oui,Non,Oui,Oui,Non,Oui,Non,Oui,Non,seule,NA,NA,NA,NA,NA,NA,NA,NA,NA,NA,NA,MacOS,Oui,Non,Oui,Non,Non,Oui,Non,Non,Oui,Oui,NA,NA,NA,NA,NA,NA,NA,NA,NA,NA,NA,NA,NA,NA,NA,NA,NA,NA,NA,NA,NA,Non,Oui,Oui,Non,Non,Non,Non,Oui,Oui,Parfois,plutotsat,Non,Non,Non,Non,Non,Oui,Oui,Non,Non,Non,Non,Non,Non,Oui,Non,Non,Non,Non,Non,Non,Non,Non,Oui,Oui,Plus de dix ans,autre,Oui,Non,Non,Non,Non,CDI,Non,Non,Oui,Non,Oui,Non,Non,Non,Non,LSH,0.6,autre,Un homme
739,Non,Non,Non,Oui,Non,Oui,Oui,Oui,Non,Oui,Non,Non,Non,Non,Oui,Non,Non,Non,Non,Oui,Non,Non,Oui,Non,Non,Non,Oui,Non,Tout à fait,Oui,Non,Non,Oui,Non,Non,Oui,NA,NA,plus,NA,moins,plus,moins,moins,moins,moins,moins,moins,moins,NA,Non,Non,Oui,Oui,Oui,Oui,Oui,Oui,Oui,Non,Non,Non,Non,Oui,Non,Parfois,Parfois,Toujours,NA,Non,Non,Non,Non,Oui,Non,Non,Non,Oui,Oui,Non,Oui,Non,Oui,Non,Non,Non,Non,Non,Non,oui,non,non,oui,non,Oui,Parfois,Non,Oui,Non,Oui,Non,Non,Non,Oui,Non,Non,Non,Oui,Non,Non,Non,Non,Non,2a5,Oui,Non,Non,Non,Oui,Non,Non,Non,Non,Non,Non,MacOS,Oui,Non,Non,Non,Non,Non,Non,Non,Non,Non,Non,Oui,Non,Non,Non,Oui,Non,Non,Non,Non,Non,Non,Non,Non,Non,Non,Non,Non,Oui,Non,Non,Non,Oui,Oui,Oui,Non,Non,Non,Non,Non,NA,NA,Non,Oui,Non,Non,Non,Non,Non,Non,Non,Non,Oui,Non,Non,Non,Oui,Non,Oui,Non,Non,Non,Non,Oui,Non,Non,Plus de dix ans,Université,Non,Non,Non,Non,Non,fonct,Non,Non,Oui,Non,Oui,Non,Non,Non,Non,LSH,0.6,autre,Une femme
543,Non,Non,Oui,Oui,Oui,Oui,Non,Non,Non,Oui,Non,Non,Oui,Oui,Oui,Non,Oui,Oui,Non,Oui,Non,Oui,Non,Non,Oui,Oui,Oui,Oui,Tout à fait,Non,Oui,Oui,Non,Oui,Non,Oui,moins,moins,moins,moins,moins,plus,moins,plus,moins,moins,plus,plus,moins,moins,Oui,Oui,Oui,Non,Oui,Oui,Non,Oui,Oui,Oui,Oui,Oui,Non,Oui,Non,Parfois,Parfois,Toujours,Toujours,Non,Non,Non,Oui,Non,Non,Oui,Oui,Oui,Oui,Non,Non,Non,Oui,Oui,Oui,Oui,Oui,Non,Non,oui,oui,non,non,non,Oui,Souvent,Oui,Oui,Oui,Oui,Oui,Oui,Non,Non,Oui,Oui,Oui,Oui,Non,Non,Non,Non,Non,11plus,Oui,Oui,Non,Non,Non,Non,Non,Non,Non,Non,Oui,Windows,Oui,Non,Oui,Oui,Non,Oui,Non,Oui,Oui,Non,NA,NA,NA,NA,NA,NA,NA,NA,NA,NA,NA,NA,NA,NA,NA,NA,NA,NA,NA,NA,NA,Non,Oui,Oui,Non,Oui,Non,Non,Non,Oui,Parfois,tressat,Oui,Non,Non,Non,Non,Oui,Non,Non,Non,Non,Non,Oui,Non,Oui,Non,Non,Non,Non,Oui,Oui,Non,Oui,Oui,Non,Cinq à dix ans,NA,Non,Oui,Non,Non,Non,CDD,Non,Non,Oui,Non,Oui,Non,Non,Non,Non,LSH,0.6,géographie,Un homme
50,Non,Non,Oui,Oui,Oui,Non,Non,Non,Non,Oui,Non,Non,Oui,Oui,Oui,Non,Oui,Non,Non,Oui,Non,Non,Oui,Non,Oui,Non,Non,Non,Assez,Non,Non,Oui,Non,Oui,Non,Oui,moins,NA,NA,moins,NA,moins,moins,moins,moins,NA,moins,NA,NA,moins,Oui,Non,Oui,Non,Non,Oui,Oui,Non,Oui,Oui,Non,Oui,Non,Oui,Non,Parfois,Jamais,Parfois,Souvent,Non,Non,Non,Non,Oui,Non,Non,Oui,Non,Non,Non,Non,Non,Oui,Non,Non,Oui,Non,Non,Non,non,non,non,oui,non,Oui,Parfois,Non,Oui,Oui,Non,Non,Oui,Oui,Non,Oui,Non,Non,Non,Oui,Non,Non,Non,Non,2a5,Oui,Oui,Non,Non,Non,Non,Non,Non,Non,Non,Oui,Windows,Non,Non,Non,Oui,Non,Non,Non,Oui,Non,Non,Oui,Non,Oui,Non,Non,Non,Non,Non,Non,Non,Non,Non,Non,Non,Non,Non,Non,Non,Oui,Non,Non,Non,Oui,Oui,Non,Non,Non,Oui,Non,Non,NA,NA,Non,Oui,Oui,Oui,Oui,Oui,Oui,Non,Oui,Non,Non,Oui,Oui,Non,Oui,Non,Oui,Oui,Non,Non,Non,Non,Non,Non,Plus de dix ans,NA,Oui,Non,Non,Non,Non,fonct,Non,Non,Oui,Non,Oui,Non,Non,Non,Non,LSH,0.6,NA,Un homme
1059,Non,Non,Non,Non,Oui,Oui,Non,Non,Oui,Non,Non,Non,Oui,Oui,Oui,Non,Oui,Oui,Non,Non,Non,Non,Non,Non,Oui,Non,Oui,Non,Tout à fait,Non,Non,Oui,Oui,Non,Non,Non,NA,NA,NA,moins,NA,plus,plus,moins,NA,NA,NA,NA,NA,NA,Non,Non,Oui,Non,Oui,Oui,Oui,Non,Oui,Non,Non,Non,Oui,Non,Non,Parfois,Parfois,Souvent,NA,Non,Non,Non,Non,Oui,Non,Non,Oui,Non,Non,Non,Non,Oui,Oui,Non,Oui,Non,Oui,Non,Non,oui,oui,non,non,non,Oui,Parfois,Non,Non,Oui,Non,Non,Non,Non,Oui,Non,Non,Non,Non,Non,Non,Non,Oui,Non,2a5,Oui,Non,Non,Non,Non,Non,Non,Non,Non,Non,Non,MacOS,Oui,Non,Non,Non,Non,Oui,Non,Oui,Non,Non,Oui,Non,Oui,Non,Non,Non,Non,Non,Non,Non,Non,Oui,Non,Oui,Non,Non,Non,Non,Oui,Non,Non,Non,Oui,Oui,Non,Oui,Non,Non,Non,Non,NA,NA,Non,Oui,Non,Non,Non,Non,Non,Non,Non,Non,Oui,Non,Oui,Non,Non,Non,Non,Non,Oui,Non,Oui,Non,Non,Non,Cinq à dix ans,autre,Oui,Non,Non,Non,Non,fonct,Non,Non,Non,Oui,Non,Non,Non,Non,Non,ST,1.4,autre,Un homme
1176,Non,Non,Non,Oui,Oui,Oui,Non,Non,Oui,Non,Non,Non,Non,Non,Non,Non,Non,Non,Non,Non,Non,Non,Non,Non,Oui,Non,Non,Non,Tout à fait,Non,Non,Oui,Non,Oui,Non,Non,NA,NA,moins,NA,NA,NA,NA,moins,moins,moins,NA,moins,moins,moins,Non,Non,Oui,Non,Non,Oui,Non,Non,Oui,Non,Non,Oui,Non,Oui,Non,Toujours,Parfois,Parfois,NA,Non,Non,Non,Non,Oui,Non,Non,Non,Non,Non,Non,Non,Oui,Non,Non,Non,Non,Oui,Non,Non,oui,non,oui,oui,non,Oui,Parfois,Non,Non,Oui,Oui,Non,Non,Non,Oui,Non,Non,Non,Non,Oui,Non,Oui,Non,Non,2a5,Oui,Oui,Non,Non,Non,Non,Non,Non,Non,Non,Non,MacOS,Non,Non,Non,Non,Non,Non,Non,Oui,Non,Non,Oui,Non,Non,Non,Non,Non,Non,Non,Non,Non,Non,Non,Non,Non,Non,Oui,Non,Non,Oui,Non,Non,Non,Non,Oui,Oui,Oui,Non,Non,Non,Oui,Jamais,NA,Non,Non,Non,Non,Non,Non,Non,Oui,Non,Non,Non,Non,Non,Non,Non,Oui,Non,Non,Non,Non,Non,Non,Oui,Non,Plus de dix ans,CNRS,Oui,Non,Non,Non,Non,fonct,Non,Non,Non,Oui,Non,Non,Non,Non,Non,ST,1.4,autre,Une femme
326,Non,Non,Non,Oui,Oui,Non,Oui,Non,Non,Oui,Non,Non,Oui,Oui,Oui,Non,Oui,Oui,Non,Oui,Non,Non,Non,Non,Oui,Non,Non,Oui,Tout à fait,Non,Oui,Oui,Oui,Oui,Non,Oui,moins,NA,moins,moins,NA,moins,moins,moins,NA,NA,moins,moins,moins,moins,Non,Non,Oui,Oui,Non,Non,Non,Non,Oui,Non,Non,Oui,Non,Oui,Non,Parfois,Jamais,Parfois,Parfois,Non,Non,Non,Non,Oui,Non,Non,Non,Oui,Oui,Non,Non,Non,Non,Non,Oui,Non,Oui,Non,Non,oui,non,non,oui,non,Oui,Toujours,Non,Oui,Oui,Oui,Oui,Non,Non,Oui,Non,Non,Oui,Non,Non,Non,Non,Non,Non,6a10,Oui,Non,Oui,Oui,Oui,Non,Non,Non,Non,Non,Non,Windows,Oui,Non,Non,Oui,Non,Non,Non,Oui,Non,Non,Non,Oui,Non,Non,Non,Non,Oui,Non,Non,Non,Non,Non,Non,Non,Non,Non,Non,Non,Oui,Non,Non,Non,Oui,Oui,Oui,Oui,Non,Oui,Non,Oui,Parfois,plutotsat,Non,Non,Oui,Non,Non,Oui,Non,Non,Non,Non,Non,Non,Oui,Oui,Non,Non,Oui,Non,Non,Non,Non,Non,Oui,Non,Moins de cinq ans,Université,Non,Non,Oui,Non,Non,CDI,Non,Oui,Non,Non,Non,Non,Non,Non,Non,ST,1.4,autre,Un homme
639,Non,Non,Non,Non,Oui,Oui,Non,Non,Non,Oui,Non,Non,Non,Oui,Oui,Non,Oui,Non,Non,Oui,Non,Oui,Non,Non,Non,Oui,Non,Oui,Tout à fait,Non,Oui,Oui,Oui,Oui,Non,Oui,moins,NA,NA,moins,moins,moins,moins,moins,moins,NA,moins,moins,NA,moins,Non,Non,Oui,Non,Oui,Non,Non,Non,Oui,Non,Oui,Oui,Non,Non,Non,Jamais,Parfois,Toujours,Toujours,Non,Non,Oui,Oui,Non,Non,Non,Non,Non,Non,Non,Non,Non,Non,Non,Non,Non,Oui,Non,Non,oui,non,non,non,non,Non applicable,Toujours,Non,Non,Oui,Non,Non,Non,Non,Non,Non,Non,Non,Non,Non,Non,Oui,Non,Non,2a5,Oui,Oui,Oui,Non,Non,Non,Non,Non,Non,Non,Oui,LinuxUnix,Non,Non,Non,Non,Non,Non,Non,Non,Non,Oui,Non,Non,Non,Non,Non,Non,Non,Non,Non,Non,Oui,Non,Non,Non,Non,Non,Non,Non,Non,Non,Oui,Non,Oui,Oui,Non,Oui,Non,Non,Non,Non,NA,NA,Non,Non,Non,Non,Non,Oui,Non,Non,Non,Non,Non,Non,Non,Oui,Non,Non,Non,Non,Oui,Non,Oui,Oui,Non,Non,Cinq à dix ans,organisme,Non,Oui,Non,Non,Non,CDD,Non,Oui,Non,Non,Non,Non,Non,Non,Non,ST,1.4,autre,Un homme
855,Non,Non,Non,Non,Non,Oui,Non,Non,Non,Oui,Non,Non,Non,Oui,Oui,Non,Non,Non,Non,Non,Non,Oui,Non,Non,Non,Oui,Non,Non,Assez,Oui,Non,Oui,Oui,Non,Non,Oui,moins,NA,plus,NA,moins,NA,moins,NA,moins,moins,NA,NA,NA,NA,Non,Non,Oui,Non,Oui,Oui,Oui,Non,Oui,Non,Non,Oui,Non,Oui,Non,Souvent,NA,Parfois,NA,Non,Non,Non,Non,Oui,Non,Oui,Non,Oui,Non,Non,Non,Oui,Oui,Non,Non,Non,Non,Non,Non,oui,non,non,oui,non,Je ne sais pas,Parfois,Oui,Oui,Oui,Oui,Oui,Oui,Oui,Non,Non,Oui,Non,Non,Non,Non,Non,Non,Non,2a5,Oui,Oui,Non,Non,Non,Non,Non,Non,Non,Non,Non,Windows,Oui,Non,Non,Non,Non,Oui,Non,Oui,Non,Non,Oui,Non,Non,Non,Non,Non,Non,Non,Non,Non,Non,Non,Non,Non,Non,Non,Non,Non,Oui,Non,Non,Non,Non,Oui,Oui,Non,Non,Non,Non,Oui,NA,NA,Oui,Oui,Non,Non,Oui,Non,Non,Non,Oui,Non,Non,Non,Non,Oui,Oui,Non,Oui,Non,Non,Non,Oui,Oui,Non,Non,Plus de dix ans,CNRS,Oui,Non,Non,Non,Non,fonct,Non,Oui,Non,Non,Non,Non,Non,Non,Non,ST,1.4,autre,Une femme
491,Non,Non,Non,Oui,Non,Oui,Oui,Oui,Non,Non,Oui,Non,Non,Oui,Oui,Non,Oui,Non,Non,Non,Non,Oui,Non,Non,Non,Oui,Non,Oui,Tout à fait,Non,Non,Oui,Oui,Oui,Non,Non,NA,NA,NA,moins,moins,moins,NA,NA,NA,NA,NA,moins,moins,moins,Oui,Non,Non,Non,Non,Non,Non,Non,Oui,Non,Oui,Oui,Non,Non,Non,NA,NA,NA,Toujours,Non,Non,Non,Non,Non,Oui,Non,Non,Non,Non,Non,Non,Oui,Non,Non,Non,Oui,Non,Non,Non,oui,oui,non,oui,oui,Non applicable,Parfois,Non,Oui,Oui,Oui,Oui,Oui,Non,Non,Non,Non,Non,Non,Oui,Non,Non,Non,Non,2a5,Oui,Oui,Oui,Non,Non,Non,Non,Non,Non,Non,Non,MacOS,Oui,Non,Non,Non,Non,Non,Non,Oui,Oui,Non,NA,NA,NA,NA,NA,NA,NA,NA,NA,NA,NA,NA,NA,NA,NA,NA,NA,NA,NA,NA,NA,Non,Non,Oui,Oui,Oui,Non,Non,Non,Non applicable,NA,NA,Oui,Oui,Non,Non,Non,Oui,Oui,Non,Oui,Non,Non,Non,Non,Non,Non,Non,Oui,Non,Non,Non,Non,Non,Oui,Non,Plus de dix ans,CNRS,Non,Non,Oui,Non,Non,fonct,Non,Oui,Non,Non,Non,Non,Non,Non,Non,ST,1.4,autre,Une femme
852,Non,Non,Oui,Non,Oui,Oui,Non,Non,Non,Non,Non,Non,Non,Oui,Non,Non,Non,Non,Non,Non,Non,Oui,Oui,Non,Oui,Non,Non,Non,Tout à fait,Oui,Non,Oui,Oui,Oui,Non,Oui,moins,moins,moins,moins,moins,moins,moins,moins,NA,NA,moins,moins,NA,moins,Non,Non,Non,Non,Oui,Oui,Non,Non,Oui,Non,Non,Oui,Non,Oui,Non,NA,NA,NA,NA,Non,Oui,Non,Non,Non,Non,Non,Non,Non,Non,Non,Non,Non,Non,Non,Non,Non,Oui,Non,Non,oui,oui,oui,non,non,Oui,Jamais,Non,Oui,Oui,Non,Oui,Non,Non,Non,Non,Non,Non,Non,Non,Non,Oui,Non,Non,seule,NA,NA,NA,NA,NA,NA,NA,NA,NA,NA,NA,Windows,Non,Non,Non,Non,Non,Non,Non,Oui,Non,Non,Non,Non,Oui,Non,Non,Non,Oui,Non,Oui,Non,Non,Non,Non,Non,Non,Non,Non,Non,Oui,Non,Non,Non,Non,Non,Oui,Oui,Non,Non,Non,Oui,Parfois,plutotsat,Non,Non,Oui,Non,Non,Non,Non,Non,Non,Oui,Non,Non,Oui,Non,Oui,Non,Oui,Oui,Non,Oui,Oui,Oui,Oui,Non,Moins de cinq ans,autre,Non,Oui,Non,Non,Non,CDD,Non,Oui,Non,Non,Non,Non,Non,Non,Non,ST,1.4,autre,Un homme
758,Non,Non,Non,Oui,Non,Oui,Oui,Non,Non,Oui,Non,Non,Oui,Oui,Oui,Non,Oui,Oui,Non,Non,Non,Non,Non,Non,Non,Non,Non,Oui,Peu,Non,Non,Oui,Oui,Non,Non,Non,NA,NA,NA,NA,moins,plus,moins,moins,NA,NA,NA,moins,NA,moins,Non,Non,Oui,Non,Oui,Oui,Oui,Non,Oui,Oui,Non,Non,Oui,Oui,Non,Parfois,Jamais,Parfois,Jamais,Oui,Non,Non,Non,Non,Non,Non,Oui,Non,Non,Non,Non,Oui,Non,Non,Non,Non,Oui,Non,Non,oui,non,non,oui,non,Oui,Souvent,Non,Non,Oui,Oui,Non,Oui,Non,Oui,Oui,Non,Oui,Non,Non,Non,Non,Non,Non,2a5,Oui,Oui,Non,Non,Non,Non,Oui,Non,Non,Non,Non,Windows,Oui,Non,Non,Non,Non,Non,Non,Oui,Non,Non,Non,Oui,Non,Non,Non,Non,Non,Non,Non,Oui,Non,Oui,Non,Non,Non,Oui,Non,Non,Oui,Non,Non,Non,Non,Oui,Non,Oui,Non,Non,Non,Oui,Parfois,tressat,Oui,Oui,Non,Non,Oui,Non,Non,Non,Non,Non,Non,Oui,Non,Non,Oui,Non,Non,Non,Oui,Non,Non,Non,Oui,Non,Plus de dix ans,autre,Oui,Non,Non,Non,Non,CDI,Non,Oui,Non,Non,Non,Non,Non,Non,Non,ST,1.4,autre,Un homme
694,Non,Non,Non,Non,Oui,Oui,Non,Oui,Non,Non,Non,Oui,Non,Oui,Oui,Non,Oui,Oui,Non,Non,Non,Non,Non,Non,Oui,Oui,Oui,Non,Assez,Non,Non,Oui,Oui,Non,Non,Non,moins,NA,NA,NA,NA,plus,plus,moins,NA,NA,NA,NA,plus,NA,Non,Oui,Oui,Non,Oui,Oui,Oui,Non,Oui,Non,Non,Oui,Oui,Oui,Non,Toujours,NA,Parfois,NA,Non,Non,Non,Non,Oui,Non,Oui,Non,Oui,Non,Non,Non,Oui,Non,Non,Non,Non,Oui,Non,Non,non,non,oui,oui,non,Non,Souvent,Non,Non,Non,Non,Oui,Oui,Non,Non,Oui,Oui,Non,Non,Non,Non,Non,Non,Non,2a5,Oui,Non,Non,Non,Non,Non,Non,Non,Non,Non,Oui,Windows,Non,Non,Non,Non,Non,Non,Non,Oui,Non,Non,Oui,Non,Non,Non,Non,Non,Non,Non,Non,Non,Non,Non,Non,Non,Non,Non,Non,Non,Oui,Non,Non,Non,Non,Oui,Oui,Oui,Non,Non,Non,Oui,Jamais,nini,Oui,Non,Non,Non,Non,Non,Non,Non,Non,Oui,Non,Non,Non,Non,Non,Non,Non,Non,Non,Non,Non,Non,Oui,Non,Plus de dix ans,CNRS,Oui,Non,Non,Non,Non,fonct,Non,Oui,Non,Non,Non,Non,Non,Non,Non,ST,1.4,autre,Un homme
972,Non,Non,Non,Non,Oui,Oui,Oui,Oui,Non,Non,Non,Non,Non,Oui,Oui,Non,Non,Non,Non,Oui,Non,Non,Non,Non,Oui,Oui,Non,Non,Assez,Non,Non,Oui,Oui,Oui,Non,Oui,moins,NA,NA,moins,moins,moins,moins,moins,moins,moins,moins,moins,moins,moins,Non,Non,Oui,Non,Non,Non,Oui,Non,Oui,Non,Oui,Oui,Oui,Oui,Non,Souvent,Souvent,Parfois,Toujours,Oui,Non,Oui,Non,Non,Non,Non,Oui,Non,Oui,Non,Non,Oui,Oui,Non,Non,Non,Oui,Non,Non,oui,non,non,oui,non,Oui,Toujours,Oui,Oui,Oui,Oui,Oui,Non,Non,Oui,Non,Non,Non,Oui,Oui,Non,Oui,Non,Non,11plus,Oui,Oui,Non,Non,Non,Non,Non,Non,Non,Non,Oui,LinuxUnix,Oui,Non,Non,Non,Non,Oui,Oui,Oui,Non,Non,Non,Non,Non,Non,Non,Non,Oui,Non,Non,Non,Non,Non,Oui,Non,Non,Non,Non,Non,Oui,Non,Non,Non,Non,Oui,Oui,Oui,Oui,Non,Non,Non,NA,NA,Non,Oui,Non,Non,Non,Non,Non,Non,Oui,Non,Non,Non,Non,Non,Non,Non,Non,Non,Non,Non,Non,Non,Non,Non,Plus de dix ans,Université,Oui,Non,Non,Non,Non,fonct,Non,Oui,Non,Non,Non,Non,Non,Non,Non,ST,1.4,linguistique,Une femme
1074,Non,Non,Non,Non,Non,Oui,Non,Non,Non,Non,Non,Non,Non,Oui,Oui,Non,Oui,Non,Non,Non,Non,Non,Non,Non,Non,Non,Non,Oui,Assez,Oui,Non,Oui,Non,Non,Non,Non,NA,NA,NA,NA,NA,NA,NA,NA,NA,NA,NA,NA,NA,moins,Non,Non,Non,Non,Non,Non,Oui,Non,Non,Non,Non,Non,Non,Oui,Oui,Parfois,NA,NA,NA,Non,Non,Non,Non,Oui,Non,Non,Oui,Oui,Non,Non,Non,Non,Non,Non,Non,Non,Non,Non,Non,oui,non,non,oui,non,Je ne sais pas,Jamais,Non,Oui,Oui,Oui,Oui,Non,Non,Non,Non,Non,Oui,Non,Non,Non,Non,Non,Non,seule,NA,NA,NA,NA,NA,NA,NA,NA,NA,NA,NA,Windows,Non,Non,Non,Non,Non,Non,Non,Non,Non,Oui,Non,Non,Non,Non,Non,Non,Non,Non,Non,Non,Oui,Non,Non,Non,Non,Non,Non,Non,Non,Non,Oui,Oui,Non,Oui,Oui,Non,Non,Non,Non,Oui,NA,NA,Non,Oui,Non,Non,Non,Non,Non,Non,Non,Non,Non,Non,Non,Non,Non,Oui,Non,Non,Non,Non,Non,Non,Non,Oui,Plus de dix ans,autre,Non,Non,Non,Non,Oui,CDI,Non,Oui,Non,Non,Non,Non,Non,Non,Non,ST,1.4,NA,Autre
779,Oui,Non,Oui,Non,Oui,Oui,Non,Oui,Non,Oui,Non,Non,Oui,Non,Oui,Oui,Oui,Oui,Non,Oui,Non,Oui,Oui,Non,Oui,Oui,Non,Oui,Tout à fait,Oui,Oui,Oui,Non,Oui,Non,Oui,moins,NA,NA,moins,moins,moins,NA,moins,NA,moins,moins,moins,moins,moins,Oui,Non,Oui,Non,Oui,Non,Oui,Non,Oui,Non,Oui,Oui,Oui,Oui,Non,Souvent,Souvent,Parfois,Parfois,Non,Oui,Oui,Oui,Non,Non,Non,Oui,Non,Oui,Oui,Non,Oui,Non,Oui,Non,Oui,Oui,Non,Non,oui,oui,non,non,oui,Je ne sais pas,Parfois,Non,Oui,Oui,Non,Non,Non,Non,Oui,Non,Oui,Oui,Oui,Oui,Non,Oui,Non,Non,2a5,Oui,Oui,Oui,Oui,Non,Non,Non,Non,Non,Non,Non,LinuxUnix,Non,Non,Non,Oui,Non,Oui,Non,Oui,Oui,Non,NA,NA,NA,NA,NA,NA,NA,NA,NA,NA,NA,NA,NA,NA,NA,NA,NA,NA,NA,NA,NA,Non,Non,Oui,Oui,Oui,Oui,Oui,Non,Oui,Parfois,NA,Oui,Non,Non,Non,Non,Oui,Oui,Non,Non,Non,Non,Non,Non,Non,Non,Oui,Non,Non,Oui,Oui,Oui,Non,Non,Non,Plus de dix ans,autre,Non,Non,Oui,Non,Oui,fonct,Non,Oui,Non,Non,Non,Non,Non,Non,Non,ST,1.4,NA,Un homme
959,Oui,Non,Oui,Oui,Non,Oui,Oui,Oui,Oui,Oui,Non,Oui,Oui,Oui,Oui,Non,Oui,Oui,Oui,Oui,Non,Non,Oui,Oui,Oui,Non,Non,Oui,Tout à fait,Oui,Non,Oui,Oui,Oui,Non,Non,NA,NA,NA,NA,NA,NA,NA,NA,NA,NA,NA,NA,NA,NA,Oui,Non,Oui,Oui,Oui,Oui,Oui,Oui,Oui,Oui,Oui,Oui,Oui,Oui,Oui,Parfois,Parfois,Jamais,Parfois,Oui,Oui,Oui,Oui,Non,Non,Oui,Non,Oui,Oui,Non,Non,Non,Non,Oui,Oui,Oui,Oui,Non,Non,oui,non,non,oui,non,Oui,Parfois,Non,Oui,Oui,Oui,Oui,Non,Non,Oui,Non,Oui,Oui,Oui,Oui,Oui,Non,Non,Non,6a10,Oui,Oui,Oui,Oui,Oui,Oui,Oui,Oui,Oui,Oui,Non,Windows,Oui,Non,Oui,Oui,Oui,Oui,Oui,Oui,Oui,Non,NA,NA,NA,NA,NA,NA,NA,NA,NA,NA,NA,NA,NA,NA,NA,NA,NA,NA,NA,NA,NA,Oui,Oui,Oui,Oui,Oui,Non,Oui,Non,Oui,Souvent,plutotsat,Non,Non,Oui,Oui,Non,Non,Non,Non,Non,Non,Non,Oui,Oui,Non,Non,Non,Oui,Non,Non,Non,Oui,Oui,Oui,Non,Plus de dix ans,NA,Non,Non,Non,Oui,Non,CDD,Non,Oui,Non,Non,Non,Non,Non,Non,Non,ST,1.4,NA,Une femme
684,Non,Non,Non,Non,Oui,Oui,Non,Non,Non,Oui,Non,Non,Oui,Oui,Oui,Oui,Non,Non,Non,Oui,Non,Non,Non,Non,Oui,Non,Oui,Non,Tout à fait,Non,Non,Oui,Oui,Oui,Non,Oui,moins,NA,NA,NA,moins,plus,plus,moins,NA,NA,moins,NA,NA,NA,Non,Oui,Oui,Non,Oui,Non,Non,Non,Oui,Oui,Non,Oui,Non,Non,Non,Souvent,Souvent,Parfois,Jamais,Non,Non,Oui,Non,Non,Non,Non,Oui,Non,Oui,Non,Non,Non,Non,Non,Non,Non,Oui,Non,Non,non,non,non,oui,non,Oui,Parfois,Non,Oui,Oui,Oui,Oui,Non,Non,Oui,Non,Oui,Oui,Non,Non,Non,Non,Non,Non,2a5,Oui,Oui,Non,Non,Non,Non,Non,Non,Non,Non,Non,LinuxUnix,Oui,Non,Non,Oui,Non,Non,Non,Oui,Non,Non,Oui,Oui,Non,Non,Non,Non,Non,Non,Non,Non,Non,Oui,Non,Non,Non,Non,Non,Non,Oui,Non,Non,Non,Non,Oui,Non,Oui,Non,Non,Non,Oui,Parfois,nini,Non,Non,Oui,Non,Non,Non,Non,Non,Non,Oui,Non,Non,Non,Non,Non,Non,Non,Non,Non,Non,Non,Non,Non,Oui,Moins de cinq ans,organisme,Non,Oui,Non,Non,Non,doct,Non,Oui,Non,Oui,Non,Non,Non,Non,Non,ST,1.4,autre,Un homme
672,Non,Non,Non,Non,Oui,Non,Non,Non,Non,Non,Non,Non,Oui,Oui,Non,Non,Non,Non,Non,Non,Non,Non,Non,Non,Oui,Non,Non,Non,Assez,Oui,Oui,Oui,Oui,Oui,Non,Non,moins,moins,moins,moins,moins,moins,moins,moins,moins,moins,moins,moins,moins,moins,Non,Non,Oui,Non,Oui,Oui,Non,Non,Oui,Non,Non,Oui,Non,Oui,Non,Souvent,Jamais,Parfois,Jamais,Non,Non,Non,Non,Oui,Non,Non,Non,Oui,Non,Non,Non,Oui,Non,Non,Non,Non,Non,Non,Non,non,non,non,non,non,Oui,Parfois,Non,Oui,Oui,Non,Non,Non,Oui,Non,Non,Non,Oui,Non,Non,Non,Non,Non,Non,2a5,Oui,Oui,Non,Non,Non,Non,Non,Non,Non,Non,Non,LinuxUnix,Non,Non,Non,Non,Non,Non,Non,Oui,Non,Non,Oui,Non,Non,Non,Non,Non,Non,Non,Non,Non,Non,Non,Oui,Non,Non,Non,Non,Non,Oui,Non,Non,Non,Non,Oui,Non,Non,Non,Non,Non,Non applicable,NA,NA,Non,Non,Non,Non,Non,Non,Non,Oui,Non,Non,Non,Non,Non,Non,Non,Oui,Non,Non,Non,Non,Non,Non,Non,Oui,Plus de dix ans,CNRS,Oui,Non,Non,Non,Non,CDI,Non,Oui,Non,Oui,Non,Non,Non,Non,Non,ST,1.4,autre,Un homme
968,Non,Non,Non,Non,Oui,Oui,Non,Non,Oui,Non,Non,Oui,Oui,Oui,Oui,Non,Oui,Oui,Non,Non,Non,Non,Non,Non,Oui,Non,Oui,Non,Assez,Non,Oui,Oui,Non,Oui,Non,Non,moins,NA,NA,moins,moins,moins,moins,moins,NA,moins,moins,NA,NA,NA,Oui,Oui,Non,Non,Non,Non,Non,Non,Oui,Non,Non,Oui,Oui,Oui,Non,Jamais,Jamais,Jamais,Jamais,Non,Non,Non,Non,Oui,Non,Non,Non,Non,Non,Non,Non,Non,Non,Non,Non,Non,Non,Non,Oui,oui,non,non,non,non,Non,Parfois,Non,Oui,Oui,Non,Oui,Non,Non,Oui,Oui,Non,Non,Non,Non,Non,Non,Non,Non,2a5,Oui,Oui,Non,Non,Non,Non,Non,Non,Non,Non,Non,LinuxUnix,Oui,Non,Non,Non,Non,Non,Oui,Oui,Non,Non,Oui,Oui,Non,Non,Non,Non,Non,Non,Non,Non,Non,Non,Oui,Non,Non,Oui,Non,Oui,Oui,Oui,Non,Non,Non,Oui,Non,Oui,Non,Non,Non,Oui,Parfois,plutotsat,Non,Non,Non,Non,Non,Non,Non,Oui,Non,Oui,Non,Non,Non,Non,Non,Non,Oui,Non,Non,Non,Oui,Oui,Non,Non,Plus de dix ans,organisme,Oui,Non,Non,Non,Non,fonct,Non,Oui,Non,Oui,Non,Non,Non,Non,Non,ST,1.4,autre,Un homme
995,Non,Non,Non,Non,Oui,Oui,Non,Non,Non,Non,Non,Non,Oui,Oui,Non,Non,Oui,Non,Non,Non,Non,Non,Non,Non,Oui,Non,Non,Non,Peu,Non,Oui,Non,Non,Oui,Non,Oui,NA,NA,NA,moins,NA,plus,moins,moins,NA,moins,moins,moins,NA,NA,Non,Non,Non,Non,Oui,Non,Oui,Non,Non,Non,Non,Oui,Non,Non,Non,Parfois,Parfois,Parfois,Parfois,Oui,Non,Non,Non,Oui,Non,Non,Non,Non,Non,Non,Oui,Non,Non,Oui,Non,Non,Non,Non,Non,oui,oui,non,oui,non,Oui,Parfois,Non,Oui,Oui,Non,Non,Non,Non,Oui,Oui,Non,Non,Non,Non,Non,Non,Non,Non,2a5,Oui,Oui,Non,Non,Non,Non,Non,Non,Non,Non,Non,Windows,Non,Non,Non,Non,Non,Non,Non,Oui,Non,Non,Non,Oui,Non,Non,Non,Non,Oui,Non,Non,Non,Non,Non,Non,Non,Non,Non,Non,Non,Oui,Non,Non,Non,Non,Oui,Non,Non,Non,Non,Non,Oui,Jamais,nini,Non,Oui,Non,Oui,Non,Non,Non,Non,Non,Non,Non,Oui,Oui,Oui,Non,Non,Non,Non,Oui,Non,Oui,Non,Oui,Non,Plus de dix ans,autre,Oui,Non,Non,Non,Non,fonct,Non,Oui,Non,Oui,Non,Non,Non,Non,Non,ST,1.4,autre,Une femme
1028,Oui,Non,Non,Non,Non,Oui,Non,Non,Oui,Non,Oui,Oui,Non,Non,Oui,Non,Non,Non,Non,Oui,Non,Non,Non,Oui,Non,Non,Non,Oui,Tout à fait,Oui,Non,Oui,Oui,Non,Non,Oui,plus,moins,moins,NA,NA,moins,NA,moins,NA,moins,NA,moins,NA,moins,Non,Oui,Oui,Oui,Non,Oui,Oui,Oui,Non,Non,Non,Non,Oui,Oui,Oui,Parfois,Parfois,Parfois,Parfois,Oui,Non,Non,Oui,Non,Non,Non,Oui,Oui,Oui,Non,Non,Non,Non,Non,Non,Non,Non,Non,Non,oui,non,non,non,oui,Je ne sais pas,Je ne sais pas,Non,Non,Non,Non,Oui,Oui,Non,Oui,Non,Non,Oui,Non,Non,Non,Non,Non,Non,2a5,Oui,Oui,Oui,Non,Non,Non,Non,Non,Non,Non,Oui,Windows,Oui,Oui,Non,Non,Non,Non,Non,Non,Non,Non,Non,Oui,Non,Non,Non,Non,Oui,Non,Non,Non,Non,Non,Non,Non,Non,Non,Non,Non,Oui,Non,Non,Oui,Non,Oui,Non,Non,Non,Non,Non,Non,NA,NA,Oui,Oui,Non,Non,Non,Non,Non,Non,Non,Non,Non,Oui,Non,Non,Oui,Non,Oui,Oui,Oui,Oui,Oui,Oui,Non,Non,Plus de dix ans,autre,Non,Non,Oui,Non,Non,fonct,Non,Non,Non,Non,Non,Non,Non,Non,Oui,ST,1.4,autre,Une femme
1020,Oui,Non,Non,Non,Oui,Oui,Non,Oui,Oui,Non,Oui,Oui,Oui,Oui,Oui,Non,Oui,Non,Non,Oui,Oui,Non,Non,Oui,Oui,Non,Non,Non,Tout à fait,Oui,Non,Oui,Oui,Non,Non,Oui,moins,NA,NA,NA,NA,moins,moins,NA,NA,moins,moins,NA,NA,moins,Non,Oui,Non,Non,Non,Oui,Non,Non,Oui,Non,Non,Non,Oui,Oui,Oui,Souvent,Parfois,Jamais,Jamais,Non,Non,Non,Non,Oui,Non,Non,Oui,Non,Oui,Non,Non,Non,Non,Non,Non,Non,Non,Non,Non,oui,oui,non,non,non,Oui,Parfois,Non,Non,Non,Non,Oui,Non,Non,Oui,Oui,Non,Oui,Non,Non,Non,Non,Oui,Non,2a5,Oui,Oui,Oui,Non,Non,Non,Non,Non,Oui,Oui,Non,Windows,Oui,Oui,Non,Oui,Non,Oui,Non,Non,Non,Non,Oui,Oui,Oui,Non,Non,Oui,Oui,Oui,Oui,Non,Non,Oui,Oui,Oui,Oui,Non,Oui,Non,Non,Non,Non,Non,Non,Oui,Oui,Non,Non,Non,Non,Oui,Parfois,plutotsat,Non,Non,Oui,Non,Non,Oui,Non,Non,Oui,Oui,Non,Oui,Oui,Non,Non,Non,Oui,Non,Oui,Non,Non,Oui,Non,Non,Plus de dix ans,Université,Oui,Non,Non,Non,Non,fonct,Non,Non,Non,Non,Non,Non,Non,Non,Oui,ST,1.4,autre,Une femme
1018,Oui,Non,Non,Oui,Non,Oui,Non,Oui,Non,Oui,Non,Non,Non,Non,Non,Non,Non,Non,Non,Oui,Oui,Non,Non,Non,Oui,Non,Non,Non,Assez,Non,Non,Oui,Non,Non,Non,Non,moins,moins,NA,moins,moins,moins,NA,moins,NA,NA,NA,NA,moins,NA,Non,Oui,Non,Non,Non,Oui,Oui,Oui,Oui,Oui,Non,Non,Oui,Oui,Oui,Jamais,Jamais,Jamais,Jamais,Non,Non,Oui,Non,Non,Non,Oui,Oui,Oui,Non,Non,Non,Non,Non,Non,Non,Non,Non,Non,Non,non,oui,oui,non,non,Oui,Souvent,Non,Non,Oui,Non,Oui,Non,Non,Oui,Oui,Non,Non,Non,Non,Non,Non,Non,Non,2a5,Oui,Non,Non,Non,Non,Non,Non,Non,Non,Non,Non,Windows,Oui,Non,Non,Non,Non,Non,Non,Non,Non,Non,Non,Oui,Non,Non,Non,Non,Non,Non,Non,Non,Non,Oui,Non,Oui,Non,Non,Non,Non,Non,Non,Non,Oui,Non,Oui,Non,Non,Non,Non,Non,Non,NA,NA,Non,Non,Non,Non,Non,Non,Non,Oui,Non,Non,Non,Oui,Non,Non,Oui,Non,Oui,Non,Non,Non,Non,Non,Non,Non,Moins de cinq ans,autre,Oui,Non,Non,Non,Non,fonct,Non,Non,Non,Non,Non,Non,Non,Non,Oui,ST,1.4,autre,Une femme
974,Oui,Non,Non,Non,Oui,Non,Non,Non,Non,Non,Non,Oui,Non,Oui,Oui,Non,Oui,Non,Non,Oui,Oui,Non,Oui,Non,Non,Oui,Non,Oui,Assez,Oui,Non,Oui,Non,Non,Non,Oui,moins,moins,moins,moins,moins,moins,moins,moins,moins,moins,moins,moins,moins,moins,Non,Oui,Non,Non,Oui,Non,Non,Non,Oui,Oui,Non,Oui,Oui,Oui,Oui,Souvent,Parfois,Jamais,Parfois,Non,Non,Oui,Oui,Non,Non,Oui,Oui,Oui,Oui,Non,Non,Non,Non,Non,Oui,Non,Oui,Non,Non,oui,non,oui,oui,oui,Oui,Parfois,Non,Oui,Oui,Oui,Non,Non,Non,Non,Oui,Oui,Non,Non,Non,Non,Non,Non,Non,6a10,Oui,Oui,Oui,Non,Non,Non,Non,Non,Non,Non,Non,LinuxUnix,Non,Non,Non,Non,Non,Non,Non,Oui,Non,Non,Oui,Non,Non,Oui,Non,Non,Non,Non,Oui,Non,Non,Non,Non,Non,Oui,Non,Non,Non,Oui,Non,Non,Oui,Non,Oui,Non,Non,Non,Non,Non,Oui,Parfois,plutotsat,Oui,Oui,Oui,Non,Non,Non,Non,Non,Non,Non,Non,Oui,Oui,Oui,Non,Non,Non,Non,Oui,Non,Non,Non,Non,Non,Plus de dix ans,CNRS,Oui,Non,Non,Non,Non,fonct,Non,Non,Non,Non,Non,Non,Non,Non,Oui,ST,1.4,autre,Un homme
757,Oui,Non,Non,Non,Oui,Oui,Non,Non,Non,Non,Oui,Oui,Non,Non,Non,Non,Oui,Oui,Non,Oui,Non,Non,Non,Non,Oui,Non,Non,Non,Tout à fait,Oui,Oui,Oui,Oui,Oui,Non,Oui,moins,NA,NA,NA,NA,moins,moins,moins,NA,moins,NA,NA,NA,NA,Non,Oui,Non,Non,Non,Non,Non,Non,Oui,Non,Non,Non,Oui,Non,Non,Jamais,Jamais,Parfois,Parfois,Non,Non,Non,Non,Oui,Non,Non,Non,Non,Non,Non,Non,Non,Non,Non,Oui,Non,Non,Non,Non,non,oui,non,oui,oui,Oui,Jamais,Non,Oui,Oui,Oui,Oui,Non,Non,Oui,Non,Non,Oui,Non,Non,Non,Non,Non,Non,6a10,Oui,Oui,Oui,Non,Non,Non,Non,Non,Non,Non,Non,LinuxUnix,Oui,Non,Non,Non,Non,Oui,Non,Oui,Non,Non,Oui,Non,Non,Non,Oui,Non,Non,Non,Non,Oui,Non,Non,Non,Non,Non,Non,Non,Non,Oui,Non,Non,Non,Oui,Non,Non,Oui,Oui,Non,Non,Oui,Toujours,tressat,Oui,Oui,Non,Non,Non,Non,Non,Non,Oui,Non,Non,Oui,Non,Oui,Oui,Non,Oui,Non,Oui,Non,Oui,Non,Non,Non,Plus de dix ans,Université,Oui,Non,Non,Non,Non,fonct,Non,Non,Non,Non,Non,Non,Non,Non,Oui,ST,1.4,autre,Un homme
908,Oui,Non,Non,Non,Oui,Oui,Non,Non,Non,Non,Oui,Oui,Non,Oui,Non,Non,Oui,Non,Non,Non,Oui,Non,Non,Oui,Oui,Non,Non,Non,Assez,Oui,Non,Oui,Non,Non,Non,Non,plus,NA,NA,NA,NA,moins,NA,NA,NA,moins,moins,NA,moins,moins,Non,Oui,Non,Non,Non,Oui,Non,Non,Oui,Non,Non,Non,Non,Oui,Oui,Toujours,Jamais,Jamais,Jamais,Non,Non,Non,Oui,Non,Non,Non,Oui,Non,Non,Non,Non,Non,Non,Oui,Non,Non,Non,Non,Non,oui,oui,oui,oui,non,Je ne sais pas,Parfois,Non,Oui,Non,Non,Non,Non,Non,Oui,Non,Oui,Non,Non,Non,Non,Non,Non,Non,2a5,Oui,Oui,Oui,Non,Non,Non,Non,Non,Non,Non,Non,Windows,Oui,Oui,Non,Non,Non,Oui,Non,Non,Non,Non,Non,Oui,Non,Non,Non,Non,Non,Non,Non,Non,Non,Oui,Non,Non,Non,Non,Non,Non,Oui,Non,Non,Oui,Non,Oui,Non,Non,Non,Non,Non,Oui,Parfois,NA,Non,Non,Non,Oui,Non,Non,Non,Non,Non,Non,Non,Oui,Non,Non,Non,Non,Oui,Non,Non,Non,Non,Oui,Oui,Non,Plus de dix ans,CNRS,Non,Non,Oui,Non,Oui,fonct,Non,Non,Non,Non,Non,Non,Non,Non,Oui,ST,1.4,autre,Une femme
379,Oui,Non,Non,Non,Non,Non,Non,Non,Non,Non,Non,Oui,Non,Non,Non,Non,Oui,Non,Non,Non,Non,Non,Oui,Non,Oui,Non,Non,Non,Assez,Non,Oui,Non,Oui,Non,Non,Non,plus,NA,NA,NA,NA,NA,plus,plus,NA,moins,plus,moins,plus,plus,Non,Oui,Oui,Non,Oui,Oui,Oui,Non,Oui,Non,Oui,Oui,Oui,Oui,Oui,Toujours,Parfois,Souvent,Souvent,Oui,Non,Oui,Non,Non,Non,Non,Non,Oui,Oui,Non,Oui,Oui,Oui,Oui,Oui,Non,Oui,Non,Non,oui,oui,non,oui,non,Non,Parfois,Non,Oui,Oui,Non,Non,Non,Oui,Oui,Non,Oui,Oui,Oui,Non,Non,Oui,Non,Non,2a5,Oui,Oui,Oui,Non,Non,Non,Non,Non,Non,Non,Non,MacOS,Oui,Non,Oui,Non,Non,Non,Non,Oui,Non,Non,Oui,Oui,Oui,Non,Oui,Non,Oui,Oui,Oui,Non,Non,Oui,Oui,Oui,Oui,Oui,Non,Non,Oui,Non,Non,Non,Non,Oui,Oui,Oui,Non,Non,Non,Oui,Parfois,nini,Oui,Non,Oui,Non,Non,Non,Non,Non,Non,Non,Non,Oui,Oui,Non,Non,Non,Oui,Oui,Oui,Oui,Non,Non,Non,Non,Plus de dix ans,CNRS,Oui,Non,Non,Non,Non,fonct,Non,Non,Non,Non,Non,Non,Non,Non,Oui,ST,1.4,autre,Un homme
997,Oui,Non,Non,Non,Oui,Oui,Non,Non,Non,Non,Non,Oui,Non,Non,Non,Non,Non,Non,Non,Non,Oui,Non,Non,Non,Non,Non,Non,Non,Tout à fait,Oui,Oui,Oui,Non,Non,Non,Non,moins,NA,NA,moins,moins,moins,NA,NA,NA,moins,moins,NA,NA,moins,Non,Oui,Non,Non,Oui,Oui,Non,Non,Oui,Non,Non,Non,Oui,Oui,Oui,Parfois,Jamais,Jamais,Jamais,Non,Non,Oui,Non,Non,Non,Non,Non,Non,Non,Non,Oui,Oui,Non,Non,Non,Non,Non,Non,Non,oui,oui,non,oui,non,Je ne sais pas,Parfois,Non,Non,Non,Non,Oui,Non,Non,Non,Non,Oui,Non,Non,Non,Non,Non,Non,Non,6a10,Oui,Oui,Oui,Non,Non,Non,Non,Non,Non,Non,Oui,Windows,Oui,Non,Non,Non,Non,Non,Non,Non,Non,Non,Non,Non,Non,Oui,Non,Non,Non,Non,Non,Non,Non,Oui,Non,Non,Non,Non,Non,Non,Non,Non,Non,Non,Non,Oui,Non,Non,Non,Non,Non,Oui,Parfois,plutotsat,Oui,Non,Non,Non,Non,Non,Non,Non,Non,Non,Non,Oui,Oui,Non,Oui,Non,Oui,Non,Non,Non,Oui,Non,Non,Non,Plus de dix ans,CNRS,Oui,Non,Non,Non,Non,fonct,Non,Non,Non,Non,Non,Non,Non,Non,Oui,ST,1.4,chimie,Un homme
1101,Oui,Non,Non,Non,Non,Non,Non,Non,Non,Non,Non,Oui,Non,Non,Oui,Non,Oui,Non,Non,Oui,Non,Non,Non,Non,Non,Non,Non,Oui,Tout à fait,Oui,Oui,Non,Non,Oui,Non,Oui,plus,NA,moins,NA,NA,plus,NA,plus,plus,moins,moins,moins,plus,moins,Non,Oui,Oui,Oui,Oui,Oui,Non,Non,Oui,Non,Non,Non,Oui,Oui,Oui,Souvent,Toujours,NA,NA,Non,Non,Non,Non,Non,Oui,Oui,Oui,Oui,Oui,Non,Non,Oui,Non,Non,Non,Non,Non,Non,Non,oui,oui,oui,oui,non,Non,Souvent,Non,Oui,Non,Non,Non,Non,Non,Oui,Non,Oui,Non,Non,Non,Non,Non,Oui,Non,6a10,Oui,Oui,Oui,Oui,Non,Non,Non,Non,Non,Non,Non,Windows,Oui,Non,Non,Non,Non,Non,Non,Non,Non,Non,Non,Oui,Non,Non,Non,Non,Non,Non,Non,Non,Non,Oui,Non,Non,Non,Non,Non,Non,Oui,Oui,Non,Non,Oui,Oui,Non,Non,Non,Non,Non,Oui,Souvent,plutotsat,Non,Oui,Non,Non,Non,Non,Non,Non,Non,Non,Non,Oui,Oui,Non,Non,Non,Non,Non,Non,Non,Non,Non,Oui,Non,Plus de dix ans,autre,Non,Non,Oui,Non,Non,fonct,Non,Non,Non,Non,Non,Non,Non,Non,Oui,ST,1.4,chimie,Une femme
1088,Oui,Non,Non,Oui,Oui,Oui,Non,Oui,Oui,Non,Non,Oui,Non,Non,Oui,Non,Non,Non,Non,Oui,Oui,Non,Non,Non,Non,Non,Non,Non,Tout à fait,Oui,Non,Oui,Non,Non,Non,Oui,moins,NA,moins,moins,moins,plus,NA,NA,moins,moins,moins,NA,moins,moins,Non,Non,Oui,Oui,Oui,Oui,Oui,Oui,Oui,Non,Non,Non,Non,Oui,Oui,Parfois,NA,NA,NA,Oui,Non,Non,Non,Non,Non,Non,Non,Non,Non,Non,Non,Non,Non,Oui,Non,Non,Non,Non,Non,oui,non,non,non,oui,Je ne sais pas,Parfois,Oui,Oui,Oui,Oui,Oui,Oui,Non,Non,Oui,Oui,Non,Non,Non,Non,Non,Non,Non,2a5,Oui,Non,Oui,Non,Non,Non,Non,Non,Non,Non,Non,Windows,Oui,Oui,Non,Non,Non,Non,Non,Non,Non,Non,Oui,Oui,Oui,Non,Non,Non,Oui,Non,Oui,Non,Non,Oui,Non,Oui,Non,Non,Oui,Non,Oui,Oui,Non,Oui,Non,Non,Non,Non,Non,Non,Non,Non,NA,NA,Non,Non,Non,Non,Non,Non,Non,Oui,Non,Oui,Non,Oui,Non,Oui,Oui,Non,Non,Non,Non,Non,Oui,Oui,Oui,Non,Moins de cinq ans,Université,Non,Oui,Non,Non,Non,doct,Non,Non,Non,Non,Non,Non,Non,Non,Oui,ST,1.4,chimie,Une femme
1174,Oui,Non,Non,Oui,Oui,Oui,Non,Oui,Non,Non,Oui,Oui,Non,Non,Oui,Non,Oui,Non,Non,Oui,Oui,Oui,Non,Oui,Non,Non,Non,Oui,Tout à fait,Oui,Oui,Oui,Non,Oui,Oui,Oui,moins,NA,NA,NA,NA,moins,NA,NA,NA,moins,moins,NA,NA,NA,Non,Non,Oui,Oui,Non,Oui,Oui,Non,Oui,Non,Non,Non,Non,Non,Non,Jamais,Jamais,Jamais,Jamais,Non,Non,Non,Non,Oui,Non,Non,Non,Non,Non,Non,Non,Non,Non,Non,Non,Non,Non,Oui,Non,oui,non,oui,oui,non,Je ne sais pas,Jamais,Oui,Non,Non,Non,Non,Non,Non,Oui,Non,Non,Non,Non,Non,Non,Non,Non,Non,2a5,Oui,Oui,Oui,Non,Non,Non,Non,Non,Non,Non,Non,Windows,Oui,Non,Non,Non,Non,Non,Non,Non,Non,Non,Oui,Non,Non,Non,Non,Non,Non,Non,Non,Non,Non,Oui,Non,Non,Non,Non,Non,Non,Non,Non,Non,Non,Non,Oui,Non,Non,Non,Non,Non,Oui,Parfois,nini,Non,Oui,Non,Non,Non,Non,Non,Non,Non,Non,Non,Oui,Non,Non,Non,Non,Oui,Non,Oui,Non,Non,Non,Oui,Non,Plus de dix ans,CNRS,Oui,Non,Non,Non,Non,fonct,Non,Non,Non,Non,Non,Non,Non,Non,Oui,ST,1.4,chimie,Une femme
911,Oui,Non,Non,Non,Oui,Oui,Non,Non,Non,Non,Oui,Oui,Non,Oui,Oui,Non,Oui,Non,Non,Non,Oui,Non,Oui,Oui,Oui,Non,Non,Non,Assez,Non,Non,Non,Non,Non,Non,Non,moins,NA,NA,NA,NA,moins,NA,moins,NA,moins,moins,NA,NA,moins,Non,Oui,Non,Non,Non,Oui,Non,Non,Oui,Non,Non,Non,Non,Non,Non,Souvent,Jamais,Jamais,Jamais,Non,Non,Oui,Non,Non,Non,Oui,Oui,Oui,Non,Non,Non,Non,Non,Non,Non,Non,Non,Non,Non,non,non,oui,oui,non,Non,Parfois,Non,Non,Non,Non,Oui,Non,Non,Oui,Oui,Oui,Non,Non,Oui,Non,Non,Non,Non,6a10,Oui,Oui,Non,Non,Non,Non,Non,Non,Non,Non,Oui,Windows,Non,Oui,Non,Non,Non,Non,Non,Non,Non,Non,Oui,Oui,Oui,Non,Non,Non,Non,Non,Non,Non,Non,Oui,Oui,Non,Oui,Non,Non,Non,Non,Non,Non,Non,Non,Oui,Non,Non,Non,Non,Non,Non applicable,NA,NA,Non,Non,Non,Non,Non,Non,Non,Oui,Non,Non,Non,Non,Non,Non,Non,Oui,Non,Non,Non,Non,Non,Non,Non,Oui,Plus de dix ans,Université,Oui,Non,Non,Non,Non,fonct,Non,Non,Non,Non,Non,Non,Non,Non,Oui,ST,1.4,chimie,Un homme
879,Oui,Non,Oui,Non,Oui,Oui,Non,Oui,Oui,Oui,Non,Oui,Non,Non,Non,Non,Non,Non,Non,Non,Non,Non,Non,Non,Non,Non,Non,Oui,Tout à fait,Non,Oui,Oui,Oui,Non,Non,Non,plus,moins,moins,NA,NA,plus,moins,plus,plus,moins,moins,NA,moins,moins,Non,Oui,Non,Non,Non,Oui,Non,Non,Oui,Non,Non,Non,Non,Oui,Oui,Souvent,Souvent,Non applicable,Non applicable,Oui,Non,Oui,Non,Non,Non,Non,Oui,Non,Oui,Non,Oui,Non,Non,Oui,Non,Non,Non,Non,Non,oui,oui,non,non,oui,Oui,Souvent,Oui,Non,Non,Non,Non,Non,Non,Oui,Non,Non,Oui,Non,Non,Non,Non,Non,Non,2a5,Oui,Oui,Oui,Non,Non,Non,Non,Non,Non,Non,Non,Windows,Oui,Non,Non,Non,Non,Non,Non,Non,Non,Non,Non,Oui,Non,Non,Non,Non,Non,Non,Non,Non,Non,Oui,Non,Non,Oui,Non,Non,Non,Oui,Non,Non,Oui,Non,Oui,Non,Non,Non,Non,Non,Non,NA,NA,Oui,Oui,Non,Non,Non,Non,Non,Non,Oui,Non,Non,Non,Non,Oui,Non,Non,Oui,Non,Oui,Non,Non,Non,Non,Non,Plus de dix ans,Université,Oui,Non,Non,Non,Non,fonct,Non,Non,Non,Non,Non,Non,Non,Non,Oui,ST,1.4,chimie,Une femme
893,Oui,Non,Non,Oui,Oui,Oui,Non,Oui,Oui,Oui,Oui,Oui,Non,Oui,Oui,Non,Oui,Non,Non,Non,Oui,Non,Oui,Non,Oui,Non,Non,Non,Tout à fait,Oui,Oui,Oui,Oui,Non,Non,Oui,moins,moins,moins,NA,NA,moins,moins,plus,NA,moins,moins,moins,moins,moins,Non,Oui,Oui,Oui,Oui,Oui,Non,Oui,Oui,Non,Non,Non,Non,Oui,Oui,Souvent,Souvent,Jamais,Jamais,Non,Non,Oui,Non,Non,Non,Non,Non,Oui,Non,Non,Non,Non,Oui,Oui,Non,Non,Non,Non,Non,oui,oui,non,non,non,Oui,Souvent,Non,Non,Non,Oui,Oui,Non,Non,Oui,Oui,Oui,Oui,Non,Non,Oui,Non,Non,Non,6a10,Oui,Oui,Oui,Non,Non,Oui,Oui,Oui,Oui,Non,Non,Windows,Oui,Oui,Non,Non,Non,Oui,Non,Non,Non,Non,Oui,Oui,Non,Non,Non,Non,Non,Non,Non,Non,Non,Oui,Non,Oui,Oui,Non,Non,Non,Non,Non,Non,Oui,Non,Oui,Non,Non,Non,Non,Non,Oui,Souvent,tressat,Non,Non,Non,Non,Non,Non,Non,Oui,Non,Oui,Non,Oui,Oui,Non,Oui,Non,Oui,Non,Oui,Oui,Non,Oui,Oui,Non,Plus de dix ans,autre,Oui,Non,Non,Non,Non,fonct,Non,Non,Non,Non,Non,Non,Non,Non,Oui,ST,1.4,chimie,Une femme
790,Oui,Non,Non,Non,Non,Oui,Non,Non,Non,Oui,Oui,Non,Oui,Non,Non,Non,Non,Non,Non,Non,Oui,Oui,Non,Oui,Oui,Non,Non,Oui,Tout à fait,Non,Oui,Oui,Oui,Oui,Non,Oui,plus,NA,NA,NA,NA,plus,moins,plus,NA,NA,NA,NA,NA,NA,Non,Oui,Non,Non,Non,Oui,Non,Non,Oui,Non,Non,Non,Non,Oui,Oui,Souvent,Parfois,Parfois,NA,Non,Non,Non,Non,Oui,Non,Non,Non,Non,Non,Non,Non,Non,Non,Non,Non,Non,Non,Non,Oui,oui,oui,non,oui,non,Je ne sais pas,Jamais,Non,Oui,Oui,Oui,Oui,Non,Non,Oui,Oui,Non,Oui,Non,Non,Non,Non,Non,Non,11plus,Oui,Oui,Oui,Non,Non,Non,Non,Non,Non,Non,Oui,Windows,Oui,Oui,Oui,Non,Non,Oui,Non,Non,Non,Non,Oui,Oui,Non,Non,Non,Non,Non,Non,Oui,Oui,Non,Non,Non,Non,Oui,Non,Non,Non,Non,Non,Non,Oui,Non,Oui,Non,Non,Non,Non,Non,Non,NA,NA,Non,Non,Non,Non,Non,Non,Non,Oui,Non,Non,Oui,Oui,Oui,Non,Non,Non,Non,Non,Oui,Non,Oui,Non,Non,Non,Plus de dix ans,CNRS,Oui,Non,Non,Non,Non,fonct,Non,Non,Non,Non,Non,Non,Non,Non,Oui,ST,1.4,chimie,Un homme
1001,Oui,Non,Non,Oui,Oui,Oui,Non,Non,Oui,Non,Non,Oui,Non,Oui,Non,Non,Oui,Non,Non,Oui,Oui,Non,Non,Non,Oui,Non,Non,Non,Assez,Oui,Non,Oui,Oui,Non,Non,Oui,plus,NA,moins,moins,NA,plus,NA,moins,moins,moins,moins,NA,NA,NA,Non,Oui,Oui,Non,Non,Oui,Non,Non,Oui,Non,Non,Non,Oui,Non,Oui,Souvent,NA,Jamais,NA,Non,Non,Non,Non,Oui,Non,Oui,Non,Non,Non,Non,Non,Non,Non,Non,Non,Non,Non,Non,Non,oui,non,non,non,non,Je ne sais pas,Parfois,Oui,Oui,Non,Non,Oui,Non,Oui,Oui,Oui,Oui,Non,Non,Non,Non,Non,Non,Non,seule,NA,NA,NA,NA,NA,NA,NA,NA,NA,NA,NA,Windows,Non,Oui,Non,Non,Non,Non,Non,Non,Non,Non,Oui,Non,Non,Non,Non,Non,Non,Non,Non,Non,Non,Non,Non,Oui,Non,Non,Non,Non,Oui,Non,Non,Oui,Non,Oui,Non,Non,Non,Non,Oui,Non,NA,NA,Non,Non,Non,Non,Non,Non,Non,Oui,Oui,Non,Non,Non,Non,Oui,Oui,Non,Non,Non,Oui,Non,Non,Non,Non,Non,Moins de cinq ans,autre,Non,Oui,Non,Non,Non,doct,Non,Non,Non,Non,Non,Non,Non,Non,Oui,ST,1.4,autre,Un homme
898,Oui,Non,Non,Non,Non,Oui,Non,Oui,Oui,Oui,Non,Non,Non,Non,Non,Non,Non,Non,Non,Oui,Oui,Non,Non,Non,Non,Non,Non,Non,Assez,Non,Oui,Oui,Non,Non,Non,Non,moins,moins,moins,moins,moins,moins,moins,moins,moins,moins,moins,moins,moins,moins,Non,Oui,Non,Non,Non,Oui,Non,Non,Oui,Non,Non,Non,Non,Oui,Oui,Toujours,Jamais,Jamais,Jamais,Non,Non,Oui,Oui,Non,Non,Non,Non,Oui,Non,Non,Non,Non,Non,Non,Non,Non,Non,Non,Non,oui,oui,non,non,non,Je ne sais pas,Parfois,Non,Oui,Oui,Non,Oui,Oui,Non,Non,Oui,Non,Non,Non,Non,Non,Non,Non,Non,2a5,Oui,Non,Oui,Non,Non,Non,Non,Non,Non,Non,Non,Windows,Oui,Non,Non,Non,Non,Non,Non,Non,Non,Non,Oui,Non,Non,Non,Non,Non,Non,Non,Non,Non,Non,Non,Non,Non,Non,Non,Non,Non,Oui,Non,Non,Oui,Non,Non,Non,Non,Non,Non,Non,Non,NA,NA,Non,Non,Non,Non,Non,Non,Non,Oui,Non,Non,Oui,Oui,Non,Non,Non,Non,Non,Non,Non,Non,Non,Non,Non,Oui,Cinq à dix ans,NA,Non,Non,Oui,Non,Non,CDD,Non,Non,Non,Non,Non,Non,Non,Non,Oui,ST,1.4,NA,Autre
929,Oui,Non,Non,Non,Non,Non,Non,Oui,Oui,Oui,Oui,Oui,Oui,Oui,Oui,Non,Oui,Oui,Oui,Oui,Oui,Oui,Non,Non,Non,Non,Non,Oui,Assez,Oui,Oui,Oui,Oui,Oui,Non,Non,plus,plus,plus,plus,plus,plus,NA,plus,plus,moins,plus,NA,plus,NA,Non,Non,Oui,Oui,Oui,Oui,Oui,Oui,Oui,Non,Non,Non,Non,Oui,Oui,Parfois,Parfois,Parfois,NA,Non,Non,Non,Non,Non,Oui,Non,Non,Non,Non,Non,Non,Non,Non,Non,Non,Non,Non,Non,Oui,non,non,oui,non,oui,Oui,Non applicable,Oui,Non,Non,Non,Non,Non,Non,Oui,Non,Non,Oui,Non,Non,Non,Non,Non,Non,6a10,Non,Non,Oui,Non,Non,Non,Non,Non,Non,Non,Non,Windows,Non,Non,Non,Non,Non,Non,Non,Non,Non,Oui,Non,Non,Non,Non,Non,Non,Non,Non,Non,Non,Oui,Non,Non,Non,Non,Non,Non,Non,Non,Non,Oui,Oui,Oui,Non,Non,Non,Non,Non,Non,Oui,Souvent,NA,Non,Non,Non,Non,Non,Non,Non,Oui,Non,Non,Non,Non,Non,Non,Non,Oui,Oui,Oui,Non,Non,Non,Oui,Oui,Non,Moins de cinq ans,NA,Non,Oui,Non,Non,Non,autre,Non,Non,Non,Non,Non,Non,Non,Non,Oui,ST,1.4,NA,Un homme
506,Oui,Non,Non,Non,Oui,Oui,Non,Non,Oui,Non,Non,Oui,Oui,Non,Non,Non,Oui,Oui,Non,Non,Non,Non,Non,Oui,Non,Non,Non,Non,Assez,Oui,Oui,Oui,Non,Oui,Non,Oui,plus,NA,NA,moins,NA,plus,NA,moins,NA,NA,moins,NA,NA,NA,Non,Oui,Non,Non,Non,Non,Non,Non,Non,Oui,Non,Oui,Non,Non,Oui,Toujours,Toujours,Non applicable,Non applicable,Non,Non,Non,Non,Oui,Non,Non,Oui,Non,Oui,Non,Non,Non,Oui,Non,Non,Non,Non,Non,Non,non,oui,oui,non,non,Je ne sais pas,Parfois,Oui,Oui,Oui,Non,Non,Non,Non,Non,Non,Non,Oui,Non,Non,Non,Non,Non,Non,2a5,Oui,Oui,Non,Non,Non,Non,Non,Non,Non,Non,Non,Windows,Oui,Non,Non,Non,Non,Non,Non,Oui,Non,Non,Non,Oui,Non,Non,Non,Non,Non,Non,Non,Non,Non,Oui,Non,Non,Non,Non,Non,Non,Non,Non,Non,Non,Non,Oui,Non,Non,Non,Non,Non,Oui,Souvent,plutotsat,Non,Non,Non,Non,Non,Non,Non,Oui,Oui,Oui,Oui,Non,Non,Non,Non,Non,Oui,Non,Non,Non,Non,Non,Non,Non,Moins de cinq ans,NA,Non,Oui,Non,Non,Non,CDD,Non,Non,Non,Non,Non,Non,Non,Non,Oui,ST,1.4,NA,Un homme
994,Oui,Non,Non,Non,Oui,Oui,Non,Non,Non,Non,Oui,Oui,Non,Non,Non,Non,Non,Non,Non,Oui,Oui,Non,Oui,Non,Oui,Non,Non,Non,Tout à fait,Non,Non,Oui,Oui,Oui,Non,Oui,moins,moins,NA,NA,NA,moins,moins,moins,NA,moins,moins,NA,moins,NA,Non,Oui,Non,Non,Non,Non,Non,Non,Oui,Oui,Non,Oui,Non,Non,Non,Parfois,Jamais,Jamais,Jamais,Non,Non,Non,Non,Oui,Non,Non,Oui,Oui,Non,Non,Non,Non,Oui,Oui,Non,Non,Non,Non,Non,oui,oui,non,oui,non,Non,Parfois,Non,Non,Non,Non,Non,Non,Oui,Oui,Oui,Oui,Oui,Non,Oui,Non,Non,Non,Non,2a5,Oui,Oui,Oui,Non,Non,Non,Non,Non,Non,Non,Non,MacOS,Oui,Oui,Non,Non,Non,Oui,Non,Oui,Non,Non,Oui,Oui,Oui,Non,Non,Non,Non,Non,Non,Non,Non,Non,Oui,Non,Oui,Non,Non,Non,Oui,Non,Non,Oui,Non,Oui,Non,Non,Oui,Non,Non,Oui,Parfois,nini,Oui,Non,Oui,Non,Non,Non,Non,Non,Non,Non,Non,Oui,Oui,Oui,Oui,Non,Non,Non,Non,Non,Non,Non,Non,Oui,Plus de dix ans,Université,Oui,Non,Non,Non,Non,fonct,Non,Non,Non,Non,Non,Non,Non,Non,Oui,ST,1.4,NA,Un homme
1022,Oui,Non,Non,Non,Oui,Oui,Non,Oui,Non,Non,Non,Oui,Non,Non,Non,Non,Non,Non,Non,Oui,Non,Non,Non,Non,Non,Non,Non,Non,Tout à fait,Non,Oui,Oui,Non,Non,Non,Oui,moins,NA,moins,moins,NA,moins,NA,NA,NA,NA,NA,NA,NA,NA,Non,Oui,Non,Non,Non,Oui,Non,Non,Oui,Non,Non,Non,Non,Non,Non,Parfois,Parfois,Jamais,Non applicable,Non,Non,Oui,Non,Non,Non,Oui,Oui,Non,Non,Non,Non,Non,Non,Oui,Non,Non,Non,Non,Non,oui,oui,non,oui,oui,Je ne sais pas,Parfois,Non,Oui,Non,Non,Non,Non,Non,Oui,Oui,Oui,Oui,Non,Non,Non,Non,Non,Non,2a5,Oui,Non,Oui,Non,Non,Non,Non,Non,Non,Non,Non,Windows,Non,Oui,Non,Non,Non,Non,Non,Oui,Non,Non,Oui,Oui,Oui,Non,Non,Non,Non,Non,Non,Non,Non,Oui,Oui,Non,Non,Non,Non,Non,Non,Non,Non,Non,Non,Oui,Non,Non,Non,Non,Non,Non,NA,NA,Non,Oui,Non,Non,Non,Non,Oui,Non,Oui,Non,Non,Non,Non,Non,Non,Non,Oui,Non,Oui,Non,Non,Non,Non,Non,Plus de dix ans,CNRS,Oui,Non,Non,Non,Non,fonct,Non,Non,Non,Non,Non,Non,Non,Non,Oui,ST,1.4,physique ,Un homme
538,Oui,Non,Non,Oui,Oui,Oui,Non,Oui,Non,Oui,Oui,Oui,Oui,Oui,Oui,Non,Oui,Non,Non,Oui,Non,Non,Oui,Non,Oui,Non,Oui,Non,Tout à fait,Non,Non,Oui,Oui,Oui,Non,Oui,moins,NA,moins,moins,moins,plus,moins,plus,moins,NA,NA,NA,NA,NA,Non,Oui,Oui,Non,Oui,Oui,Oui,Non,Oui,Oui,Non,Non,Non,Non,Non,Toujours,Toujours,Parfois,NA,Non,Non,Oui,Non,Non,Non,Oui,Non,Non,Non,Non,Non,Oui,Non,Oui,Non,Non,Oui,Non,Non,oui,non,oui,non,oui,Je ne sais pas,Souvent,Non,Oui,Oui,Oui,Oui,Oui,Non,Oui,Oui,Oui,Oui,Non,Oui,Non,Non,Non,Non,2a5,Oui,Oui,Oui,Oui,Non,Non,Non,Non,Non,Non,Non,MacOS,Non,Non,Non,Non,Non,Non,Non,Oui,Non,Non,Non,Oui,Oui,Non,Non,Non,Non,Non,Non,Non,Non,Oui,Non,Non,Non,Non,Non,Non,Oui,Non,Non,Oui,Non,Oui,Non,Oui,Non,Non,Non,Non,NA,NA,Oui,Oui,Non,Oui,Non,Non,Non,Non,Non,Non,Non,Oui,Oui,Non,Oui,Non,Oui,Oui,Oui,Non,Non,Non,Oui,Non,Plus de dix ans,école,Oui,Non,Non,Non,Non,fonct,Non,Non,Non,Non,Non,Non,Non,Non,Oui,ST,1.4,physique ,Une femme
693,Oui,Non,Non,Non,Oui,Oui,Non,Non,Non,Non,Non,Non,Non,Oui,Non,Non,Oui,Oui,Non,Oui,Non,Non,Oui,Non,Non,Oui,Oui,Non,Tout à fait,Oui,Oui,Oui,Oui,Non,Non,Oui,moins,NA,moins,plus,NA,plus,moins,moins,moins,moins,moins,NA,NA,moins,Non,Oui,Non,Non,Non,Non,Non,Non,Non,Oui,Non,Non,Oui,Oui,Non,Toujours,NA,NA,NA,Non,Non,Oui,Non,Non,Non,Non,Non,Non,Non,Non,Non,Non,Non,Non,Non,Oui,Oui,Non,Non,oui,non,oui,oui,oui,Oui,Parfois,Non,Oui,Oui,Oui,Oui,Non,Non,Non,Non,Non,Oui,Non,Oui,Non,Non,Non,Non,11plus,Oui,Oui,Oui,Non,Non,Non,Non,Non,Non,Non,Oui,LinuxUnix,Non,Non,Non,Non,Non,Non,Non,Oui,Non,Non,Non,Oui,Oui,Non,Non,Non,Non,Non,Non,Non,Non,Oui,Oui,Non,Non,Non,Non,Non,Non,Non,Non,Non,Non,Non,Non,Non,Oui,Oui,Non,Oui,Parfois,tressat,Non,Oui,Oui,Non,Non,Non,Non,Non,Non,Non,Oui,Oui,Oui,Non,Non,Non,Oui,Oui,Oui,Oui,Non,Non,Non,Non,Plus de dix ans,Université,Oui,Non,Non,Non,Non,fonct,Non,Non,Non,Non,Non,Non,Non,Non,Oui,ST,1.4,physique ,Un homme
1031,Oui,Non,Non,Non,Non,Oui,Non,Non,Non,Non,Non,Oui,Oui,Non,Non,Non,Oui,Non,Non,Oui,Non,Non,Oui,Oui,Non,Non,Non,Non,Tout à fait,Non,Non,Oui,Oui,Non,Non,Non,plus,NA,moins,NA,NA,plus,NA,plus,NA,plus,NA,NA,moins,moins,Non,Oui,Non,Non,Non,Oui,Non,Non,Oui,Non,Non,Non,Oui,Oui,Oui,Souvent,Parfois,Jamais,Jamais,Non,Non,Non,Non,Oui,Non,Oui,Oui,Oui,Oui,Non,Non,Non,Oui,Oui,Non,Non,Non,Non,Non,non,oui,oui,oui,oui,Non,Parfois,Non,Oui,Non,Non,Non,Non,Oui,Oui,Oui,Oui,Non,Non,Non,Non,Non,Non,Non,2a5,Oui,Oui,Oui,Non,Non,Non,Non,Non,Non,Non,Non,Windows,Non,Oui,Non,Oui,Non,Oui,Non,Non,Non,Non,Oui,Oui,Oui,Oui,Non,Non,Oui,Oui,Oui,Non,Non,Oui,Non,Oui,Oui,Non,Non,Oui,Oui,Non,Non,Oui,Non,Oui,Non,Non,Non,Non,Non,Non,NA,NA,Non,Non,Non,Non,Non,Non,Non,Oui,Non,Non,Non,Non,Non,Non,Non,Oui,Oui,Non,Non,Non,Non,Non,Non,Non,Plus de dix ans,CNRS,Oui,Non,Non,Non,Non,CDI,Non,Non,Non,Non,Non,Non,Non,Non,Oui,ST,1.4,physique ,Une femme
1062,Oui,Non,Non,Non,Non,Oui,Non,Non,Oui,Non,Oui,Oui,Non,Non,Non,Non,Oui,Non,Non,Non,Non,Non,Non,Oui,Oui,Non,Non,Non,Tout à fait,Non,Non,Oui,Oui,Non,Non,Non,moins,NA,NA,NA,NA,NA,moins,moins,NA,moins,moins,NA,NA,NA,Non,Oui,Non,Non,Non,Oui,Non,Non,Oui,Non,Non,Oui,Non,Oui,Oui,Parfois,Jamais,Jamais,Jamais,Oui,Non,Non,Non,Non,Non,Non,Oui,Oui,Non,Non,Non,Non,Oui,Non,Non,Non,Non,Non,Non,non,non,oui,oui,oui,Non,Jamais,Non,Non,Non,Non,Non,Non,Oui,Non,Oui,Oui,Non,Non,Non,Non,Non,Non,Non,6a10,Oui,Oui,Oui,Non,Non,Oui,Non,Non,Non,Non,Oui,MacOS,Non,Oui,Non,Non,Non,Oui,Non,Oui,Non,Non,Oui,Oui,Oui,Oui,Non,Non,Non,Non,Non,Non,Non,Non,Oui,Non,Oui,Non,Non,Non,Oui,Non,Non,Non,Non,Oui,Non,Non,Non,Non,Non,Non,NA,NA,Non,Non,Non,Non,Non,Non,Non,Oui,Non,Non,Non,Oui,Non,Non,Non,Non,Non,Non,Non,Oui,Non,Non,Non,Non,Plus de dix ans,NA,Oui,Non,Non,Non,Non,CDI,Non,Non,Non,Non,Non,Non,Non,Non,Oui,ST,1.4,physique ,Un homme
778,Oui,Non,Non,Non,Oui,Oui,Non,Non,Non,Non,Non,Oui,Oui,Oui,Non,Non,Oui,Oui,Non,Non,Non,Non,Oui,Non,Oui,Non,Non,Non,Tout à fait,Oui,Oui,Oui,Oui,Oui,Non,Oui,plus,moins,moins,moins,moins,plus,moins,plus,moins,moins,plus,moins,moins,plus,Non,Oui,Non,Non,Non,Oui,Non,Non,Oui,Non,Non,Oui,Non,Oui,Oui,Toujours,Toujours,Jamais,Souvent,Non,Non,Oui,Non,Non,Non,Non,Oui,Oui,Oui,Non,Oui,Non,Oui,Non,Non,Non,Oui,Non,Non,oui,non,oui,oui,non,Oui,Parfois,Oui,Non,Oui,Oui,Oui,Non,Non,Non,Oui,Oui,Oui,Non,Non,Non,Non,Non,Non,2a5,Oui,Oui,Non,Non,Non,Non,Non,Non,Non,Non,Oui,LinuxUnix,Non,Non,Non,Non,Non,Non,Non,Oui,Non,Non,Non,Oui,Oui,Non,Oui,Non,Oui,Oui,Oui,Non,Non,Oui,Oui,Non,Non,Oui,Oui,Oui,Oui,Non,Non,Oui,Non,Oui,Oui,Oui,Oui,Non,Non,Oui,Souvent,plutotsat,Non,Non,Non,Non,Non,Non,Non,Oui,Oui,Non,Non,Oui,Oui,Non,Non,Non,Oui,Non,Oui,Non,Non,Oui,Oui,Non,Cinq à dix ans,autre,Non,Oui,Non,Non,Non,CDD,Non,Non,Non,Non,Non,Non,Non,Non,Oui,ST,1.4,physique ,Un homme
446,Oui,Non,Non,Non,Oui,Oui,Non,Non,Non,Non,Oui,Oui,Non,Oui,Non,Non,Non,Non,Non,Oui,Oui,Non,Non,Non,Oui,Non,Non,Non,Assez,Non,Oui,Oui,Oui,Non,Non,Non,moins,NA,NA,NA,NA,moins,moins,moins,NA,moins,NA,NA,NA,moins,Non,Oui,Non,Non,Non,Oui,Non,Non,Oui,Non,Non,Oui,Oui,Non,Oui,Parfois,Jamais,Jamais,Jamais,Non,Non,Non,Non,Oui,Non,Oui,Oui,Oui,Non,Non,Non,Non,Non,Non,Non,Non,Oui,Non,Non,oui,oui,oui,oui,non,Non,Jamais,Non,Oui,Oui,Non,Oui,Non,Non,Oui,Oui,Oui,Non,Non,Non,Non,Non,Non,Non,2a5,Oui,Oui,Oui,Non,Non,Non,Non,Non,Non,Non,Non,Windows,Oui,Oui,Non,Non,Non,Non,Non,Oui,Non,Non,Non,Oui,Oui,Non,Non,Non,Non,Non,Non,Non,Non,Oui,Non,Non,Non,Oui,Non,Non,Oui,Non,Non,Oui,Non,Oui,Oui,Oui,Non,Non,Non,Oui,Parfois,tressat,Oui,Non,Non,Oui,Non,Non,Non,Non,Oui,Non,Non,Oui,Non,Oui,Oui,Non,Oui,Non,Oui,Non,Oui,Non,Non,Non,Plus de dix ans,Université,Oui,Non,Non,Non,Non,fonct,Non,Non,Non,Non,Non,Non,Non,Non,Oui,ST,1.4,physique ,Un homme
609,Oui,Non,Non,Non,Oui,Oui,Non,Non,Non,Non,Non,Oui,Non,Oui,Non,Non,Non,Non,Non,Oui,Non,Non,Oui,Non,Oui,Non,Non,Non,Tout à fait,Non,Non,Oui,Oui,Oui,Oui,Non,plus,NA,NA,NA,NA,moins,moins,NA,NA,moins,moins,moins,moins,NA,Non,Oui,Non,Non,Non,Non,Non,Non,Oui,Non,Non,Oui,Oui,Oui,Non,Souvent,Jamais,Jamais,Souvent,Oui,Non,Oui,Non,Non,Non,Non,Non,Non,Non,Non,Oui,Non,Non,Non,Oui,Non,Non,Non,Non,non,non,oui,oui,non,Non,Jamais,Oui,Oui,Non,Non,Non,Non,Non,Oui,Non,Oui,Non,Non,Non,Oui,Non,Non,Non,6a10,Oui,Oui,Non,Non,Non,Non,Non,Non,Non,Non,Non,MacOS,Non,Non,Non,Non,Non,Non,Non,Oui,Non,Non,Non,Non,Oui,Oui,Non,Non,Non,Non,Non,Oui,Non,Oui,Non,Non,Non,Non,Non,Non,Oui,Non,Non,Oui,Oui,Oui,Oui,Oui,Non,Oui,Non,Non,NA,NA,Non,Oui,Non,Non,Non,Non,Non,Non,Non,Non,Non,Non,Non,Non,Non,Oui,Non,Non,Non,Non,Non,Non,Non,Oui,Plus de dix ans,école,Oui,Non,Non,Non,Non,fonct,Non,Non,Non,Non,Non,Non,Non,Non,Oui,ST,1.4,physique ,Un homme
519,Oui,Non,Non,Non,Non,Non,Non,Non,Non,Non,Non,Oui,Non,Non,Non,Non,Oui,Non,Non,Non,Oui,Oui,Oui,Non,Non,Non,Non,Non,Tout à fait,Non,Oui,Oui,Non,Oui,Non,Oui,moins,NA,NA,NA,NA,moins,NA,moins,NA,moins,moins,NA,NA,moins,Non,Oui,Non,Non,Non,Non,Non,Non,Oui,Non,Non,Non,Non,Non,Non,Parfois,Jamais,Jamais,Jamais,Non,Non,Non,Non,Oui,Non,Oui,Non,Oui,Non,Non,Non,Non,Non,Oui,Non,Non,Non,Non,Non,oui,non,oui,oui,non,Non,Jamais,Non,Oui,Oui,Non,Oui,Non,Non,Oui,Oui,Non,Non,Non,Non,Non,Non,Non,Non,2a5,Oui,Oui,Non,Non,Non,Non,Non,Non,Non,Non,Non,Windows,Non,Non,Non,Non,Non,Non,Non,Oui,Non,Non,Non,Oui,Non,Non,Non,Non,Non,Non,Non,Non,Non,Oui,Non,Non,Non,Non,Non,Non,Oui,Non,Non,Oui,Non,Non,Non,Non,Non,Non,Non,Non,NA,NA,Non,Non,Non,Oui,Oui,Non,Non,Non,Non,Non,Non,Non,Oui,Non,Non,Non,Non,Non,Non,Non,Non,Oui,Non,Non,Moins de cinq ans,école,Non,Oui,Non,Non,Non,doct,Non,Non,Non,Non,Non,Non,Non,Non,Oui,ST,1.4,physique ,Autre
515,Non,Non,Non,Oui,Non,Oui,Oui,Oui,Non,Non,Non,Non,Non,Oui,Non,Non,Non,Non,Non,Non,Non,Non,Non,Non,Oui,Non,Non,Non,Tout à fait,Non,Oui,Oui,Non,Non,Non,Non,moins,moins,moins,NA,NA,NA,moins,moins,NA,moins,NA,NA,NA,NA,Non,Non,Oui,Oui,Non,Oui,Non,Oui,Oui,Non,Non,Oui,Non,Oui,Oui,Souvent,Parfois,Jamais,Jamais,Non,Non,Non,Non,Oui,Non,Non,Oui,Oui,Non,Non,Oui,Non,Non,Oui,Non,Non,Non,Non,Non,non,non,oui,non,oui,Non,Jamais,Oui,Oui,Oui,Non,Non,Non,Non,Oui,Oui,Oui,Oui,Non,Non,Non,Non,Non,Non,2a5,Oui,Oui,Non,Non,Non,Non,Non,Non,Non,Non,Non,LinuxUnix,Non,Non,Non,Non,Non,Non,Non,Oui,Non,Non,Oui,Oui,Oui,Non,Non,Non,Non,Non,Non,Non,Non,Non,Non,Non,Non,Non,Non,Non,Oui,Oui,Non,Non,Non,Oui,Non,Non,Non,Non,Non,Oui,Parfois,plutotsat,Non,Non,Non,Non,Non,Non,Non,Oui,Non,Non,Non,Non,Non,Non,Non,Oui,Non,Non,Non,Non,Non,Non,Non,Oui,Plus de dix ans,CNRS,Oui,Non,Non,Non,Non,fonct,Non,Non,Non,Non,Non,Non,Non,Non,Oui,ST,1.4,physique ,Un homme
457,Oui,Non,Oui,Non,Oui,Non,Non,Non,Oui,Non,Non,Oui,Oui,Oui,Oui,Oui,Oui,Oui,Non,Oui,Non,Non,Oui,Non,Non,Oui,Non,Non,Assez,Non,Non,Oui,Non,Non,Non,Oui,moins,moins,moins,NA,moins,plus,plus,plus,moins,moins,plus,plus,moins,moins,Non,Oui,Oui,Non,Oui,Non,Non,Non,Oui,Non,Non,Non,Oui,Non,Non,Parfois,Non applicable,Souvent,Non applicable,Non,Non,Oui,Non,Non,Non,Non,Non,Non,Non,Non,Non,Oui,Non,Oui,Non,Non,Non,Oui,Non,oui,non,non,oui,non,Oui,Souvent,Non,Oui,Non,Oui,Non,Non,Non,Oui,Non,Oui,Oui,Non,Oui,Non,Non,Oui,Non,11plus,Oui,Oui,Oui,Oui,Non,Non,Non,Non,Non,Non,Non,MacOS,Non,Non,Non,Oui,Oui,Non,Non,Oui,Oui,Non,NA,NA,NA,NA,NA,NA,NA,NA,NA,NA,NA,NA,NA,NA,NA,NA,NA,NA,NA,NA,NA,Non,Oui,Oui,Non,Oui,Non,Oui,Non,Oui,Souvent,plutotsat,Non,Oui,Non,Non,Oui,Non,Non,Non,Non,Non,Oui,Non,Oui,Non,Oui,Non,Oui,Oui,Non,Non,Non,Oui,Non,Non,Plus de dix ans,CNRS,Oui,Non,Non,Non,Non,fonct,Non,Non,Non,Non,Non,Non,Non,Oui,Non,ST,1.4,autre,Un homme
707,Non,Non,Oui,Non,Oui,Oui,Non,Non,Non,Non,Non,Oui,Non,Oui,Oui,Oui,Oui,Non,Oui,Non,Non,Non,Oui,Non,Oui,Oui,Oui,Non,Tout à fait,Non,Oui,Oui,Non,Oui,Non,Oui,moins,NA,NA,moins,moins,moins,moins,moins,NA,moins,NA,moins,moins,NA,Oui,Non,Oui,Non,Oui,Oui,Non,Non,Oui,Non,Non,Oui,Oui,Non,Non,Non applicable,Parfois,Souvent,Non applicable,Non,Non,Non,Non,Oui,Non,Non,Non,Non,Oui,Oui,Non,Oui,Non,Oui,Non,Non,Oui,Non,Non,non,oui,non,oui,non,Oui,Parfois,Non,Oui,Oui,Oui,Non,Non,Non,Oui,Non,Non,Oui,Non,Non,Non,Non,Oui,Non,2a5,Oui,Non,Non,Oui,Non,Non,Non,Non,Non,Non,Non,LinuxUnix,Non,Non,Non,Non,Non,Non,Non,Oui,Non,Non,Oui,Non,Non,Non,Non,Non,Non,Non,Non,Oui,Non,Oui,Non,Non,Non,Non,Non,Oui,Oui,Non,Non,Non,Non,Non,Oui,Oui,Oui,Non,Non,Oui,Parfois,plutotsat,Non,Oui,Oui,Non,Non,Non,Non,Non,Non,Non,Non,Oui,Oui,Non,Non,Non,Oui,Non,Oui,Non,Non,Oui,Non,Non,Plus de dix ans,CNRS,Oui,Non,Non,Non,Non,fonct,Non,Non,Non,Non,Non,Non,Non,Oui,Non,ST,1.4,autre,Un homme
847,Oui,Non,Non,Non,Non,Non,Non,Non,Oui,Non,Non,Non,Oui,Oui,Oui,Non,Non,Non,Non,Non,Oui,Non,Oui,Oui,Non,Non,Non,Non,Tout à fait,Non,Non,Oui,Non,Non,Non,Oui,moins,moins,moins,moins,moins,moins,moins,moins,moins,moins,moins,moins,moins,moins,Non,Oui,Non,Non,Non,Oui,Non,Non,Oui,Non,Non,Non,Non,Non,Non,Jamais,Jamais,Toujours,Jamais,Oui,Non,Oui,Non,Non,Non,Non,Oui,Oui,Oui,Non,Non,Oui,Non,Non,Non,Non,Non,Non,Non,non,non,oui,oui,non,Oui,Toujours,Non,Non,Non,Non,Non,Non,Non,Oui,Oui,Oui,Non,Non,Non,Non,Non,Non,Non,2a5,Oui,Oui,Oui,Non,Non,Non,Non,Non,Non,Non,Non,MacOS,Oui,Oui,Non,Non,Non,Oui,Non,Non,Non,Non,Oui,Oui,Oui,Non,Non,Non,Non,Non,Non,Non,Non,Oui,Non,Non,Non,Non,Non,Non,Non,Non,Non,Oui,Non,Oui,Non,Non,Non,Non,Non,Non,NA,NA,Non,Oui,Non,Non,Non,Non,Non,Non,Non,Non,Non,Oui,Non,Non,Non,Non,Oui,Oui,Non,Non,Non,Non,Non,Non,Plus de dix ans,CNRS,Oui,Non,Non,Non,Non,fonct,Non,Non,Non,Non,Non,Non,Non,Oui,Non,ST,1.4,autre,Un homme
745,Non,Non,Non,Non,Oui,Non,Non,Non,Oui,Non,Non,Oui,Non,Oui,Oui,Non,Oui,Non,Non,Non,Non,Non,Oui,Non,Non,Non,Non,Oui,Assez,Oui,Non,Non,Non,Non,Non,Non,moins,moins,NA,plus,moins,plus,NA,moins,plus,plus,plus,plus,NA,moins,Non,Non,Oui,Non,Oui,Non,Non,Non,Non,Oui,Oui,Oui,Non,Non,Oui,Souvent,Parfois,Jamais,Souvent,Non,Non,Non,Non,Oui,Non,Non,Oui,Non,Oui,Non,Non,Oui,Non,Non,Non,Non,Non,Non,Non,oui,non,non,non,oui,Oui,Souvent,Oui,Oui,Non,Oui,Non,Non,Non,Non,Non,Oui,Non,Non,Non,Non,Non,Non,Non,2a5,Oui,Non,Oui,Oui,Non,Non,Non,Non,Non,Non,Oui,Windows,Oui,Non,Oui,Oui,Non,Non,Non,Oui,Oui,Non,NA,NA,NA,NA,NA,NA,NA,NA,NA,NA,NA,NA,NA,NA,NA,NA,NA,NA,NA,NA,NA,Non,Non,Oui,Oui,Non,Non,Non,Non,Non,NA,NA,Non,Non,Non,Oui,Non,Oui,Non,Non,Non,Non,Non,Oui,Non,Non,Non,Non,Non,Non,Non,Non,Non,Non,Oui,Non,Plus de dix ans,organisme,Non,Non,Oui,Non,Non,fonct,Non,Non,Non,Non,Non,Non,Non,Oui,Non,ST,1.4,autre,Une femme
1139,Oui,Non,Non,Non,Non,Non,Non,Non,Non,Non,Oui,Non,Non,Non,Non,Non,Non,Non,Non,Non,Oui,Non,Non,Non,Non,Non,Non,Non,Assez,Oui,Non,Oui,Oui,Non,Non,Non,moins,moins,NA,NA,NA,plus,NA,plus,NA,moins,moins,NA,NA,NA,Oui,Oui,Non,Non,Non,Non,Non,Oui,Oui,Non,Non,Non,Non,Non,Non,Souvent,Jamais,Jamais,Jamais,Non,Non,Non,Non,Oui,Non,Non,Oui,Non,Non,Non,Non,Non,Non,Non,Non,Non,Non,Non,Non,non,oui,oui,non,non,Non,Parfois,Oui,Non,Non,Non,Non,Non,Non,Oui,Non,Non,Oui,Non,Non,Non,Non,Non,Non,2a5,Oui,Non,Oui,Non,Non,Non,Non,Non,Non,Non,Oui,Windows,Oui,Non,Non,Non,Non,Non,Non,Non,Non,Non,Oui,Oui,Oui,Non,Non,Non,Non,Non,Oui,Non,Non,Non,Non,Non,Non,Non,Non,Non,Oui,Non,Non,Oui,Non,Oui,Non,Non,Non,Non,Non,Non,NA,NA,Non,Non,Non,Non,Non,Non,Non,Oui,Non,Non,Non,Oui,Non,Non,Non,Non,Non,Non,Oui,Non,Non,Oui,Non,Non,Plus de dix ans,autre,Non,Non,Oui,Non,Non,fonct,Non,Non,Non,Non,Non,Non,Non,Oui,Non,ST,1.4,autre,Un homme
696,Non,Non,Non,Non,Oui,Non,Non,Non,Non,Non,Non,Non,Non,Oui,Oui,Non,Non,Non,Non,Non,Non,Non,Non,Non,Non,Oui,Oui,Oui,Tout à fait,Non,Non,Oui,Non,Oui,Non,Oui,NA,NA,NA,NA,NA,plus,plus,moins,NA,moins,moins,moins,NA,moins,Non,Non,Oui,Non,Oui,Non,Non,Non,Non,Oui,Non,Oui,Oui,Non,Non,Toujours,Jamais,Jamais,Parfois,Oui,Non,Oui,Non,Non,Non,Non,Non,Non,Oui,Non,Non,Non,Oui,Non,Oui,Non,Non,Non,Non,oui,oui,oui,non,non,Oui,Souvent,Non,Oui,Oui,Oui,Non,Non,Non,Non,Non,Non,Non,Oui,Non,Non,Non,Non,Non,6a10,Oui,Oui,Oui,Non,Non,Non,Non,Non,Non,Non,Non,LinuxUnix,Non,Non,Non,Non,Non,Non,Non,Oui,Non,Non,Non,Oui,Non,Non,Non,Non,Oui,Non,Non,Non,Non,Non,Non,Non,Oui,Non,Oui,Non,Oui,Non,Non,Non,Non,Non,Non,Oui,Non,Non,Non,Oui,Parfois,plutotsat,Non,Non,Non,Non,Oui,Non,Non,Non,Non,Non,Non,Oui,Oui,Non,Non,Non,Non,Non,Non,Non,Non,Oui,Oui,Non,Plus de dix ans,autre,Non,Non,Oui,Non,Non,CDD,Non,Non,Non,Non,Non,Non,Non,Oui,Non,ST,1.4,autre,Une femme
791,Oui,Non,Oui,Oui,Oui,Oui,Non,Non,Oui,Non,Oui,Oui,Oui,Oui,Oui,Non,Oui,Oui,Non,Non,Non,Non,Oui,Oui,Oui,Non,Non,Non,Assez,Non,Non,Oui,Oui,Non,Non,Non,moins,NA,NA,NA,NA,moins,moins,moins,NA,moins,NA,moins,NA,moins,Oui,Oui,Oui,Non,Non,Oui,Non,Non,Oui,Oui,Non,Non,Oui,Oui,Oui,Souvent,Non applicable,Non applicable,Non applicable,Non,Non,Non,Non,Oui,Non,Non,Non,Oui,Non,Non,Non,Non,Non,Non,Non,Non,Non,Non,Non,non,oui,oui,non,oui,Je ne sais pas,Souvent,Non,Non,Non,Non,Oui,Non,Non,Oui,Oui,Non,Non,Non,Non,Non,Non,Non,Non,2a5,Oui,Oui,Oui,Non,Non,Non,Non,Non,Non,Non,Oui,MacOS,Oui,Non,Non,Non,Non,Non,Non,Non,Non,Non,Oui,Non,Non,Non,Non,Non,Non,Non,Non,Non,Non,Non,Non,Non,Non,Non,Non,Non,Non,Non,Oui,Non,Non,Non,Non,Non,Non,Non,Non,Non,NA,NA,Non,Non,Non,Non,Non,Non,Non,Oui,Non,Non,Non,Oui,Oui,Non,Non,Non,Oui,Non,Non,Non,Non,Oui,Non,Non,Plus de dix ans,CNRS,Oui,Non,Non,Non,Non,fonct,Non,Non,Non,Non,Non,Non,Non,Oui,Non,ST,1.4,autre,Une femme
541,Oui,Non,Non,Non,Oui,Oui,Oui,Non,Non,Non,Non,Oui,Non,Oui,Oui,Non,Oui,Oui,Oui,Non,Non,Non,Oui,Oui,Oui,Oui,Oui,Oui,Tout à fait,Non,Non,Oui,Non,Oui,Non,Oui,moins,NA,NA,moins,NA,moins,moins,NA,moins,moins,moins,NA,NA,moins,Non,Oui,Non,Oui,Non,Oui,Non,Non,Oui,Non,Non,Oui,Oui,Oui,Oui,Parfois,Jamais,Jamais,Parfois,Non,Non,Oui,Non,Non,Non,Non,Oui,Oui,Oui,Non,Non,Non,Non,Oui,Non,Non,Non,Non,Non,oui,oui,non,oui,oui,Oui,Parfois,Non,Non,Oui,Oui,Oui,Oui,Non,Non,Oui,Oui,Oui,Non,Non,Non,Non,Non,Non,2a5,Oui,Oui,Oui,Non,Non,Non,Non,Non,Non,Non,Non,Windows,Oui,Non,Non,Non,Non,Oui,Non,Oui,Non,Non,Non,Oui,Non,Non,Non,Non,Non,Non,Oui,Non,Non,Non,Oui,Non,Oui,Non,Non,Non,Oui,Non,Non,Non,Non,Oui,Oui,Non,Non,Oui,Non,Oui,Souvent,plutotsat,Non,Oui,Non,Non,Non,Non,Non,Non,Non,Non,Non,Non,Oui,Oui,Non,Non,Oui,Non,Oui,Non,Non,Non,Non,Non,Plus de dix ans,Université,Oui,Non,Non,Non,Non,fonct,Non,Non,Non,Non,Non,Non,Non,Oui,Non,ST,1.4,autre,Un homme
1154,Oui,Non,Oui,Non,Oui,Oui,Non,Oui,Non,Non,Non,Oui,Oui,Oui,Oui,Non,Oui,Oui,Non,Oui,Oui,Non,Oui,Oui,Non,Oui,Non,Non,Assez,Oui,Non,Oui,Oui,Non,Non,Oui,moins,NA,NA,moins,moins,moins,moins,moins,moins,moins,moins,moins,moins,NA,Oui,Oui,Non,Non,Non,Non,Non,Non,Oui,Non,Oui,Oui,Oui,Oui,Oui,Parfois,Parfois,Jamais,Jamais,Non,Non,Non,Non,Oui,Non,Oui,Oui,Oui,Non,Non,Non,Non,Non,Oui,Non,Non,Non,Non,Non,oui,oui,non,non,non,Je ne sais pas,Parfois,Non,Oui,Non,Oui,Non,Non,Non,Non,Oui,Non,Oui,Non,Non,Non,Non,Non,Non,6a10,Oui,Oui,Oui,Non,Non,Non,Non,Non,Non,Non,Non,Windows,Oui,Non,Non,Oui,Non,Non,Non,Oui,Non,Non,Non,Oui,Oui,Non,Non,Non,Oui,Non,Non,Non,Non,Oui,Non,Oui,Non,Oui,Non,Non,Oui,Non,Non,Oui,Non,Oui,Oui,Non,Non,Non,Non,Oui,Parfois,NA,Non,Non,Non,Non,Non,Non,Non,Oui,Non,Non,Non,Oui,Oui,Non,Non,Non,Oui,Non,Oui,Non,Non,Oui,Non,Non,Cinq à dix ans,Université,Non,Non,Oui,Non,Non,CDD,Non,Non,Non,Non,Non,Non,Non,Oui,Non,ST,1.4,autre,Un homme
804,Non,Non,Oui,Non,Non,Non,Oui,Oui,Non,Non,Oui,Non,Non,Oui,Oui,Non,Non,Non,Non,Non,Non,Non,Non,Non,Oui,Non,Non,Non,Assez,Oui,Oui,Non,Non,Non,Non,Oui,NA,NA,NA,NA,NA,NA,NA,NA,NA,NA,NA,NA,NA,NA,Non,Non,Non,Non,Non,Non,Non,Oui,Oui,Non,Non,Non,Non,Non,Non,NA,NA,NA,NA,Non,Oui,Non,Non,Non,Non,Non,Non,Non,Non,Oui,Non,Non,Non,Non,Non,Non,Non,Non,Non,oui,oui,non,non,oui,Oui,Parfois,Oui,Non,Non,Non,Non,Non,Oui,Non,Non,Non,Non,Non,Non,Non,Non,Non,Non,6a10,Non,Non,Non,Non,Non,Non,Non,Non,Oui,Non,Non,MacOS,Non,Non,Non,Oui,Non,Non,Non,Non,Non,Non,Non,Non,Non,Non,Oui,Non,Non,Non,Non,Non,Non,Non,Non,Non,Non,Oui,Non,Non,Non,Non,Non,Non,Non,Non,Oui,Non,Non,Non,Non,Non,NA,NA,Oui,Non,Non,Non,Non,Non,Non,Non,Non,Non,Non,Oui,Non,Non,Non,Non,Oui,Non,Non,Non,Non,Non,Non,Non,Moins de cinq ans,NA,Non,Oui,Non,Non,Non,autre,Non,Non,Non,Non,Non,Non,Non,Oui,Non,ST,1.4,NA,Un homme
242,Oui,Non,Oui,Oui,Oui,Non,Non,Non,Non,Oui,Non,Oui,Non,Oui,Oui,Non,Oui,Oui,Non,Non,Non,Non,Non,Non,Non,Oui,Non,Oui,Tout à fait,Oui,Non,Oui,Non,Oui,Non,Non,moins,moins,moins,moins,plus,plus,plus,plus,moins,moins,moins,moins,moins,moins,Oui,Oui,Oui,Oui,Oui,Non,Non,Non,Oui,Non,Oui,Oui,Oui,Oui,Non,Souvent,Parfois,Parfois,Souvent,Oui,Non,Non,Non,Non,Non,Oui,Oui,Oui,Oui,Non,Oui,Oui,Oui,Oui,Non,Non,Oui,Non,Non,oui,oui,non,oui,oui,Oui,Souvent,Non,Oui,Oui,Oui,Oui,Non,Non,Oui,Oui,Oui,Non,Non,Non,Non,Non,Non,Non,2a5,Oui,Oui,Oui,Oui,Non,Non,Non,Non,Non,Non,Non,LinuxUnix,Oui,Non,Non,Oui,Non,Non,Non,Oui,Non,Non,Oui,Non,Non,Non,Non,Non,Oui,Non,Non,Oui,Non,Non,Non,Non,Non,Oui,Oui,Oui,Oui,Non,Non,Non,Non,Oui,Non,Oui,Oui,Non,Non,Oui,Parfois,plutotsat,Non,Oui,Oui,Non,Non,Oui,Non,Non,Non,Non,Non,Oui,Oui,Oui,Non,Non,Oui,Non,Non,Non,Non,Non,Non,Non,Plus de dix ans,Université,Non,Non,Oui,Non,Non,fonct,Non,Oui,Non,Non,Non,Non,Non,Oui,Non,ST,1.4,autre,Une femme
805,Oui,Non,Oui,Oui,Non,Oui,Non,Oui,Oui,Non,Oui,Oui,Non,Non,Oui,Non,Non,Non,Non,Non,Oui,Non,Non,Oui,Non,Non,Non,Oui,Tout à fait,Oui,Oui,Oui,Oui,Non,Non,Oui,moins,moins,moins,moins,moins,moins,NA,NA,moins,moins,moins,moins,moins,moins,Oui,Oui,Oui,Oui,Oui,Oui,Oui,Oui,Oui,Oui,Non,Non,Non,Oui,Non,Toujours,Souvent,Parfois,Souvent,Oui,Non,Non,Non,Non,Non,Oui,Oui,Oui,Oui,Non,Oui,Non,Oui,Oui,Non,Non,Non,Non,Non,oui,oui,non,oui,non,Je ne sais pas,Souvent,Non,Non,Non,Non,Oui,Non,Non,Oui,Oui,Non,Oui,Non,Non,Non,Non,Non,Non,2a5,Oui,Non,Oui,Non,Non,Non,Non,Non,Non,Non,Oui,Windows,Non,Non,Oui,Non,Non,Oui,Non,Non,Non,Non,Oui,Non,Non,Non,Non,Non,Non,Non,Non,Non,Non,Oui,Oui,Non,Oui,Non,Non,Non,Oui,Non,Non,Non,Non,Oui,Non,Non,Non,Non,Non,Oui,Parfois,nini,Oui,Oui,Non,Oui,Non,Non,Non,Non,Non,Oui,Non,Oui,Oui,Non,Non,Non,Oui,Non,Non,Non,Non,Non,Non,Non,Plus de dix ans,organisme,Oui,Non,Non,Non,Non,fonct,Non,Non,Non,Non,Non,Non,Non,Oui,Oui,ST,1.4,autre,Un homme
1136,Oui,Non,Oui,Non,Oui,Oui,Non,Non,Non,Non,Non,Oui,Non,Oui,Oui,Non,Oui,Non,Non,Oui,Non,Non,Non,Non,Oui,Non,Non,Non,Tout à fait,Oui,Non,Oui,Non,Non,Non,Oui,moins,moins,moins,moins,moins,moins,moins,moins,moins,moins,NA,NA,moins,moins,Non,Oui,Non,Non,Non,Oui,Non,Non,Oui,Non,Non,Oui,Non,Oui,Oui,Parfois,Jamais,Parfois,Jamais,Non,Non,Non,Non,Oui,Non,Non,Oui,Non,Non,Non,Oui,Non,Non,Oui,Non,Non,Non,Non,Non,oui,oui,non,oui,non,Non,Parfois,Non,Non,Non,Oui,Oui,Non,Non,Oui,Non,Non,Oui,Non,Non,Non,Non,Non,Non,2a5,Oui,Oui,Oui,Non,Non,Non,Non,Non,Non,Non,Oui,Windows,Oui,Oui,Non,Non,Non,Non,Non,Oui,Non,Non,Non,Oui,Non,Non,Non,Non,Oui,Non,Oui,Non,Non,Non,Non,Non,Oui,Oui,Non,Non,Oui,Oui,Non,Oui,Non,Oui,Non,Non,Non,Non,Non,Oui,Parfois,plutotsat,Non,Oui,Non,Non,Oui,Non,Non,Non,Oui,Oui,Non,Non,Oui,Non,Non,Non,Non,Non,Oui,Non,Non,Oui,Non,Non,Plus de dix ans,Université,Non,Non,Oui,Non,Non,fonct,Non,Non,Non,Non,Non,Non,Non,Oui,Oui,ST,1.4,autre,Une femme
521,Non,Non,Non,Oui,Oui,Oui,Non,Non,Non,Oui,Non,Non,Non,Non,Non,Non,Non,Non,Non,Non,Non,Non,Non,Non,Oui,Non,Non,Non,Tout à fait,Non,Oui,Non,Oui,Oui,Non,Oui,NA,NA,NA,NA,NA,NA,plus,NA,NA,NA,NA,NA,NA,NA,Non,Non,Oui,Non,Oui,Oui,Non,Non,Non,Non,Non,Non,Non,Oui,Non,NA,NA,NA,Toujours,Non,Non,Non,Oui,Non,Non,Non,Non,Non,Non,Non,Non,Oui,Non,Non,Non,Non,Non,Non,Non,oui,oui,oui,non,non,Oui,Toujours,Non,Oui,Oui,Non,Non,Non,Oui,Oui,Oui,Non,Non,Non,Non,Non,Non,Non,Non,2a5,Oui,Oui,Non,Non,Non,Non,Non,Non,Non,Non,Non,MacOS,Non,Non,Non,Non,Non,Non,Non,Non,Non,Oui,Oui,Oui,Oui,Non,Non,Non,Non,Non,Non,Non,Non,Non,Non,Non,Non,Non,Non,Non,Oui,Non,Non,Oui,Non,Oui,Oui,Non,Non,Non,Non,Non,NA,NA,Non,Non,Non,Non,Non,Non,Non,Oui,Non,Non,Non,Non,Non,Non,Non,Oui,Non,Non,Non,Non,Non,Non,Non,Oui,Plus de dix ans,CNRS,Oui,Non,Non,Non,Non,fonct,Non,Non,Non,Oui,Non,Non,Non,Oui,Oui,ST,1.4,physique ,Un homme
1184,Oui,Non,Oui,Non,Oui,Oui,Non,Non,Non,Non,Non,Non,Non,Oui,Non,Non,Oui,Oui,Non,Non,Non,Non,Oui,Oui,Oui,Non,Non,Non,Tout à fait,Oui,Oui,Oui,Non,Non,Non,Non,plus,NA,NA,moins,NA,moins,NA,moins,moins,moins,moins,NA,moins,plus,Oui,Oui,Oui,Oui,Non,Non,Non,Non,Oui,Non,Oui,Oui,Non,Oui,Oui,Toujours,Souvent,Jamais,Jamais,Oui,Non,Oui,Oui,Non,Non,Oui,Oui,Oui,Non,Non,Non,Non,Oui,Oui,Non,Non,Non,Non,Non,oui,oui,non,non,non,Je ne sais pas,Parfois,Non,Oui,Oui,Oui,Oui,Oui,Non,Oui,Oui,Non,Oui,Non,Non,Non,Non,Non,Non,2a5,Oui,Oui,Oui,Non,Non,Non,Oui,Non,Oui,Non,Oui,Windows,Oui,Non,Non,Oui,Oui,Oui,Non,Oui,Non,Non,Oui,Oui,Oui,Non,Non,Non,Oui,Non,Oui,Non,Non,Non,Non,Non,Oui,Non,Non,Non,Oui,Oui,Non,Oui,Non,Oui,Oui,Non,Non,Non,Non,Oui,Jamais,NA,Non,Oui,Non,Non,Non,Non,Non,Non,Non,Non,Oui,Non,Oui,Non,Oui,Non,Oui,Non,Oui,Non,Non,Oui,Non,Non,Plus de dix ans,école,Oui,Non,Non,Non,Non,fonct,Non,Non,Non,Non,Non,Non,Oui,Non,Non,ST,1.4,autre,Une femme
729,Oui,Non,Non,Non,Oui,Oui,Non,Oui,Non,Oui,Non,Oui,Non,Non,Oui,Non,Oui,Non,Non,Non,Non,Non,Non,Non,Non,Non,Non,Oui,Pas du tout,Oui,Oui,Oui,Oui,Non,Non,Non,NA,moins,NA,NA,plus,moins,NA,NA,NA,NA,NA,NA,NA,NA,Non,Non,Oui,Non,Non,Non,Non,Non,Oui,Non,Non,Non,Non,Oui,Non,NA,NA,NA,NA,Non,Non,Non,Non,Non,Oui,Non,Non,Non,Non,Non,Non,Non,Non,Non,Non,Non,Non,Non,Oui,non,oui,non,non,oui,Non applicable,Non applicable,Non,Non,Non,Non,Non,Oui,Non,Oui,Oui,Non,Non,Non,Non,Non,Non,Non,Non,2a5,Non,Non,Oui,Non,Non,Non,Non,Non,Non,Non,Non,Windows,Oui,Non,Non,Non,Non,Non,Non,Non,Non,Non,Non,Non,Non,Non,Non,Non,Non,Non,Non,Non,Oui,Non,Non,Non,Non,Non,Non,Non,Non,Non,Oui,Non,Non,Oui,Non,Non,Non,Oui,Non,Non applicable,NA,NA,Non,Non,Non,Non,Non,Non,Non,Oui,Non,Non,Non,Non,Non,Non,Non,Oui,Non,Non,Non,Non,Non,Non,Non,Oui,Moins de cinq ans,organisme,Non,Non,Oui,Non,Non,CDD,Non,Non,Non,Non,Non,Non,Oui,Non,Non,ST,1.4,autre,Autre
618,Oui,Non,Non,Non,Oui,Oui,Non,Non,Oui,Non,Non,Oui,Non,Oui,Non,Non,Non,Non,Non,Oui,Non,Non,Oui,Non,Non,Non,Non,Non,Assez,Oui,Non,Non,Non,Non,Non,Oui,plus,NA,NA,moins,NA,moins,moins,moins,NA,moins,moins,NA,NA,NA,Non,Oui,Non,Non,Non,Oui,Non,Non,Oui,Non,Non,Oui,Non,Non,Oui,Parfois,Jamais,Jamais,Jamais,Non,Non,Non,Non,Oui,Non,Non,Oui,Non,Non,Non,Non,Non,Non,Non,Non,Non,Oui,Non,Non,oui,non,non,oui,non,Oui,Parfois,Non,Oui,Non,Non,Oui,Non,Non,Oui,Oui,Non,Non,Non,Non,Non,Non,Non,Non,2a5,Oui,Oui,Oui,Non,Non,Non,Non,Non,Non,Non,Non,MacOS,Oui,Non,Non,Non,Non,Oui,Non,Oui,Non,Non,Non,Oui,Non,Non,Non,Non,Non,Non,Non,Oui,Non,Non,Non,Non,Non,Non,Non,Non,Oui,Non,Non,Oui,Non,Non,Non,Oui,Non,Oui,Non,Non,NA,NA,Non,Oui,Non,Oui,Non,Oui,Non,Non,Non,Non,Non,Oui,Oui,Oui,Oui,Non,Non,Non,Oui,Non,Non,Non,Oui,Non,Plus de dix ans,Université,Oui,Non,Non,Non,Non,fonct,Non,Non,Non,Non,Non,Non,Oui,Non,Non,ST,1.4,autre,Un homme
651,Oui,Non,Non,Non,Non,Oui,Non,Non,Oui,Non,Non,Non,Non,Non,Non,Non,Non,Non,Non,Non,Non,Non,Non,Non,Oui,Non,Non,Non,Assez,Non,Non,Oui,Non,Oui,Non,Non,moins,moins,NA,NA,NA,NA,NA,moins,NA,NA,NA,NA,moins,NA,Non,Oui,Oui,Oui,Non,Oui,Oui,Non,Oui,Non,Non,Non,Non,Non,Oui,Jamais,Jamais,Jamais,Jamais,Non,Non,Non,Non,Oui,Non,Non,Non,Non,Non,Non,Non,Non,Non,Non,Non,Non,Non,Non,Oui,oui,non,non,non,non,Je ne sais pas,Parfois,Non,Non,Oui,Non,Non,Non,Non,Oui,Non,Non,Non,Non,Non,Non,Non,Non,Non,2a5,Oui,Oui,Non,Non,Non,Non,Non,Non,Non,Non,Non,Windows,Oui,Non,Non,Non,Non,Non,Non,Non,Non,Non,Non,Non,Non,Non,Non,Non,Non,Non,Non,Non,Oui,Non,Non,Non,Non,Non,Non,Non,Non,Non,Oui,Non,Non,Oui,Non,Non,Non,Non,Non,Non,NA,NA,Non,Non,Non,Non,Non,Non,Non,Oui,Non,Non,Non,Non,Non,Non,Non,Oui,Non,Non,Non,Non,Non,Non,Non,Oui,Plus de dix ans,autre,Oui,Non,Non,Non,Non,fonct,Non,Non,Non,Non,Non,Non,Oui,Non,Non,ST,1.4,autre,Un homme
924,Non,Non,Oui,Non,Oui,Oui,Non,Non,Non,Non,Non,Oui,Non,Oui,Oui,Non,Oui,Oui,Non,Non,Non,Non,Non,Non,Non,Non,Oui,Non,Assez,Non,Non,Oui,Non,Oui,Non,Non,NA,NA,NA,NA,NA,moins,moins,moins,NA,NA,moins,NA,NA,NA,Non,Non,Oui,Non,Non,Non,Non,Non,Oui,Non,Non,Non,Non,Non,Non,Parfois,Jamais,Jamais,Jamais,Non,Non,Non,Non,Oui,Non,Oui,Oui,Oui,Non,Non,Non,Non,Non,Non,Non,Non,Non,Non,Non,non,non,non,oui,non,Non,Parfois,Non,Non,Oui,Non,Non,Non,Non,Oui,Non,Non,Oui,Non,Non,Non,Non,Non,Non,2a5,Oui,Oui,Non,Non,Non,Non,Non,Non,Non,Non,Non,MacOS,Oui,Non,Non,Non,Non,Non,Non,Oui,Non,Non,Oui,Non,Non,Non,Non,Non,Non,Non,Non,Non,Non,Non,Non,Non,Non,Non,Non,Non,Oui,Non,Non,Non,Non,Oui,Oui,Oui,Non,Non,Non,Oui,Parfois,insatisfait,Non,Oui,Non,Non,Non,Non,Non,Oui,Non,Non,Oui,Non,Non,Non,Oui,Non,Oui,Non,Non,Non,Non,Non,Non,Non,Plus de dix ans,Université,Oui,Non,Non,Non,Non,fonct,Non,Non,Non,Non,Non,Non,Oui,Non,Non,ST,1.4,autre,Un homme
285,Oui,Non,Non,Non,Oui,Oui,Non,Non,Oui,Non,Non,Oui,Non,Non,Oui,Non,Oui,Non,Non,Non,Oui,Non,Non,Oui,Oui,Non,Non,Oui,Assez,Oui,Non,Oui,Non,Non,Non,Oui,moins,NA,NA,NA,NA,moins,moins,moins,NA,NA,moins,NA,moins,moins,Non,Oui,Non,Non,Non,Oui,Non,Non,Oui,Non,Non,Non,Oui,Oui,Non,Souvent,NA,NA,NA,Non,Non,Non,Non,Oui,Non,Oui,Oui,Oui,Non,Non,Non,Non,Non,Oui,Non,Non,Non,Non,Non,oui,non,oui,oui,non,Je ne sais pas,Parfois,Non,Oui,Oui,Non,Oui,Non,Non,Oui,Non,Oui,Non,Non,Non,Non,Non,Non,Non,2a5,Oui,Oui,Oui,Non,Non,Non,Non,Non,Non,Non,Non,MacOS,Oui,Non,Non,Oui,Non,Non,Non,Oui,Non,Non,Oui,Oui,Oui,Non,Non,Non,Non,Non,Oui,Non,Non,Oui,Oui,Oui,Non,Non,Non,Non,Oui,Non,Non,Oui,Non,Oui,Non,Non,Non,Non,Non,Oui,NA,NA,Non,Non,Non,Non,Non,Non,Non,Oui,Non,Non,Non,Oui,Oui,Non,Non,Non,Non,Non,Non,Non,Non,Oui,Oui,Non,Plus de dix ans,Université,Oui,Non,Non,Non,Non,fonct,Non,Non,Non,Non,Non,Non,Oui,Non,Non,ST,1.4,autre,Un homme
1128,Oui,Non,Non,Non,Non,Oui,Non,Non,Non,Oui,Non,Oui,Non,Non,Non,Non,Oui,Oui,Non,Oui,Non,Non,Non,Non,Oui,Non,Non,Oui,Assez,Oui,Oui,Non,Oui,Non,Non,Oui,moins,moins,moins,moins,moins,moins,moins,moins,moins,moins,moins,moins,moins,moins,Non,Oui,Non,Non,Non,Oui,Non,Non,Oui,Non,Non,Non,Non,Oui,Oui,Toujours,Souvent,Jamais,Jamais,Non,Non,Non,Non,Oui,Non,Oui,Oui,Oui,Oui,Non,Non,Non,Oui,Oui,Non,Non,Non,Non,Non,oui,oui,non,oui,non,Oui,Parfois,Non,Oui,Oui,Oui,Oui,Oui,Non,Oui,Oui,Oui,Non,Non,Non,Non,Non,Non,Non,2a5,Oui,Oui,Oui,Non,Non,Non,Non,Non,Non,Non,Non,LinuxUnix,Oui,Non,Non,Oui,Non,Oui,Non,Oui,Non,Non,Non,Oui,Non,Non,Non,Non,Oui,Non,Non,Non,Non,Non,Non,Non,Oui,Non,Non,Non,Oui,Non,Non,Non,Oui,Oui,Oui,Non,Non,Non,Non,Oui,Parfois,insatisfait,Non,Oui,Non,Oui,Non,Non,Non,Non,Oui,Oui,Non,Oui,Oui,Non,Non,Non,Oui,Non,Oui,Non,Non,Non,Oui,Non,Plus de dix ans,CNRS,Non,Non,Oui,Non,Non,fonct,Non,Non,Non,Non,Non,Non,Oui,Non,Non,ST,1.4,autre,Un homme
1085,Non,Non,Non,Non,Oui,Oui,Non,Oui,Oui,Oui,Non,Oui,Non,Oui,Oui,Non,Oui,Non,Non,Non,Non,Non,Non,Oui,Oui,Oui,Non,Non,Assez,Oui,Non,Oui,Non,Non,Non,Non,moins,moins,moins,moins,NA,moins,moins,moins,NA,NA,NA,NA,NA,NA,Non,Oui,Non,Non,Oui,Oui,Non,Oui,Oui,Oui,Non,Oui,Oui,Oui,Oui,Souvent,Parfois,Jamais,Jamais,Non,Non,Oui,Non,Non,Non,Non,Oui,Oui,Oui,Non,Non,Non,Non,Non,Non,Non,Non,Non,Non,non,oui,non,oui,oui,Non,Parfois,Non,Non,Non,Non,Oui,Non,Non,Oui,Non,Oui,Non,Non,Non,Non,Non,Oui,Non,6a10,Non,Non,Oui,Non,Non,Non,Non,Non,Non,Non,Non,Windows,Oui,Non,Non,Non,Non,Oui,Non,Oui,Non,Non,Oui,Oui,Oui,Oui,Non,Non,Oui,Non,Oui,Non,Non,Oui,Non,Non,Non,Oui,Oui,Oui,Oui,Non,Non,Non,Non,Oui,Non,Non,Non,Oui,Non,Oui,Parfois,nini,Oui,Non,Oui,Non,Oui,Non,Non,Non,Oui,Oui,Non,Oui,Oui,Non,Oui,Non,Non,Non,Oui,Non,Non,Non,Non,Non,Plus de dix ans,NA,Non,Non,Oui,Non,Oui,CDI,Non,Non,Non,Non,Non,Non,Oui,Non,Non,ST,1.4,NA,Un homme
886,Non,Non,Non,Oui,Oui,Oui,Non,Oui,Non,Non,Oui,Non,Non,Oui,Oui,Non,Non,Non,Non,Non,Non,Non,Oui,Non,Non,Non,Non,Non,Tout à fait,Oui,Non,Oui,Non,Non,Non,Oui,plus,moins,moins,moins,NA,moins,NA,moins,NA,NA,NA,NA,NA,NA,Oui,Oui,Oui,Oui,Non,Oui,Non,Non,Oui,Non,Non,Non,Oui,Non,Non,Souvent,Parfois,Jamais,Parfois,Non,Non,Oui,Non,Non,Non,Non,Oui,Non,Non,Non,Oui,Non,Non,Non,Non,Non,Non,Non,Non,non,non,oui,non,non,Oui,Souvent,Non,Oui,Oui,Non,Non,Non,Non,Oui,Oui,Non,Non,Non,Non,Non,Non,Non,Non,6a10,Oui,Oui,Oui,Non,Non,Non,Non,Non,Non,Non,Non,LinuxUnix,Oui,Non,Non,Oui,Non,Non,Non,Oui,Non,Non,Oui,Oui,Non,Non,Non,Non,Non,Non,Non,Non,Non,Oui,Non,Non,Non,Non,Non,Non,Oui,Oui,Non,Non,Non,Oui,Non,Non,Oui,Non,Non,Oui,Jamais,NA,Non,Oui,Non,Non,Non,Non,Non,Non,Non,Non,Oui,Oui,Oui,Non,Non,Non,Non,Non,Oui,Non,Non,Non,Non,Non,Plus de dix ans,autre,Oui,Non,Non,Non,Non,fonct,Non,Non,Non,Non,Non,Non,Oui,Non,Non,ST,1.4,NA,Un homme
985,Oui,Non,Non,Non,Oui,Oui,Non,Non,Oui,Oui,Oui,Oui,Oui,Oui,Oui,Non,Oui,Non,Non,Oui,Oui,Non,Non,Oui,Oui,Non,Non,Non,Tout à fait,Oui,Non,Oui,Non,Oui,Non,Oui,plus,moins,moins,plus,plus,plus,plus,plus,moins,plus,plus,plus,plus,moins,Non,Oui,Non,Non,Oui,Oui,Non,Non,Oui,Non,Non,Oui,Non,Oui,Oui,Parfois,Parfois,Jamais,Jamais,Non,Non,Non,Non,Oui,Non,Oui,Non,Oui,Oui,Non,Non,Non,Non,Oui,Non,Non,Non,Non,Non,oui,oui,non,non,non,Je ne sais pas,Parfois,Oui,Oui,Non,Non,Oui,Non,Non,Oui,Oui,Oui,Non,Non,Non,Non,Non,Non,Non,6a10,Oui,Oui,Oui,Non,Non,Non,Non,Non,Non,Non,Non,Windows,Oui,Non,Non,Non,Non,Oui,Non,Oui,Non,Non,Non,Oui,Oui,Non,Non,Non,Oui,Non,Non,Non,Non,Non,Non,Non,Oui,Non,Non,Non,Oui,Oui,Non,Oui,Non,Non,Oui,Non,Non,Non,Non,Non,NA,NA,Non,Non,Non,Non,Non,Oui,Non,Non,Non,Non,Non,Non,Non,Non,Non,Oui,Non,Non,Oui,Non,Non,Non,Non,Non,Moins de cinq ans,NA,Non,Oui,Non,Non,Non,doct,Non,Non,Non,Non,Non,Non,Oui,Non,Non,ST,1.4,NA,Une femme
719,Oui,Non,Non,Non,Non,Non,Non,Non,Oui,Non,Non,Oui,Oui,Oui,Non,Non,Oui,Non,Non,Oui,Non,Oui,Oui,Non,Oui,Oui,Non,Non,Peu,Oui,Oui,Oui,Oui,Oui,Non,Oui,moins,NA,NA,moins,NA,moins,NA,moins,NA,moins,moins,NA,moins,NA,Non,Oui,Non,Non,Non,Oui,Non,Non,Oui,Non,Non,Oui,Oui,Oui,Non,NA,NA,Toujours,Toujours,Non,Non,Non,Non,Oui,Non,Non,Non,Non,Non,Non,Non,Non,Non,Non,Non,Non,Non,Non,Oui,oui,non,oui,non,non,Non,Souvent,Non,Oui,Non,Non,Non,Non,Non,Oui,Oui,Oui,Non,Non,Non,Non,Non,Non,Non,2a5,Oui,Oui,Non,Non,Non,Non,Non,Non,Non,Non,Non,Windows,Non,Oui,Non,Non,Non,Non,Non,Oui,Non,Non,Oui,Oui,Oui,Non,Non,Non,Non,Non,Non,Non,Non,Oui,Non,Non,Non,Non,Non,Non,Oui,Non,Non,Non,Non,Oui,Non,Non,Non,Non,Non,Non,NA,NA,Non,Non,Oui,Non,Non,Non,Non,Non,Non,Non,Non,Oui,Non,Non,Non,Non,Non,Non,Oui,Non,Non,Oui,Non,Non,Plus de dix ans,autre,Oui,Non,Non,Non,Non,fonct,Non,Non,Non,Non,Non,Non,Oui,Non,Non,ST,1.4,physique ,Un homme
955,Oui,Oui,Non,Non,Oui,Non,Non,Non,Non,Non,Non,Oui,Non,Oui,Non,Oui,Oui,Oui,Non,Oui,Non,Non,Non,Non,Non,Oui,Oui,Non,Tout à fait,Oui,Non,Non,Non,Non,Non,Non,moins,NA,NA,moins,moins,plus,plus,moins,plus,moins,moins,NA,moins,NA,Non,Oui,Non,Non,Non,Non,Non,Non,Oui,Oui,Non,Oui,Oui,Non,Non,Parfois,Jamais,Jamais,Jamais,Non,Non,Oui,Oui,Non,Non,Non,Oui,Non,Non,Non,Non,Non,Non,Non,Non,Non,Oui,Non,Non,oui,non,non,oui,oui,Oui,Parfois,Non,Oui,Non,Non,Non,Non,Non,Oui,Non,Non,Non,Oui,Non,Non,Non,Non,Non,2a5,Oui,Oui,Oui,Non,Non,Non,Oui,Non,Non,Non,Non,Windows,Non,Non,Non,Non,Non,Non,Non,Oui,Non,Non,Non,Non,Non,Non,Non,Non,Oui,Non,Non,Oui,Non,Non,Non,Non,Non,Non,Oui,Non,Oui,Non,Non,Non,Non,Non,Non,Oui,Non,Oui,Non,Non,NA,NA,Non,Oui,Non,Non,Non,Non,Non,Non,Non,Oui,Non,Oui,Oui,Non,Non,Non,Non,Oui,Non,Oui,Non,Oui,Non,Non,Plus de dix ans,Université,Oui,Non,Oui,Non,Non,fonct,Non,Oui,Non,Non,Non,Non,Oui,Non,Non,ST,1.4,autre,Un homme
885,Non,Non,Non,Non,Oui,Oui,Non,Non,Oui,Oui,Non,Non,Oui,Oui,Oui,Non,Oui,Oui,Oui,Oui,Non,Non,Non,Non,Non,Non,Non,Non,Tout à fait,Oui,Non,Oui,Oui,Oui,Non,Oui,moins,NA,NA,moins,moins,moins,moins,moins,moins,moins,moins,NA,NA,NA,Non,Oui,Oui,Non,Oui,Oui,Non,Non,Oui,Non,Oui,Oui,Oui,Oui,Non,Parfois,Jamais,Jamais,Jamais,Non,Non,Non,Non,Oui,Non,Oui,Oui,Oui,Non,Non,Non,Non,Non,Non,Non,Non,Non,Non,Non,oui,non,non,non,non,Non applicable,Parfois,Non,Oui,Oui,Oui,Non,Oui,Non,Oui,Non,Non,Non,Non,Non,Non,Non,Non,Non,2a5,Oui,Oui,Non,Non,Non,Non,Non,Non,Non,Non,Non,Windows,Oui,Non,Oui,Non,Non,Non,Non,Oui,Non,Non,Oui,Non,Non,Non,Non,Non,Oui,Non,Non,Non,Non,Non,Non,Non,Non,Non,Non,Non,Oui,Oui,Non,Non,Non,Oui,Oui,Non,Non,Non,Non,Oui,Jamais,NA,Non,Non,Non,Non,Non,Non,Non,Oui,Non,Non,Non,Non,Non,Non,Non,Oui,Non,Non,Non,Non,Non,Non,Non,Oui,Cinq à dix ans,organisme,Oui,Non,Non,Non,Non,fonct,Non,Oui,Non,Non,Non,Non,Oui,Non,Non,ST,1.4,autre,Un homme
820,Oui,Non,Non,Non,Oui,Non,Non,Non,Non,Oui,Non,Non,Non,Oui,Oui,Non,Non,Non,Non,Non,Non,Non,Non,Non,Non,Non,Non,Oui,Assez,Non,Non,Oui,Oui,Non,Non,Oui,moins,NA,moins,moins,moins,moins,moins,moins,moins,moins,moins,moins,moins,moins,Non,Oui,Non,Non,Oui,Oui,Non,Non,Non,Non,Non,Oui,Oui,Oui,Non,Souvent,Parfois,NA,NA,Non,Non,Non,Non,Oui,Non,Non,Oui,Non,Oui,Non,Non,Oui,Non,Non,Non,Non,Oui,Non,Non,oui,oui,oui,non,oui,Je ne sais pas,Parfois,Non,Oui,Oui,Non,Non,Non,Non,Oui,Non,Oui,Non,Non,Non,Non,Non,Non,Non,2a5,Oui,Oui,Oui,Oui,Non,Non,Non,Non,Non,Non,Non,Windows,Oui,Non,Non,Oui,Non,Non,Non,Oui,Non,Non,Non,Oui,Non,Oui,Non,Non,Oui,Non,Oui,Non,Non,Oui,Non,Non,Non,Oui,Non,Oui,Oui,Non,Non,Non,Oui,Oui,Non,Oui,Oui,Non,Non,Oui,Parfois,NA,Non,Non,Non,Non,Non,Non,Non,Oui,Non,Non,Oui,Non,Oui,Non,Oui,Non,Non,Non,Non,Non,Oui,Oui,Oui,Non,Moins de cinq ans,autre,Non,Non,Oui,Non,Non,CDD,Non,Oui,Non,Non,Non,Non,Oui,Non,Non,ST,1.4,autre,Un homme
891,Oui,Non,Non,Non,Oui,Oui,Non,Non,Non,Oui,Non,Oui,Non,Non,Non,Non,Non,Non,Non,Non,Non,Non,Non,Non,Non,Oui,Non,Non,Assez,Non,Oui,Oui,Oui,Oui,Non,Non,NA,NA,moins,NA,NA,moins,NA,moins,NA,moins,NA,NA,moins,NA,Non,Oui,Non,Non,Non,Oui,Non,Non,Oui,Non,Non,Oui,Oui,Oui,Non,Souvent,Non applicable,Non applicable,Non applicable,Non,Non,Non,Non,Oui,Non,Non,Non,Non,Oui,Non,Non,Non,Non,Oui,Non,Non,Oui,Non,Non,non,oui,non,non,non,Oui,Parfois,Non,Oui,Oui,Non,Non,Non,Non,Non,Non,Oui,Non,Non,Non,Non,Non,Non,Non,6a10,Oui,Oui,Oui,Non,Non,Non,Non,Non,Non,Non,Non,LinuxUnix,Non,Non,Non,Non,Non,Non,Non,Oui,Non,Non,Oui,Oui,Non,Non,Non,Non,Non,Non,Non,Oui,Non,Non,Non,Non,Non,Non,Non,Non,Oui,Non,Non,Non,Non,Non,Non,Oui,Oui,Non,Non,Non applicable,NA,NA,Non,Non,Non,Non,Non,Non,Non,Oui,Non,Non,Non,Non,Non,Non,Non,Oui,Non,Non,Non,Non,Non,Non,Non,Oui,Moins de cinq ans,autre,Non,Non,Oui,Non,Non,CDD,Non,Oui,Non,Non,Non,Non,Oui,Non,Non,ST,1.4,autre,Un homme
743,Oui,Non,Non,Non,Non,Non,Non,Oui,Oui,Oui,Non,Non,Non,Oui,Oui,Oui,Non,Non,Non,Oui,Non,Non,Non,Oui,Non,Non,Non,Oui,Peu,Oui,Non,Oui,Non,Non,Non,Oui,NA,NA,NA,NA,NA,NA,NA,NA,NA,NA,NA,NA,NA,NA,Non,Non,Non,Non,Oui,Non,Non,Non,Oui,Non,Non,Oui,Non,Non,Non,Toujours,Jamais,Jamais,Jamais,Non,Non,Non,Non,Oui,Non,Non,Non,Non,Oui,Non,Non,Non,Non,Non,Non,Non,Non,Non,Non,oui,non,oui,oui,non,Je ne sais pas,Parfois,Non,Non,Oui,Non,Non,Non,Non,Non,Non,Oui,Non,Non,Non,Non,Non,Non,Non,2a5,Non,Non,Oui,Non,Non,Non,Non,Non,Non,Non,Non,LinuxUnix,Oui,Non,Non,Non,Non,Non,Non,Oui,Non,Non,Oui,Non,Non,Non,Non,Non,Oui,Non,Non,Oui,Non,Non,Non,Non,Non,Oui,Oui,Oui,Non,Non,Non,Non,Oui,Oui,Non,Non,Non,Oui,Oui,Oui,Parfois,plutotsat,Non,Non,Non,Non,Oui,Non,Non,Non,Non,Non,Non,Oui,Oui,Oui,Non,Non,Oui,Non,Non,Non,Non,Non,Oui,Non,Plus de dix ans,Université,Non,Non,Non,Non,Oui,fonct,Non,Oui,Non,Non,Non,Non,Oui,Non,Non,ST,1.4,NA,Un homme
942,Oui,Non,Non,Oui,Oui,Oui,Non,Non,Non,Non,Non,Oui,Non,Non,Non,Non,Oui,Non,Non,Oui,Oui,Non,Non,Non,Non,Non,Non,Non,Tout à fait,Non,Oui,Oui,Oui,Non,Non,Non,moins,moins,moins,moins,moins,moins,moins,moins,moins,moins,moins,NA,NA,NA,Non,Oui,Oui,Oui,Oui,Oui,Non,Oui,Oui,Non,Non,Oui,Oui,Oui,Oui,Parfois,Jamais,Jamais,Jamais,Non,Non,Non,Non,Oui,Non,Oui,Non,Oui,Non,Non,Non,Non,Non,Non,Non,Non,Non,Non,Non,non,non,oui,oui,non,Non,Parfois,Non,Oui,Oui,Non,Non,Non,Non,Oui,Oui,Oui,Non,Non,Non,Non,Non,Non,Non,2a5,Oui,Oui,Oui,Non,Non,Non,Non,Non,Non,Non,Oui,MacOS,Oui,Non,Non,Non,Non,Oui,Non,Oui,Non,Non,Oui,Non,Non,Non,Non,Non,Non,Non,Non,Non,Non,Non,Non,Non,Non,Non,Non,Non,Oui,Non,Non,Non,Non,Oui,Non,Non,Non,Non,Non,Oui,Parfois,plutotsat,Oui,Oui,Non,Non,Non,Non,Non,Non,Non,Non,Non,Non,Non,Non,Non,Oui,Non,Non,Oui,Non,Non,Non,Non,Non,Plus de dix ans,CNRS,Oui,Non,Non,Non,Non,fonct,Non,Non,Non,Non,Non,Non,Oui,Non,Oui,ST,1.4,autre,Un homme
1050,Oui,Non,Non,Oui,Oui,Oui,Non,Non,Oui,Non,Non,Oui,Non,Non,Non,Non,Oui,Non,Non,Non,Oui,Non,Oui,Non,Non,Non,Non,Oui,Tout à fait,Oui,Oui,Oui,Non,Non,Non,Oui,moins,NA,NA,NA,NA,moins,NA,moins,moins,moins,moins,NA,NA,moins,Non,Oui,Non,Non,Non,Oui,Non,Non,Oui,Non,Non,Non,Oui,Oui,Oui,Souvent,Jamais,Jamais,Jamais,Non,Non,Oui,Oui,Non,Non,Oui,Non,Oui,Oui,Non,Non,Non,Non,Oui,Non,Non,Non,Non,Non,non,non,non,non,non,Oui,Jamais,Non,Oui,Non,Non,Oui,Non,Oui,Non,Oui,Non,Non,Non,Non,Non,Non,Non,Non,6a10,Oui,Oui,Oui,Non,Non,Non,Non,Non,Non,Non,Non,Windows,Oui,Oui,Non,Non,Non,Non,Non,Non,Non,Non,Oui,Oui,Oui,Non,Non,Non,Non,Non,Non,Non,Non,Oui,Oui,Non,Oui,Non,Oui,Non,Oui,Non,Non,Non,Non,Oui,Non,Non,Non,Non,Non,Non,NA,NA,Non,Non,Non,Non,Non,Non,Non,Oui,Non,Non,Oui,Non,Non,Non,Oui,Non,Oui,Non,Oui,Non,Non,Oui,Non,Non,Cinq à dix ans,CNRS,Non,Oui,Non,Non,Non,CDD,Non,Non,Non,Non,Non,Non,Oui,Non,Oui,ST,1.4,autre,Un homme
1123,Oui,Non,Non,Non,Non,Oui,Non,Non,Oui,Non,Non,Oui,Non,Non,Non,Non,Oui,Oui,Non,Non,Oui,Oui,Non,Non,Oui,Non,Non,Non,Assez,Non,Oui,Oui,Non,Non,Non,Non,moins,moins,NA,moins,NA,moins,moins,moins,NA,moins,NA,NA,NA,NA,Non,Oui,Non,Non,Non,Oui,Non,Non,Oui,Non,Non,Non,Non,Oui,Oui,Parfois,Jamais,Jamais,Jamais,Oui,Non,Non,Non,Non,Non,Oui,Oui,Non,Non,Non,Non,Non,Non,Non,Non,Non,Non,Non,Non,non,non,oui,oui,non,Je ne sais pas,Parfois,Non,Non,Non,Non,Oui,Non,Oui,Non,Oui,Non,Non,Non,Non,Non,Non,Non,Non,2a5,Oui,Oui,Oui,Non,Non,Non,Non,Non,Non,Non,Non,Windows,Oui,Oui,Non,Non,Non,Oui,Non,Non,Non,Non,Non,Oui,Oui,Non,Non,Oui,Non,Non,Oui,Non,Non,Oui,Non,Non,Non,Non,Non,Non,Oui,Oui,Non,Oui,Non,Oui,Non,Non,Oui,Non,Non,Oui,Toujours,tressat,Oui,Non,Non,Non,Non,Non,Non,Non,Non,Non,Non,Non,Non,Non,Non,Oui,Oui,Non,Non,Non,Non,Non,Non,Non,Plus de dix ans,école,Oui,Non,Non,Non,Non,fonct,Non,Non,Non,Non,Non,Non,Oui,Non,Oui,ST,1.4,autre,Un homme
890,Oui,Non,Non,Non,Non,Oui,Non,Non,Oui,Non,Oui,Oui,Oui,Oui,Non,Non,Oui,Non,Non,Oui,Oui,Non,Oui,Non,Oui,Non,Non,Non,Assez,Non,Oui,Oui,Oui,Non,Non,Oui,moins,moins,moins,moins,moins,moins,moins,moins,moins,moins,moins,moins,moins,moins,Non,Oui,Non,Non,Oui,Oui,Non,Non,Oui,Non,Non,Oui,Oui,Oui,Oui,Souvent,Parfois,Jamais,Jamais,Non,Non,Oui,Oui,Non,Non,Non,Oui,Oui,Non,Non,Non,Non,Non,Non,Non,Non,Non,Non,Non,oui,oui,oui,non,non,Je ne sais pas,Parfois,Oui,Oui,Oui,Non,Oui,Non,Oui,Non,Non,Non,Oui,Non,Non,Non,Non,Non,Non,6a10,Oui,Oui,Oui,Non,Non,Non,Non,Non,Non,Non,Oui,Windows,Oui,Oui,Non,Non,Non,Oui,Non,Oui,Non,Non,Oui,Oui,Oui,Non,Non,Non,Oui,Non,Oui,Non,Non,Oui,Oui,Oui,Oui,Non,Oui,Non,Oui,Oui,Non,Oui,Non,Oui,Non,Non,Non,Non,Non,Non,NA,NA,Non,Non,Non,Non,Non,Non,Non,Oui,Non,Non,Non,Oui,Oui,Oui,Oui,Non,Oui,Non,Oui,Non,Non,Oui,Non,Non,Plus de dix ans,CNRS,Non,Non,Oui,Non,Non,fonct,Non,Non,Non,Non,Non,Non,Oui,Non,Oui,ST,1.4,physique ,Un homme
597,Non,Non,Oui,Non,Oui,Non,Non,Non,Non,Non,Non,Oui,Non,Oui,Oui,Non,Non,Non,Non,Non,Non,Non,Oui,Non,Oui,Oui,Oui,Non,Tout à fait,Oui,Non,Non,Non,Non,Non,Oui,moins,NA,NA,moins,moins,moins,moins,moins,NA,NA,moins,NA,NA,NA,Oui,Non,Oui,Oui,Oui,Oui,Non,Non,Oui,Non,Oui,Oui,Oui,Oui,Non,Parfois,Jamais,Parfois,Jamais,Non,Non,Oui,Non,Non,Non,Oui,Oui,Oui,Non,Non,Non,Oui,Oui,Non,Non,Non,Non,Non,Non,non,oui,non,oui,non,Oui,Parfois,Non,Non,Non,Non,Oui,Non,Non,Oui,Oui,Non,Non,Non,Non,Non,Oui,Non,Non,2a5,Non,Oui,Non,Non,Non,Non,Non,Non,Non,Non,Non,LinuxUnix,Oui,Non,Non,Non,Non,Non,Non,Oui,Non,Non,Oui,Non,Non,Non,Non,Non,Non,Non,Non,Non,Non,Non,Non,Non,Non,Non,Non,Non,Oui,Non,Non,Non,Non,Non,Oui,Oui,Non,Non,Non,Oui,Jamais,NA,Non,Oui,Non,Non,Non,Non,Non,Oui,Non,Oui,Non,Oui,Oui,Non,Non,Non,Non,Non,Oui,Non,Non,Non,Non,Non,Plus de dix ans,école,Oui,Non,Non,Non,Non,fonct,Non,Non,Non,Non,Non,Non,Oui,Oui,Non,ST,1.4,autre,Un homme
1107,Oui,Non,Non,Non,Non,Oui,Non,Non,Non,Non,Non,Oui,Non,Non,Non,Non,Oui,Non,Non,Non,Oui,Non,Non,Non,Oui,Non,Non,Non,Tout à fait,Non,Oui,Oui,Non,Oui,Oui,Oui,plus,NA,NA,NA,NA,moins,NA,NA,NA,NA,moins,NA,NA,NA,Non,Oui,Oui,Non,Non,Oui,Non,Non,Oui,Non,Non,Non,Oui,Oui,Oui,Souvent,Toujours,Jamais,Jamais,Non,Non,Non,Non,Oui,Non,Oui,Oui,Oui,Non,Non,Non,Non,Non,Oui,Non,Non,Non,Non,Non,non,oui,non,oui,non,Oui,Souvent,Non,Oui,Oui,Non,Oui,Non,Oui,Non,Oui,Oui,Non,Non,Non,Non,Non,Non,Non,2a5,Oui,Non,Oui,Non,Non,Non,Non,Non,Non,Non,Non,Windows,Oui,Oui,Non,Oui,Non,Oui,Non,Non,Non,Non,Non,Oui,Oui,Non,Non,Non,Non,Non,Oui,Non,Non,Oui,Non,Non,Oui,Non,Non,Non,Oui,Non,Non,Oui,Non,Oui,Non,Non,Non,Non,Non,Non,NA,NA,Non,Non,Non,Non,Non,Oui,Oui,Non,Non,Non,Oui,Oui,Oui,Oui,Non,Non,Oui,Non,Oui,Non,Non,Oui,Non,Non,Moins de cinq ans,autre,Non,Oui,Non,Non,Non,doct,Non,Non,Non,Non,Non,Oui,Non,Non,Non,ST,1.4,autre,Une femme
374,Oui,Non,Oui,Non,Non,Oui,Non,Non,Non,Non,Non,Oui,Oui,Non,Non,Non,Oui,Non,Non,Non,Non,Non,Non,Oui,Non,Non,Non,Non,Peu,Non,Oui,Oui,Non,Oui,Non,Oui,moins,moins,moins,moins,moins,moins,NA,moins,NA,moins,moins,NA,moins,moins,Oui,Oui,Non,Non,Non,Non,Non,Non,Oui,Non,Non,Non,Oui,Oui,Oui,Souvent,Jamais,Jamais,Jamais,Oui,Non,Non,Non,Non,Non,Oui,Oui,Non,Non,Non,Non,Non,Non,Non,Non,Non,Non,Non,Non,non,oui,non,non,non,Je ne sais pas,Jamais,Non,Oui,Non,Non,Oui,Non,Non,Oui,Oui,Non,Non,Non,Non,Non,Non,Non,Non,2a5,Oui,Oui,Non,Non,Non,Non,Non,Non,Non,Non,Oui,Windows,Oui,Non,Non,Non,Non,Non,Non,Oui,Non,Non,Non,Oui,Non,Non,Non,Non,Oui,Non,Non,Non,Non,Non,Non,Non,Oui,Non,Oui,Oui,Non,Non,Non,Oui,Non,Oui,Non,Non,Non,Non,Non,Non,NA,NA,Non,Non,Oui,Non,Oui,Non,Non,Non,Non,Non,Non,Oui,Oui,Non,Non,Non,Oui,Non,Non,Non,Oui,Oui,Oui,Non,Plus de dix ans,CNRS,Oui,Non,Non,Non,Non,fonct,Non,Non,Non,Non,Non,Oui,Non,Non,Non,ST,1.4,autre,Une femme
324,Oui,Non,Oui,Oui,Non,Oui,Oui,Oui,Oui,Oui,Non,Non,Oui,Oui,Oui,Oui,Oui,Oui,Non,Non,Non,Non,Oui,Oui,Oui,Non,Non,Non,Tout à fait,Oui,Oui,Oui,Non,Oui,Non,Oui,moins,moins,moins,moins,moins,moins,moins,moins,moins,moins,moins,moins,moins,moins,Oui,Oui,Oui,Non,Oui,Oui,Non,Non,Oui,Oui,Oui,Oui,Non,Oui,Oui,Souvent,Parfois,Parfois,Souvent,Oui,Non,Oui,Non,Non,Non,Non,Oui,Non,Non,Oui,Non,Non,Oui,Oui,Oui,Oui,Oui,Non,Non,oui,non,non,oui,non,Oui,Parfois,Non,Oui,Non,Non,Oui,Oui,Non,Oui,Oui,Oui,Oui,Oui,Non,Non,Non,Non,Non,11plus,Oui,Oui,Oui,Non,Non,Non,Non,Non,Non,Non,Oui,MacOS,Oui,Non,Oui,Oui,Non,Non,Non,Oui,Non,Non,Oui,Oui,Oui,Non,Non,Non,Non,Non,Oui,Oui,Non,Oui,Oui,Non,Oui,Non,Non,Non,Non,Non,Non,Non,Oui,Non,Oui,Oui,Oui,Non,Non,Non,NA,NA,Non,Oui,Oui,Non,Non,Non,Non,Non,Oui,Non,Non,Oui,Oui,Oui,Non,Non,Oui,Non,Non,Non,Non,Non,Oui,Non,Plus de dix ans,organisme,Oui,Non,Non,Non,Non,fonct,Non,Non,Non,Non,Non,Oui,Non,Non,Non,ST,1.4,autre,Une femme
1119,Oui,Non,Non,Non,Non,Non,Non,Oui,Oui,Oui,Oui,Oui,Oui,Oui,Oui,Non,Oui,Oui,Oui,Oui,Oui,Non,Oui,Oui,Non,Non,Non,Non,Tout à fait,Oui,Oui,Oui,Oui,Oui,Oui,Oui,plus,NA,moins,moins,moins,moins,NA,moins,moins,NA,moins,moins,moins,moins,Non,Oui,Non,Non,Oui,Non,Non,Non,Oui,Non,Non,Non,Oui,Oui,Oui,Jamais,Parfois,Jamais,Non applicable,Oui,Oui,Oui,Non,Non,Non,Oui,Non,Oui,Oui,Non,Non,Non,Oui,Non,Non,Oui,Non,Non,Non,oui,non,oui,oui,non,Je ne sais pas,Parfois,Non,Oui,Oui,Oui,Oui,Oui,Non,Non,Non,Oui,Oui,Non,Non,Non,Non,Non,Non,11plus,Oui,Oui,Oui,Non,Non,Non,Non,Non,Non,Non,Oui,Windows,Oui,Non,Non,Oui,Non,Non,Oui,Non,Non,Non,Oui,Oui,Oui,Non,Oui,Non,Oui,Non,Non,Non,Non,Oui,Oui,Oui,Oui,Oui,Oui,Oui,Oui,Non,Non,Non,Non,Oui,Non,Non,Non,Oui,Non,Oui,Parfois,plutotsat,Non,Oui,Non,Non,Non,Non,Non,Non,Oui,Oui,Oui,Oui,Oui,Oui,Oui,Non,Oui,Non,Non,Non,Non,Oui,Oui,Non,Plus de dix ans,organisme,Non,Non,Oui,Non,Non,CDI,Non,Non,Non,Non,Non,Oui,Non,Non,Non,ST,1.4,autre,Une femme
957,Oui,Non,Oui,Oui,Oui,Oui,Non,Oui,Non,Oui,Oui,Non,Oui,Oui,Oui,Non,Oui,Non,Oui,Oui,Oui,Oui,Non,Oui,Oui,Non,Non,Oui,Tout à fait,Oui,Oui,Oui,Non,Oui,Oui,Oui,plus,NA,plus,moins,moins,plus,moins,moins,NA,moins,plus,NA,moins,plus,Oui,Oui,Non,Non,Non,Oui,Oui,Non,Oui,Non,Non,Oui,Oui,Oui,Oui,Toujours,Souvent,Souvent,NA,Oui,Non,Non,Non,Non,Non,Non,Oui,Oui,Oui,Non,Non,Oui,Non,Oui,Non,Non,Non,Non,Non,non,oui,non,oui,non,Oui,Parfois,Non,Oui,Oui,Oui,Oui,Oui,Oui,Oui,Oui,Non,Non,Non,Non,Non,Non,Non,Non,2a5,Oui,Oui,Oui,Non,Non,Non,Non,Non,Non,Non,Non,LinuxUnix,Oui,Non,Non,Non,Non,Oui,Non,Oui,Non,Non,Oui,Oui,Oui,Non,Oui,Oui,Oui,Oui,Oui,Non,Non,Oui,Oui,Non,Oui,Non,Non,Non,Non,Non,Non,Non,Non,Oui,Oui,Non,Non,Non,Non,Non,NA,NA,Oui,Oui,Oui,Oui,Oui,Non,Non,Non,Non,Oui,Oui,Oui,Oui,Non,Oui,Non,Oui,Non,Oui,Non,Oui,Oui,Oui,Non,Plus de dix ans,Université,Oui,Non,Non,Non,Non,fonct,Non,Non,Non,Non,Non,Oui,Non,Non,Non,ST,1.4,autre,Autre
830,Non,Non,Oui,Oui,Non,Oui,Non,Non,Oui,Non,Non,Oui,Non,Non,Non,Non,Non,Non,Non,Non,Non,Non,Non,Oui,Non,Non,Non,Oui,Assez,Oui,Oui,Oui,Non,Non,Non,Oui,NA,NA,moins,NA,moins,moins,NA,moins,NA,moins,NA,NA,NA,NA,Oui,Non,Non,Non,Oui,Non,Non,Oui,Non,Non,Non,Non,Non,Oui,Non,Toujours,Toujours,NA,NA,Non,Non,Non,Non,Oui,Non,Non,Oui,Oui,Non,Non,Non,Non,Oui,Non,Non,Non,Non,Non,Non,non,oui,non,oui,non,Je ne sais pas,Parfois,Non,Non,Non,Non,Non,Oui,Non,Non,Non,Non,Oui,Non,Non,Non,Non,Non,Non,2a5,Non,Non,Oui,Non,Non,Oui,Non,Non,Oui,Oui,Non,Windows,Oui,Non,Non,Non,Non,Non,Non,Non,Non,Non,Non,Non,Non,Oui,Non,Non,Non,Non,Non,Non,Non,Oui,Non,Oui,Oui,Oui,Non,Non,Non,Non,Non,Non,Non,Oui,Non,Non,Oui,Oui,Non,Oui,Parfois,plutotsat,Non,Non,Non,Non,Non,Non,Non,Oui,Non,Non,Non,Non,Non,Oui,Non,Non,Oui,Non,Non,Oui,Non,Oui,Non,Non,Plus de dix ans,NA,Non,Non,Non,Non,Oui,CDI,Non,Non,Non,Non,Non,Oui,Non,Non,Non,ST,1.4,autre,Une femme
742,Oui,Non,Non,Non,Non,Oui,Non,Non,Oui,Non,Non,Oui,Oui,Non,Non,Non,Oui,Non,Non,Oui,Non,Non,Non,Oui,Non,Non,Non,Oui,Tout à fait,Oui,Oui,Oui,Non,Oui,Non,Oui,plus,NA,NA,NA,NA,plus,NA,plus,NA,NA,moins,moins,NA,moins,Non,Oui,Non,Non,Non,Oui,Non,Non,Oui,Non,Non,Non,Oui,Oui,Oui,Toujours,Parfois,Jamais,Non applicable,Oui,Non,Non,Non,Non,Non,Oui,Oui,Oui,Non,Oui,Oui,Non,Oui,Non,Non,Non,Non,Non,Non,oui,oui,non,oui,non,Oui,Parfois,Non,Oui,Non,Non,Oui,Non,Non,Oui,Oui,Oui,Non,Non,Non,Non,Non,Non,Non,2a5,Oui,Oui,Oui,Non,Non,Non,Non,Non,Non,Non,Non,MacOS,Oui,Oui,Non,Oui,Non,Non,Non,Non,Non,Non,Non,Oui,Oui,Non,Non,Non,Non,Non,Oui,Non,Non,Non,Oui,Non,Oui,Non,Oui,Non,Non,Non,Non,Oui,Non,Oui,Oui,Non,Non,Non,Non,Oui,Parfois,nini,Oui,Oui,Non,Non,Non,Non,Non,Non,Oui,Non,Oui,Non,Non,Non,Non,Non,Oui,Non,Oui,Non,Non,Oui,Non,Non,Plus de dix ans,CNRS,Oui,Non,Non,Non,Non,fonct,Non,Non,Non,Non,Non,Oui,Non,Non,Non,ST,1.4,autre,Une femme
884,Oui,Oui,Non,Non,Oui,Oui,Non,Non,Non,Oui,Oui,Oui,Oui,Oui,Oui,Oui,Oui,Oui,Oui,Non,Non,Non,Oui,Non,Non,Non,Non,Oui,Tout à fait,Oui,Non,Non,Non,Oui,Non,Non,moins,moins,moins,moins,moins,moins,moins,moins,moins,moins,moins,moins,moins,moins,Non,Oui,Non,Non,Non,Oui,Oui,Non,Oui,Oui,Oui,Oui,Oui,Oui,Oui,Parfois,Jamais,Toujours,Toujours,Non,Non,Oui,Non,Non,Non,Non,Non,Non,Non,Non,Non,Oui,Oui,Oui,Non,Non,Oui,Non,Non,non,oui,oui,oui,non,Oui,Jamais,Non,Oui,Oui,Oui,Oui,Oui,Non,Oui,Oui,Oui,Oui,Oui,Non,Non,Non,Oui,Non,2a5,Oui,Oui,Non,Non,Non,Non,Non,Non,Non,Non,Non,MacOS,Oui,Non,Non,Non,Non,Oui,Non,Oui,Non,Non,Oui,Oui,Non,Oui,Non,Non,Non,Non,Non,Non,Non,Oui,Non,Non,Non,Non,Non,Non,Oui,Non,Non,Oui,Non,Oui,Oui,Oui,Oui,Oui,Non,Oui,Parfois,insatisfait,Non,Non,Non,Non,Non,Non,Oui,Non,Non,Non,Non,Non,Non,Oui,Oui,Non,Non,Non,Non,Oui,Non,Non,Oui,Non,Cinq à dix ans,autre,Non,Oui,Non,Non,Non,CDD,Non,Non,Non,Non,Non,Oui,Non,Non,Non,ST,1.4,autre,Un homme
730,Oui,Non,Non,Non,Oui,Oui,Non,Non,Non,Non,Non,Oui,Oui,Oui,Oui,Oui,Oui,Oui,Non,Oui,Non,Non,Oui,Non,Non,Non,Non,Non,Tout à fait,Oui,Non,Non,Non,Oui,Non,Oui,moins,NA,moins,moins,NA,moins,NA,moins,NA,moins,moins,moins,moins,moins,Non,Oui,Non,Non,Non,Oui,Non,Non,Oui,Oui,Non,Oui,Oui,Oui,Oui,Parfois,Souvent,Parfois,Parfois,Oui,Non,Non,Non,Non,Non,Non,Non,Non,Non,Non,Non,Oui,Non,Non,Non,Non,Oui,Non,Non,oui,oui,non,non,non,Oui,Parfois,Oui,Oui,Oui,Non,Oui,Non,Non,Oui,Oui,Oui,Oui,Non,Non,Non,Non,Non,Non,2a5,Oui,Oui,Non,Non,Non,Non,Non,Non,Non,Non,Non,LinuxUnix,Oui,Non,Non,Non,Non,Oui,Non,Oui,Non,Non,Non,Non,Non,Non,Oui,Non,Oui,Oui,Oui,Non,Non,Non,Non,Oui,Oui,Non,Non,Non,Oui,Non,Non,Non,Non,Oui,Oui,Oui,Non,Non,Non,Oui,Jamais,NA,Non,Non,Non,Non,Non,Non,Non,Oui,Non,Non,Oui,Non,Non,Non,Oui,Non,Oui,Non,Non,Oui,Oui,Oui,Oui,Non,Cinq à dix ans,autre,Non,Oui,Non,Non,Non,CDD,Non,Non,Non,Non,Non,Oui,Non,Non,Non,ST,1.4,autre,Une femme
931,Non,Oui,Non,Non,Oui,Oui,Non,Non,Non,Non,Non,Non,Non,Oui,Oui,Non,Oui,Non,Non,Oui,Non,Oui,Oui,Non,Oui,Oui,Oui,Non,Tout à fait,Oui,Non,Oui,Oui,Oui,Non,Non,NA,NA,NA,NA,NA,NA,NA,NA,NA,NA,NA,NA,NA,NA,Oui,Non,Non,Non,Non,Non,Non,Non,Oui,Non,Non,Oui,Oui,Oui,Non,Souvent,Jamais,Jamais,Jamais,Non,Non,Non,Non,Non,Oui,Oui,Oui,Oui,Non,Non,Non,Non,Non,Oui,Non,Non,Non,Non,Non,non,oui,non,non,non,Oui,Parfois,Non,Oui,Oui,Non,Oui,Non,Non,Oui,Oui,Oui,Non,Non,Non,Non,Non,Non,Non,2a5,Oui,Non,Non,Non,Non,Non,Non,Non,Non,Non,Non,LinuxUnix,Non,Non,Non,Non,Non,Non,Non,Oui,Non,Non,Oui,Non,Non,Non,Oui,Non,Non,Non,Non,Oui,Non,Non,Non,Non,Non,Non,Non,Non,Oui,Non,Non,Non,Non,Oui,Non,Non,Non,Non,Non,Non,NA,NA,Non,Oui,Non,Non,Non,Non,Non,Non,Non,Oui,Non,Non,Non,Non,Non,Non,Oui,Non,Non,Non,Non,Non,Non,Non,Plus de dix ans,CNRS,Non,Non,Oui,Non,Oui,fonct,Non,Non,Non,Non,Non,Oui,Non,Non,Non,ST,1.4,autre,Un homme
563,Oui,Non,Non,Non,Non,Oui,Non,Non,Oui,Non,Non,Oui,Oui,Non,Non,Non,Oui,Oui,Non,Non,Oui,Non,Non,Non,Non,Non,Non,Non,Assez,Oui,Oui,Oui,Non,Non,Non,Oui,moins,NA,NA,NA,NA,moins,NA,moins,NA,moins,moins,NA,moins,moins,Non,Oui,Oui,Non,Non,Oui,Non,Non,Oui,Non,Non,Non,Non,Oui,Oui,Toujours,Parfois,Jamais,NA,Oui,Non,Non,Non,Non,Non,Oui,Oui,Oui,Non,Oui,Non,Non,Oui,Non,Non,Non,Non,Non,Non,oui,oui,non,non,oui,Je ne sais pas,Souvent,Non,Non,Non,Non,Oui,Non,Oui,Oui,Oui,Non,Non,Non,Non,Non,Non,Non,Non,6a10,Oui,Oui,Oui,Non,Non,Non,Non,Non,Non,Non,Non,MacOS,Oui,Non,Non,Non,Non,Oui,Non,Non,Non,Non,Non,Oui,Non,Non,Non,Non,Non,Non,Oui,Non,Non,Oui,Non,Non,Non,Non,Non,Oui,Non,Non,Non,Oui,Non,Oui,Non,Non,Non,Non,Non,Non,NA,NA,Oui,Oui,Oui,Non,Non,Non,Non,Non,Non,Non,Oui,Oui,Non,Non,Non,Non,Oui,Non,Oui,Non,Non,Oui,Non,Non,Plus de dix ans,organisme,Oui,Non,Non,Non,Non,fonct,Non,Non,Non,Non,Non,Oui,Non,Non,Non,ST,1.4,autre,Une femme
983,Oui,Oui,Non,Oui,Oui,Oui,Non,Oui,Non,Oui,Non,Non,Non,Non,Oui,Oui,Oui,Non,Non,Non,Non,Non,Oui,Non,Non,Non,Non,Non,Tout à fait,Non,Oui,Oui,Non,Non,Non,Non,moins,moins,moins,moins,moins,moins,moins,moins,moins,moins,moins,moins,moins,moins,Non,Non,Oui,Oui,Non,Oui,Non,Non,Oui,Oui,Non,Non,Oui,Non,Oui,Non applicable,Non applicable,Non applicable,Toujours,Oui,Non,Non,Non,Non,Non,Non,Oui,Non,Non,Non,Non,Oui,Non,Non,Non,Oui,Non,Non,Non,oui,oui,non,non,non,Oui,Souvent,Oui,Oui,Oui,Non,Oui,Non,Oui,Non,Oui,Oui,Non,Non,Non,Non,Non,Non,Non,2a5,Oui,Oui,Non,Non,Non,Non,Non,Non,Non,Non,Oui,MacOS,Oui,Non,Non,Oui,Non,Non,Non,Non,Oui,Non,NA,NA,NA,NA,NA,NA,NA,NA,NA,NA,NA,NA,NA,NA,NA,NA,NA,NA,NA,NA,NA,Non,Non,Oui,Non,Non,Non,Non,Non,Oui,NA,NA,Oui,Oui,Non,Non,Non,Oui,Non,Non,Oui,Non,Non,Oui,Non,Non,Non,Non,Non,Oui,Non,Non,Non,Non,Non,Non,Plus de dix ans,CNRS,Oui,Non,Non,Non,Non,fonct,Non,Non,Non,Non,Non,Oui,Non,Non,Non,ST,1.4,autre,Un homme
606,Oui,Non,Non,Non,Oui,Oui,Non,Non,Non,Oui,Non,Oui,Oui,Oui,Non,Non,Oui,Non,Non,Oui,Oui,Non,Non,Non,Oui,Non,Non,Non,Tout à fait,Oui,Non,Oui,Non,Non,Non,Oui,plus,moins,moins,moins,moins,moins,moins,moins,moins,moins,moins,moins,moins,moins,Non,Oui,Non,Non,Non,Non,Non,Non,Oui,Oui,Non,Non,Oui,Oui,Oui,Parfois,Jamais,Jamais,Jamais,Oui,Non,Non,Non,Non,Non,Non,Non,Non,Non,Non,Non,Oui,Non,Non,Non,Non,Non,Non,Non,oui,oui,oui,non,non,Non,Parfois,Oui,Oui,Oui,Non,Oui,Non,Non,Oui,Oui,Oui,Oui,Non,Non,Non,Non,Non,Non,2a5,Oui,Oui,Oui,Non,Non,Non,Non,Non,Non,Non,Non,MacOS,Oui,Non,Non,Oui,Non,Oui,Non,Non,Non,Non,Oui,Oui,Non,Non,Non,Non,Non,Non,Oui,Non,Non,Oui,Non,Non,Oui,Non,Non,Non,Oui,Non,Non,Oui,Non,Oui,Non,Non,Non,Non,Non,Non,NA,NA,Non,Non,Oui,Non,Oui,Non,Non,Non,Non,Non,Oui,Oui,Non,Non,Non,Non,Oui,Non,Non,Oui,Non,Non,Non,Non,Cinq à dix ans,CNRS,Non,Oui,Non,Non,Non,CDD,Non,Non,Non,Non,Non,Oui,Non,Non,Non,ST,1.4,biologie,Une femme
1044,Oui,Non,Non,Non,Oui,Oui,Non,Non,Non,Non,Non,Non,Oui,Oui,Oui,Non,Oui,Oui,Non,Oui,Oui,Non,Non,Oui,Non,Non,Non,Oui,Assez,Oui,Oui,Oui,Non,Non,Non,Non,moins,moins,moins,moins,moins,moins,moins,moins,moins,moins,moins,NA,moins,moins,Non,Oui,Non,Non,Non,Oui,Non,Non,Oui,Non,Non,Non,Oui,Non,Oui,Parfois,Jamais,Jamais,Jamais,Non,Non,Non,Oui,Non,Non,Oui,Oui,Non,Non,Non,Non,Non,Non,Non,Non,Non,Non,Non,Non,oui,non,oui,non,oui,Je ne sais pas,Jamais,Non,Oui,Non,Non,Oui,Non,Non,Oui,Oui,Non,Non,Non,Non,Non,Non,Non,Non,2a5,Oui,Oui,Oui,Non,Non,Non,Non,Non,Non,Non,Non,Windows,Oui,Non,Non,Non,Oui,Non,Non,Non,Non,Non,Oui,Oui,Non,Non,Non,Non,Non,Non,Non,Non,Non,Oui,Non,Non,Non,Non,Non,Non,Oui,Non,Non,Non,Non,Oui,Non,Non,Non,Non,Non,Oui,Jamais,nini,Oui,Oui,Oui,Oui,Non,Non,Non,Non,Oui,Oui,Non,Oui,Oui,Non,Non,Non,Oui,Non,Oui,Oui,Oui,Non,Non,Non,Plus de dix ans,Université,Oui,Non,Non,Non,Non,fonct,Non,Non,Non,Non,Non,Oui,Non,Non,Non,ST,1.4,biologie,Une femme
1189,Oui,Non,Non,Non,Oui,Oui,Non,Non,Non,Non,Non,Non,Non,Non,Oui,Non,Non,Non,Non,Non,Oui,Non,Non,Non,Oui,Non,Non,Non,Tout à fait,Non,Non,Oui,Oui,Oui,Non,Non,plus,NA,NA,NA,moins,plus,NA,NA,NA,NA,moins,moins,NA,NA,Non,Oui,Oui,Non,Non,Oui,Oui,Non,Oui,Non,Non,Non,Non,Oui,Oui,Souvent,NA,Parfois,NA,Non,Non,Non,Non,Oui,Non,Non,Oui,Non,Oui,Non,Oui,Non,Non,Non,Non,Non,Non,Non,Non,non,non,oui,oui,non,Je ne sais pas,Parfois,Non,Non,Oui,Non,Oui,Non,Non,Oui,Oui,Oui,Non,Non,Non,Non,Non,Non,Non,2a5,Oui,Oui,Non,Non,Non,Non,Non,Non,Non,Non,Non,Windows,Non,Non,Non,Non,Non,Non,Non,Oui,Oui,Non,NA,NA,NA,NA,NA,NA,NA,NA,NA,NA,NA,NA,NA,NA,NA,NA,NA,NA,NA,NA,NA,Non,Oui,Oui,Non,Non,Non,Non,Non,Oui,Parfois,nini,Oui,Oui,Non,Non,Non,Non,Non,Non,Non,Non,Non,Oui,Oui,Non,Non,Non,Non,Oui,Non,Non,Non,Non,Non,Non,Plus de dix ans,CNRS,Oui,Non,Non,Non,Non,fonct,Non,Non,Non,Non,Non,Oui,Non,Non,Non,ST,1.4,biologie,Une femme
842,Oui,Non,Non,Non,Oui,Oui,Non,Oui,Oui,Oui,Non,Non,Oui,Oui,Oui,Non,Oui,Oui,Non,Oui,Oui,Non,Oui,Non,Oui,Non,Non,Oui,Tout à fait,Oui,Non,Non,Oui,Non,Non,Oui,plus,moins,moins,plus,plus,plus,NA,plus,NA,moins,plus,moins,NA,NA,Non,Oui,Oui,Non,Oui,Oui,Oui,Non,Oui,Non,Non,Non,Oui,Oui,Oui,Souvent,Jamais,Jamais,Jamais,Oui,Non,Non,Non,Non,Non,Non,Oui,Oui,Non,Non,Non,Non,Oui,Non,Non,Non,Non,Non,Non,non,non,oui,non,oui,Oui,Parfois,Non,Oui,Oui,Non,Oui,Oui,Oui,Oui,Oui,Oui,Non,Non,Non,Non,Non,Non,Non,2a5,Oui,Non,Oui,Non,Non,Non,Non,Non,Non,Non,Non,Windows,Oui,Non,Non,Oui,Non,Non,Non,Non,Non,Non,Non,Oui,Non,Non,Non,Non,Non,Non,Oui,Non,Non,Oui,Oui,Non,Oui,Non,Non,Non,Non,Non,Non,Oui,Non,Oui,Non,Non,Non,Non,Oui,Non,NA,NA,Oui,Oui,Oui,Oui,Oui,Oui,Oui,Non,Oui,Oui,Oui,Oui,Oui,Oui,Oui,Non,Non,Non,Oui,Non,Non,Non,Non,Non,Cinq à dix ans,autre,Non,Oui,Non,Non,Non,CDD,Non,Non,Non,Non,Non,Oui,Non,Non,Non,ST,1.4,biologie,Autre
987,Oui,Non,Non,Non,Non,Oui,Non,Non,Non,Non,Non,Oui,Non,Non,Non,Non,Oui,Non,Non,Oui,Non,Non,Non,Oui,Oui,Non,Non,Oui,Tout à fait,Oui,Oui,Oui,Oui,Non,Non,Oui,moins,moins,moins,moins,moins,moins,moins,moins,moins,moins,moins,moins,moins,plus,Oui,Oui,Non,Non,Non,Non,Non,Non,Oui,Non,Non,Non,Non,Oui,Oui,Souvent,Parfois,Parfois,Parfois,Oui,Non,Non,Non,Non,Non,Non,Non,Non,Non,Non,Oui,Non,Non,Non,Non,Non,Non,Non,Non,oui,oui,non,oui,oui,Oui,Je ne sais pas,Oui,Oui,Oui,Non,Oui,Non,Oui,Oui,Oui,Non,Oui,Non,Non,Non,Non,Non,Non,2a5,Oui,Oui,Oui,Non,Non,Non,Non,Non,Non,Non,Non,Windows,Oui,Non,Non,Non,Oui,Non,Non,Oui,Non,Non,Oui,Oui,Non,Non,Non,Non,Oui,Non,Non,Non,Non,Oui,Oui,Non,Non,Non,Non,Non,Non,Non,Non,Non,Oui,Oui,Oui,Non,Non,Non,Non,Oui,Parfois,nini,Non,Non,Non,Non,Non,Non,Non,Oui,Non,Non,Oui,Non,Non,Non,Non,Non,Oui,Non,Non,Non,Non,Non,Non,Non,Plus de dix ans,NA,Non,Oui,Non,Non,Non,CDD,Non,Non,Non,Non,Non,Oui,Non,Non,Non,ST,1.4,biologie,Une femme
714,Oui,Non,Non,Non,Non,Oui,Non,Non,Oui,Non,Non,Oui,Oui,Non,Oui,Non,Oui,Non,Non,Oui,Non,Non,Oui,Non,Non,Non,Non,Non,Assez,Oui,Oui,Oui,Non,Non,Non,Oui,moins,NA,moins,NA,NA,moins,NA,moins,NA,moins,moins,NA,NA,NA,Non,Oui,Oui,Non,Non,Oui,Non,Non,Oui,Non,Non,Non,Non,Oui,Oui,NA,NA,NA,NA,Oui,Non,Non,Non,Non,Non,Non,Non,Non,Non,Non,Oui,Non,Non,Non,Oui,Non,Non,Non,Non,oui,non,non,oui,non,Non,Parfois,Non,Oui,Oui,Non,Non,Non,Non,Oui,Non,Oui,Non,Non,Non,Non,Non,Non,Non,6a10,Oui,Oui,Oui,Non,Non,Non,Non,Non,Non,Non,Oui,Windows,Oui,Non,Non,Oui,Non,Oui,Non,Non,Non,Non,Non,Oui,Oui,Oui,Non,Non,Non,Non,Non,Non,Non,Oui,Non,Non,Oui,Non,Non,Non,Oui,Non,Non,Oui,Oui,Oui,Non,Non,Non,Non,Non,Oui,Parfois,plutotsat,Oui,Oui,Non,Oui,Non,Non,Non,Non,Oui,Oui,Non,Oui,Oui,Non,Non,Non,Oui,Non,Non,Non,Oui,Non,Non,Non,Plus de dix ans,CNRS,Oui,Non,Non,Non,Non,fonct,Non,Non,Non,Non,Non,Oui,Non,Non,Non,ST,1.4,biologie,Autre
1039,Oui,Oui,Non,Oui,Oui,Oui,Non,Oui,Non,Oui,Non,Oui,Oui,Oui,Non,Oui,Oui,Oui,Oui,Oui,Oui,Oui,Non,Non,Oui,Non,Oui,Non,Tout à fait,Non,Non,Oui,Non,Non,Non,Non,moins,moins,moins,moins,moins,moins,moins,moins,moins,moins,moins,moins,moins,moins,Non,Oui,Oui,Non,Non,Oui,Non,Non,Oui,Oui,Non,Oui,Oui,Non,Non,Souvent,Jamais,Souvent,Jamais,Non,Non,Oui,Oui,Non,Non,Oui,Oui,Oui,Non,Non,Non,Non,Oui,Non,Non,Non,Oui,Non,Non,non,non,oui,oui,oui,Oui,Souvent,Non,Oui,Non,Non,Oui,Non,Oui,Oui,Oui,Oui,Non,Non,Non,Oui,Non,Non,Non,6a10,Oui,Oui,Oui,Non,Non,Non,Non,Non,Non,Non,Oui,MacOS,Oui,Non,Non,Oui,Oui,Oui,Non,Oui,Non,Non,Oui,Non,Non,Non,Non,Non,Non,Non,Non,Non,Non,Non,Non,Non,Non,Non,Non,Non,Oui,Non,Non,Non,Non,Oui,Non,Non,Non,Non,Non,Non,NA,NA,Non,Non,Non,Non,Non,Non,Non,Oui,Non,Non,Non,Oui,Non,Non,Non,Non,Oui,Non,Non,Oui,Non,Non,Non,Non,Plus de dix ans,Université,Non,Non,Oui,Non,Non,CDI,Non,Non,Non,Non,Non,Oui,Non,Non,Non,ST,1.4,biologie,Un homme
1061,Oui,Oui,Non,Non,Oui,Oui,Non,Oui,Non,Oui,Non,Oui,Oui,Oui,Non,Oui,Oui,Oui,Oui,Non,Oui,Non,Non,Oui,Oui,Oui,Oui,Non,Tout à fait,Oui,Non,Oui,Non,Non,Non,Oui,plus,moins,moins,moins,moins,moins,moins,moins,moins,moins,moins,moins,moins,moins,Non,Oui,Oui,Oui,Oui,Oui,Non,Non,Oui,Oui,Non,Oui,Non,Oui,Non,Toujours,Toujours,Jamais,Parfois,Oui,Non,Oui,Oui,Non,Non,Oui,Oui,Oui,Non,Non,Non,Non,Non,Oui,Non,Oui,Non,Non,Non,oui,oui,non,oui,non,Oui,Souvent,Non,Oui,Oui,Oui,Oui,Non,Non,Non,Oui,Oui,Oui,Non,Non,Non,Non,Non,Non,6a10,Oui,Oui,Oui,Non,Oui,Oui,Oui,Non,Non,Non,Oui,Windows,Oui,Non,Non,Oui,Non,Oui,Non,Oui,Non,Non,Oui,Oui,Oui,Non,Non,Non,Oui,Non,Oui,Oui,Non,Oui,Oui,Oui,Non,Oui,Oui,Oui,Oui,Oui,Non,Oui,Non,Oui,Oui,Non,Non,Non,Non,Non,NA,NA,Non,Non,Non,Non,Oui,Oui,Non,Non,Non,Oui,Non,Oui,Oui,Oui,Oui,Non,Oui,Non,Oui,Non,Non,Oui,Oui,Non,Cinq à dix ans,NA,Non,Oui,Non,Non,Non,CDD,Non,Non,Non,Non,Non,Oui,Non,Non,Non,ST,1.4,biologie,Une femme
838,Oui,Non,Non,Oui,Oui,Oui,Non,Oui,Oui,Non,Non,Non,Oui,Oui,Oui,Non,Oui,Non,Non,Non,Oui,Non,Non,Oui,Non,Non,Non,Non,Tout à fait,Non,Oui,Oui,Non,Non,Non,Oui,plus,NA,NA,NA,NA,moins,NA,NA,NA,NA,moins,NA,NA,NA,Non,Oui,Oui,Non,Non,Oui,Non,Non,Oui,Non,Non,Non,Non,Oui,Non,Souvent,Souvent,NA,NA,Oui,Non,Non,Non,Non,Non,Non,Oui,Non,Non,Non,Oui,Non,Oui,Oui,Non,Oui,Non,Non,Non,oui,non,non,non,non,Oui,Parfois,Non,Non,Non,Non,Oui,Non,Non,Oui,Oui,Non,Oui,Non,Non,Non,Non,Non,Non,6a10,Oui,Oui,Oui,Non,Non,Non,Non,Non,Non,Non,Non,Windows,Oui,Oui,Non,Oui,Oui,Oui,Non,Non,Non,Non,Oui,Oui,Oui,Non,Non,Non,Non,Non,Non,Non,Non,Oui,Oui,Non,Non,Non,Non,Non,Oui,Non,Non,Non,Oui,Oui,Oui,Non,Non,Non,Non,Non,NA,NA,Non,Non,Non,Non,Non,Non,Non,Oui,Non,Non,Non,Oui,Oui,Non,Non,Non,Oui,Non,Non,Non,Oui,Non,Non,Non,Plus de dix ans,NA,Oui,Non,Non,Non,Non,fonct,Non,Non,Non,Non,Non,Oui,Non,Non,Non,ST,1.4,biologie,Autre
802,Oui,Non,Non,Non,Oui,Oui,Non,Oui,Oui,Oui,Non,Oui,Oui,Non,Non,Non,Oui,Non,Non,Oui,Oui,Oui,Non,Non,Non,Oui,Non,Non,Tout à fait,Oui,Oui,Oui,Non,Oui,Non,Oui,plus,moins,NA,moins,moins,plus,NA,moins,NA,moins,moins,NA,moins,moins,Non,Oui,Non,Non,Non,Non,Non,Non,Oui,Non,Non,Non,Non,Non,Non,Parfois,Toujours,Jamais,Jamais,Oui,Non,Non,Non,Non,Non,Non,Oui,Non,Non,Non,Non,Oui,Non,Non,Non,Non,Non,Non,Non,oui,non,oui,oui,non,Oui,Parfois,Non,Oui,Oui,Non,Oui,Oui,Non,Oui,Oui,Oui,Non,Non,Non,Non,Non,Non,Non,2a5,Non,Oui,Oui,Non,Non,Non,Non,Non,Non,Non,Non,MacOS,Oui,Non,Non,Oui,Oui,Oui,Non,Non,Non,Non,Non,Oui,Non,Non,Non,Non,Non,Oui,Non,Non,Non,Oui,Non,Non,Non,Non,Oui,Non,Non,Non,Non,Non,Oui,Oui,Oui,Non,Non,Non,Non,Oui,Parfois,nini,Non,Non,Oui,Non,Oui,Non,Non,Non,Oui,Non,Oui,Oui,Oui,Non,Non,Non,Non,Non,Oui,Non,Non,Non,Non,Non,Plus de dix ans,Université,Oui,Non,Non,Non,Non,fonct,Non,Non,Non,Non,Non,Oui,Non,Non,Non,ST,1.4,biologie,Une femme
593,Oui,Non,Non,Non,Non,Non,Non,Non,Oui,Non,Non,Oui,Non,Non,Non,Non,Non,Non,Non,Non,Oui,Non,Non,Non,Non,Non,Non,Non,Assez,Oui,Non,Oui,Non,Oui,Non,Non,moins,NA,moins,moins,moins,moins,NA,moins,NA,moins,moins,NA,NA,moins,Non,Oui,Non,Oui,Non,Oui,Non,Non,Oui,Non,Non,Non,Oui,Oui,Oui,Toujours,Jamais,Jamais,Jamais,Oui,Non,Non,Non,Non,Non,Oui,Non,Oui,Oui,Non,Oui,Non,Non,Oui,Non,Non,Non,Non,Non,oui,oui,non,oui,oui,Non,Parfois,Non,Non,Non,Oui,Oui,Non,Non,Oui,Oui,Non,Oui,Non,Non,Non,Non,Oui,Non,6a10,Oui,Oui,Oui,Non,Non,Non,Non,Non,Non,Non,Non,Windows,Oui,Non,Non,Non,Non,Non,Non,Non,Non,Non,Non,Non,Non,Non,Non,Non,Non,Non,Non,Non,Oui,Non,Non,Non,Non,Non,Non,Non,Non,Non,Oui,Oui,Non,Oui,Non,Non,Non,Non,Non,Oui,Parfois,nini,Non,Oui,Non,Non,Non,Non,Non,Non,Oui,Oui,Non,Non,Non,Non,Non,Non,Oui,Non,Oui,Non,Non,Non,Non,Non,Plus de dix ans,école,Oui,Non,Non,Non,Non,fonct,Non,Non,Non,Non,Non,Oui,Non,Non,Non,ST,1.4,biologie,Une femme
752,Oui,Non,Non,Oui,Non,Oui,Non,Non,Oui,Oui,Non,Oui,Oui,Non,Oui,Non,Oui,Non,Non,Oui,Non,Oui,Non,Non,Oui,Non,Non,Non,Tout à fait,Oui,Oui,Oui,Oui,Non,Non,Oui,plus,moins,moins,NA,NA,moins,NA,moins,NA,moins,moins,NA,NA,NA,Non,Oui,Non,Non,Non,Oui,Non,Non,Oui,Non,Non,Non,Non,Oui,Oui,Parfois,Jamais,Jamais,Jamais,Non,Non,Non,Non,Oui,Non,Oui,Non,Non,Non,Non,Non,Non,Non,Non,Non,Non,Non,Non,Non,oui,oui,non,oui,oui,Je ne sais pas,Parfois,Non,Non,Non,Non,Oui,Non,Oui,Oui,Oui,Non,Non,Non,Non,Oui,Non,Non,Non,2a5,Oui,Non,Oui,Non,Non,Non,Non,Non,Non,Non,Non,Windows,Oui,Non,Non,Oui,Non,Oui,Non,Oui,Non,Non,Oui,Oui,Non,Non,Non,Non,Oui,Non,Non,Non,Non,Oui,Non,Non,Non,Oui,Oui,Non,Oui,Non,Non,Non,Non,Oui,Non,Non,Non,Non,Oui,Non,NA,NA,Non,Non,Non,Oui,Oui,Non,Non,Non,Oui,Non,Oui,Oui,Non,Non,Non,Non,Oui,Oui,Oui,Non,Non,Non,Non,Non,Moins de cinq ans,Université,Non,Oui,Non,Non,Non,doct,Non,Non,Non,Non,Non,Oui,Non,Non,Non,ST,1.4,biologie,Un homme
735,Oui,Non,Non,Non,Oui,Oui,Non,Non,Non,Oui,Non,Oui,Oui,Oui,Oui,Non,Oui,Oui,Non,Non,Oui,Non,Oui,Oui,Oui,Non,Non,Oui,Assez,Oui,Non,Oui,Non,Non,Non,Non,plus,moins,moins,moins,moins,moins,moins,moins,moins,moins,moins,moins,moins,moins,Non,Oui,Oui,Oui,Oui,Oui,Non,Non,Oui,Non,Non,Non,Oui,Oui,Oui,Toujours,Jamais,Jamais,Jamais,Non,Non,Non,Non,Oui,Non,Non,Non,Non,Non,Non,Non,Non,Non,Non,Non,Non,Non,Oui,Oui,non,oui,non,non,non,Je ne sais pas,Parfois,Non,Non,Oui,Non,Non,Non,Non,Oui,Oui,Non,Oui,Non,Non,Non,Non,Non,Non,2a5,Oui,Oui,Oui,Non,Non,Non,Non,Non,Non,Non,Non,MacOS,Oui,Non,Oui,Non,Non,Oui,Non,Non,Non,Non,Oui,Oui,Oui,Non,Non,Non,Non,Non,Non,Non,Non,Oui,Oui,Non,Non,Non,Non,Non,Oui,Non,Non,Non,Oui,Oui,Non,Non,Oui,Non,Non,Oui,Parfois,nini,Non,Non,Non,Non,Non,Non,Non,Oui,Non,Non,Non,Oui,Oui,Non,Non,Non,Oui,Non,Non,Non,Non,Non,Non,Non,Plus de dix ans,NA,Non,Non,Oui,Non,Non,fonct,Non,Non,Non,Non,Non,Oui,Non,Non,Non,ST,1.4,NA,Autre
661,Non,Non,Non,Non,Oui,Non,Non,Non,Non,Non,Non,Non,Oui,Oui,Oui,Oui,Oui,Oui,Non,Oui,Non,Non,Non,Non,Non,Oui,Oui,Non,Assez,Oui,Oui,Oui,Oui,Non,Non,Oui,moins,NA,moins,moins,moins,plus,moins,moins,moins,moins,moins,moins,moins,moins,Non,Oui,Oui,Non,Non,Oui,Non,Non,Oui,Non,Non,Oui,Oui,Oui,Non,Parfois,Jamais,Souvent,Jamais,Oui,Non,Non,Non,Non,Non,Non,Non,Non,Non,Non,Non,Non,Non,Non,Non,Oui,Oui,Non,Non,non,non,non,oui,non,Non,Jamais,Non,Oui,Oui,Non,Non,Non,Oui,Oui,Non,Non,Non,Non,Non,Non,Oui,Non,Non,11plus,Non,Non,Non,Non,Non,Non,Non,Non,Non,Non,Non,LinuxUnix,Non,Non,Non,Non,Non,Non,Non,Oui,Non,Non,Oui,Oui,Non,Non,Non,Non,Non,Non,Non,Non,Non,Non,Non,Non,Non,Non,Non,Non,Oui,Non,Non,Non,Non,Non,Non,Oui,Non,Non,Non,Non,NA,NA,Oui,Non,Non,Non,Non,Non,Non,Non,Non,Non,Non,Non,Non,Non,Non,Oui,Non,Non,Non,Non,Non,Non,Non,Oui,Plus de dix ans,école,Non,Non,Non,Non,Non,fonct,Non,Non,Non,Non,Non,Oui,Non,Non,Non,ST,1.4,NA,Un homme
1055,Oui,Non,Non,Non,Oui,Non,Non,Non,Oui,Non,Non,Oui,Non,Non,Oui,Non,Oui,Non,Non,Oui,Oui,Non,Non,Non,Non,Non,Non,Non,Tout à fait,Oui,Oui,Oui,Oui,Non,Non,Non,moins,NA,NA,NA,moins,NA,moins,moins,moins,moins,NA,NA,NA,moins,Non,Oui,Non,Non,Non,Non,Non,Non,Non,Oui,Non,Non,Non,Non,Oui,NA,Parfois,Souvent,NA,Non,Non,Non,Non,Oui,Non,Non,Non,Non,Non,Non,Non,Non,Non,Non,Non,Non,Non,Non,Oui,oui,non,non,non,non,Je ne sais pas,Parfois,Non,Oui,Oui,Oui,Oui,Non,Non,Non,Non,Oui,Non,Non,Non,Non,Non,Non,Non,2a5,Oui,Non,Oui,Non,Non,Non,Non,Non,Non,Non,Non,Windows,Non,Non,Non,Non,Non,Non,Non,Oui,Non,Non,Non,Non,Non,Non,Non,Non,Non,Non,Non,Non,Oui,Non,Non,Non,Non,Non,Non,Non,Non,Non,Oui,Oui,Non,Oui,Oui,Non,Non,Non,Non,Oui,Parfois,plutotsat,Oui,Non,Oui,Non,Non,Non,Non,Non,Non,Oui,Non,Non,Non,Oui,Non,Non,Non,Non,Non,Oui,Non,Non,Non,Non,Plus de dix ans,CNRS,Non,Non,Oui,Non,Oui,fonct,Non,Non,Non,Non,Non,Oui,Non,Non,Non,ST,1.4,NA,Un homme
1048,Oui,Non,Non,Non,Non,Oui,Oui,Non,Non,Non,Non,Non,Non,Oui,Oui,Non,Oui,Non,Non,Oui,Oui,Non,Non,Oui,Non,Non,Non,Non,Tout à fait,Oui,Oui,Oui,Non,Oui,Non,Non,moins,moins,moins,moins,moins,moins,moins,moins,moins,moins,moins,moins,moins,moins,Non,Non,Oui,Non,Oui,Oui,Non,Non,Oui,Non,Non,Non,Oui,Oui,Oui,Souvent,Jamais,Parfois,Jamais,Oui,Non,Non,Non,Non,Non,Oui,Oui,Oui,Non,Non,Oui,Non,Oui,Non,Non,Non,Non,Non,Non,oui,non,non,non,non,Non,Souvent,Non,Oui,Non,Non,Oui,Non,Non,Oui,Oui,Non,Non,Non,Non,Non,Non,Non,Non,2a5,Oui,Oui,Oui,Non,Non,Non,Non,Non,Non,Non,Non,Windows,Oui,Non,Oui,Non,Non,Oui,Non,Non,Non,Non,Oui,Oui,Oui,Non,Non,Non,Oui,Oui,Non,Oui,Non,Oui,Non,Non,Non,Non,Non,Non,Oui,Non,Non,Non,Non,Oui,Non,Non,Non,Non,Non,Non,NA,NA,Non,Non,Non,Non,Non,Non,Non,Oui,Oui,Oui,Non,Non,Non,Non,Non,Non,Non,Non,Oui,Non,Oui,Non,Oui,Non,Moins de cinq ans,NA,Oui,Non,Non,Non,Non,fonct,Non,Non,Non,Non,Non,Oui,Non,Non,Non,ST,1.4,NA,Une femme
649,Non,Oui,Non,Non,Oui,Oui,Non,Non,Non,Oui,Non,Non,Non,Non,Oui,Non,Oui,Oui,Non,Oui,Non,Non,Non,Non,Non,Oui,Non,Non,Assez,Non,Oui,Oui,Non,Oui,Non,Non,plus,moins,moins,moins,moins,moins,moins,moins,moins,moins,moins,NA,NA,NA,Non,Oui,Non,Non,Non,Non,Non,Non,Oui,Oui,Non,Oui,Non,Non,Non,Toujours,Parfois,Jamais,Jamais,Non,Oui,Non,Non,Non,Non,Oui,Oui,Non,Non,Non,Non,Non,Non,Non,Non,Non,Non,Non,Non,oui,oui,non,non,oui,Oui,Parfois,Non,Oui,Oui,Oui,Non,Non,Non,Oui,Oui,Non,Non,Non,Non,Non,Non,Non,Non,2a5,Oui,Oui,Non,Non,Non,Non,Non,Non,Non,Non,Non,LinuxUnix,Non,Non,Non,Non,Non,Non,Non,Oui,Non,Non,Non,Non,Non,Non,Non,Non,Non,Non,Non,Non,Oui,Non,Non,Non,Non,Non,Non,Non,Oui,Non,Non,Non,Non,Oui,Non,Non,Non,Non,Non,Non,NA,NA,Non,Non,Non,Non,Non,Non,Non,Oui,Non,Non,Non,Non,Non,Non,Non,Oui,Non,Non,Oui,Non,Non,Non,Non,Non,Cinq à dix ans,NA,Non,Oui,Non,Non,Non,doct,Non,Oui,Non,Non,Non,Oui,Non,Non,Non,ST,1.4,autre,Un homme
1070,Oui,Non,Oui,Non,Oui,Oui,Non,Oui,Non,Oui,Non,Oui,Non,Oui,Oui,Non,Oui,Oui,Oui,Non,Non,Oui,Non,Non,Non,Non,Non,Oui,Tout à fait,Oui,Oui,Oui,Oui,Non,Non,Non,moins,moins,moins,moins,moins,moins,moins,moins,moins,moins,moins,moins,moins,moins,Oui,Oui,Non,Non,Oui,Non,Non,Non,Non,Oui,Oui,Oui,Non,Oui,Oui,Parfois,Parfois,Jamais,Souvent,Non,Non,Oui,Non,Non,Non,Non,Non,Non,Non,Non,Non,Non,Non,Non,Oui,Non,Oui,Non,Non,oui,non,oui,oui,non,Oui,Parfois,Oui,Oui,Oui,Oui,Oui,Oui,Non,Oui,Non,Oui,Non,Non,Non,Non,Oui,Non,Non,6a10,Oui,Oui,Oui,Oui,Oui,Oui,Oui,Oui,Oui,Oui,Non,LinuxUnix,Oui,Non,Non,Oui,Non,Oui,Oui,Oui,Oui,Non,NA,NA,NA,NA,NA,NA,NA,NA,NA,NA,NA,NA,NA,NA,NA,NA,NA,NA,NA,NA,NA,Non,Non,Oui,Oui,Oui,Non,Non,Non,Oui,Souvent,plutotsat,Non,Oui,Non,Non,Non,Non,Non,Non,Non,Non,Non,Oui,Non,Non,Oui,Non,Non,Non,Non,Non,Non,Non,Non,Non,Plus de dix ans,organisme,Non,Non,Oui,Non,Oui,fonct,Non,Oui,Non,Non,Non,Oui,Non,Non,Non,ST,1.4,NA,Une femme
650,Non,Oui,Non,Non,Oui,Oui,Non,Non,Non,Non,Non,Non,Oui,Oui,Oui,Oui,Oui,Oui,Non,Non,Non,Non,Non,Non,Oui,Non,Oui,Non,Tout à fait,Oui,Oui,Oui,Oui,Oui,Non,Oui,moins,NA,NA,moins,moins,moins,moins,moins,NA,NA,NA,NA,NA,moins,Non,Oui,Oui,Non,Oui,Oui,Non,Non,Oui,Oui,Non,Oui,Oui,Oui,Non,Souvent,Parfois,Souvent,Jamais,Oui,Non,Non,Non,Non,Non,Non,Oui,Oui,Oui,Non,Non,Oui,Non,Oui,Oui,Non,Oui,Non,Non,non,oui,non,non,non,Oui,Souvent,Non,Oui,Oui,Non,Oui,Non,Non,Oui,Non,Non,Non,Non,Non,Non,Non,Non,Non,2a5,Non,Oui,Oui,Non,Non,Oui,Oui,Non,Non,Non,Non,MacOS,Oui,Non,Non,Non,Non,Non,Non,Oui,Non,Non,Oui,Non,Non,Non,Non,Non,Non,Non,Non,Oui,Non,Oui,Non,Non,Non,Non,Non,Non,Non,Non,Non,Non,Non,Oui,Non,Oui,Non,Oui,Non,Non,NA,NA,Non,Non,Oui,Non,Non,Oui,Oui,Non,Oui,Non,Non,Non,Non,Non,Oui,Non,Oui,Non,Non,Non,Non,Non,Non,Non,Cinq à dix ans,organisme,Oui,Non,Non,Non,Non,fonct,Non,Oui,Non,Oui,Non,Oui,Non,Non,Non,ST,1.4,autre,Un homme
829,Oui,Non,Non,Non,Non,Oui,Non,Non,Non,Non,Non,Oui,Oui,Non,Oui,Non,Oui,Non,Non,Oui,Oui,Non,Oui,Non,Non,Non,Non,Non,Tout à fait,Oui,Non,Oui,Non,Non,Non,Non,moins,NA,NA,moins,NA,moins,NA,NA,NA,moins,NA,moins,NA,NA,Non,Oui,Non,Non,Non,Oui,Non,Non,Oui,Non,Non,Non,Non,Non,Non,NA,Souvent,NA,Parfois,Non,Non,Non,Non,Oui,Non,Non,Non,Non,Non,Non,Oui,Non,Non,Non,Non,Non,Non,Non,Non,oui,oui,non,non,non,Non,Souvent,Oui,Non,Non,Non,Non,Non,Non,Oui,Non,Oui,Non,Oui,Non,Non,Non,Non,Non,6a10,Oui,Oui,Oui,Non,Non,Non,Oui,Non,Non,Non,Non,Windows,Oui,Non,Non,Non,Non,Non,Non,Non,Non,Non,Non,Non,Non,Non,Non,Non,Non,Non,Non,Non,Oui,Oui,Non,Non,Non,Non,Non,Non,Oui,Non,Non,Oui,Non,Oui,Non,Non,Non,Non,Non,Oui,Parfois,nini,Oui,Non,Non,Non,Non,Non,Non,Non,Non,Non,Non,Non,Non,Non,Non,Oui,Non,Non,Non,Non,Non,Non,Non,Oui,Moins de cinq ans,Université,Non,Non,Oui,Non,Non,fonct,Non,Non,Non,Non,Non,Oui,Non,Non,Oui,ST,1.4,autre,Un homme
682,Oui,Non,Non,Non,Non,Oui,Non,Non,Non,Non,Non,Oui,Oui,Oui,Oui,Non,Oui,Non,Non,Non,Oui,Non,Oui,Oui,Non,Non,Non,Oui,Assez,Oui,Oui,Oui,Oui,Non,Non,Oui,plus,moins,moins,moins,moins,moins,moins,moins,moins,moins,moins,NA,moins,NA,Non,Oui,Non,Oui,Oui,Oui,Non,Non,Oui,Non,Non,Non,Non,Non,Non,Jamais,Jamais,Jamais,Jamais,Non,Non,Non,Non,Oui,Non,Oui,Oui,Oui,Non,Non,Non,Non,Oui,Non,Non,Non,Non,Non,Non,non,oui,oui,oui,non,Oui,Parfois,Non,Oui,Oui,Oui,Non,Oui,Oui,Oui,Oui,Oui,Non,Non,Non,Non,Non,Non,Non,2a5,Oui,Oui,Oui,Non,Non,Non,Non,Non,Non,Non,Non,Windows,Oui,Non,Oui,Non,Non,Oui,Non,Non,Non,Non,Oui,Oui,Non,Non,Non,Non,Non,Oui,Non,Non,Non,Oui,Non,Oui,Non,Oui,Oui,Oui,Oui,Non,Non,Non,Oui,Oui,Oui,Non,Non,Non,Non,Oui,Parfois,insatisfait,Oui,Oui,Oui,Oui,Non,Non,Non,Non,Oui,Non,Non,Oui,Oui,Non,Non,Non,Oui,Non,Oui,Non,Oui,Oui,Non,Non,Plus de dix ans,Université,Non,Non,Oui,Non,Non,fonct,Non,Non,Non,Non,Non,Oui,Non,Non,Oui,ST,1.4,chimie,Une femme
868,Oui,Non,Non,Non,Non,Oui,Non,Non,Oui,Non,Oui,Oui,Oui,Oui,Non,Non,Oui,Non,Non,Oui,Oui,Oui,Non,Non,Non,Non,Non,Non,Tout à fait,Oui,Non,Oui,Non,Non,Non,Oui,moins,moins,NA,NA,NA,NA,plus,NA,NA,NA,NA,NA,NA,moins,Non,Oui,Non,Non,Non,Non,Non,Non,Oui,Non,Non,Non,Oui,Non,Non,NA,NA,NA,NA,Non,Non,Non,Non,Oui,Non,Non,Non,Non,Non,Non,Non,Non,Non,Non,Non,Non,Non,Non,Oui,non,non,oui,oui,oui,Je ne sais pas,Parfois,Non,Non,Non,Non,Oui,Non,Oui,Oui,Oui,Non,Oui,Non,Non,Non,Non,Non,Non,2a5,Oui,Oui,Oui,Non,Non,Non,Non,Non,Non,Non,Non,Windows,Oui,Non,Non,Non,Non,Non,Non,Non,Non,Non,Non,Non,Non,Non,Non,Non,Oui,Non,Non,Non,Non,Non,Non,Non,Non,Non,Non,Oui,Non,Non,Non,Oui,Non,Non,Non,Non,Non,Non,Non,Oui,Parfois,nini,Oui,Oui,Non,Non,Non,Non,Non,Non,Oui,Non,Non,Non,Non,Non,Non,Non,Non,Non,Non,Non,Non,Non,Non,Oui,Moins de cinq ans,NA,Oui,Non,Non,Non,Non,fonct,Non,Non,Non,Non,Non,Oui,Non,Non,Oui,ST,1.4,chimie,Un homme
781,Oui,Non,Non,Oui,Oui,Oui,Non,Oui,Oui,Non,Oui,Oui,Non,Oui,Oui,Non,Non,Non,Non,Non,Oui,Non,Non,Non,Oui,Non,Non,Non,Assez,Oui,Non,Oui,Non,Non,Non,Oui,plus,NA,moins,NA,NA,moins,NA,NA,moins,moins,NA,moins,moins,moins,Non,Oui,Oui,Non,Non,Oui,Non,Non,Non,Non,Non,Non,Non,Oui,Oui,Souvent,Souvent,NA,NA,Oui,Non,Oui,Non,Non,Non,Oui,Oui,Non,Oui,Non,Oui,Non,Non,Oui,Non,Non,Non,Non,Non,oui,oui,non,oui,non,Je ne sais pas,Souvent,Non,Oui,Oui,Non,Oui,Non,Non,Oui,Oui,Non,Non,Non,Non,Non,Non,Oui,Non,2a5,Oui,Oui,Oui,Non,Non,Non,Non,Non,Non,Non,Non,Windows,Oui,Non,Non,Oui,Non,Non,Non,Non,Non,Non,Non,Oui,Oui,Non,Non,Non,Oui,Non,Non,Non,Non,Oui,Non,Non,Non,Non,Non,Non,Oui,Non,Non,Oui,Non,Oui,Non,Non,Non,Non,Oui,Non,NA,NA,Oui,Oui,Non,Oui,Oui,Non,Non,Non,Non,Non,Non,Oui,Non,Non,Non,Non,Non,Oui,Oui,Non,Non,Oui,Oui,Non,Plus de dix ans,CNRS,Oui,Non,Non,Non,Non,fonct,Non,Non,Non,Non,Non,Oui,Non,Non,Oui,ST,1.4,chimie,Une femme
793,Oui,Non,Non,Non,Oui,Oui,Non,Non,Non,Non,Non,Oui,Non,Oui,Oui,Non,Oui,Non,Non,Non,Oui,Non,Oui,Oui,Non,Non,Non,Non,Assez,Oui,Non,Oui,Non,Non,Non,Oui,moins,NA,NA,NA,NA,moins,NA,moins,NA,moins,moins,NA,NA,moins,Non,Oui,Oui,Oui,Non,Oui,Non,Non,Oui,Non,Non,Non,Oui,Non,Non,Souvent,Jamais,Parfois,Jamais,Oui,Non,Non,Non,Non,Non,Non,Oui,Oui,Non,Non,Oui,Non,Non,Non,Non,Non,Non,Non,Non,non,oui,oui,oui,non,Non,Parfois,Non,Oui,Oui,Non,Oui,Non,Non,Oui,Oui,Non,Non,Non,Non,Non,Non,Non,Non,2a5,Oui,Oui,Oui,Non,Non,Non,Non,Non,Non,Non,Non,Windows,Oui,Non,Non,Non,Non,Non,Non,Non,Non,Non,Oui,Oui,Oui,Non,Non,Non,Non,Non,Non,Non,Non,Oui,Non,Non,Oui,Oui,Oui,Non,Non,Non,Non,Oui,Non,Non,Non,Non,Non,Non,Non,Non,NA,NA,Oui,Oui,Non,Oui,Oui,Non,Non,Non,Non,Non,Oui,Oui,Oui,Non,Oui,Non,Oui,Non,Oui,Non,Non,Oui,Oui,Non,Plus de dix ans,organisme,Oui,Non,Non,Non,Non,fonct,Non,Non,Non,Non,Non,Oui,Non,Non,Oui,ST,1.4,autre,Une femme
1205,Oui,Non,Oui,Non,Oui,Oui,Non,Oui,Oui,Non,Non,Oui,Non,Oui,Non,Non,Oui,Non,Non,Non,Oui,Non,Non,Non,Oui,Non,Non,Non,Assez,Oui,Oui,Oui,Non,Oui,Non,Non,moins,NA,NA,moins,moins,moins,moins,moins,moins,moins,moins,moins,moins,NA,Oui,Oui,Non,Non,Oui,Oui,Oui,Non,Oui,Non,Oui,Non,Non,Oui,Oui,Parfois,Parfois,Jamais,Jamais,Oui,Non,Oui,Non,Non,Non,Non,Non,Non,Non,Non,Oui,Non,Non,Oui,Non,Non,Non,Non,Non,oui,non,oui,oui,oui,Oui,Parfois,Non,Non,Non,Non,Oui,Non,Non,Oui,Oui,Non,Oui,Non,Non,Non,Non,Non,Non,2a5,Non,Oui,Non,Non,Non,Non,Non,Non,Non,Non,Non,Windows,Oui,Non,Non,Non,Oui,Non,Non,Oui,Oui,Non,NA,NA,NA,NA,NA,NA,NA,NA,NA,NA,NA,NA,NA,NA,NA,NA,NA,NA,NA,NA,NA,Oui,Non,Oui,Non,Non,Non,Non,Non,Oui,Parfois,NA,Non,Oui,Non,Non,Non,Non,Non,Non,Oui,Oui,Non,Non,Non,Non,Non,Non,Non,Non,Oui,Non,Non,Oui,Oui,Non,Plus de dix ans,Université,Oui,Non,Non,Non,Non,fonct,Non,Non,Non,Non,Non,Oui,Non,Oui,Non,ST,1.4,autre,Une femme
996,Oui,Non,Non,Non,Oui,Oui,Oui,Oui,Oui,Oui,Non,Non,Oui,Oui,Oui,Non,Oui,Oui,Non,Oui,Non,Non,Non,Oui,Oui,Non,Non,Oui,Tout à fait,Oui,Oui,Oui,Non,Non,Non,Non,moins,NA,moins,moins,moins,moins,NA,moins,moins,moins,NA,moins,moins,NA,Oui,Oui,Non,Non,Non,Non,Non,Non,Oui,Non,Oui,Non,Non,Non,Oui,Toujours,Souvent,Parfois,Jamais,Oui,Non,Non,Oui,Non,Non,Oui,Oui,Oui,Oui,Non,Oui,Non,Non,Oui,Non,Non,Non,Non,Non,oui,oui,non,oui,non,Oui,Parfois,Non,Non,Non,Oui,Oui,Non,Non,Oui,Non,Non,Oui,Non,Non,Non,Non,Non,Non,11plus,Oui,Oui,Oui,Oui,Non,Non,Oui,Non,Non,Oui,Oui,Windows,Oui,Non,Non,Non,Oui,Non,Non,Oui,Non,Non,Non,Oui,Oui,Non,Non,Non,Oui,Non,Non,Non,Non,Oui,Oui,Non,Non,Non,Non,Oui,Non,Oui,Non,Oui,Oui,Oui,Non,Non,Non,Non,Non,Oui,Souvent,plutotsat,Oui,Oui,Non,Non,Non,Non,Non,Non,Oui,Non,Non,Non,Oui,Non,Non,Non,Oui,Non,Non,Non,Non,Oui,Oui,Non,Plus de dix ans,école,Non,Non,Oui,Non,Non,fonct,Non,Non,Non,Non,Non,Oui,Non,Oui,Non,ST,1.4,autre,Un homme
1125,Oui,Non,Oui,Non,Oui,Oui,Non,Oui,Non,Non,Non,Non,Non,Non,Non,Non,Non,Non,Non,Oui,Non,Oui,Oui,Oui,Non,Non,Non,Oui,Assez,Oui,Non,Non,Oui,Non,Non,Oui,plus,plus,plus,NA,NA,plus,NA,plus,NA,plus,plus,plus,plus,NA,Non,Non,Non,Non,Non,Non,Non,Non,Oui,Non,Non,Oui,Oui,Non,Non,NA,NA,NA,NA,Non,Non,Non,Non,Oui,Non,Non,Oui,Oui,Oui,Non,Non,Non,Non,Non,Non,Non,Non,Non,Non,non,non,non,non,non,Je ne sais pas,Non applicable,Oui,Non,Oui,Oui,Oui,Oui,Non,Oui,Non,Oui,Oui,Non,Non,Non,Non,Non,Non,6a10,Non,Non,Non,Non,Oui,Non,Non,Non,Oui,Non,Non,Windows,Oui,Non,Oui,Non,Non,Non,Non,Non,Oui,Non,NA,NA,NA,NA,NA,NA,NA,NA,NA,NA,NA,NA,NA,NA,NA,NA,NA,NA,NA,NA,NA,Non,Oui,Non,Non,Non,Non,Oui,Oui,Oui,Souvent,plutotsat,Non,Non,Non,Non,Oui,Non,Non,Non,Non,Non,Non,Non,Non,Non,Non,Oui,Non,Non,Non,Non,Non,Non,Non,Oui,Moins de cinq ans,école,Non,Non,Non,Non,Oui,CDD,Non,Non,Non,Non,Non,Oui,Oui,Non,Non,ST,1.4,NA,Une femme
532,Oui,Non,Non,Non,Oui,Oui,Non,Oui,Non,Non,Non,Non,Non,Oui,Oui,Non,Oui,Oui,Non,Oui,Non,Non,Non,Non,Non,Oui,Non,Oui,Tout à fait,Oui,Non,Oui,Oui,Oui,Non,Oui,moins,NA,moins,moins,moins,moins,NA,moins,moins,moins,moins,moins,moins,moins,Oui,Oui,Oui,Oui,Oui,Non,Non,Non,Oui,Non,Oui,Non,Oui,Non,Non,Souvent,Parfois,Parfois,Parfois,Oui,Non,Oui,Non,Non,Non,Non,Oui,Non,Oui,Oui,Non,Non,Oui,Oui,Oui,Oui,Oui,Non,Non,oui,non,oui,oui,oui,Oui,Parfois,Non,Oui,Oui,Oui,Oui,Oui,Non,Oui,Oui,Oui,Oui,Non,Oui,Non,Non,Non,Non,6a10,Oui,Oui,Oui,Non,Non,Non,Non,Non,Non,Non,Non,Windows,Oui,Non,Oui,Non,Oui,Oui,Non,Oui,Oui,Non,NA,NA,NA,NA,NA,NA,NA,NA,NA,NA,NA,NA,NA,NA,NA,NA,NA,NA,NA,NA,NA,Non,Oui,Oui,Oui,Oui,Non,Oui,Non,Oui,NA,NA,Non,Oui,Oui,Oui,Non,Oui,Non,Non,Oui,Oui,Non,Oui,Oui,Non,Oui,Non,Oui,Oui,Oui,Oui,Oui,Oui,Oui,Non,Plus de dix ans,CNRS,Non,Non,Oui,Non,Non,fonct,Non,Oui,Non,Non,Oui,Non,Non,Non,Non,ST,1.4,autre,Une femme
965,Oui,Non,Non,Non,Oui,Oui,Non,Non,Oui,Non,Non,Oui,Non,Non,Non,Non,Non,Oui,Non,Non,Oui,Non,Oui,Non,Oui,Non,Non,Non,Assez,Non,Non,Non,Oui,Non,Non,Oui,moins,moins,moins,NA,NA,moins,moins,moins,NA,NA,moins,NA,moins,moins,Oui,Oui,Non,Non,Non,Oui,Non,Non,Oui,Non,Non,Oui,Non,Oui,Non,Toujours,Jamais,Jamais,Jamais,Non,Non,Non,Non,Oui,Non,Non,Oui,Non,Non,Non,Non,Non,Non,Non,Non,Non,Non,Non,Non,non,oui,oui,oui,non,Non,Parfois,Non,Oui,Non,Non,Non,Non,Non,Oui,Oui,Non,Non,Non,Non,Non,Non,Non,Non,2a5,Oui,Oui,Oui,Non,Non,Non,Non,Non,Non,Non,Non,MacOS,Oui,Oui,Non,Non,Non,Non,Non,Oui,Non,Non,Oui,Oui,Oui,Non,Non,Non,Non,Oui,Non,Non,Non,Non,Non,Non,Non,Non,Non,Non,Oui,Oui,Non,Oui,Non,Oui,Non,Non,Non,Non,Non,Non,NA,NA,Non,Oui,Non,Non,Non,Non,Non,Oui,Non,Non,Non,Non,Non,Non,Non,Oui,Non,Non,Non,Non,Non,Non,Non,Oui,Plus de dix ans,CNRS,Oui,Non,Non,Non,Non,fonct,Non,Non,Non,Non,Oui,Non,Non,Oui,Oui,ST,1.4,autre,Un homme
262,Oui,Non,Non,Non,Oui,Oui,Non,Non,Oui,Non,Non,Oui,Oui,Oui,Oui,Oui,Oui,Oui,Non,Oui,Oui,Oui,Non,Oui,Non,Oui,Non,Non,Tout à fait,Oui,Oui,Oui,Non,Non,Non,Oui,moins,NA,NA,moins,moins,moins,NA,moins,moins,moins,moins,moins,NA,moins,Non,Oui,Oui,Oui,Oui,Oui,Non,Non,Oui,Oui,Oui,Oui,Oui,Oui,Oui,Souvent,Jamais,Souvent,Jamais,Non,Non,Non,Non,Oui,Non,Non,Oui,Oui,Oui,Non,Non,Oui,Oui,Oui,Non,Non,Oui,Non,Non,oui,oui,non,oui,non,Oui,Parfois,Non,Oui,Non,Oui,Oui,Non,Non,Non,Oui,Oui,Non,Oui,Oui,Non,Non,Non,Non,6a10,Oui,Oui,Oui,Oui,Non,Non,Non,Non,Non,Non,Oui,Windows,Oui,Non,Non,Oui,Non,Oui,Non,Oui,Oui,Non,NA,NA,NA,NA,NA,NA,NA,NA,NA,NA,NA,NA,NA,NA,NA,NA,NA,NA,NA,NA,NA,Non,Non,Oui,Non,Oui,Oui,Non,Non,Non,NA,NA,Non,Non,Non,Non,Oui,Non,Non,Non,Oui,Non,Non,Oui,Oui,Oui,Oui,Non,Oui,Oui,Non,Non,Non,Oui,Non,Non,Plus de dix ans,organisme,Non,Non,Oui,Non,Non,fonct,Non,Oui,Non,Non,Oui,Oui,Non,Non,Non,ST,1.4,biologie,Une femme
636,Oui,Oui,Non,Oui,Oui,Oui,Non,Oui,Non,Non,Non,Oui,Non,Non,Non,Non,Oui,Non,Non,Oui,Non,Oui,Non,Non,Oui,Oui,Non,Non,Tout à fait,Oui,Oui,Non,Non,Non,Non,Oui,moins,moins,moins,moins,NA,plus,moins,moins,NA,NA,moins,NA,NA,NA,Non,Oui,Non,Non,Non,Non,Non,Non,Oui,Oui,Non,Oui,Oui,Oui,Non,Toujours,Jamais,Jamais,Jamais,Non,Oui,Non,Non,Non,Non,Non,Non,Non,Oui,Non,Non,Non,Non,Non,Non,Non,Non,Non,Non,non,non,non,oui,oui,Non,Jamais,Non,Oui,Oui,Oui,Oui,Non,Non,Oui,Non,Non,Oui,Oui,Non,Non,Non,Non,Non,2a5,Oui,Oui,Non,Non,Non,Non,Non,Non,Non,Non,Oui,MacOS,Oui,Non,Non,Non,Non,Non,Non,Oui,Oui,Non,NA,NA,NA,NA,NA,NA,NA,NA,NA,NA,NA,NA,NA,NA,NA,NA,NA,NA,NA,NA,NA,Oui,Oui,Oui,Oui,Oui,Non,Non,Non,Oui,Souvent,nini,Non,Non,Non,Non,Oui,Non,Oui,Non,Non,Non,Non,Non,Non,Non,Non,Oui,Oui,Non,Non,Non,Non,Oui,Non,Non,Plus de dix ans,organisme,Oui,Non,Non,Non,Non,fonct,Non,Non,Non,Non,Oui,Oui,Oui,Non,Non,ST,1.4,biologie,Un homme
775,Oui,Non,Non,Non,Oui,Oui,Non,Non,Non,Non,Non,Oui,Oui,Oui,Oui,Oui,Oui,Oui,Non,Non,Non,Non,Oui,Non,Oui,Non,Non,Non,Assez,Oui,Oui,Oui,Non,Non,Non,Non,moins,NA,NA,moins,NA,moins,moins,NA,NA,NA,moins,NA,NA,moins,Non,Oui,Non,Non,Non,Oui,Non,Non,Oui,Non,Non,Oui,Non,Oui,Oui,Souvent,Jamais,Jamais,Parfois,Oui,Non,Oui,Non,Non,Non,Non,Non,Non,Non,Non,Non,Non,Non,Non,Non,Non,Oui,Non,Non,oui,oui,non,oui,non,Je ne sais pas,Souvent,Oui,Oui,Oui,Non,Non,Non,Non,Oui,Non,Oui,Oui,Non,Non,Non,Non,Non,Non,6a10,Oui,Oui,Oui,Non,Non,Non,Non,Non,Non,Non,Oui,LinuxUnix,Non,Non,Non,Non,Non,Non,Non,Oui,Non,Non,Non,Oui,Oui,Non,Non,Non,Non,Non,Oui,Oui,Non,Non,Non,Non,Oui,Non,Non,Non,Oui,Oui,Non,Non,Non,Oui,Oui,Oui,Oui,Non,Non,Oui,Parfois,tressat,Non,Non,Non,Non,Non,Oui,Non,Non,Non,Oui,Non,Non,Non,Non,Non,Non,Oui,Non,Oui,Oui,Oui,Non,Non,Non,Cinq à dix ans,Université,Oui,Non,Non,Non,Non,fonct,Non,Oui,Non,Non,Oui,Oui,Oui,Non,Non,ST,1.4,autre,Un homme
